Pulled,Restaurant,Park,Item,Category,MealPeriods,Description,Price,Source
2026-09-04,Anandapur Ice Cream Truck,Disney's Animal Kingdom,Motunui Ube Sundae,Desserts,Snack,"Ube Soft-serve with Tropical Fruits, Coconut, Raspberry Crumbs, and Macadamia",7.29,animal-kingdom/anandapur-ice-cream-truck
2026-09-04,Anandapur Ice Cream Truck,Disney's Animal Kingdom,Soft-serve Waffle Cone,Desserts,Snack,"Vanilla, Chocolate, Ube, or Swirl",6.29,animal-kingdom/anandapur-ice-cream-truck
2026-09-04,Anandapur Ice Cream Truck,Disney's Animal Kingdom,Float,Desserts,Snack,with choice of Fountain Beverage,6.79,animal-kingdom/anandapur-ice-cream-truck
2026-09-04,Anandapur Ice Cream Truck,Disney's Animal Kingdom,Hand-dipped Mickey's Premium Ice Cream Bar,Desserts,Snack,with SKITTLES® POP'd Original Freeze Dried Candy,7.99,animal-kingdom/anandapur-ice-cream-truck
2026-09-04,Anandapur Ice Cream Truck,Disney's Animal Kingdom,Assorted Fountain Beverages,Beverages,Snack,,5.59,animal-kingdom/anandapur-ice-cream-truck
2026-09-04,Anandapur Ice Cream Truck,Disney's Animal Kingdom,DASANI® Bottled Water,Beverages,Snack,,4.25,animal-kingdom/anandapur-ice-cream-truck
2026-09-04,Anandapur Ice Cream Truck,Disney's Animal Kingdom,Kona Longboard Island Lager,Alcoholic Beverages,Snack,,12.25,animal-kingdom/anandapur-ice-cream-truck
2026-09-04,Anandapur Ice Cream Truck,Disney's Animal Kingdom,Sierra Nevada Pale Ale,Alcoholic Beverages,Snack,,12.25,animal-kingdom/anandapur-ice-cream-truck
2026-09-04,Caravan Road,Disney's Animal Kingdom,Kakigori,Shaved Ice,Snack,Japanese Shaved Ice Dessert flavored with Watermelon and Sweetened Condensed Milk,6.29,animal-kingdom/caravan-road
2026-09-04,Caravan Road,Disney's Animal Kingdom,Watermelon,Shaved Ice,Snack,,5.99,animal-kingdom/caravan-road
2026-09-04,Caravan Road,Disney's Animal Kingdom,Mango-Passion Fruit,Shaved Ice,Snack,,5.99,animal-kingdom/caravan-road
2026-09-04,Caravan Road,Disney's Animal Kingdom,Piña Colada,Shaved Ice,Snack,,5.99,animal-kingdom/caravan-road
2026-09-04,Caravan Road,Disney's Animal Kingdom,Tropical Slushy,Shaved Ice,Snack,Shaved Ice with Mango and Watermelon Syrup,5.99,animal-kingdom/caravan-road
2026-09-04,Caravan Road,Disney's Animal Kingdom,Kakigori with Vodka,Alcoholic Offerings,Snack,Japanese Shaved Ice Dessert flavored with Watermelon and Sweetened Condensed Milk with SKYY Vodka,15.50,animal-kingdom/caravan-road
2026-09-04,Caravan Road,Disney's Animal Kingdom,Watermelon Shaved Ice with Vodka,Alcoholic Offerings,Snack,Shaved Ice with Watermelon Syrup and SKYY Vodka,15.50,animal-kingdom/caravan-road
2026-09-04,Caravan Road,Disney's Animal Kingdom,Mango-Passion Fruit Shaved Ice with Vodka,Alcoholic Offerings,Snack,Shaved Ice with Mango-Passion Fruit Syrup and SKYY Vodka,15.50,animal-kingdom/caravan-road
2026-09-04,Caravan Road,Disney's Animal Kingdom,Piña Colada,Alcoholic Offerings,Snack,Shaved Ice with Piña Colada Syrup with Coconut Rum,13.50,animal-kingdom/caravan-road
2026-09-04,Caravan Road,Disney's Animal Kingdom,Tropical Shaved Ice with Vodka,Alcoholic Offerings,Snack,Shaved Ice with Mango and Watermelon Syrup and SKYY Vodka,15.50,animal-kingdom/caravan-road
2026-09-04,Caravan Road,Disney's Animal Kingdom,DASANI® Bottled Water,Non-Alcoholic Beverages ,Snack,,4.25,animal-kingdom/caravan-road
2026-09-04,Creature Comforts,Disney's Animal Kingdom,Caramel Frappuccino® - Grande,Frappuccino®,Coffee – Bakery,,6.75,animal-kingdom/creature-comforts
2026-09-04,Creature Comforts,Disney's Animal Kingdom,Caramel Ribbon Crunch Frappuccino® - Grande,Frappuccino®,Coffee – Bakery,,6.75,animal-kingdom/creature-comforts
2026-09-04,Creature Comforts,Disney's Animal Kingdom,Mocha Frappuccino® - Grande,Frappuccino®,Coffee – Bakery,,6.95,animal-kingdom/creature-comforts
2026-09-04,Creature Comforts,Disney's Animal Kingdom,Coffee Frappuccino® - Grande,Frappuccino®,Coffee – Bakery,,6.95,animal-kingdom/creature-comforts
2026-09-04,Creature Comforts,Disney's Animal Kingdom,Vanilla Bean Crème Frappuccino® - Grande,Frappuccino®,Coffee – Bakery,,6.95,animal-kingdom/creature-comforts
2026-09-04,Creature Comforts,Disney's Animal Kingdom,Strawberry Crème Frappuccino® - Grande,Frappuccino®,Coffee – Bakery,,6.75,animal-kingdom/creature-comforts
2026-09-04,Creature Comforts,Disney's Animal Kingdom,Double Chocolaty Chip Crème Frappuccino® - Grande,Frappuccino®,Coffee – Bakery,,6.45,animal-kingdom/creature-comforts
2026-09-04,Creature Comforts,Disney's Animal Kingdom,Tropical Butterfly Lemonade Energy Refresher - Grande,Starbucks Refreshers™,Coffee – Bakery,,8.05,animal-kingdom/creature-comforts
2026-09-04,Creature Comforts,Disney's Animal Kingdom,Blended Mango Dragonfruit Lemonade Energy Refresher - Grande,Starbucks Refreshers™,Coffee – Bakery,,6.65,animal-kingdom/creature-comforts
2026-09-04,Creature Comforts,Disney's Animal Kingdom,Blue Coconut Lemonade Energy Refresher - Grande,Starbucks Refreshers™,Coffee – Bakery,,6.45,animal-kingdom/creature-comforts
2026-09-04,Creature Comforts,Disney's Animal Kingdom,Frozen Starbucks Refreshers™ with Lemonade - Grande,Starbucks Refreshers™,Coffee – Bakery,Strawberry Açai or Mango Dragonfruit,6.45,animal-kingdom/creature-comforts
2026-09-04,Creature Comforts,Disney's Animal Kingdom,Pink Drink - Grande,Starbucks Refreshers™,Coffee – Bakery,,5.95,animal-kingdom/creature-comforts
2026-09-04,Creature Comforts,Disney's Animal Kingdom,Starbucks Refreshers™,Starbucks Refreshers™,Coffee – Bakery,Strawberry Acai or Mango Dragonfruit,5.45,animal-kingdom/creature-comforts
2026-09-04,Creature Comforts,Disney's Animal Kingdom,Caramel Macchiato - Grande,Specialty Coffee Beverages,Coffee – Bakery,,6.25,animal-kingdom/creature-comforts
2026-09-04,Creature Comforts,Disney's Animal Kingdom,Iced White Chocolate Mocha - Grande,Specialty Coffee Beverages,Coffee – Bakery,,6.45,animal-kingdom/creature-comforts
2026-09-04,Creature Comforts,Disney's Animal Kingdom,Caffè Latte - Grande,Specialty Coffee Beverages,Coffee – Bakery,,5.75,animal-kingdom/creature-comforts
2026-09-04,Creature Comforts,Disney's Animal Kingdom,Caffè Mocha - Grande,Specialty Coffee Beverages,Coffee – Bakery,,6.25,animal-kingdom/creature-comforts
2026-09-04,Creature Comforts,Disney's Animal Kingdom,Iced Chocolate Almondmilk Shaken Espresso - Grande,Specialty Coffee Beverages,Coffee – Bakery,,6.55,animal-kingdom/creature-comforts
2026-09-04,Creature Comforts,Disney's Animal Kingdom,Iced Brown Sugar Oatmilk Shaken Espresso - Grande,Specialty Coffee Beverages,Coffee – Bakery,,6.55,animal-kingdom/creature-comforts
2026-09-04,Creature Comforts,Disney's Animal Kingdom,Iced Horchata Shaken Espresso - Grande,Specialty Coffee Beverages,Coffee – Bakery,,6.55,animal-kingdom/creature-comforts
2026-09-04,Creature Comforts,Disney's Animal Kingdom,Freshly Brewed Coffee - Grande,Specialty Coffee Beverages,Coffee – Bakery,Regular or Decaf,4.85,animal-kingdom/creature-comforts
2026-09-04,Creature Comforts,Disney's Animal Kingdom,Pecan Crunch Oatmilk Latte - Grande,Specialty Coffee Beverages,Coffee – Bakery,,6.75,animal-kingdom/creature-comforts
2026-09-04,Creature Comforts,Disney's Animal Kingdom,Pumpkin Spice Latte - Grande,Specialty Coffee Beverages,Coffee – Bakery,,6.75,animal-kingdom/creature-comforts
2026-09-04,Creature Comforts,Disney's Animal Kingdom,Pumpkin Cream Cold Brew - Grande,Cold Brew,Coffee – Bakery,,5.95,animal-kingdom/creature-comforts
2026-09-04,Creature Comforts,Disney's Animal Kingdom,Starbucks® Cold Brew - Grande,Cold Brew,Coffee – Bakery,,4.95,animal-kingdom/creature-comforts
2026-09-04,Creature Comforts,Disney's Animal Kingdom,Chocolate Cream Cold Brew - Grande,Cold Brew,Coffee – Bakery,,5.85,animal-kingdom/creature-comforts
2026-09-04,Creature Comforts,Disney's Animal Kingdom,Salted Caramel Cream Cold Brew - Grande,Cold Brew,Coffee – Bakery,,5.85,animal-kingdom/creature-comforts
2026-09-04,Creature Comforts,Disney's Animal Kingdom,Vanilla Sweet Cream Cold Brew - Grande,Cold Brew,Coffee – Bakery,,5.45,animal-kingdom/creature-comforts
2026-09-04,Creature Comforts,Disney's Animal Kingdom,Teavana® Shaken Iced Tea - Grande,Tea & Refreshment,Coffee – Bakery,"Black, Green or Passion Tango™",4.85,animal-kingdom/creature-comforts
2026-09-04,Creature Comforts,Disney's Animal Kingdom,Teavana® Shaken Iced Tea Lemonade - Grande,Tea & Refreshment,Coffee – Bakery,"Black, Green or Passion Tango™",5.85,animal-kingdom/creature-comforts
2026-09-04,Creature Comforts,Disney's Animal Kingdom,Lemonade - Grande,Tea & Refreshment,Coffee – Bakery,,4.95,animal-kingdom/creature-comforts
2026-09-04,Creature Comforts,Disney's Animal Kingdom,Teavana® Chai Tea Latte - Grande,Tea & Refreshment,Coffee – Bakery,,5.95,animal-kingdom/creature-comforts
2026-09-04,Creature Comforts,Disney's Animal Kingdom,Teavana® Iced Matcha Green Tea Latte – Grande,Tea & Refreshment,Coffee – Bakery,,5.95,animal-kingdom/creature-comforts
2026-09-04,Creature Comforts,Disney's Animal Kingdom,Iced Banana Bread Matcha Tea Latte - Grande,Tea & Refreshment,Coffee – Bakery,,6.95,animal-kingdom/creature-comforts
2026-09-04,Creature Comforts,Disney's Animal Kingdom,Iced Pumpkin Cream Chai Latte - Grande,Tea & Refreshment,Coffee – Bakery,,6.75,animal-kingdom/creature-comforts
2026-09-04,Creature Comforts,Disney's Animal Kingdom,Caramel Protein Matcha Latte - Grande,Seasonal Offerings,Coffee – Bakery,,6.95,animal-kingdom/creature-comforts
2026-09-04,Creature Comforts,Disney's Animal Kingdom,Pistachio Crème Cold Brew - Grande,Seasonal Offerings,Coffee – Bakery,,5.75,animal-kingdom/creature-comforts
2026-09-04,Creature Comforts,Disney's Animal Kingdom,Iced Dubai Chocolate Matcha - Grande,Seasonal Offerings,Coffee – Bakery,,6.75,animal-kingdom/creature-comforts
2026-09-04,Creature Comforts,Disney's Animal Kingdom,Iced Ube Coconut Macchiato - Grande,Seasonal Offerings,Coffee – Bakery,,6.95,animal-kingdom/creature-comforts
2026-09-04,Creature Comforts,Disney's Animal Kingdom,Iced Lavender Cream Matcha - Grande,Seasonal Offerings,Coffee – Bakery,,6.75,animal-kingdom/creature-comforts
2026-09-04,Creature Comforts,Disney's Animal Kingdom,Iced Lavender Cream Chai - Grande,Seasonal Offerings,Coffee – Bakery,,6.75,animal-kingdom/creature-comforts
2026-09-04,Creature Comforts,Disney's Animal Kingdom,Dragon Drink Energy Refresher - Grande,Seasonal Offerings,Coffee – Bakery,,6.65,animal-kingdom/creature-comforts
2026-09-04,Creature Comforts,Disney's Animal Kingdom,Mango Strawberry Lemonade Energy Refresher - Grande,Seasonal Offerings,Coffee – Bakery,,6.65,animal-kingdom/creature-comforts
2026-09-04,Creature Comforts,Disney's Animal Kingdom,Blended Pink Energy Drink - Grande,Seasonal Offerings,Coffee – Bakery,,6.65,animal-kingdom/creature-comforts
2026-09-04,Creature Comforts,Disney's Animal Kingdom,"Sausage, Cheddar & Egg Sandwich",Breakfast Sandwiches,Coffee – Bakery,,5.59,animal-kingdom/creature-comforts
2026-09-04,Creature Comforts,Disney's Animal Kingdom,"Bacon, Gouda & Egg Sandwich",Breakfast Sandwiches,Coffee – Bakery,,5.99,animal-kingdom/creature-comforts
2026-09-04,Creature Comforts,Disney's Animal Kingdom,"Double-Smoked Bacon, Cheddar & Egg Sandwich",Breakfast Sandwiches,Coffee – Bakery,,6.59,animal-kingdom/creature-comforts
2026-09-04,Creature Comforts,Disney's Animal Kingdom,Ham & Swiss Croissant,Breakfast Sandwiches,Coffee – Bakery,,5.29,animal-kingdom/creature-comforts
2026-09-04,Creature Comforts,Disney's Animal Kingdom,"Spinach, Feta & Cage-Free Egg White Breakfast Wrap",Breakfast Sandwiches,Coffee – Bakery,,5.99,animal-kingdom/creature-comforts
2026-09-04,Creature Comforts,Disney's Animal Kingdom,Mickey Cinnamon Roll,Pastries,Coffee – Bakery,,7.99,animal-kingdom/creature-comforts
2026-09-04,Creature Comforts,Disney's Animal Kingdom,Hedgehog Cake Pop,Pastries,Coffee – Bakery,,3.45,animal-kingdom/creature-comforts
2026-09-04,Creature Comforts,Disney's Animal Kingdom,Pumpkin Cream Cheese Muffin,Pastries,Coffee – Bakery,,4.99,animal-kingdom/creature-comforts
2026-09-04,Dawa Bar,Disney's Animal Kingdom,Prickly Pear Margarita,Specialty Cocktails,Bar – Lounge,"Teremana Blanco Tequila, Bols Triple Sec Liqueur, Desert Pear, and Lime",17.50,animal-kingdom/dawa-bar
2026-09-04,Dawa Bar,Disney's Animal Kingdom,Ngumu Jungle Juice,Specialty Cocktails,Bar – Lounge,"SVEDKA Vodka, Bols Peach Schnapps Liqueur and Tusker's famous Jungle Juice",17.50,animal-kingdom/dawa-bar
2026-09-04,Dawa Bar,Disney's Animal Kingdom,Lost on Safari,Specialty Cocktails,Bar – Lounge,STARR African Rum and Captain Morgan Original Spiced Rum with our refreshing Pangani Punch,17.50,animal-kingdom/dawa-bar
2026-09-04,Dawa Bar,Disney's Animal Kingdom,Honey Bee,Specialty Cocktails,Bar – Lounge,"Elijah Craig Small Batch Kentucky Straight Bourbon, Lemon Juice, and Honey garnished with Candied Ginger",18.50,animal-kingdom/dawa-bar
2026-09-04,Dawa Bar,Disney's Animal Kingdom,Malawi Mango Margarita,Specialty Cocktails,Bar – Lounge,Sango African Agave Spirit and Cointreau Liqueur blended with Mango and Lime,18.50,animal-kingdom/dawa-bar
2026-09-04,Dawa Bar,Disney's Animal Kingdom,Safari Amber,Draft Beer,Bar – Lounge,,12.50,animal-kingdom/dawa-bar
2026-09-04,Dawa Bar,Disney's Animal Kingdom,Tampa Bay Old Elephant Foot IPA,Draft Beer,Bar – Lounge,,12.50,animal-kingdom/dawa-bar
2026-09-04,Dawa Bar,Disney's Animal Kingdom,Casa Lager,"Bottled & Canned Beer, Hard Cider & Hard Seltzer",Bar – Lounge,,11.00,animal-kingdom/dawa-bar
2026-09-04,Dawa Bar,Disney's Animal Kingdom,Bud Light Lager,"Bottled & Canned Beer, Hard Cider & Hard Seltzer",Bar – Lounge,,9.75,animal-kingdom/dawa-bar
2026-09-04,Dawa Bar,Disney's Animal Kingdom,Schöfferhofer Grapefruit Hefeweizen,"Bottled & Canned Beer, Hard Cider & Hard Seltzer",Bar – Lounge,,12.00,animal-kingdom/dawa-bar
2026-09-04,Dawa Bar,Disney's Animal Kingdom,Victory Brewing Co. Golden Monkey Ale,"Bottled & Canned Beer, Hard Cider & Hard Seltzer",Bar – Lounge,,11.50,animal-kingdom/dawa-bar
2026-09-04,Dawa Bar,Disney's Animal Kingdom,Angry Orchard Crisp Apple Hard Cider,"Bottled & Canned Beer, Hard Cider & Hard Seltzer",Bar – Lounge,(Gluten-friendly),10.50,animal-kingdom/dawa-bar
2026-09-04,Dawa Bar,Disney's Animal Kingdom,White Claw Mango Hard Seltzer,"Bottled & Canned Beer, Hard Cider & Hard Seltzer",Bar – Lounge,,11.00,animal-kingdom/dawa-bar
2026-09-04,Dawa Bar,Disney's Animal Kingdom,Beyond Sauvignon Blanc,White Wine,Bar – Lounge,,12.00,animal-kingdom/dawa-bar
2026-09-04,Dawa Bar,Disney's Animal Kingdom,Kara Tara Chardonnay,White Wine,Bar – Lounge,,14.00,animal-kingdom/dawa-bar
2026-09-04,Dawa Bar,Disney's Animal Kingdom,Kara Tara Pinot Noir,Red Wine,Bar – Lounge,,14.00,animal-kingdom/dawa-bar
2026-09-04,Dawa Bar,Disney's Animal Kingdom,Black Pearl 'Oro' Shiraz/Cabernet Sauvignon,Red Wine,Bar – Lounge,,16.00,animal-kingdom/dawa-bar
2026-09-04,Drinkwallah,Disney's Animal Kingdom,Assorted Chips,Snacks,Snack,,3.29,animal-kingdom/drinkwallah
2026-09-04,Drinkwallah,Disney's Animal Kingdom,Cinnamon-Glazed Almonds,Snacks,Snack,,5.99,animal-kingdom/drinkwallah
2026-09-04,Drinkwallah,Disney's Animal Kingdom,Cinnamon-Glazed Pecans,Snacks,Snack,,5.99,animal-kingdom/drinkwallah
2026-09-04,Drinkwallah,Disney's Animal Kingdom,Lion King Novelty Cup,Beverages,Snack,"Served with choice of Frozen Beverage: Coca-Cola®, Fanta® Blue Raspberry, or Minute Maid® Premium Lemonade",11.79,animal-kingdom/drinkwallah
2026-09-04,Drinkwallah,Disney's Animal Kingdom,Coca-Cola® Bottled Beverages,Beverages,Snack,,5.50,animal-kingdom/drinkwallah
2026-09-04,Drinkwallah,Disney's Animal Kingdom,POWERADE®,Beverages,Snack,,5.50,animal-kingdom/drinkwallah
2026-09-04,Drinkwallah,Disney's Animal Kingdom,DASANI® Bottled Water,Beverages,Snack,,4.25,animal-kingdom/drinkwallah
2026-09-04,Drinkwallah,Disney's Animal Kingdom,Kona Longboard Island Lager,Alcoholic Beverages,Snack,,12.50,animal-kingdom/drinkwallah
2026-09-04,Drinkwallah,Disney's Animal Kingdom,Tiger Eye Gold Ale,Alcoholic Beverages,Snack,,12.50,animal-kingdom/drinkwallah
2026-09-04,Drinkwallah,Disney's Animal Kingdom,Frozen Rum & Coke®,Alcoholic Beverages,Snack,with Captain Morgan Original Spiced Rum,15.50,animal-kingdom/drinkwallah
2026-09-04,Drinkwallah,Disney's Animal Kingdom,Frozen Jack & Coke®,Alcoholic Beverages,Snack,with Jack Daniel's Tennessee Whiskey,15.50,animal-kingdom/drinkwallah
2026-09-04,Eight Spoon Café,Disney's Animal Kingdom,Baked Macaroni & Cheese with Pulled Pork,Entrees,Snack,Topped with Crispy Onions,12.99,animal-kingdom/eight-spoon-cafe
2026-09-04,Eight Spoon Café,Disney's Animal Kingdom,Baked Macaroni & Cheese with Buffalo Chicken,Entrees,Snack,Topped with Tangy Italian Relish and Blue Cheese,12.99,animal-kingdom/eight-spoon-cafe
2026-09-04,Eight Spoon Café,Disney's Animal Kingdom,Buffalo Chicken Chips,Entrees,Snack,Topped with Tangy Italian Relish and Blue Cheese,10.49,animal-kingdom/eight-spoon-cafe
2026-09-04,Eight Spoon Café,Disney's Animal Kingdom,Family Churros,Entrees,Snack,"Twenty-one (21) Bite-size Churros with Sprinkles, Chocolate, and Caramel Dipping Sauces",15.99,animal-kingdom/eight-spoon-cafe
2026-09-04,Eight Spoon Café,Disney's Animal Kingdom,Bluey's Berry Lemonade,Beverages,Snack,"Frozen Minute Maid® Lemonade blended with flavors of Blueberry, Blackberry, Strawberry and Raspberry.",6.79,animal-kingdom/eight-spoon-cafe
2026-09-04,Eight Spoon Café,Disney's Animal Kingdom,Assorted Fountain Beverages,Beverages,Snack,,4.79,animal-kingdom/eight-spoon-cafe
2026-09-04,Eight Spoon Café,Disney's Animal Kingdom,DASANI® Bottled Water,Beverages,Snack,,4.25,animal-kingdom/eight-spoon-cafe
2026-09-04,Eight Spoon Café,Disney's Animal Kingdom,Kona Longboard Island Lager,Alcoholic Beverages,Snack,,12.50,animal-kingdom/eight-spoon-cafe
2026-09-04,Flame Tree Barbecue,Disney's Animal Kingdom,Frozen Mango Slushy with Glow Cube,Souvenir Specialties,Lunch And Dinner,,9.29,animal-kingdom/flame-tree-barbecue
2026-09-04,Flame Tree Barbecue,Disney's Animal Kingdom,Frozen Raspberry Slushy with Glow Cube,Souvenir Specialties,Lunch And Dinner,,9.29,animal-kingdom/flame-tree-barbecue
2026-09-04,Flame Tree Barbecue,Disney's Animal Kingdom,Tropical Breeze with Glow Cube,Souvenir Specialties,Lunch And Dinner,Layers of Frozen Mango and Raspberry with a Glow Cube,9.29,animal-kingdom/flame-tree-barbecue
2026-09-04,Flame Tree Barbecue,Disney's Animal Kingdom,Bubbling Pink Lagoon (with Glow Cube),Souvenir Specialties,Lunch And Dinner,"Minute Maid® Premium Strawberry Lemonade, Sprite®, and Kiwi flavor with Glow Cube",9.29,animal-kingdom/flame-tree-barbecue
2026-09-04,Flame Tree Barbecue,Disney's Animal Kingdom,Island Breeze with Glow Cube,Souvenir Specialties with Alcohol,Lunch And Dinner,Parrot Bay Coconut Rum with layers of Frozen Mango and Raspberry served with a Glow Cube,17.50,animal-kingdom/flame-tree-barbecue
2026-09-04,Flame Tree Barbecue,Disney's Animal Kingdom,Bubbling Pink Lagoon with Vodka,Beverages with Alcohol,Lunch And Dinner,"Tito's Handmade Vodka, Minute Maid® Premium Strawberry Lemonade, Sprite®, and Kiwi Flavor",16.50,animal-kingdom/flame-tree-barbecue
2026-09-04,Flame Tree Barbecue,Disney's Animal Kingdom,Island Breeze,Beverages with Alcohol,Lunch And Dinner,Parrot Bay Coconut Rum with layers of Frozen Mango and Raspberry,15.50,animal-kingdom/flame-tree-barbecue
2026-09-04,Flame Tree Barbecue,Disney's Animal Kingdom,"Safari Amber - St. Louis, MO",Beverages with Alcohol,Lunch And Dinner,"20-oz Draft - Red Lager with toasted notes of Caramel, Malt, and Hops",12.50,animal-kingdom/flame-tree-barbecue
2026-09-04,Flame Tree Barbecue,Disney's Animal Kingdom,RAMONA Blood Orange Wine Spritz,Beverages with Alcohol,Lunch And Dinner,,11.75,animal-kingdom/flame-tree-barbecue
2026-09-04,Flame Tree Barbecue,Disney's Animal Kingdom,"Bud Light Lager - St. Louis, MO",Beverages with Alcohol,Lunch And Dinner,"20-oz Draft - Golden-colored with flavors that are dry, clean, crisp, and refreshing with subtle bitterness",10.00,animal-kingdom/flame-tree-barbecue
2026-09-04,Flame Tree Barbecue,Disney's Animal Kingdom,"Ribs, Chicken, and Pulled Pork Sampler",Entrées,Lunch And Dinner,St. Louis Ribs with Marinated Slow-smoked Chicken and Smoked Pulled Pork served with Signature Baked Beans and Coleslaw,18.99,animal-kingdom/flame-tree-barbecue
2026-09-04,Flame Tree Barbecue,Disney's Animal Kingdom,Ribs and Chicken Combo,Entrées,Lunch And Dinner,Ribs and Chicken served with Signature Baked Beans and Coleslaw,15.99,animal-kingdom/flame-tree-barbecue
2026-09-04,Flame Tree Barbecue,Disney's Animal Kingdom,1/2 Chicken,Entrées,Lunch And Dinner,Marinated Slow-smoked Chicken served with Signature Baked Beans and Coleslaw,13.79,animal-kingdom/flame-tree-barbecue
2026-09-04,Flame Tree Barbecue,Disney's Animal Kingdom,Baked Macaroni & Cheese with Pulled Pork,Entrées,Lunch And Dinner,"Baked Macaroni & Cheese topped with Smoked Pulled Pork, Crispy Onions, and Coleslaw",12.99,animal-kingdom/flame-tree-barbecue
2026-09-04,Flame Tree Barbecue,Disney's Animal Kingdom,Smoked Pulled Pork Sandwich,Entrées,Lunch And Dinner,Smoked Pulled Pork Sandwich topped with Coleslaw and served with Signature Baked Beans,12.49,animal-kingdom/flame-tree-barbecue
2026-09-04,Flame Tree Barbecue,Disney's Animal Kingdom,Smokehouse Chicken Salad,Entrées,Lunch And Dinner,"Pulled Chicken on top of Mixed Greens Salad tossed with Smoked Cheddar, Diced Granny Smith Apples, Dried Cranberries, Cornbread Croutons, Crispy Onions, and Barbecue-Ranch Dressing",11.99,animal-kingdom/flame-tree-barbecue
2026-09-04,Flame Tree Barbecue,Disney's Animal Kingdom,Korean Barbecue Sandwich,Plant-Based,Lunch And Dinner,"Featuring Impossible® Beef with Pickled Vegetables, Gochujang Mayonnaise, and Cilantro served on a Sourdough Baguette with French Fries",12.49,animal-kingdom/flame-tree-barbecue
2026-09-04,Flame Tree Barbecue,Disney's Animal Kingdom,French Fries with Pulled Pork and Cheese,Sides,Lunch And Dinner,French Fries topped with Pulled Pork and Cheddar Sauce,8.99,animal-kingdom/flame-tree-barbecue
2026-09-04,Flame Tree Barbecue,Disney's Animal Kingdom,"Black Garlic, Truffle, and Parmesan Fries",Sides,Lunch And Dinner,French Fries topped with Black Garlic-Truffle Aïoli and Parmesan,6.99,animal-kingdom/flame-tree-barbecue
2026-09-04,Flame Tree Barbecue,Disney's Animal Kingdom,French Fries,Sides,Lunch And Dinner,,5.49,animal-kingdom/flame-tree-barbecue
2026-09-04,Flame Tree Barbecue,Disney's Animal Kingdom,Cornbread,Sides,Lunch And Dinner,,5.49,animal-kingdom/flame-tree-barbecue
2026-09-04,Flame Tree Barbecue,Disney's Animal Kingdom,Broccoli Salad,Sides,Lunch And Dinner,,4.99,animal-kingdom/flame-tree-barbecue
2026-09-04,Flame Tree Barbecue,Disney's Animal Kingdom,Bug-shaped Graham Crackers,Sides,Lunch And Dinner,,2.29,animal-kingdom/flame-tree-barbecue
2026-09-04,Flame Tree Barbecue,Disney's Animal Kingdom,A Cuties® Mandarin,Sides,Lunch And Dinner,,1.99,animal-kingdom/flame-tree-barbecue
2026-09-04,Flame Tree Barbecue,Disney's Animal Kingdom,Baked Chicken Drumstick,Kids' Disney Check Meals,Lunch And Dinner,Served with choice of two Sides and choice of Small Lowfat Milk or Small DASANI® Bottled Water. Meets Disney Nutrition Guidelines for Complete Meals without substitutions,8.29,animal-kingdom/flame-tree-barbecue
2026-09-04,Flame Tree Barbecue,Disney's Animal Kingdom,Pulled Pork Platter,Kids' Disney Check Meals,Lunch And Dinner,Served with choice of two Sides and choice of Small Lowfat Milk or Small DASANI® Bottled Water. Meets Disney Nutrition Guidelines for Complete Meals without substitutions,7.99,animal-kingdom/flame-tree-barbecue
2026-09-04,Flame Tree Barbecue,Disney's Animal Kingdom,All-Beef Hot Dog,Kids' Meals,Lunch And Dinner,Served with choice of two Sides and choice of Small Lowfat Milk or Small DASANI® Bottled Water,7.99,animal-kingdom/flame-tree-barbecue
2026-09-04,Flame Tree Barbecue,Disney's Animal Kingdom,PB&J Uncrustable,Kids' Meals,Lunch And Dinner,Served with choice of two Sides and choice of Small Lowfat Milk or Small DASANI® Bottled Water,7.29,animal-kingdom/flame-tree-barbecue
2026-09-04,Flame Tree Barbecue,Disney's Animal Kingdom,Key Lime Pie Pop,Desserts,Lunch And Dinner,Key Lime Pie dipped in Dark Chocolate with Graham Cracker Crumble. Served on a Stick.,6.29,animal-kingdom/flame-tree-barbecue
2026-09-04,Flame Tree Barbecue,Disney's Animal Kingdom,Bubbling Pink Lagoon,Beverages,Lunch And Dinner,"Minute Maid® Premium Strawberry Lemonade, Sprite®, and Kiwi flavor",6.29,animal-kingdom/flame-tree-barbecue
2026-09-04,Flame Tree Barbecue,Disney's Animal Kingdom,Frozen Mango Slushy,Beverages,Lunch And Dinner,,6.29,animal-kingdom/flame-tree-barbecue
2026-09-04,Flame Tree Barbecue,Disney's Animal Kingdom,Frozen Raspberry Slushy,Beverages,Lunch And Dinner,,6.29,animal-kingdom/flame-tree-barbecue
2026-09-04,Flame Tree Barbecue,Disney's Animal Kingdom,Tropical Breeze,Beverages,Lunch And Dinner,Layers of Frozen Mango and Raspberry,6.29,animal-kingdom/flame-tree-barbecue
2026-09-04,Flame Tree Barbecue,Disney's Animal Kingdom,Assorted Fountain Beverages - Large,Beverages,Lunch And Dinner,Assorted Coca-Cola® Offerings,5.59,animal-kingdom/flame-tree-barbecue
2026-09-04,Flame Tree Barbecue,Disney's Animal Kingdom,Assorted Fountain Beverages - Regular,Beverages,Lunch And Dinner,Assorted Coca-Cola® Offerings,4.79,animal-kingdom/flame-tree-barbecue
2026-09-04,Flame Tree Barbecue,Disney's Animal Kingdom,Large Freshly Brewed Joffrey's Coffee™ Regular,Beverages,Lunch And Dinner,,5.19,animal-kingdom/flame-tree-barbecue
2026-09-04,Flame Tree Barbecue,Disney's Animal Kingdom,Large Freshly Brewed Joffrey's Coffee™ Decaf,Beverages,Lunch And Dinner,,5.19,animal-kingdom/flame-tree-barbecue
2026-09-04,Flame Tree Barbecue,Disney's Animal Kingdom,Large Hot Cocoa,Beverages,Lunch And Dinner,,5.19,animal-kingdom/flame-tree-barbecue
2026-09-04,Flame Tree Barbecue,Disney's Animal Kingdom,Large Twinings® Hot Tea,Beverages,Lunch And Dinner,,5.19,animal-kingdom/flame-tree-barbecue
2026-09-04,Flame Tree Barbecue,Disney's Animal Kingdom,smartwater®,Beverages,Lunch And Dinner,,6.25,animal-kingdom/flame-tree-barbecue
2026-09-04,Flame Tree Barbecue,Disney's Animal Kingdom,DASANI® Bottled Water,Beverages,Lunch And Dinner,,4.25,animal-kingdom/flame-tree-barbecue
2026-09-04,Flame Tree Barbecue,Disney's Animal Kingdom,Freshly Brewed Joffrey's Coffee™ Regular,Beverages,Lunch And Dinner,,4.79,animal-kingdom/flame-tree-barbecue
2026-09-04,Flame Tree Barbecue,Disney's Animal Kingdom,Freshly Brewed Joffrey's Coffee™ Decaf,Beverages,Lunch And Dinner,,4.79,animal-kingdom/flame-tree-barbecue
2026-09-04,Flame Tree Barbecue,Disney's Animal Kingdom,Twinings® Hot Tea,Beverages,Lunch And Dinner,,4.79,animal-kingdom/flame-tree-barbecue
2026-09-04,Flame Tree Barbecue,Disney's Animal Kingdom,Hot Cocoa,Beverages,Lunch And Dinner,,4.79,animal-kingdom/flame-tree-barbecue
2026-09-04,Flame Tree Barbecue,Disney's Animal Kingdom,Lowfat Milk,Beverages,Lunch And Dinner,,2.29,animal-kingdom/flame-tree-barbecue
2026-09-04,Flame Tree Barbecue,Disney's Animal Kingdom,Small Minute Maid® Apple Juice,Beverages,Lunch And Dinner,,2.29,animal-kingdom/flame-tree-barbecue
2026-09-04,Flame Tree Barbecue,Disney's Animal Kingdom,Small Chocolate Milk,Beverages,Lunch And Dinner,,2.29,animal-kingdom/flame-tree-barbecue
2026-09-04,Harambe Fruit Market,Disney's Animal Kingdom,Stuffed Pancake Sandwich,Snacks,Snack,"with Sausage, Guava Paste, Egg, and Cheese",9.49,animal-kingdom/harambe-fruit-market
2026-09-04,Harambe Fruit Market,Disney's Animal Kingdom,Mickey-shaped Pretzel,Snacks,Snack,with Cheese Sauce,8.49,animal-kingdom/harambe-fruit-market
2026-09-04,Harambe Fruit Market,Disney's Animal Kingdom,All-Beef Hot Dog,Snacks,Snack,served with Potato Chips,11.49,animal-kingdom/harambe-fruit-market
2026-09-04,Harambe Fruit Market,Disney's Animal Kingdom,Grilled Corn on the Cob,Snacks,Snack,with African Spices,5.29,animal-kingdom/harambe-fruit-market
2026-09-04,Harambe Fruit Market,Disney's Animal Kingdom,Churro,Snacks,Snack,with Chocolate Sauce,7.49,animal-kingdom/harambe-fruit-market
2026-09-04,Harambe Fruit Market,Disney's Animal Kingdom,Mini Babybel® Snack Cheese (3-pack),Snacks,Snack,,3.79,animal-kingdom/harambe-fruit-market
2026-09-04,Harambe Fruit Market,Disney's Animal Kingdom,Cuties® Mandarin (3-pack),Snacks,Snack,,4.19,animal-kingdom/harambe-fruit-market
2026-09-04,Harambe Fruit Market,Disney's Animal Kingdom,Fresh Fruit Cup,Snacks,Snack,,3.99,animal-kingdom/harambe-fruit-market
2026-09-04,Harambe Fruit Market,Disney's Animal Kingdom,Whole Fruit,Snacks,Snack,,2.29,animal-kingdom/harambe-fruit-market
2026-09-04,Harambe Fruit Market,Disney's Animal Kingdom,Assorted Chips,Snacks,Snack,,3.29,animal-kingdom/harambe-fruit-market
2026-09-04,Harambe Fruit Market,Disney's Animal Kingdom,Assorted Bottled Beverages,Beverages,Snack,,5.50,animal-kingdom/harambe-fruit-market
2026-09-04,Harambe Fruit Market,Disney's Animal Kingdom,DASANI® Bottled Water,Beverages,Snack,,4.25,animal-kingdom/harambe-fruit-market
2026-09-04,Harambe Fruit Market,Disney's Animal Kingdom,POWERADE®,Beverages,Snack,,5.50,animal-kingdom/harambe-fruit-market
2026-09-04,Harambe Fruit Market,Disney's Animal Kingdom,smartwater®,Beverages,Snack,,6.25,animal-kingdom/harambe-fruit-market
2026-09-04,Harambe Fruit Market,Disney's Animal Kingdom,Minute Maid® Apple Juice,Beverages,Snack,,4.59,animal-kingdom/harambe-fruit-market
2026-09-04,Harambe Fruit Market,Disney's Animal Kingdom,Simply® Orange,Beverages,Snack,,5.59,animal-kingdom/harambe-fruit-market
2026-09-04,Harambe Market,Disney's Animal Kingdom,1/3 lb Angus Bacon Cheeseburger,Entrées,Lunch And Dinner,with Lettuce and Tomato served with French Fries,13.99,animal-kingdom/harambe-market
2026-09-04,Harambe Market,Disney's Animal Kingdom,Tanzanian Meat Pie,Entrées,Lunch And Dinner,African-spiced Beef and Lamb in Warm Naan Bread with Kachumbari and Tzatziki served with choice of Side,13.49,animal-kingdom/harambe-market
2026-09-04,Harambe Market,Disney's Animal Kingdom,1/3 lb Angus Cheeseburger,Entrées,Lunch And Dinner,with Lettuce and Tomato served with French Fries,13.29,animal-kingdom/harambe-market
2026-09-04,Harambe Market,Disney's Animal Kingdom,Savanna Salad,Entrées,Lunch And Dinner,"Mixed Greens, Lentils, Carrots, Couscous, Kachumbari, Toasted Almonds, and Citrus-Harissa Dressing",11.29,animal-kingdom/harambe-market
2026-09-04,Harambe Market,Disney's Animal Kingdom,Chicken Strips,Entrées,Lunch And Dinner,Served with French Fries,10.99,animal-kingdom/harambe-market
2026-09-04,Harambe Market,Disney's Animal Kingdom,Harissa Chicken Wrap,Entrées,Lunch And Dinner,Chilled Tandoori Rotisserie Chicken with Harissa Mayonnaise wrapped in a Flour Tortilla and served with French Fries,10.99,animal-kingdom/harambe-market
2026-09-04,Harambe Market,Disney's Animal Kingdom,French Fries,Sides,Lunch And Dinner,,5.49,animal-kingdom/harambe-market
2026-09-04,Harambe Market,Disney's Animal Kingdom,Seasoned Kettle Chips,Sides,Lunch And Dinner,,4.99,animal-kingdom/harambe-market
2026-09-04,Harambe Market,Disney's Animal Kingdom,Fruit Cup,Sides,Lunch And Dinner,,3.99,animal-kingdom/harambe-market
2026-09-04,Harambe Market,Disney's Animal Kingdom,Kubwa Cookie,Dessert,Lunch And Dinner,"Topped with Chocolate Cream Cookies, Potato Chips, M&M'S® Milk Chocolate candies, and Dulce de Leche",5.29,animal-kingdom/harambe-market
2026-09-04,Harambe Market,Disney's Animal Kingdom,Cheeseburger,Kid's Disney Check Meals,Lunch And Dinner,Served with choice of two (2) Sides and Small Lowfat Milk or Small DASANI® Bottled Water,7.49,animal-kingdom/harambe-market
2026-09-04,Harambe Market,Disney's Animal Kingdom,Chicken Strips,Kid's Meals,Lunch And Dinner,Served with choice of two (2) Sides and Small Lowfat Milk or Small DASANI® Bottled Water,8.99,animal-kingdom/harambe-market
2026-09-04,Harambe Market,Disney's Animal Kingdom,PB&J Uncrustable,Kid's Meals,Lunch And Dinner,Served with choice of two Sides and choice of Small Lowfat Milk or Small DASANI® Bottled Water,7.29,animal-kingdom/harambe-market
2026-09-04,Harambe Market,Disney's Animal Kingdom,Frozen Flamingo,Beverages,Lunch And Dinner,Delicious Non-Alcoholic Frozen Concoction with Flavors of Strawberry and Passion Fruit,6.59,animal-kingdom/harambe-market
2026-09-04,Harambe Market,Disney's Animal Kingdom,Watermelon Lemonade,Beverages,Lunch And Dinner,Featuring Minute Maid® Premium Lemonade,6.29,animal-kingdom/harambe-market
2026-09-04,Harambe Market,Disney's Animal Kingdom,Assorted Fountain Beverages - Large,Beverages,Lunch And Dinner,Assorted Coca-Cola® Offerings,5.59,animal-kingdom/harambe-market
2026-09-04,Harambe Market,Disney's Animal Kingdom,Assorted Fountain Beverages - Regular,Beverages,Lunch And Dinner,Assorted Coca-Cola® Offerings,4.79,animal-kingdom/harambe-market
2026-09-04,Harambe Market,Disney's Animal Kingdom,Large Freshly Brewed Joffrey's Coffee™ Regular,Beverages,Lunch And Dinner,,5.19,animal-kingdom/harambe-market
2026-09-04,Harambe Market,Disney's Animal Kingdom,Large Freshly Brewed Joffrey's Coffee™ Decaf,Beverages,Lunch And Dinner,,5.19,animal-kingdom/harambe-market
2026-09-04,Harambe Market,Disney's Animal Kingdom,Large Hot Cocoa,Beverages,Lunch And Dinner,,5.19,animal-kingdom/harambe-market
2026-09-04,Harambe Market,Disney's Animal Kingdom,smartwater®,Beverages,Lunch And Dinner,,6.25,animal-kingdom/harambe-market
2026-09-04,Harambe Market,Disney's Animal Kingdom,DASANI® Bottled Water,Beverages,Lunch And Dinner,,4.25,animal-kingdom/harambe-market
2026-09-04,Harambe Market,Disney's Animal Kingdom,Freshly Brewed Joffrey's Coffee™ Regular,Beverages,Lunch And Dinner,,4.79,animal-kingdom/harambe-market
2026-09-04,Harambe Market,Disney's Animal Kingdom,Freshly Brewed Joffrey's Coffee™ Decaf,Beverages,Lunch And Dinner,,4.79,animal-kingdom/harambe-market
2026-09-04,Harambe Market,Disney's Animal Kingdom,Hot Cocoa,Beverages,Lunch And Dinner,,4.79,animal-kingdom/harambe-market
2026-09-04,Harambe Market,Disney's Animal Kingdom,Harambe Sunrise,Beverages with Alcohol,Lunch And Dinner,Jungle Juice with Wild Strawberry with Corazón Blanco Tequila,14.50,animal-kingdom/harambe-market
2026-09-04,Harambe Market,Disney's Animal Kingdom,"Safari Amber - St. Louis, MO",Beverages with Alcohol,Lunch And Dinner,"20-oz Draft - Red Lager with toasted notes of Caramel, Malt and Hops",12.50,animal-kingdom/harambe-market
2026-09-04,Harambe Market,Disney's Animal Kingdom,"Tampa Bay Reef Donkey APA - Tampa Bay, FL",Beverages with Alcohol,Lunch And Dinner,20-oz Draft - Secret selection of Hops gives this dry beer a Lemon-Lime aroma with a Citrus and slight Tropical Fruit flavor,12.50,animal-kingdom/harambe-market
2026-09-04,Isle of Java,Disney's Animal Kingdom,"Sausage, Egg, and Cheese Biscuit",Entrées,Breakfast,available without Sausage,6.99,animal-kingdom/isle-of-java
2026-09-04,Isle of Java,Disney's Animal Kingdom,Colossal Mickey Cinnamon Roll,Snacks,Breakfast,,7.49,animal-kingdom/isle-of-java
2026-09-04,Isle of Java,Disney's Animal Kingdom,Tiger Tail Chocolate Twist,Snacks,Breakfast,,6.29,animal-kingdom/isle-of-java
2026-09-04,Isle of Java,Disney's Animal Kingdom,Macaw Specialty Beverage,Beverages,Breakfast; Snack,"Minute Maid® Premium Lemonade, Fanta® Cherry and Fanta® Blue Raspberry",6.59,animal-kingdom/isle-of-java
2026-09-04,Isle of Java,Disney's Animal Kingdom,Assorted Fountain Beverages,Beverages,Breakfast; Snack,,4.79,animal-kingdom/isle-of-java
2026-09-04,Isle of Java,Disney's Animal Kingdom,DASANI® Bottled Water,Beverages,Breakfast; Snack,,4.25,animal-kingdom/isle-of-java
2026-09-04,Isle of Java,Disney's Animal Kingdom,Simply® Orange,Beverages,Breakfast; Snack,,5.29,animal-kingdom/isle-of-java
2026-09-04,Isle of Java,Disney's Animal Kingdom,Minute Maid® Apple Juice,Beverages,Breakfast; Snack,,4.29,animal-kingdom/isle-of-java
2026-09-04,Isle of Java,Disney's Animal Kingdom,Chocolate Milk,Beverages,Breakfast; Snack,,4.49,animal-kingdom/isle-of-java
2026-09-04,Isle of Java,Disney's Animal Kingdom,Hot Cocoa by Joffrey's™,Beverages,Breakfast; Snack,Large Hot Cocoa by Joffrey's™ 5.19,4.79,animal-kingdom/isle-of-java
2026-09-04,Isle of Java,Disney's Animal Kingdom,Frozen Beverages,Beverages,Breakfast; Snack,"Coca-Cola®, Minute Maid® Premium Lemonade, Fanta® Cherry or Fanta® Blue Raspberry",6.29,animal-kingdom/isle-of-java
2026-09-04,Isle of Java,Disney's Animal Kingdom,Vietnamese Iced Coffee,Coffee,Breakfast; Snack,French-roasted Joffrey’s Coffee™ Cold Brew over Ice with Sweetened Condensed Milk,5.99,animal-kingdom/isle-of-java
2026-09-04,Isle of Java,Disney's Animal Kingdom,Cappuccino,Coffee,Breakfast; Snack,Large Cappuccino 6.49,5.29,animal-kingdom/isle-of-java
2026-09-04,Isle of Java,Disney's Animal Kingdom,Caffè Latte,Coffee,Breakfast; Snack,Large Latte 6.49,5.29,animal-kingdom/isle-of-java
2026-09-04,Isle of Java,Disney's Animal Kingdom,Espresso,Coffee,Breakfast; Snack,,3.49,animal-kingdom/isle-of-java
2026-09-04,Isle of Java,Disney's Animal Kingdom,Joffrey’s Coffee™ Cold Brew Coffee,Coffee,Breakfast; Snack,French Roast or Joffrey’s Shakin’ Jamaican™ with Sweet Cream. Large Joffrey's™ Cold Brew Coffee with Sweet Cream 6.49,5.79,animal-kingdom/isle-of-java
2026-09-04,Isle of Java,Disney's Animal Kingdom,Freshly Brewed Joffrey's Coffee™,Coffee,Breakfast; Snack,regular or decaf. Large Freshly Brewed Joffrey's Coffee™ 5.19,4.79,animal-kingdom/isle-of-java
2026-09-04,Isle of Java,Disney's Animal Kingdom,Pretzel's Pretzels,Snacks,Snack,Soft Mini Pretzels with Homemade Cheese Sauce and Blueberry-Mustard Sauce,15.99,animal-kingdom/isle-of-java
2026-09-04,Isle of Java,Disney's Animal Kingdom,Churro,Snacks,Snack,with Chocolate Sauce,7.49,animal-kingdom/isle-of-java
2026-09-04,Isle of Java,Disney's Animal Kingdom,Party Parrot,Alcoholic Beverages,Snack,"Parrot Bay Coconut Rum with layers of Frozen Blue Raspberry, Lemonade and Cherry",15.50,animal-kingdom/isle-of-java
2026-09-04,Isle of Java,Disney's Animal Kingdom,Irish Coffee,Alcoholic Beverages,Snack,Baileys Irish Cream Liqueur with Joffrey's Coffee™ French Roast of Joffrey's Coffee™ Cold Brew and Whipped Cream,15.50,animal-kingdom/isle-of-java
2026-09-04,Kusafiri Coffee Shop & Bakery,Disney's Animal Kingdom,Egg and Bacon Croissant Sandwich,Entrées,Breakfast,"Croissant with a Cheese Omelet, Crispy Bacon, and Tomato-Pepper Relish served with Potato Barrels",9.29,animal-kingdom/kusafiri-coffee-shop-and-bakery
2026-09-04,Kusafiri Coffee Shop & Bakery,Disney's Animal Kingdom,Breakfast Totchos,Entrées,Breakfast,"Potato Barrels, Scrambled Eggs, Nacho Cheese Sauce, and Crumbled Bacon",11.49,animal-kingdom/kusafiri-coffee-shop-and-bakery
2026-09-04,Kusafiri Coffee Shop & Bakery,Disney's Animal Kingdom,Overnight Oats,Entrées,Breakfast,with Berry Compote and House-made Granola,5.29,animal-kingdom/kusafiri-coffee-shop-and-bakery
2026-09-04,Kusafiri Coffee Shop & Bakery,Disney's Animal Kingdom,Potato Barrels,Snacks,Breakfast,,5.49,animal-kingdom/kusafiri-coffee-shop-and-bakery
2026-09-04,Kusafiri Coffee Shop & Bakery,Disney's Animal Kingdom,Fresh Fruit Bowl,Snacks,Breakfast,,5.69,animal-kingdom/kusafiri-coffee-shop-and-bakery
2026-09-04,Kusafiri Coffee Shop & Bakery,Disney's Animal Kingdom,Seasonal Muffin,Pastries,Breakfast,,4.99,animal-kingdom/kusafiri-coffee-shop-and-bakery
2026-09-04,Kusafiri Coffee Shop & Bakery,Disney's Animal Kingdom,Mickey Cinnamon Roll,Pastries,Breakfast,,7.99,animal-kingdom/kusafiri-coffee-shop-and-bakery
2026-09-04,Kusafiri Coffee Shop & Bakery,Disney's Animal Kingdom,Pistachio Croissant,Pastries,Breakfast,,6.49,animal-kingdom/kusafiri-coffee-shop-and-bakery
2026-09-04,Kusafiri Coffee Shop & Bakery,Disney's Animal Kingdom,Chocolate Twist,Pastries,Breakfast,,6.49,animal-kingdom/kusafiri-coffee-shop-and-bakery
2026-09-04,Kusafiri Coffee Shop & Bakery,Disney's Animal Kingdom,Plain Croissant,Pastries,Breakfast,,4.79,animal-kingdom/kusafiri-coffee-shop-and-bakery
2026-09-04,Kusafiri Coffee Shop & Bakery,Disney's Animal Kingdom,Guava and Cheese Danish,Pastries,Breakfast,,5.29,animal-kingdom/kusafiri-coffee-shop-and-bakery
2026-09-04,Kusafiri Coffee Shop & Bakery,Disney's Animal Kingdom,7-Layer Bar,Pastries,Breakfast,"Graham Cracker Crust, Coconut, Pecans, Sunflower Seeds, Chocolate Chips, and Butterscotch Chips with Sweetened Condensed Milk and Maldon Salt",5.79,animal-kingdom/kusafiri-coffee-shop-and-bakery
2026-09-04,Kusafiri Coffee Shop & Bakery,Disney's Animal Kingdom,Assorted Fountain Beverages,Beverages,Breakfast; Lunch And Dinner,,4.79,animal-kingdom/kusafiri-coffee-shop-and-bakery
2026-09-04,Kusafiri Coffee Shop & Bakery,Disney's Animal Kingdom,Simply® Orange,Beverages,Breakfast,,5.59,animal-kingdom/kusafiri-coffee-shop-and-bakery
2026-09-04,Kusafiri Coffee Shop & Bakery,Disney's Animal Kingdom,Minute Maid® Apple Juice,Beverages,Breakfast,,4.59,animal-kingdom/kusafiri-coffee-shop-and-bakery
2026-09-04,Kusafiri Coffee Shop & Bakery,Disney's Animal Kingdom,DASANI® Bottled Water,Beverages,Breakfast; Lunch And Dinner,,4.25,animal-kingdom/kusafiri-coffee-shop-and-bakery
2026-09-04,Kusafiri Coffee Shop & Bakery,Disney's Animal Kingdom,Whole Milk,Beverages,Breakfast,,3.99,animal-kingdom/kusafiri-coffee-shop-and-bakery
2026-09-04,Kusafiri Coffee Shop & Bakery,Disney's Animal Kingdom,Freshly Brewed Joffrey's Coffee™,Beverages,Breakfast; Lunch And Dinner,Regular or Decaf. Large Freshly Brewed Joffrey's Coffee™ 5.19,4.79,animal-kingdom/kusafiri-coffee-shop-and-bakery
2026-09-04,Kusafiri Coffee Shop & Bakery,Disney's Animal Kingdom,Hot Cocoa by Joffrey's™,Beverages,Breakfast; Lunch And Dinner,Large Hot Cocoa by Joffrey's™ 5.19,4.79,animal-kingdom/kusafiri-coffee-shop-and-bakery
2026-09-04,Kusafiri Coffee Shop & Bakery,Disney's Animal Kingdom,Coconut-flavored Iced Coffee,Specialty Beverage,Breakfast; Lunch And Dinner,"Joffrey's™ Cold Brew Coffee flavored with Coconut, Oat Milk, and a drizzle of Sweetened Condensed Milk",5.99,animal-kingdom/kusafiri-coffee-shop-and-bakery
2026-09-04,Kusafiri Coffee Shop & Bakery,Disney's Animal Kingdom,Coconut-flavored Iced Coffee with Amarula Cream Liqueur,Specialty Beverage,Breakfast; Lunch And Dinner,"Joffrey's™ Cold Brew Coffee flavored with Coconut, Oat Milk, and a drizzle of Sweetened Condensed Milk with Amarula Cream Liqueur",15.50,animal-kingdom/kusafiri-coffee-shop-and-bakery
2026-09-04,Kusafiri Coffee Shop & Bakery,Disney's Animal Kingdom,African Coffee,Beverages with Alcohol,Breakfast; Lunch And Dinner,with Amarula Cream Liqeur,15.25,animal-kingdom/kusafiri-coffee-shop-and-bakery
2026-09-04,Kusafiri Coffee Shop & Bakery,Disney's Animal Kingdom,Chicken and Rice Bowl,Entrées,Lunch And Dinner,Chermoula-marinated Chicken on Jollof Rice with Kachumbari Tomato Salad and Tzatziki Sauce,12.99,animal-kingdom/kusafiri-coffee-shop-and-bakery
2026-09-04,Kusafiri Coffee Shop & Bakery,Disney's Animal Kingdom,Plant-based Picadillo Bowl,Entrées,Lunch And Dinner,Plant-based Picadillo featuring Impossible® Beef on Jollof Rice with Kuchumbari Tomato Salad and Plant-based Aïoli,12.99,animal-kingdom/kusafiri-coffee-shop-and-bakery
2026-09-04,Kusafiri Coffee Shop & Bakery,Disney's Animal Kingdom,Beef and Chicken Rice Bowl,Entrées,Lunch And Dinner,Moroccan-spiced Braised Beef and Chermoula-marinated Chicken on Jollof Rice with Kachumbari Tomato Salad and Tzatziki Sauce,16.99,animal-kingdom/kusafiri-coffee-shop-and-bakery
2026-09-04,Kusafiri Coffee Shop & Bakery,Disney's Animal Kingdom,Beef and Rice Bowl,Entrées,Lunch And Dinner,Moroccan-spiced Braised Beef on Jollof Rice with Kachumbari Tomato Salad and Tzatziki Sauce,14.99,animal-kingdom/kusafiri-coffee-shop-and-bakery
2026-09-04,Kusafiri Coffee Shop & Bakery,Disney's Animal Kingdom,Kid's Chicken Bowl,Kid's Meals,Lunch And Dinner,Chermoula-marinated Chicken and White Rice with a Cuties® Mandarin,8.99,animal-kingdom/kusafiri-coffee-shop-and-bakery
2026-09-04,Kusafiri Coffee Shop & Bakery,Disney's Animal Kingdom,Kid's Beef and Rice Bowl,Kid's Meals,Lunch And Dinner,Moroccan-spiced Braised Beef on Jollof Rice with Kachumbari Tomato Salad and Tzatziki Sauce,9.49,animal-kingdom/kusafiri-coffee-shop-and-bakery
2026-09-04,Kusafiri Coffee Shop & Bakery,Disney's Animal Kingdom,PB&J Uncrustable,Kid's Meals,Lunch And Dinner,Served with a Cuties® Mandarin and Applesauce,7.29,animal-kingdom/kusafiri-coffee-shop-and-bakery
2026-09-04,Kusafiri Coffee Shop & Bakery,Disney's Animal Kingdom,Seasonal Muffin,Pastries and Snacks,Lunch And Dinner,,4.99,animal-kingdom/kusafiri-coffee-shop-and-bakery
2026-09-04,Kusafiri Coffee Shop & Bakery,Disney's Animal Kingdom,Fresh Fruit Bowl,Pastries and Snacks,Lunch And Dinner,,5.69,animal-kingdom/kusafiri-coffee-shop-and-bakery
2026-09-04,Kusafiri Coffee Shop & Bakery,Disney's Animal Kingdom,Chocolate Twist,Pastries and Snacks,Lunch And Dinner,,6.49,animal-kingdom/kusafiri-coffee-shop-and-bakery
2026-09-04,Kusafiri Coffee Shop & Bakery,Disney's Animal Kingdom,Plain Croissant,Pastries and Snacks,Lunch And Dinner,,4.79,animal-kingdom/kusafiri-coffee-shop-and-bakery
2026-09-04,Kusafiri Coffee Shop & Bakery,Disney's Animal Kingdom,Pistachio Croissant,Pastries and Snacks,Lunch And Dinner,,6.49,animal-kingdom/kusafiri-coffee-shop-and-bakery
2026-09-04,Kusafiri Coffee Shop & Bakery,Disney's Animal Kingdom,Joffrey's™ Cold Brew Coffee,Beverages,Lunch And Dinner,with Sweet Cream. Large Joffrey's™ Cold Brew Coffee 6.49,5.99,animal-kingdom/kusafiri-coffee-shop-and-bakery
2026-09-04,Mahindi,Disney's Animal Kingdom,Popcorn in a Souvenir Bucket,Snacks,Snack,(Plant-based),14.29,animal-kingdom/mahindi
2026-09-04,Mahindi,Disney's Animal Kingdom,Popcorn Bucket Refill,Snacks,Snack,(Plant-based),2.49,animal-kingdom/mahindi
2026-09-04,Mahindi,Disney's Animal Kingdom,Popcorn,Snacks,Snack,(Plant-based),5.99,animal-kingdom/mahindi
2026-09-04,Mahindi,Disney's Animal Kingdom,Assorted Chips,Snacks,Snack,,3.29,animal-kingdom/mahindi
2026-09-04,Mahindi,Disney's Animal Kingdom,Cinnamon-glazed Pecans,Snacks,Snack,(Plant-based),5.99,animal-kingdom/mahindi
2026-09-04,Mahindi,Disney's Animal Kingdom,Cinnamon-glazed Almonds,Snacks,Snack,(Plant-based),5.99,animal-kingdom/mahindi
2026-09-04,Mahindi,Disney's Animal Kingdom,Assorted Coca-Cola® Bottled Beverages,Beverages,Snack,,5.50,animal-kingdom/mahindi
2026-09-04,Mahindi,Disney's Animal Kingdom,Minute Maid® Premium Lemonade,Beverages,Snack,,5.50,animal-kingdom/mahindi
2026-09-04,Mahindi,Disney's Animal Kingdom,POWERADE®,Beverages,Snack,,5.50,animal-kingdom/mahindi
2026-09-04,Mahindi,Disney's Animal Kingdom,DASANI® Bottled Water,Beverages,Snack,,4.25,animal-kingdom/mahindi
2026-09-04,Mahindi,Disney's Animal Kingdom,Bud Light Lager,Alcoholic Beverages,Snack,,9.75,animal-kingdom/mahindi
2026-09-04,Mahindi,Disney's Animal Kingdom,Tiger Eye Gold Ale,Alcoholic Beverages,Snack,,12.50,animal-kingdom/mahindi
2026-09-04,Nomad Lounge,Disney's Animal Kingdom,Charcuterie and Cheese Board,Small Plates,Bar – Lounge,"Chef's Selection of Assorted Meats, Cheeses, and Accompaniments",23.00,animal-kingdom/nomad-lounge
2026-09-04,Nomad Lounge,Disney's Animal Kingdom,Churros,Small Plates,Bar – Lounge,"Vanilla Crema, Apple Butter",11.00,animal-kingdom/nomad-lounge
2026-09-04,Nomad Lounge,Disney's Animal Kingdom,Crispy Chicken Wings,Small Plates,Bar – Lounge,Chef's Seasonal Sauce,16.00,animal-kingdom/nomad-lounge
2026-09-04,Nomad Lounge,Disney's Animal Kingdom,Grilled Beef Kefta,Small Plates,Bar – Lounge,"Middle Eastern-inspired Beef Skewer, Harissa Hummus, Herb-Honey Yogurt, Pickled Red Onions, Roasted Garlic Naan",17.00,animal-kingdom/nomad-lounge
2026-09-04,Nomad Lounge,Disney's Animal Kingdom,Traveller’s Provisions,Small Plates,Bar – Lounge,"A collection of flavors gathered from distant bazaars and remote outposts; Warm Onion Naan Bread paired with a Trio of Globally-inspired Dips: Roasted Garlic Hummus, Roasted Eggplant and Beetroot Spread, Roasted Red Pepper and Walnut Muhammara",18.00,animal-kingdom/nomad-lounge
2026-09-04,Nomad Lounge,Disney's Animal Kingdom,Sticky Pork Ribs,Small Plates,Bar – Lounge,"Okinawa Black Sesame Barbecue, Pickled Cucumbers",18.00,animal-kingdom/nomad-lounge
2026-09-04,Nomad Lounge,Disney's Animal Kingdom,Wild Mushroom Dumplings,Small Plates,Bar – Lounge,"Dim Sum Sauce, Chili Crunch, Roasted Mushrooms (Plant-based)",14.00,animal-kingdom/nomad-lounge
2026-09-04,Nomad Lounge,Disney's Animal Kingdom,Lamu Libation,Specialty Cocktails,Bar – Lounge,"STARR African Rum, Cruzan Banana Rum, and Guava Purée with Orange, Lime, and Pineapple Juices topped with Goslings 151 Proof Black Seal Rum",17.50,animal-kingdom/nomad-lounge
2026-09-04,Nomad Lounge,Disney's Animal Kingdom,Spice Trader Classic,Specialty Cocktails,Bar – Lounge,"Hayman's Old Tom Gin, Dolin Vermouth Blanc, Lemon Juice, and Strawberries topped with Soda Water",16.50,animal-kingdom/nomad-lounge
2026-09-04,Nomad Lounge,Disney's Animal Kingdom,Night Monkey,Specialty Cocktails,Bar – Lounge,"Planteray Original Dark Rum, Guava Purée, Coffee Simple Syrup, and Lime Juice with a hint of Cilantro",16.50,animal-kingdom/nomad-lounge
2026-09-04,Nomad Lounge,Disney's Animal Kingdom,Annapurna Zing,Specialty Cocktails,Bar – Lounge,"Bombay Sapphire Gin, Passion Fruit Purée, Mint, Simple Syrup, and Lime Juice topped with Ginger Beer and a glowing Lotus Flower",19.50,animal-kingdom/nomad-lounge
2026-09-04,Nomad Lounge,Disney's Animal Kingdom,Dalang's Delight,Specialty Cocktails,Bar – Lounge,"STARR African Rum, Batavia-Arrack van Oosten, Orange Liqueur, Mountain Berry Tea, Simple Syrup, and Lemon Juice",17.50,animal-kingdom/nomad-lounge
2026-09-04,Nomad Lounge,Disney's Animal Kingdom,Tempting Tigress,Specialty Cocktails,Bar – Lounge,"Russell’s Reserve 10yr Bourbon, St. Elizabeth Allspice Dram Liqueur, Tamarind, and Lime Juice",18.50,animal-kingdom/nomad-lounge
2026-09-04,Nomad Lounge,Disney's Animal Kingdom,Mustang Coffee,Specialty Cocktails,Bar – Lounge,"Crown Royal Whisky, Brown Sugar, and Butter with hot Coffee",16.50,animal-kingdom/nomad-lounge
2026-09-04,Nomad Lounge,Disney's Animal Kingdom,Leaping Lizard,Specialty Cocktails,Bar – Lounge,"Malibu Pineapple Rum and Soul Premium Cachaça with Orange, Passion Fruit, and Mango Juices",18.50,animal-kingdom/nomad-lounge
2026-09-04,Nomad Lounge,Disney's Animal Kingdom,Sinaloa Sangria,Specialty Cocktails,Bar – Lounge,"A South American Sangria made with Susana Balbo 'Crios' Rosé, Barsol Quebranta Pisco, and Fresh Fruit",15.50,animal-kingdom/nomad-lounge
2026-09-04,Nomad Lounge,Disney's Animal Kingdom,Boto-Rita,Specialty Cocktails,Bar – Lounge,"Los Siete Misterios Mezcal, Combier Grapefruit Rose, Guava Purée, and Lime Juice garnished with Pink Peppercorns",17.50,animal-kingdom/nomad-lounge
2026-09-04,Nomad Lounge,Disney's Animal Kingdom,Hightower Rocks,Specialty Cocktails,Bar – Lounge,"Casa Dragones Blanco Tequila, Watermelon, Sweet-and-Sour, and Lime Juice",18.50,animal-kingdom/nomad-lounge
2026-09-04,Nomad Lounge,Disney's Animal Kingdom,Snow Leopard Salvation,Specialty Cocktails,Bar – Lounge,"VUSA African Vodka, Belle de Brillet Pear Liqueur, Mint, and Lime Juice topped with Ginger Beer",18.50,animal-kingdom/nomad-lounge
2026-09-04,Nomad Lounge,Disney's Animal Kingdom,Jenn's Tattoo,Specialty Cocktails,Bar – Lounge,"Ketel One Vodka, Watermelon, Hibiscus, and Lime Juice",16.50,animal-kingdom/nomad-lounge
2026-09-04,Nomad Lounge,Disney's Animal Kingdom,Michelob Ultra Lager Draft - USA,Beer,Bar – Lounge,,9.25,animal-kingdom/nomad-lounge
2026-09-04,Nomad Lounge,Disney's Animal Kingdom,First Magnitude Wakulla Hefeweizen Draft - USA,Beer,Bar – Lounge,,11.75,animal-kingdom/nomad-lounge
2026-09-04,Nomad Lounge,Disney's Animal Kingdom,Kungaloosh Spiced Excursion Ale Draft - USA,Beer,Bar – Lounge,African-inspired deep amber ale brewed exclusively for Walt Disney World® with Sorghum and a special blend of spices including Cinnamon and Cardamom,11.75,animal-kingdom/nomad-lounge
2026-09-04,Nomad Lounge,Disney's Animal Kingdom,TBBC Old Elephant Foot IPA - USA,Beer,Bar – Lounge,,12.50,animal-kingdom/nomad-lounge
2026-09-04,Nomad Lounge,Disney's Animal Kingdom,Rekorderlig Pear Hard Cider - Sweden,Beer,Bar – Lounge,,12.75,animal-kingdom/nomad-lounge
2026-09-04,Nomad Lounge,Disney's Animal Kingdom,White Claw Mango Hard Seltzer - USA,Beer,Bar – Lounge,,11.00,animal-kingdom/nomad-lounge
2026-09-04,Nomad Lounge,Disney's Animal Kingdom,Sapporo Black Lager –Japan (22-oz can),Beer,Bar – Lounge,,14.25,animal-kingdom/nomad-lounge
2026-09-04,Nomad Lounge,Disney's Animal Kingdom,Singha Lager - Thailand,Beer,Bar – Lounge,,9.75,animal-kingdom/nomad-lounge
2026-09-04,Nomad Lounge,Disney's Animal Kingdom,Modelo Especial Lager - Mexico,Beer,Bar – Lounge,,9.75,animal-kingdom/nomad-lounge
2026-09-04,Nomad Lounge,Disney's Animal Kingdom,Casa Lager – Morocco,Beer,Bar – Lounge,,11.00,animal-kingdom/nomad-lounge
2026-09-04,Nomad Lounge,Disney's Animal Kingdom,Lychee-Ginger Lemonade,Non-Alcoholic Beverages,Bar – Lounge,"Minute Maid® Premium Lemonade with flavors of Lychee, Pomegranate, and Ginger Beer",6.59,animal-kingdom/nomad-lounge
2026-09-04,Nomad Lounge,Disney's Animal Kingdom,Happy Macaque,Non-Alcoholic Beverages,Bar – Lounge,"Guava Purée, Coffee Simple Syrup, and Lime Juice with a hint of Cilantro",6.50,animal-kingdom/nomad-lounge
2026-09-04,Nomad Lounge,Disney's Animal Kingdom,Zingiber Fizzie,Non-Alcoholic Beverages,Bar – Lounge,"Passion Fruit Purée, Mint, Simple Syrup, and Lime Juice topped with Ginger Beer",8.25,animal-kingdom/nomad-lounge
2026-09-04,Nomad Lounge,Disney's Animal Kingdom,Balinese Breeze,Non-Alcoholic Beverages,Bar – Lounge,"Mountain Berry Tea, Simple Syrup, Lemon Juice",7.00,animal-kingdom/nomad-lounge
2026-09-04,Nomad Lounge,Disney's Animal Kingdom,Hibiscus Henna,Non-Alcoholic Beverages,Bar – Lounge,"Watermelon, Hibiscus, and Lime Juice topped with Soda Water",7.75,animal-kingdom/nomad-lounge
2026-09-04,Nomad Lounge,Disney's Animal Kingdom,Kiama Mamma,Non-Alcoholic Beverages,Bar – Lounge,Watermelon and Sprite®,7.75,animal-kingdom/nomad-lounge
2026-09-04,Nomad Lounge,Disney's Animal Kingdom,Lilly Gorill-ie,Non-Alcoholic Beverages,Bar – Lounge,Strawberry and Sprite®,7.00,animal-kingdom/nomad-lounge
2026-09-04,Nomad Lounge,Disney's Animal Kingdom,Passion Fruit-Vanilla Flavored Iced Tea,Non-Alcoholic Beverages,Bar – Lounge,,4.99,animal-kingdom/nomad-lounge
2026-09-04,Nomad Lounge,Disney's Animal Kingdom,Joffrey's® Coffee Shade Grown Sumatra,Non-Alcoholic Beverages,Bar – Lounge,Single Origin - Cappuccino or Caffè Latte,5.79,animal-kingdom/nomad-lounge
2026-09-04,Nomad Lounge,Disney's Animal Kingdom,Joffrey's® Coffee Shade Grown Sumatra,Non-Alcoholic Beverages,Bar – Lounge,Single Origin – Espresso,4.99,animal-kingdom/nomad-lounge
2026-09-04,Pizzafari,Disney's Animal Kingdom,Bluey Sipper,Souvenir Specialties,Lunch And Dinner,"Beginning May 26 - Includes choice of Coca-Cola® Fountain Beverage at time of purchase. Limit two (2) per person, per transaction. Available while supplies last.",22.79,animal-kingdom/pizzafari
2026-09-04,Pizzafari,Disney's Animal Kingdom,Blue Lagoon Lemonade with Glow Cube,Souvenir Specialties,Lunch And Dinner,"Minute Maid® Lemonade, Citrus, and Gummy Worms with a souvenir Glow Cube",8.99,animal-kingdom/pizzafari
2026-09-04,Pizzafari,Disney's Animal Kingdom,Blue Lagoon Lemonade with Rum and Glow Cube,Souvenir Specialties with Alcohol,Lunch And Dinner,"Parrot Bay Coconut Rum, Minute Maid® Lemonade, Citrus, and Gummy Worms with a souvenir Glow Cube",16.50,animal-kingdom/pizzafari
2026-09-04,Pizzafari,Disney's Animal Kingdom,Bluey's Berry Lemonade,Limited Time Offerings,Lunch And Dinner,"Frozen Minute Maid® Lemonade blended with flavors of Blueberry, Blackberry, Strawberry, and Raspberry",6.79,animal-kingdom/pizzafari
2026-09-04,Pizzafari,Disney's Animal Kingdom,Wackadoo Fruit Freeze,Limited Time Offerings,Lunch And Dinner,A frozen twist on Bluey’s beloved Fruit Salad made with Simply® Fruit Punch and garnished with Fruit Salad,6.79,animal-kingdom/pizzafari
2026-09-04,Pizzafari,Disney's Animal Kingdom,Fairy Bread Cake,Limited Time Offerings,Lunch And Dinner,Vanilla Birthday Cake dipped in White Chocolate and Rainbow Sprinkles with Raspberry Dipping Sauce,5.19,animal-kingdom/pizzafari
2026-09-04,Pizzafari,Disney's Animal Kingdom,Annual Passholder Tumbler,Annual Passholder Exclusive,Lunch And Dinner,Served with choice of Fountain Beverage. Not valid for refills.,14.79,animal-kingdom/pizzafari
2026-09-04,Pizzafari,Disney's Animal Kingdom,Creamy Pesto Chicken Pasta,Entrées,Lunch And Dinner,Topped with Toasted Garlic Bread Crumbs served with Garlic Bread,13.29,animal-kingdom/pizzafari
2026-09-04,Pizzafari,Disney's Animal Kingdom,Chicken Caprese Baguette Sandwich,Entrées,Lunch And Dinner,served with Small Caesar Salad,13.29,animal-kingdom/pizzafari
2026-09-04,Pizzafari,Disney's Animal Kingdom,Sausage & Pepperoni Pizza,Entrées,Lunch And Dinner,"Freshly-baked Pizza topped with Tomato Sauce, Sausage and Pepperoni served with a small Caesar Salad",12.29,animal-kingdom/pizzafari
2026-09-04,Pizzafari,Disney's Animal Kingdom,Pepperoni Pizza,Entrées,Lunch And Dinner,"Freshly-baked Pizza topped with tangy Tomato Sauce, Mozzarella and Pepperoni Slices served with a small Caesar Salad",11.79,animal-kingdom/pizzafari
2026-09-04,Pizzafari,Disney's Animal Kingdom,Cheese Pizza,Entrées,Lunch And Dinner,Freshly-baked pizza topped with tangy Tomato Sauce and Mozzarella served with a small Caesar Salad,11.29,animal-kingdom/pizzafari
2026-09-04,Pizzafari,Disney's Animal Kingdom,Caesar Salad with Chicken,Entrées,Lunch And Dinner,"Chopped Romaine with Herb-marinated Chicken Breast, Croutons, Parmesan, and Caesar Dressing",11.99,animal-kingdom/pizzafari
2026-09-04,Pizzafari,Disney's Animal Kingdom,Caesar Salad,Entrées,Lunch And Dinner,"Chopped Romaine, Croutons, Parmesan, and Caesar Dressing",9.99,animal-kingdom/pizzafari
2026-09-04,Pizzafari,Disney's Animal Kingdom,Greens and Grains Salad,Plant-Based,Lunch And Dinner,"Mixed Greens topped with Garbanzo Beans, White Beans, Red Onions, Pepperoncini, Kalamata Olives, and Quinoa tossed with House-made Italian Vinaigrette",10.99,animal-kingdom/pizzafari
2026-09-04,Pizzafari,Disney's Animal Kingdom,Cheese Garlic Bread (3 pieces),Sides,Lunch And Dinner,,6.99,animal-kingdom/pizzafari
2026-09-04,Pizzafari,Disney's Animal Kingdom,Garlic Bread (3 pieces),Sides,Lunch And Dinner,,6.49,animal-kingdom/pizzafari
2026-09-04,Pizzafari,Disney's Animal Kingdom,Cheese Pizza,Kid's Disney Check Meals,Lunch And Dinner,Served with choice of two Sides and choice of Small Lowfat Milk or Small DASANI® Bottled Water. Meets Disney Nutrition Guidelines for Complete Meals without substitutions,7.99,animal-kingdom/pizzafari
2026-09-04,Pizzafari,Disney's Animal Kingdom,Pasta with Turkey Marinara Sauce,Kid's Disney Check Meals,Lunch And Dinner,Served with choice of two Sides and choice of Small Lowfat Milk or Small DASANI® Bottled Water. Meets Disney Nutrition Guidelines for Complete Meals without substitutions,7.79,animal-kingdom/pizzafari
2026-09-04,Pizzafari,Disney's Animal Kingdom,Pepperoni Pizza,Kid's Meals,Lunch And Dinner,Served with choice of two Sides and choice of Small Lowfat Milk or Small DASANI® Bottled Water,7.99,animal-kingdom/pizzafari
2026-09-04,Pizzafari,Disney's Animal Kingdom,Macaroni & Cheese,Kid's Meals,Lunch And Dinner,Served with choice of two Sides and choice of Small Lowfat Milk or Small DASANI® Bottled Water,7.49,animal-kingdom/pizzafari
2026-09-04,Pizzafari,Disney's Animal Kingdom,PB&J Uncrustable,Kid's Meals,Lunch And Dinner,Served with choice of two Sides and choice of Small Lowfat Milk or Small DASANI® Bottled Water,7.29,animal-kingdom/pizzafari
2026-09-04,Pizzafari,Disney's Animal Kingdom,Marbled Swirled Cheesecake,Desserts,Lunch And Dinner,"with Vanilla Whipped Cream, Chocolate Sauce, Mini Brownies, and Chocolate Zebra Stripes",6.49,animal-kingdom/pizzafari
2026-09-04,Pizzafari,Disney's Animal Kingdom,smartwater®,Beverages,Lunch And Dinner,,6.25,animal-kingdom/pizzafari
2026-09-04,Pizzafari,Disney's Animal Kingdom,Blue Lagoon Lemonade,Beverages,Lunch And Dinner,"Minute Maid® Lemonade, Citrus, and Gummy Worms",6.29,animal-kingdom/pizzafari
2026-09-04,Pizzafari,Disney's Animal Kingdom,Assorted Fountain Beverages - Large,Beverages,Lunch And Dinner,Assorted Coca-Cola® Offerings,5.59,animal-kingdom/pizzafari
2026-09-04,Pizzafari,Disney's Animal Kingdom,Assorted Fountain Beverages - Regular,Beverages,Lunch And Dinner,Assorted Coca-Cola® Offerings,4.79,animal-kingdom/pizzafari
2026-09-04,Pizzafari,Disney's Animal Kingdom,Cinnamon Hot Chocolate,Beverages,Lunch And Dinner,Hot Cocoa by Joffrey's Coffee™ topped with Whipped Cream and Cinnamon Candies,4.79,animal-kingdom/pizzafari
2026-09-04,Pizzafari,Disney's Animal Kingdom,Chocolate Milk,Beverages,Lunch And Dinner,,4.79,animal-kingdom/pizzafari
2026-09-04,Pizzafari,Disney's Animal Kingdom,DASANI® Bottled Water,Beverages,Lunch And Dinner,,4.25,animal-kingdom/pizzafari
2026-09-04,Pizzafari,Disney's Animal Kingdom,Large Freshly Brewed Joffrey's Coffee™ Regular,Beverages,Lunch And Dinner,,5.19,animal-kingdom/pizzafari
2026-09-04,Pizzafari,Disney's Animal Kingdom,Large Freshly Brewed Joffrey's Coffee™ Decaf,Beverages,Lunch And Dinner,,5.19,animal-kingdom/pizzafari
2026-09-04,Pizzafari,Disney's Animal Kingdom,Large Hot Cocoa,Beverages,Lunch And Dinner,,5.19,animal-kingdom/pizzafari
2026-09-04,Pizzafari,Disney's Animal Kingdom,Large Twinings® Hot Tea,Beverages,Lunch And Dinner,,5.19,animal-kingdom/pizzafari
2026-09-04,Pizzafari,Disney's Animal Kingdom,Freshly Brewed Joffrey's Coffee™ Regular,Beverages,Lunch And Dinner,,4.79,animal-kingdom/pizzafari
2026-09-04,Pizzafari,Disney's Animal Kingdom,Freshly Brewed Joffrey's Coffee™ Decaf,Beverages,Lunch And Dinner,,4.79,animal-kingdom/pizzafari
2026-09-04,Pizzafari,Disney's Animal Kingdom,Hot Cocoa,Beverages,Lunch And Dinner,,4.79,animal-kingdom/pizzafari
2026-09-04,Pizzafari,Disney's Animal Kingdom,Twinings® Hot Tea,Beverages,Lunch And Dinner,,4.29,animal-kingdom/pizzafari
2026-09-04,Pizzafari,Disney's Animal Kingdom,Lowfat Milk,Beverages,Lunch And Dinner,,2.29,animal-kingdom/pizzafari
2026-09-04,Pizzafari,Disney's Animal Kingdom,Blue Lagoon with Rum,Beverages with Alcohol,Lunch And Dinner,"Parrot Bay Coconut Rum, Minute Maid® Lemonade, Citrus, and Gummy Worms",14.50,animal-kingdom/pizzafari
2026-09-04,Pizzafari,Disney's Animal Kingdom,"Safari Amber - St. Louis, MO",Beverages with Alcohol,Lunch And Dinner,"20-oz Draft - Red Lager with toasted notes of Caramel, Malt, and Hops",12.50,animal-kingdom/pizzafari
2026-09-04,Pizzafari,Disney's Animal Kingdom,RAMONA Ruby Grapefruit Wine Spritz,Beverages with Alcohol,Lunch And Dinner,,11.75,animal-kingdom/pizzafari
2026-09-04,Pizzafari,Disney's Animal Kingdom,"Bud Light Lager - St. Louis, MO",Beverages with Alcohol,Lunch And Dinner,"20-oz Draft - Golden-colored with flavors that are dry, clean, crisp, and refreshing with subtle bitterness",10.00,animal-kingdom/pizzafari
2026-09-04,Pongu Pongu,Disney's Animal Kingdom,Na’vi-sized Pretzel,Snacks,Snack,with Beer Cheese Sauce,13.49,animal-kingdom/pongu-pongu
2026-09-04,Pongu Pongu,Disney's Animal Kingdom,Pongu Lumpia,Snacks,Snack,Pineapple-Cream Cheese Spring Roll,3.79,animal-kingdom/pongu-pongu
2026-09-04,Pongu Pongu,Disney's Animal Kingdom,Nightwraith Blaze,Beverages,Snack,"Blood Orange, Lychee, and Wildberry Slushy topped with a Glow Cube and Passion Fruit Juice-Filled Pearls",10.29,animal-kingdom/pongu-pongu
2026-09-04,Pongu Pongu,Disney's Animal Kingdom,Assorted Coca-Cola® Bottled Beverages,Beverages,Snack,,5.50,animal-kingdom/pongu-pongu
2026-09-04,Pongu Pongu,Disney's Animal Kingdom,DASANI® Bottled Water,Beverages,Snack,,4.25,animal-kingdom/pongu-pongu
2026-09-04,Pongu Pongu,Disney's Animal Kingdom,Night Blossom - Non-Alcoholic Specialty Beverage,Beverages,Snack,Layers of Apple and Desert Pear Limeade topped with Boba Balls,7.29,animal-kingdom/pongu-pongu
2026-09-04,Pongu Pongu,Disney's Animal Kingdom,Nightwraith Blaze with Vodka,Alcoholic Beverages,Snack,"Blood Orange, Lychee, and Wildberry Slushy topped with a Glow Cube, Passion Fruit Juice-filled Pearls, and a float of Tito's Handmade Vodka",20.50,animal-kingdom/pongu-pongu
2026-09-04,Pongu Pongu,Disney's Animal Kingdom,Rum Blossom,Alcoholic Beverages,Snack,Bacardi Superior Rum with layers of Apple and Desert Pear Limeade topped with Boba Balls,16.50,animal-kingdom/pongu-pongu
2026-09-04,Pongu Pongu,Disney's Animal Kingdom,Mo'ara Margarita,Alcoholic Beverages,Snack,Sauza Conmemorativo Añejo Tequila and Bols Blue Curaçao with Lime Juice topped with Boba Balls,16.50,animal-kingdom/pongu-pongu
2026-09-04,Pongu Pongu,Disney's Animal Kingdom,Mo'ara High Country Ale,Alcoholic Beverages,Snack,Draft Beer 20oz. an Amber Ale with a Spicy Hop Aroma,12.50,animal-kingdom/pongu-pongu
2026-09-04,Pongu Pongu,Disney's Animal Kingdom,Hawkes' Grog Ale,Alcoholic Beverages,Snack,Draft Beer 20oz. Fruity Hop with notes of Apricot and Peach,12.50,animal-kingdom/pongu-pongu
2026-09-04,Yak & Yeti™ Quality Beverages,Disney's Animal Kingdom,Yak Attack,Specialty Drinks,Bar – Lounge,"Mango Daiquiri, Don Q Cristal Rum and Wildberry flavors",14.00,animal-kingdom/quality-beverages
2026-09-04,Yak & Yeti™ Quality Beverages,Disney's Animal Kingdom,Frozen Emperor Margarita,Specialty Drinks,Bar – Lounge,"made with Sauza Gold Tequila and also available in Strawberry, Mango or Wildberry",14.00,animal-kingdom/quality-beverages
2026-09-04,Yak & Yeti™ Quality Beverages,Disney's Animal Kingdom,J Pop Tokyo Sparkling Cocktail,Specialty Drinks,Bar – Lounge,Choice of White Peach or Lychee,12.00,animal-kingdom/quality-beverages
2026-09-04,Yak & Yeti™ Quality Beverages,Disney's Animal Kingdom,Safari Amber,Draft Beer,Bar – Lounge,,12.25,animal-kingdom/quality-beverages
2026-09-04,Yak & Yeti™ Quality Beverages,Disney's Animal Kingdom,Sailfish Sunrise City IPA,Draft Beer,Bar – Lounge,,12.25,animal-kingdom/quality-beverages
2026-09-04,Yak & Yeti™ Quality Beverages,Disney's Animal Kingdom,Kirin Ichiban,Draft Beer,Bar – Lounge,,12.25,animal-kingdom/quality-beverages
2026-09-04,Yak & Yeti™ Quality Beverages,Disney's Animal Kingdom,Bud Light Lager,Draft Beer,Bar – Lounge,,10.00,animal-kingdom/quality-beverages
2026-09-04,Yak & Yeti™ Quality Beverages,Disney's Animal Kingdom,Local Seasonal,Specialty Beer,Bar – Lounge,,10.00,animal-kingdom/quality-beverages
2026-09-04,Yak & Yeti™ Quality Beverages,Disney's Animal Kingdom,"Singha, The Original Thai Beer",Specialty Beer,Bar – Lounge,,10.00,animal-kingdom/quality-beverages
2026-09-04,Yak & Yeti™ Quality Beverages,Disney's Animal Kingdom,Opici Family Sangria,Sangria,Bar – Lounge,,14.00,animal-kingdom/quality-beverages
2026-09-04,Yak & Yeti™ Quality Beverages,Disney's Animal Kingdom,Teriyaki Chicken Salad,Grab & Go,Bar – Lounge,"Mixed Greens, Grilled Teriyaki Chicken, Wonton Crisps, and Asian Dressing",14.49,animal-kingdom/quality-beverages
2026-09-04,Yak & Yeti™ Quality Beverages,Disney's Animal Kingdom,Chicken Fried Rice,Grab & Go,Bar – Lounge,,7.99,animal-kingdom/quality-beverages
2026-09-04,Yak & Yeti™ Quality Beverages,Disney's Animal Kingdom,Side Pork Egg Roll (2 Rolls),Grab & Go,Bar – Lounge,,8.99,animal-kingdom/quality-beverages
2026-09-04,Yak & Yeti™ Quality Beverages,Disney's Animal Kingdom,Assorted Chips,Grab & Go,Bar – Lounge,,2.99,animal-kingdom/quality-beverages
2026-09-04,Yak & Yeti™ Quality Beverages,Disney's Animal Kingdom,Mini Mango Pie,Grab & Go,Bar – Lounge,,8.99,animal-kingdom/quality-beverages
2026-09-04,Yak & Yeti™ Quality Beverages,Disney's Animal Kingdom,Cookies & Cream Parfait,Grab & Go,Bar – Lounge,,8.99,animal-kingdom/quality-beverages
2026-09-04,Yak & Yeti™ Quality Beverages,Disney's Animal Kingdom,Banana Pudding Parfait,Grab & Go,Bar – Lounge,,8.99,animal-kingdom/quality-beverages
2026-09-04,Yak & Yeti™ Quality Beverages,Disney's Animal Kingdom,Minute Maid® Lemonade Frozen Beverage,Frozen Beverages,Bar – Lounge,served in a Souvenir Panda Cup,13.99,animal-kingdom/quality-beverages
2026-09-04,Yak & Yeti™ Quality Beverages,Disney's Animal Kingdom,Strawberry Frozen Beverage,Frozen Beverages,Bar – Lounge,served in a Souvenir Panda Cup,13.99,animal-kingdom/quality-beverages
2026-09-04,Yak & Yeti™ Quality Beverages,Disney's Animal Kingdom,Assorted Fountain Beverages,Beverages,Bar – Lounge,,5.59,animal-kingdom/quality-beverages
2026-09-04,Yak & Yeti™ Quality Beverages,Disney's Animal Kingdom,DASANI® Bottled Water,Beverages,Bar – Lounge,,4.25,animal-kingdom/quality-beverages
2026-09-04,Yak & Yeti™ Quality Beverages,Disney's Animal Kingdom,Minute Maid® Apple Juice,Beverages,Bar – Lounge,,4.59,animal-kingdom/quality-beverages
2026-09-04,Rainforest Cafe® at Disney's Animal Kingdom,Disney's Animal Kingdom,Breakfast of Bandits*,Cha! Cha!'s Classics,Breakfast,"Two eggs prepared your way with choice of bacon, sausage or country ham. Served with breakfast potatoes and toast",17.49,animal-kingdom/rainforest-cafe-animal-kingdom
2026-09-04,Rainforest Cafe® at Disney's Animal Kingdom,Disney's Animal Kingdom,Breakfast Skillet,Cha! Cha!'s Classics,Breakfast,"Scrambled eggs topped with cheddar and jack cheese. Served over breakfast potatoes, with a side of toast",16.99,animal-kingdom/rainforest-cafe-animal-kingdom
2026-09-04,Rainforest Cafe® at Disney's Animal Kingdom,Disney's Animal Kingdom,Benedict Bamba*,Cha! Cha!'s Classics,Breakfast,Traditional Eggs Benedict with Canadian bacon. Served with breakfast potatoes,16.99,animal-kingdom/rainforest-cafe-animal-kingdom
2026-09-04,Rainforest Cafe® at Disney's Animal Kingdom,Disney's Animal Kingdom,Tonga Toast,Cha! Cha!'s Classics,Breakfast,"Cinnamon French toast with maple syrup, strawberries and bananas. Served with your choice of bacon, sausage or country ham.",17.99,animal-kingdom/rainforest-cafe-animal-kingdom
2026-09-04,Rainforest Cafe® at Disney's Animal Kingdom,Disney's Animal Kingdom,Ozzie's Omelette*,Cha! Cha!'s Classics,Breakfast,"Three egg omelette, served with breakfast potatoes and toast | Choose 3 items from the following: Cheddar cheese, onions, mushrooms, sausage, bacon, ham, chorizo, bell peppers, spinach, black olives, tomato or broccoli. Additional items .99 each",17.99,animal-kingdom/rainforest-cafe-animal-kingdom
2026-09-04,Rainforest Cafe® at Disney's Animal Kingdom,Disney's Animal Kingdom,Country Fried Steak & Eggs*,Cha! Cha!'s Classics,Breakfast,"Country gravy, two eggs prepared your way. Served with breakfast potatoes",20.99,animal-kingdom/rainforest-cafe-animal-kingdom
2026-09-04,Rainforest Cafe® at Disney's Animal Kingdom,Disney's Animal Kingdom,Buttermilk Pancakes,Cha! Cha!'s Classics,Breakfast,"Buttermilk pancakes with fresh fruit and maple syrup. Served with your choice of bacon, sausage or country ham",15.49,animal-kingdom/rainforest-cafe-animal-kingdom
2026-09-04,Rainforest Cafe® at Disney's Animal Kingdom,Disney's Animal Kingdom,Banana Fosters Pancakes*,Cha! Cha!'s Classics,Breakfast,"Buttermilk pancakes, caramelized bananas, candied pecans and maple syrup with two eggs prepared your way. Served with breakfast potatoes",18.99,animal-kingdom/rainforest-cafe-animal-kingdom
2026-09-04,Rainforest Cafe® at Disney's Animal Kingdom,Disney's Animal Kingdom,Wild Waffle,Cha! Cha!'s Classics,Breakfast,"With strawberries, bananas, maple syrup, served with choice of bacon, sausage or country ham",15.49,animal-kingdom/rainforest-cafe-animal-kingdom
2026-09-04,Rainforest Cafe® at Disney's Animal Kingdom,Disney's Animal Kingdom,Steak & Eggs*,Cha! Cha!'s Classics,Breakfast,Sirloin steak with two eggs prepared your way. Served with breakfast potatoes and toast. Upgrade to Aged USDA choice center-cut NY Strip 11.99,27.99,animal-kingdom/rainforest-cafe-animal-kingdom
2026-09-04,Rainforest Cafe® at Disney's Animal Kingdom,Disney's Animal Kingdom,Pie of the Viper*,Bamba's Brunch,Breakfast,"Mexican-style breakfast pizza: salsa, scrambled eggs, tomatoes, spicy and sweet green and poblano peppers, cilantro, cheddar and mozzarella cheese.",18.99,animal-kingdom/rainforest-cafe-animal-kingdom
2026-09-04,Rainforest Cafe® at Disney's Animal Kingdom,Disney's Animal Kingdom,Shrimp & Grits,Bamba's Brunch,Breakfast,"Grit Cakes, sautéed shrimp, andouille sausage, onions and bell peppers in Cajun cream sauce",21.99,animal-kingdom/rainforest-cafe-animal-kingdom
2026-09-04,Rainforest Cafe® at Disney's Animal Kingdom,Disney's Animal Kingdom,Pot Roast Hash*,Bamba's Brunch,Breakfast,"Pot Roast, potatoes, onions and peppers, topped with two fried eggs",22.99,animal-kingdom/rainforest-cafe-animal-kingdom
2026-09-04,Rainforest Cafe® at Disney's Animal Kingdom,Disney's Animal Kingdom,Breakfast Nachos,Bamba's Brunch,Breakfast,"Tortilla chips, scrambled eggs, chorizo, cheddar and jack cheese, pico de gallo, cilantro crema",19.99,animal-kingdom/rainforest-cafe-animal-kingdom
2026-09-04,Rainforest Cafe® at Disney's Animal Kingdom,Disney's Animal Kingdom,Breakfast Burrito,Bamba's Brunch,Breakfast,"Flour tortilla filled with scrambled eggs, black beans, cheddar and jack cheese, topped with pico de gallo and fire roasted salsa, served with breakfast potatoes.",16.99,animal-kingdom/rainforest-cafe-animal-kingdom
2026-09-04,Rainforest Cafe® at Disney's Animal Kingdom,Disney's Animal Kingdom,Chicken & Waffles*,Bamba's Brunch,Breakfast,"Belgium Waffle, buttermilk fried chicken, Country gravy, two eggs prepared your way",18.49,animal-kingdom/rainforest-cafe-animal-kingdom
2026-09-04,Rainforest Cafe® at Disney's Animal Kingdom,Disney's Animal Kingdom,The Chicken & The Egg*,Hand Helds & Sandwiches,Breakfast,"Fried chicken breast, cheddar cheese, Candied Bacon, fried egg, jalapeno ranch, Brioche bun. Served with your choice of mixed green salad, breakfast potatoes or fresh fruit",20.99,animal-kingdom/rainforest-cafe-animal-kingdom
2026-09-04,Rainforest Cafe® at Disney's Animal Kingdom,Disney's Animal Kingdom,Iggy's Egg Sandwich*,Hand Helds & Sandwiches,Breakfast,"Bacon, fried egg, Gruyere cheese,smashed avocado pico de gallo, pesto aioli, arugula, Brioche bun",18.99,animal-kingdom/rainforest-cafe-animal-kingdom
2026-09-04,Rainforest Cafe® at Disney's Animal Kingdom,Disney's Animal Kingdom,Great Morning BLT*,Hand Helds & Sandwiches,Breakfast,"Brioche bread, Candied Bacon, Arugula, sliced tomato, over easy egg, pesto aioli. Served with your choice of mixed green salad, breakfast potatoes or fresh fruit",19.99,animal-kingdom/rainforest-cafe-animal-kingdom
2026-09-04,Rainforest Cafe® at Disney's Animal Kingdom,Disney's Animal Kingdom,Breakfast Burger*,Hand Helds & Sandwiches,Breakfast,"Cheese, lettuce, tomato, onion, pickle, topped with fried egg. Served with your choice of mixed green salad, breakfast potatoes or fresh fruit",22.99,animal-kingdom/rainforest-cafe-animal-kingdom
2026-09-04,Rainforest Cafe® at Disney's Animal Kingdom,Disney's Animal Kingdom,Avocado Toast*,Healthier Side,Breakfast,"Multi-grain toast, smashed avocado pico de gallo, pickled onions, two eggs prepared your way, with arugula and tomato salad",17.99,animal-kingdom/rainforest-cafe-animal-kingdom
2026-09-04,Rainforest Cafe® at Disney's Animal Kingdom,Disney's Animal Kingdom,Get Yolk'ed Power Bowl,Healthier Side,Breakfast,"Quinoa and ancient grains, spinach, roasted corn, black beans, avocado, topped with scrambled egg whites",17.99,animal-kingdom/rainforest-cafe-animal-kingdom
2026-09-04,Rainforest Cafe® at Disney's Animal Kingdom,Disney's Animal Kingdom,Egg White Omelette*,Healthier Side,Breakfast,"Tomatoes, Swiss cheese, spinach, mushrooms, served with fresh fruit and toast",19.99,animal-kingdom/rainforest-cafe-animal-kingdom
2026-09-04,Rainforest Cafe® at Disney's Animal Kingdom,Disney's Animal Kingdom,Steel Cut Oats,Healthier Side,Breakfast,"Steel Cut oatmeal, brown sugar, seasonal fruit, toast",12.99,animal-kingdom/rainforest-cafe-animal-kingdom
2026-09-04,Rainforest Cafe® at Disney's Animal Kingdom,Disney's Animal Kingdom,Breakfast Parfait,Healthier Side,Breakfast,"Honey-whipped Greek yogurt, granola, seasonal berries",15.99,animal-kingdom/rainforest-cafe-animal-kingdom
2026-09-04,Rainforest Cafe® at Disney's Animal Kingdom,Disney's Animal Kingdom,Grilled Country Ham,Sides & Small Plates,Breakfast,,6.29,animal-kingdom/rainforest-cafe-animal-kingdom
2026-09-04,Rainforest Cafe® at Disney's Animal Kingdom,Disney's Animal Kingdom,Applewood Smoked Bacon,Sides & Small Plates,Breakfast,,4.29,animal-kingdom/rainforest-cafe-animal-kingdom
2026-09-04,Rainforest Cafe® at Disney's Animal Kingdom,Disney's Animal Kingdom,Sausage Links,Sides & Small Plates,Breakfast,,4.29,animal-kingdom/rainforest-cafe-animal-kingdom
2026-09-04,Rainforest Cafe® at Disney's Animal Kingdom,Disney's Animal Kingdom,English Muffin,Sides & Small Plates,Breakfast,,2.99,animal-kingdom/rainforest-cafe-animal-kingdom
2026-09-04,Rainforest Cafe® at Disney's Animal Kingdom,Disney's Animal Kingdom,Grit Cakes,Sides & Small Plates,Breakfast,,5.29,animal-kingdom/rainforest-cafe-animal-kingdom
2026-09-04,Rainforest Cafe® at Disney's Animal Kingdom,Disney's Animal Kingdom,Breakfast Potatoes,Sides & Small Plates,Breakfast,,4.29,animal-kingdom/rainforest-cafe-animal-kingdom
2026-09-04,Rainforest Cafe® at Disney's Animal Kingdom,Disney's Animal Kingdom,Toast,Sides & Small Plates,Breakfast,,4.29,animal-kingdom/rainforest-cafe-animal-kingdom
2026-09-04,Rainforest Cafe® at Disney's Animal Kingdom,Disney's Animal Kingdom,Two Eggs Your Way*,Sides & Small Plates,Breakfast,,5.99,animal-kingdom/rainforest-cafe-animal-kingdom
2026-09-04,Rainforest Cafe® at Disney's Animal Kingdom,Disney's Animal Kingdom,Breakfast of Bandits*,Fun-Sized Adventures (For Ages 9 and under),Breakfast,"Eggs, choice of applewood smoked bacon or sausage. Served with breakfast potatoes and toast.",11.99,animal-kingdom/rainforest-cafe-animal-kingdom
2026-09-04,Rainforest Cafe® at Disney's Animal Kingdom,Disney's Animal Kingdom,Tonga Toast,Fun-Sized Adventures (For Ages 9 and under),Breakfast,"includes milk, orange juice or apple juice",11.99,animal-kingdom/rainforest-cafe-animal-kingdom
2026-09-04,Rainforest Cafe® at Disney's Animal Kingdom,Disney's Animal Kingdom,Wild Waffle,Fun-Sized Adventures (For Ages 9 and under),Breakfast,"includes milk, orange juice or apple juice",11.99,animal-kingdom/rainforest-cafe-animal-kingdom
2026-09-04,Rainforest Cafe® at Disney's Animal Kingdom,Disney's Animal Kingdom,Assortment of Cereals,Fun-Sized Adventures (For Ages 9 and under),Breakfast,"includes milk, orange juice or apple juice",9.99,animal-kingdom/rainforest-cafe-animal-kingdom
2026-09-04,Rainforest Cafe® at Disney's Animal Kingdom,Disney's Animal Kingdom,Buttermilk Pancakes,Fun-Sized Adventures (For Ages 9 and under),Breakfast,"includes milk, orange juice or apple juice",10.99,animal-kingdom/rainforest-cafe-animal-kingdom
2026-09-04,Rainforest Cafe® at Disney's Animal Kingdom,Disney's Animal Kingdom,Tuki's Oatmeal,Fun-Sized Adventures (For Ages 9 and under),Breakfast,"includes milk, orange juice or apple juice",9.99,animal-kingdom/rainforest-cafe-animal-kingdom
2026-09-04,Rainforest Cafe® at Disney's Animal Kingdom,Disney's Animal Kingdom,Awesome Appetizer Adventure (For Four),Appetizers,Lunch; Dinner,"Chimi-Cha-Chas, Spinach & Artichoke Dip, Cheese Sticks, Chicken Strips. Add a side of St. Louis style Pork Spareribs $11.99",27.79,animal-kingdom/rainforest-cafe-animal-kingdom
2026-09-04,Rainforest Cafe® at Disney's Animal Kingdom,Disney's Animal Kingdom,Chicken Quesadillas,Appetizers,Lunch; Dinner,"Cajun chicken, cheddar and Monterey Jack cheese, pico de gallo",16.49,animal-kingdom/rainforest-cafe-animal-kingdom
2026-09-04,Rainforest Cafe® at Disney's Animal Kingdom,Disney's Animal Kingdom,Spinach & Artichoke Dip,Appetizers,Lunch; Dinner,,14.49,animal-kingdom/rainforest-cafe-animal-kingdom
2026-09-04,Rainforest Cafe® at Disney's Animal Kingdom,Disney's Animal Kingdom,Amazon Bruschetta,Appetizers,Lunch; Dinner,"Herbed focaccia, tomatoes, garlic, basil, mozzarella cheese, balsamic reduction",14.49,animal-kingdom/rainforest-cafe-animal-kingdom
2026-09-04,Rainforest Cafe® at Disney's Animal Kingdom,Disney's Animal Kingdom,Mozzarella Flatbread with Arugula,Appetizers,Lunch; Dinner,"Marinara sauce and mozzarella cheese topped with arugula, tomato & parmesan salad, balsamic reduction",17.49,animal-kingdom/rainforest-cafe-animal-kingdom
2026-09-04,Rainforest Cafe® at Disney's Animal Kingdom,Disney's Animal Kingdom,Beef Lava Nachos (For Two),Appetizers,Lunch; Dinner,"Peppers, onions, black bean chili, Monterey Jack cheese, cheddar cheese, Chili Con Queso, green onions, sour cream, pico de gallo, salsa",23.79,animal-kingdom/rainforest-cafe-animal-kingdom
2026-09-04,Rainforest Cafe® at Disney's Animal Kingdom,Disney's Animal Kingdom,Cheese Sticks,Appetizers,Lunch; Dinner,,14.99,animal-kingdom/rainforest-cafe-animal-kingdom
2026-09-04,Rainforest Cafe® at Disney's Animal Kingdom,Disney's Animal Kingdom,Korean Spicy Stir-Fry Chicken Lettuce Wraps,Appetizers,Lunch; Dinner,"Hand-battered chicken tossed in Gochujang sauce, Asian slaw, topped with pineapple salsa, served with crisp lettuce cups",19.49,animal-kingdom/rainforest-cafe-animal-kingdom
2026-09-04,Rainforest Cafe® at Disney's Animal Kingdom,Disney's Animal Kingdom,Soup of the Day,Soups and Salads,Lunch; Dinner,,10.99,animal-kingdom/rainforest-cafe-animal-kingdom
2026-09-04,Rainforest Cafe® at Disney's Animal Kingdom,Disney's Animal Kingdom,Paradise House Salad,Soups and Salads,Lunch; Dinner,"Mixed Greens, Tomatoes, Carrots, Cucumbers, Croutons, choice of Dressing",10.49,animal-kingdom/rainforest-cafe-animal-kingdom
2026-09-04,Rainforest Cafe® at Disney's Animal Kingdom,Disney's Animal Kingdom,Volcanic Cobb Salad,Soups and Salads,Lunch; Dinner,"Grilled chicken, blue cheese, black olives, tomatoes, eggs, cucumbers, bacon, green onions, balsamic vinaigrette",25.79,animal-kingdom/rainforest-cafe-animal-kingdom
2026-09-04,Rainforest Cafe® at Disney's Animal Kingdom,Disney's Animal Kingdom,Big Island Caesar Salad,Soups and Salads,Lunch; Dinner,,20.79,animal-kingdom/rainforest-cafe-animal-kingdom
2026-09-04,Rainforest Cafe® at Disney's Animal Kingdom,Disney's Animal Kingdom,Big Islander Chicken Caesar Salad,Soups and Salads,Lunch; Dinner,,24.79,animal-kingdom/rainforest-cafe-animal-kingdom
2026-09-04,Rainforest Cafe® at Disney's Animal Kingdom,Disney's Animal Kingdom,Big Islander Shrimp Caesar Salad,Soups and Salads,Lunch; Dinner,,26.79,animal-kingdom/rainforest-cafe-animal-kingdom
2026-09-04,Rainforest Cafe® at Disney's Animal Kingdom,Disney's Animal Kingdom,Big Islander Salmon Caesar Salad,Soups and Salads,Lunch; Dinner,,29.79,animal-kingdom/rainforest-cafe-animal-kingdom
2026-09-04,Rainforest Cafe® at Disney's Animal Kingdom,Disney's Animal Kingdom,Jungle Chopped Salad,Soups and Salads,Lunch; Dinner,"Grilled chicken, black olives, red onions, cucumbers, tomatoes, mozzarella and parmesan cheese, zesty vinaigrette",24.79,animal-kingdom/rainforest-cafe-animal-kingdom
2026-09-04,Rainforest Cafe® at Disney's Animal Kingdom,Disney's Animal Kingdom,China Island Chicken Salad,Soups and Salads,Lunch; Dinner,"Grilled chicken, mixed greens, Mandarin oranges, sesame seeds, carrots, rice noodles, green onions, wonton strips, China Island dressing",25.79,animal-kingdom/rainforest-cafe-animal-kingdom
2026-09-04,Rainforest Cafe® at Disney's Animal Kingdom,Disney's Animal Kingdom,Tropical Salmon & Coconut Shrimp* (34.99),Seafood,Lunch; Dinner,"Rum glazed jerk salmon, Caribbean Coconut Shrimp, island rice, seasonal vegetables",34.99,animal-kingdom/rainforest-cafe-animal-kingdom
2026-09-04,Rainforest Cafe® at Disney's Animal Kingdom,Disney's Animal Kingdom,Shrimp Sampler Platter,Seafood,Lunch; Dinner,"Bourbon BBQ glazed shrimp, Caribbean Coconut Shrimp, Fried Shrimp, Shrimp Scampi, Island rice",31.79,animal-kingdom/rainforest-cafe-animal-kingdom
2026-09-04,Rainforest Cafe® at Disney's Animal Kingdom,Disney's Animal Kingdom,Blackened Fish Tacos,Seafood,Lunch; Dinner,"Jalapeño ranch, red cabbage, citrus vinaigrette, pico de gallo, black beans, Jasmine rice",23.79,animal-kingdom/rainforest-cafe-animal-kingdom
2026-09-04,Rainforest Cafe® at Disney's Animal Kingdom,Disney's Animal Kingdom,Fish-n-Chips,Seafood,Lunch; Dinner,"Served English-style, coconut curry tropical slaw, Safari fries",25.79,animal-kingdom/rainforest-cafe-animal-kingdom
2026-09-04,Rainforest Cafe® at Disney's Animal Kingdom,Disney's Animal Kingdom,Caribbean Coconut Fried Shrimp,Seafood,Lunch; Dinner,"Island rice, seasonal vegetables, coconut curry tropical slaw",28.79,animal-kingdom/rainforest-cafe-animal-kingdom
2026-09-04,Rainforest Cafe® at Disney's Animal Kingdom,Disney's Animal Kingdom,Taste of the Islands,Seafood,Lunch; Dinner,"Caribbean Coconut Shrimp, mango habanero glazed shrimp, jerk-seasoned tilapia topped with pineapple salsa, island rice, seasonal vegetables",35.99,animal-kingdom/rainforest-cafe-animal-kingdom
2026-09-04,Rainforest Cafe® at Disney's Animal Kingdom,Disney's Animal Kingdom,Korean Spicy Stir-Fry,Seafood,Lunch; Dinner,"Gochujang sauce, peppers, crispy wontons, green onions, sesame seeds, Jasmine rice",27.79,animal-kingdom/rainforest-cafe-animal-kingdom
2026-09-04,Rainforest Cafe® at Disney's Animal Kingdom,Disney's Animal Kingdom,Amazon Rainforest Burger*,Sandwiches & Burgers,Lunch; Dinner,"American cheese, lettuce, tomato, onion, pickle | Sub Beyond Burger® patty $3.00.",20.49,animal-kingdom/rainforest-cafe-animal-kingdom
2026-09-04,Rainforest Cafe® at Disney's Animal Kingdom,Disney's Animal Kingdom,BBQ Bacon Cheeseburger*,Sandwiches & Burgers,Lunch; Dinner,"Smokin’ Mojo BBQ sauce, cheddar cheese, bacon, lettuce, tomato, onion, pickle",23.79,animal-kingdom/rainforest-cafe-animal-kingdom
2026-09-04,Rainforest Cafe® at Disney's Animal Kingdom,Disney's Animal Kingdom,The Beastly Burger*,Sandwiches & Burgers,Lunch; Dinner,"Two patties, American cheese, lettuce, tomato, onion, pickle",24.79,animal-kingdom/rainforest-cafe-animal-kingdom
2026-09-04,Rainforest Cafe® at Disney's Animal Kingdom,Disney's Animal Kingdom,Bimini Chicken Sandwich,Sandwiches & Burgers,Lunch; Dinner,"Caribbean fried chicken, hot honey drizzle, topped with coconut curry tropical slaw",21.49,animal-kingdom/rainforest-cafe-animal-kingdom
2026-09-04,Rainforest Cafe® at Disney's Animal Kingdom,Disney's Animal Kingdom,Turkey Club Panini,Sandwiches & Burgers,Lunch; Dinner,"Roasted turkey, lettuce, tomato, bacon, Swiss cheese, pesto aioli, panini bread",20.99,animal-kingdom/rainforest-cafe-animal-kingdom
2026-09-04,Rainforest Cafe® at Disney's Animal Kingdom,Disney's Animal Kingdom,Bamba's Beef Dip,Sandwiches & Burgers,Lunch; Dinner,"Slow roasted beef, caramelized onions, sautéed mushrooms, Swiss cheese, horseradish sauce, au jus",22.99,animal-kingdom/rainforest-cafe-animal-kingdom
2026-09-04,Rainforest Cafe® at Disney's Animal Kingdom,Disney's Animal Kingdom,Blue Mountain Chicken Caprese Sandwich,Sandwiches & Burgers,Lunch; Dinner,"Grilled lemon chicken, arugula, tomatoes, fresh mozzarella cheese, basil, herb aioli, balsamic reduction",23.49,animal-kingdom/rainforest-cafe-animal-kingdom
2026-09-04,Rainforest Cafe® at Disney's Animal Kingdom,Disney's Animal Kingdom,Mojo Bones,"Beef, Pork & Chicken",Lunch; Dinner,"Half rack of St. Louis style pork spareribs, Smokin’ Mojo BBQ sauce, coconut curry tropical slaw, Safari fries. Add an additional Half Rack of Ribs $16.49",31.79,animal-kingdom/rainforest-cafe-animal-kingdom
2026-09-04,Rainforest Cafe® at Disney's Animal Kingdom,Disney's Animal Kingdom,Bourbon Grilled Meatloaf,"Beef, Pork & Chicken",Lunch; Dinner,"Bourbon BBQ glazed grilled meatloaf, caramelized onions, mashed potato casserole, seasonal vegetables, crispy onions",32.99,animal-kingdom/rainforest-cafe-animal-kingdom
2026-09-04,Rainforest Cafe® at Disney's Animal Kingdom,Disney's Animal Kingdom,"Ribs, Steak & Shrimp Trio*","Beef, Pork & Chicken",Lunch; Dinner,"Mojo Bone Ribs, sirloin steak, Caribbean Coconut Shrimp, coconut curry tropical slaw, Safari fries",40.99,animal-kingdom/rainforest-cafe-animal-kingdom
2026-09-04,Rainforest Cafe® at Disney's Animal Kingdom,Disney's Animal Kingdom,Pot Roast,"Beef, Pork & Chicken",Lunch; Dinner,"Slow roasted pot roast, baby potatoes, roasted carrots, celery and red onions, au jus, crispy onions",30.99,animal-kingdom/rainforest-cafe-animal-kingdom
2026-09-04,Rainforest Cafe® at Disney's Animal Kingdom,Disney's Animal Kingdom,Treetop Filet*,"Beef, Pork & Chicken",Lunch; Dinner,"8 oz. filet, red wine demi glace, mashed potatoes, seasonal vegetables",51.29,animal-kingdom/rainforest-cafe-animal-kingdom
2026-09-04,Rainforest Cafe® at Disney's Animal Kingdom,Disney's Animal Kingdom,Bimini Chicken,"Beef, Pork & Chicken",Lunch; Dinner,"Caribbean fried chicken, hot honey sauce, island rice, seasonal vegetables, coconut curry tropical slaw",28.79,animal-kingdom/rainforest-cafe-animal-kingdom
2026-09-04,Rainforest Cafe® at Disney's Animal Kingdom,Disney's Animal Kingdom,Crispy Bruschetta Chicken,"Beef, Pork & Chicken",Lunch; Dinner,"Panko-parmesan coated chicken breast, mozzarella cheese, bruschetta tomato topping, balsamic reduction, shrimp scampi, pasta alfredo",27.99,animal-kingdom/rainforest-cafe-animal-kingdom
2026-09-04,Rainforest Cafe® at Disney's Animal Kingdom,Disney's Animal Kingdom,Primal Steak*,"Beef, Pork & Chicken",Lunch; Dinner,"Aged USDA Choice center-cut NY strip steak, char-broiled, red skinned mashed potatoes, seasonal vegetables",46.29,animal-kingdom/rainforest-cafe-animal-kingdom
2026-09-04,Rainforest Cafe® at Disney's Animal Kingdom,Disney's Animal Kingdom,Jungle Steak and Shrimp*,"Beef, Pork & Chicken",Lunch; Dinner,"Sirloin steak, Shrimp Scampi, Caribbean Coconut Shrimp, seasonal vegetables",38.99,animal-kingdom/rainforest-cafe-animal-kingdom
2026-09-04,Rainforest Cafe® at Disney's Animal Kingdom,Disney's Animal Kingdom,Anaconda Pasta,Pastas,Lunch; Dinner,"Gluten sensitive pasta, local garden vegetables, mushrooms, basil, parmesan cheese, red pepper flakes, white wine tomato sauce.",22.99,animal-kingdom/rainforest-cafe-animal-kingdom
2026-09-04,Rainforest Cafe® at Disney's Animal Kingdom,Disney's Animal Kingdom,Anaconda Pasta with Chicken,Pastas,Lunch; Dinner,"Gluten sensitive pasta, local garden vegetables, mushrooms, basil, parmesan cheese, red pepper flakes, white wine tomato sauce",26.99,animal-kingdom/rainforest-cafe-animal-kingdom
2026-09-04,Rainforest Cafe® at Disney's Animal Kingdom,Disney's Animal Kingdom,Anaconda Pasta with Shrimp,Pastas,Lunch; Dinner,"Gluten sensitive pasta, local garden vegetables, mushrooms, basil, parmesan cheese, red pepper flakes, white wine tomato sauce",28.99,animal-kingdom/rainforest-cafe-animal-kingdom
2026-09-04,Rainforest Cafe® at Disney's Animal Kingdom,Disney's Animal Kingdom,Creole Mac & Cheese,Pastas,Lunch; Dinner,"Gluten sensitive pasta, local garden vegetables, mushrooms, basil, parmesan cheese, red pepper flakes, white wine tomato sauce",31.99,animal-kingdom/rainforest-cafe-animal-kingdom
2026-09-04,Rainforest Cafe® at Disney's Animal Kingdom,Disney's Animal Kingdom,Python Pasta,Pastas,Lunch; Dinner,"Grilled chicken breast, Alfredo sauce, tomatoes, green onions, penne pasta, shaved parmesan. Substitute Shrimp add $5.00",25.79,animal-kingdom/rainforest-cafe-animal-kingdom
2026-09-04,Rainforest Cafe® at Disney's Animal Kingdom,Disney's Animal Kingdom,Jerk Chicken & Shrimp Pasta,Pastas,Lunch; Dinner,"Grilled jerk chicken, shrimp, peppers, red onions, alfredo sauce, cavatappi pasta, parmesan cheese",27.79,animal-kingdom/rainforest-cafe-animal-kingdom
2026-09-04,Rainforest Cafe® at Disney's Animal Kingdom,Disney's Animal Kingdom,Ancient Grain Bowl,Pastas,Lunch; Dinner,"Ancient grains, roasted vegetables, citrus vinaigrette, pico de gallo",21.99,animal-kingdom/rainforest-cafe-animal-kingdom
2026-09-04,Rainforest Cafe® at Disney's Animal Kingdom,Disney's Animal Kingdom,Ancient Grain Bowl with Chicken,Pastas,Lunch; Dinner,"Ancient grains, roasted vegetables, citrus vinaigrette, pico de gallo",25.99,animal-kingdom/rainforest-cafe-animal-kingdom
2026-09-04,Rainforest Cafe® at Disney's Animal Kingdom,Disney's Animal Kingdom,Ancient Grain Bowl with Shrimp,Pastas,Lunch; Dinner,"Ancient grains, roasted vegetables, citrus vinaigrette, pico de gallo",27.99,animal-kingdom/rainforest-cafe-animal-kingdom
2026-09-04,Rainforest Cafe® at Disney's Animal Kingdom,Disney's Animal Kingdom,Ancient Grain Bowl with Salmon,Pastas,Lunch; Dinner,"Ancient grains, roasted vegetables, citrus vinaigrette, pico de gallo",30.99,animal-kingdom/rainforest-cafe-animal-kingdom
2026-09-04,Rainforest Cafe® at Disney's Animal Kingdom,Disney's Animal Kingdom,Rasta Pasta,Pastas,Lunch; Dinner,"Italian sausage, ground beef, spinach, basil, mozzarella & parmesan cheese",27.29,animal-kingdom/rainforest-cafe-animal-kingdom
2026-09-04,Rainforest Cafe® at Disney's Animal Kingdom,Disney's Animal Kingdom,Pastalaya (Spicy),Pastas,Lunch; Dinner,"Shrimp, Sautéed Chicken, Bell Peppers, Onions, Tomatoes, Andouille Sausage, Hot and Spicy Cajun Sauce, Linguini",27.79,animal-kingdom/rainforest-cafe-animal-kingdom
2026-09-04,Rainforest Cafe® at Disney's Animal Kingdom,Disney's Animal Kingdom,Grilled Shrimp,Add-Ons,Lunch; Dinner,,9.99,animal-kingdom/rainforest-cafe-animal-kingdom
2026-09-04,Rainforest Cafe® at Disney's Animal Kingdom,Disney's Animal Kingdom,Fried Shrimp,Add-Ons,Lunch; Dinner,,9.99,animal-kingdom/rainforest-cafe-animal-kingdom
2026-09-04,Rainforest Cafe® at Disney's Animal Kingdom,Disney's Animal Kingdom,Coconut Shrimp,Add-Ons,Lunch; Dinner,,9.99,animal-kingdom/rainforest-cafe-animal-kingdom
2026-09-04,Rainforest Cafe® at Disney's Animal Kingdom,Disney's Animal Kingdom,Shrimp Scampi,Add-Ons,Lunch; Dinner,,9.99,animal-kingdom/rainforest-cafe-animal-kingdom
2026-09-04,Rainforest Cafe® at Disney's Animal Kingdom,Disney's Animal Kingdom,St. Louis Style Pork Spareribs,Add-Ons,Lunch; Dinner,,11.99,animal-kingdom/rainforest-cafe-animal-kingdom
2026-09-04,Rainforest Cafe® at Disney's Animal Kingdom,Disney's Animal Kingdom,Loaded Mashed Potatoes (Shareable),Add-Ons,Lunch; Dinner,,12.99,animal-kingdom/rainforest-cafe-animal-kingdom
2026-09-04,Rainforest Cafe® at Disney's Animal Kingdom,Disney's Animal Kingdom,Baked Mac & Cheese (Shareable),Add-Ons,Lunch; Dinner,,12.99,animal-kingdom/rainforest-cafe-animal-kingdom
2026-09-04,Rainforest Cafe® at Disney's Animal Kingdom,Disney's Animal Kingdom,Seasonal Vegetables,Sides,Lunch; Dinner,,5.99,animal-kingdom/rainforest-cafe-animal-kingdom
2026-09-04,Rainforest Cafe® at Disney's Animal Kingdom,Disney's Animal Kingdom,Island Rice,Sides,Lunch; Dinner,,5.99,animal-kingdom/rainforest-cafe-animal-kingdom
2026-09-04,Rainforest Cafe® at Disney's Animal Kingdom,Disney's Animal Kingdom,Safari Fries,Sides,Lunch; Dinner,,5.99,animal-kingdom/rainforest-cafe-animal-kingdom
2026-09-04,Rainforest Cafe® at Disney's Animal Kingdom,Disney's Animal Kingdom,Coconut Curry Tropical Slaw,Sides,Lunch; Dinner,,5.99,animal-kingdom/rainforest-cafe-animal-kingdom
2026-09-04,Rainforest Cafe® at Disney's Animal Kingdom,Disney's Animal Kingdom,Red Skinned Mashed Potatoes,Sides,Lunch; Dinner,,5.99,animal-kingdom/rainforest-cafe-animal-kingdom
2026-09-04,Rainforest Cafe® at Disney's Animal Kingdom,Disney's Animal Kingdom,Sparkling Volcano (For Four),Desserts,Lunch; Dinner,"A giant rich chocolate brownie caked stacked up high, served warm with vanilla ice cream, creamy whipped topping, caramel and chocolate sauces",21.49,animal-kingdom/rainforest-cafe-animal-kingdom
2026-09-04,Rainforest Cafe® at Disney's Animal Kingdom,Disney's Animal Kingdom,Tribal Cheesecake,Desserts,Lunch; Dinner,"New York style cheesecake with creamy whipped topping, raspberry and chocolate sauces",13.99,animal-kingdom/rainforest-cafe-animal-kingdom
2026-09-04,Rainforest Cafe® at Disney's Animal Kingdom,Disney's Animal Kingdom,Key Lime Pie,Desserts,Lunch; Dinner,"Raspberry sauce, creamy whipped topping",13.99,animal-kingdom/rainforest-cafe-animal-kingdom
2026-09-04,Rainforest Cafe® at Disney's Animal Kingdom,Disney's Animal Kingdom,Grilled Chicken,Kids' Entrées,Lunch; Dinner,served with choice of side and drink. Add cheese $.99,11.99,animal-kingdom/rainforest-cafe-animal-kingdom
2026-09-04,Rainforest Cafe® at Disney's Animal Kingdom,Disney's Animal Kingdom,Jurassic Chicken Tidbits™,Kids' Entrées,Lunch; Dinner,Dinosaur-shaped chicken nuggets served with choice of side and drink. Substitute Chicken Tenders for $1.00,11.99,animal-kingdom/rainforest-cafe-animal-kingdom
2026-09-04,Rainforest Cafe® at Disney's Animal Kingdom,Disney's Animal Kingdom,Rainforest Rascals™,Kids' Entrées,Lunch; Dinner,Char-broiled chicken or mini burgers served with choice of side and drink. Add bacon $.99,11.99,animal-kingdom/rainforest-cafe-animal-kingdom
2026-09-04,Rainforest Cafe® at Disney's Animal Kingdom,Disney's Animal Kingdom,Fried Shrimp,Kids' Entrées,Lunch; Dinner,served with choice of side and drink,11.99,animal-kingdom/rainforest-cafe-animal-kingdom
2026-09-04,Rainforest Cafe® at Disney's Animal Kingdom,Disney's Animal Kingdom,Safari Sirloin,Kids' Entrées,Lunch; Dinner,Steak tips served with choice of side and drink,14.99,animal-kingdom/rainforest-cafe-animal-kingdom
2026-09-04,Rainforest Cafe® at Disney's Animal Kingdom,Disney's Animal Kingdom,Mini Hot Dogs,Kids' Entrées,Lunch; Dinner,served with choice of side and drink,11.99,animal-kingdom/rainforest-cafe-animal-kingdom
2026-09-04,Rainforest Cafe® at Disney's Animal Kingdom,Disney's Animal Kingdom,Tuki's Ice Cream Sandwich,Kids' Entrées,Lunch; Dinner,"A classic vanilla flavored ice cream sandwich, with chocolate, caramel, Oreo® cookies, and whipped cream",4.99,animal-kingdom/rainforest-cafe-animal-kingdom
2026-09-04,Rainforest Cafe® at Disney's Animal Kingdom,Disney's Animal Kingdom,Shrimpkens™,Kids' Entrées,Lunch; Dinner,Fried shrimp & Jurassic Chicken Tidbits served with choice of side and drink,11.99,animal-kingdom/rainforest-cafe-animal-kingdom
2026-09-04,Rainforest Cafe® at Disney's Animal Kingdom,Disney's Animal Kingdom,Chicken Quesadilla,Kids' Entrées,Lunch; Dinner,served with choice of side and drink,11.99,animal-kingdom/rainforest-cafe-animal-kingdom
2026-09-04,Rainforest Cafe® at Disney's Animal Kingdom,Disney's Animal Kingdom,Macaroni & Cheese,Kids' Entrées,Lunch; Dinner,served with choice of side and drink. Add chicken or beefy Mac $2.49,11.99,animal-kingdom/rainforest-cafe-animal-kingdom
2026-09-04,Rainforest Cafe® at Disney's Animal Kingdom,Disney's Animal Kingdom,Python Pasta,Kids' Entrées,Lunch; Dinner,"Served with your choice of Alfredo, Butter, or Marinara sauce and choice of side and drink. Add meat sauce, chicken or shrimp $2.49",11.99,animal-kingdom/rainforest-cafe-animal-kingdom
2026-09-04,Rainforest Cafe® at Disney's Animal Kingdom,Disney's Animal Kingdom,Gorilla Grilled Cheese Delight,Kids' Entrées,Lunch; Dinner,American cheese on Texas Toast served with choice of side and drink. Add turkey or bacon $.99,11.99,animal-kingdom/rainforest-cafe-animal-kingdom
2026-09-04,Rainforest Cafe® at Disney's Animal Kingdom,Disney's Animal Kingdom,Castaway Kid's Pizza,Kids' Entrées,Lunch; Dinner,"Cheese or pepperoni served with choice of side and drink. Add mushrooms, bacon or chicken .99 each",11.99,animal-kingdom/rainforest-cafe-animal-kingdom
2026-09-04,Rainforest Cafe® at Disney's Animal Kingdom,Disney's Animal Kingdom,Lava Mud,Kids' Desserts,Lunch; Dinner,Creamy chocolate pudding with crushed Oreo® cookies and gummy worms. Extra gummy worms $.50,4.99,animal-kingdom/rainforest-cafe-animal-kingdom
2026-09-04,Rainforest Cafe® at Disney's Animal Kingdom,Disney's Animal Kingdom,Tuki's Ice Cream Sandwich,Kids' Desserts,Lunch; Dinner,"A classic vanilla flavored ice cream sandwich, with chocolate, caramel, Oreo® cookies, and whipped cream",4.99,animal-kingdom/rainforest-cafe-animal-kingdom
2026-09-04,Rainforest Cafe® at Disney's Animal Kingdom,Disney's Animal Kingdom,"Lucien Albrecht Brut, France",Wine,Lunch; Dinner,,55.00,animal-kingdom/rainforest-cafe-animal-kingdom
2026-09-04,Rainforest Cafe® at Disney's Animal Kingdom,Disney's Animal Kingdom,"J. Vineyards Pinot Gris, California",Wine,Lunch; Dinner,,51.00,animal-kingdom/rainforest-cafe-animal-kingdom
2026-09-04,Rainforest Cafe® at Disney's Animal Kingdom,Disney's Animal Kingdom,"Jean-Luc Colombo Cape Bleue Rosé, France",Wine,Lunch; Dinner,,47.00,animal-kingdom/rainforest-cafe-animal-kingdom
2026-09-04,Rainforest Cafe® at Disney's Animal Kingdom,Disney's Animal Kingdom,"Cambria ‘Katherine’s Vineyard’ Chardonnay, Santa Maria Valley",Wine,Lunch; Dinner,,55.00,animal-kingdom/rainforest-cafe-animal-kingdom
2026-09-04,Rainforest Cafe® at Disney's Animal Kingdom,Disney's Animal Kingdom,"Whitehaven Sauvignon Blanc, Marlborough",Wine,Lunch; Dinner,,55.00,animal-kingdom/rainforest-cafe-animal-kingdom
2026-09-04,Rainforest Cafe® at Disney's Animal Kingdom,Disney's Animal Kingdom,"A to Z Pinot Noir, Oregon",Wine,Lunch; Dinner,,51.00,animal-kingdom/rainforest-cafe-animal-kingdom
2026-09-04,Rainforest Cafe® at Disney's Animal Kingdom,Disney's Animal Kingdom,"Rodney Strong Cabernet Sauvignon, Sonoma County",Wine,Lunch; Dinner,,55.00,animal-kingdom/rainforest-cafe-animal-kingdom
2026-09-04,Rainforest Cafe® at Disney's Animal Kingdom,Disney's Animal Kingdom,"J. Lohr ‘Los Osos’ Merlot, California",Wine,Lunch; Dinner,,47.00,animal-kingdom/rainforest-cafe-animal-kingdom
2026-09-04,Rainforest Cafe® at Disney's Animal Kingdom,Disney's Animal Kingdom,Fusion Margarita served in a Souvenir Glass,Specialty Cocktails,Lunch; Dinner,"Cazadores Blanco Tequila, Bacardi Pineapple Rum, Midori Melon Liqueur, pineapple juice, sweet and sour",16.00,animal-kingdom/rainforest-cafe-animal-kingdom
2026-09-04,Rainforest Cafe® at Disney's Animal Kingdom,Disney's Animal Kingdom,Strawberry Mojito served in a Souvenir Glass,Specialty Cocktails,Lunch; Dinner,"Cruzan Strawberry Rum, strawberry purée and sweet and sour muddled with fresh mint and lime, topped with Sprite®",16.00,animal-kingdom/rainforest-cafe-animal-kingdom
2026-09-04,Rainforest Cafe® at Disney's Animal Kingdom,Disney's Animal Kingdom,Panama Punch served in a Souvenir Glass,Specialty Cocktails,Lunch; Dinner,"Don Q 151 Rum, Myers's Original Dark Rum, peach schnapps, 99 Bananas Liqueur, créme de cassis, orange and pineapple juices",16.00,animal-kingdom/rainforest-cafe-animal-kingdom
2026-09-04,Rainforest Cafe® at Disney's Animal Kingdom,Disney's Animal Kingdom,Mongoose Mai Tai served in a Souvenir Glass,Specialty Cocktails,Lunch; Dinner,"Don Q Coconut Rum, Myers's Original Dark Rum, DeKuyper Créme de Almond Liqueur, orange and pineapple juices",16.00,animal-kingdom/rainforest-cafe-animal-kingdom
2026-09-04,Rainforest Cafe® at Disney's Animal Kingdom,Disney's Animal Kingdom,Island Daiquiri served in a Souvenir Glass,Specialty Cocktails,Lunch; Dinner,"Bacardi Superior Rum with choice of strawberry, piña colada, raspberry",16.00,animal-kingdom/rainforest-cafe-animal-kingdom
2026-09-04,Rainforest Cafe® at Disney's Animal Kingdom,Disney's Animal Kingdom,Cheetah Rita served in a Souvenir Glass,Specialty Cocktails,Lunch; Dinner,"Our premium Margarita with Monte Alban Silver Tequila, Patrón Citrónge Orange Liqueur and fresh lime juice",16.00,animal-kingdom/rainforest-cafe-animal-kingdom
2026-09-04,Rainforest Cafe® at Disney's Animal Kingdom,Disney's Animal Kingdom,Rainbow Colada served in a Souvenir Glass,Specialty Cocktails,Lunch; Dinner,"Captain Morgan Original Spiced Rum, strawberries, bananas, piña colada mix, pineapple juice",16.00,animal-kingdom/rainforest-cafe-animal-kingdom
2026-09-04,Rainforest Cafe® at Disney's Animal Kingdom,Disney's Animal Kingdom,Summer Rum Punch served in a Souvenir Glass,Specialty Cocktails,Lunch; Dinner,"Bacardi Superior Rum, pineapple juice, sweet & sour, Fever-Tree Ginger Ale",16.00,animal-kingdom/rainforest-cafe-animal-kingdom
2026-09-04,Rainforest Cafe® at Disney's Animal Kingdom,Disney's Animal Kingdom,Coronarita,Specialty Cocktails,Lunch; Dinner,"Frozen margarita topped with a Coronita Extra. Choose from Original, Blue or Strawberry. (Not available in souvenir glass)",14.00,animal-kingdom/rainforest-cafe-animal-kingdom
2026-09-04,Rainforest Cafe® at Disney's Animal Kingdom,Disney's Animal Kingdom,Hurricane,Specialty Cocktails,Lunch; Dinner,"Bacardi Superior Rum, Monin Red Passion Fruit Syrup, Myers’s Original Dark Rum, grenadine, orange juice, sweet & sour (Not available in souvenir glass)",14.00,animal-kingdom/rainforest-cafe-animal-kingdom
2026-09-04,Satu'li Canteen,Disney's Animal Kingdom,Slow-roasted Pork Shoulder Potato Hash,Entrées,Breakfast,with Chorizo Sausage and Charred Onion Sauce,13.29,animal-kingdom/satuli-canteen
2026-09-04,Satu'li Canteen,Disney's Animal Kingdom,Frittata and Beef,Entrées,Breakfast,Vegetable-Goat Cheese Frittata with Wood-fired Beef tossed in Chimichurri,14.29,animal-kingdom/satuli-canteen
2026-09-04,Satu'li Canteen,Disney's Animal Kingdom,Cinnamon French Toast,Entrées,Breakfast,"with Blueberry Cream Cheese, Passion Fruit Anglaise, and Sausage",12.99,animal-kingdom/satuli-canteen
2026-09-04,Satu'li Canteen,Disney's Animal Kingdom,Tropical Pandoran Forest Fruits,Plant-Based,Breakfast,"with Fresh Yogurt, Muesli, and Agave",11.99,animal-kingdom/satuli-canteen
2026-09-04,Satu'li Canteen,Disney's Animal Kingdom,Pandoran Sunrise,Beverages,Breakfast; Lunch And Dinner,DOLE® Pineapple Juice and Minute Maid® Limeade blended with POWERADE® Melon and POWERADE® Fruit Punch,6.29,animal-kingdom/satuli-canteen
2026-09-04,Satu'li Canteen,Disney's Animal Kingdom,smartwater®,Beverages,Breakfast; Lunch And Dinner,,6.25,animal-kingdom/satuli-canteen
2026-09-04,Satu'li Canteen,Disney's Animal Kingdom,Assorted Fountain Beverages,Beverages,Breakfast; Lunch And Dinner,Assorted Coca-Cola® Offerings,4.79,animal-kingdom/satuli-canteen
2026-09-04,Satu'li Canteen,Disney's Animal Kingdom,DASANI® Bottled Water,Beverages,Breakfast; Lunch And Dinner,,4.25,animal-kingdom/satuli-canteen
2026-09-04,Satu'li Canteen,Disney's Animal Kingdom,Large Freshly Brewed Joffrey's Coffee™ Regular,Beverages,Breakfast; Lunch And Dinner,,5.19,animal-kingdom/satuli-canteen
2026-09-04,Satu'li Canteen,Disney's Animal Kingdom,Large Freshly Brewed Joffrey's Coffee™ Decaf,Beverages,Breakfast; Lunch And Dinner,,5.19,animal-kingdom/satuli-canteen
2026-09-04,Satu'li Canteen,Disney's Animal Kingdom,Joffrey's™ Cold Brew Coffee with Sweet Cream,Beverages,Breakfast; Lunch And Dinner,,5.99,animal-kingdom/satuli-canteen
2026-09-04,Satu'li Canteen,Disney's Animal Kingdom,Large Hot Cocoa,Beverages,Breakfast; Lunch And Dinner,,5.19,animal-kingdom/satuli-canteen
2026-09-04,Satu'li Canteen,Disney's Animal Kingdom,Freshly Brewed Joffrey's Coffee™ Regular,Beverages,Breakfast; Lunch And Dinner,,4.79,animal-kingdom/satuli-canteen
2026-09-04,Satu'li Canteen,Disney's Animal Kingdom,Freshly Brewed Joffrey's Coffee™ Decaf,Beverages,Breakfast; Lunch And Dinner,,4.79,animal-kingdom/satuli-canteen
2026-09-04,Satu'li Canteen,Disney's Animal Kingdom,Hot Cocoa,Beverages,Breakfast; Lunch And Dinner,,4.79,animal-kingdom/satuli-canteen
2026-09-04,Satu'li Canteen,Disney's Animal Kingdom,Twinings® Hot Tea,Beverages,Breakfast; Lunch And Dinner,,4.79,animal-kingdom/satuli-canteen
2026-09-04,Satu'li Canteen,Disney's Animal Kingdom,Lowfat Milk,Beverages,Breakfast; Lunch And Dinner,,2.29,animal-kingdom/satuli-canteen
2026-09-04,Satu'li Canteen,Disney's Animal Kingdom,Specialty Chai Cold Brew,Cold Brews,Breakfast; Lunch And Dinner,"Chai Tea, Oat Milk, and Joffrey's™ Cold Brew Coffee topped with Whipped Cream and Chai Spice",6.29,animal-kingdom/satuli-canteen
2026-09-04,Satu'li Canteen,Disney's Animal Kingdom,Specialty Ube Cold Brew,Cold Brews,Breakfast; Lunch And Dinner,"Joffrey's™ Cold Brew Coffee with Ube Sweet Cream, Butterfly Pea Tea Whipped Topping, and Hibiscus Powder",6.29,animal-kingdom/satuli-canteen
2026-09-04,Satu'li Canteen,Disney's Animal Kingdom,Yovo Fruit Margarita,Beverages with Alcohol,Breakfast; Lunch And Dinner,Teremana Blanco Tequila with Dragon Fruit and Sour Mix,16.50,animal-kingdom/satuli-canteen
2026-09-04,Satu'li Canteen,Disney's Animal Kingdom,Trader's Tailwind,Beverages with Alcohol,Breakfast; Lunch And Dinner,"Captain Morgan Original Spiced Rum, Bols Triple Sec Liqueur, Mango Purée, Minute Maid® Orange Juice, Chamoy, and Ginger Beer with a Chili-Lime-rimmed Glass garnished with a Dehydrated Blood Orange Wheel",16.50,animal-kingdom/satuli-canteen
2026-09-04,Satu'li Canteen,Disney's Animal Kingdom,Chai Cold Brew with Rum,Beverages with Alcohol,Breakfast; Lunch And Dinner,"Chai Tea, Oat Milk, and Joffrey's™ Cold Brew Coffee topped with Whipped Cream, Chai Spice, and a float of Bacardí Silver Rum",15.50,animal-kingdom/satuli-canteen
2026-09-04,Satu'li Canteen,Disney's Animal Kingdom,Cold Brew with Rum and Sweet Cream,Beverages with Alcohol,Breakfast; Lunch And Dinner,Joffrey's™ Cold Brew Coffee with Sweet Cream and a float of Bacardí Silver Rum,15.50,animal-kingdom/satuli-canteen
2026-09-04,Satu'li Canteen,Disney's Animal Kingdom,Pandoran Sunrise with Rum,Beverages with Alcohol,Breakfast; Lunch And Dinner,DOLE® Pineapple Juice and Minute Maid® Limeade blended with POWERADE® Melon and POWERADE® Fruit Punch topped with Bacardí Superior Rum,15.50,animal-kingdom/satuli-canteen
2026-09-04,Satu'li Canteen,Disney's Animal Kingdom,Ube Cold Brew with Rum,Beverages with Alcohol,Breakfast; Lunch And Dinner,"Joffrey's™ Cold Brew Coffee with Ube Sweet Cream, Butterfly Pea Whipped Topping, Freeze-dried Raspberries, and a float of Bacardí Silver Rum",15.50,animal-kingdom/satuli-canteen
2026-09-04,Satu'li Canteen,Disney's Animal Kingdom,"3 Daughters Beach Blonde Ale – St. Petersburg, FL, Earth",Beverages with Alcohol,Breakfast; Lunch And Dinner,20-oz Draft - Light and refreshing with just enough hops to balance the malty sweetness and add a hint of citrus,12.50,animal-kingdom/satuli-canteen
2026-09-04,Satu'li Canteen,Disney's Animal Kingdom,"Elysian Space Dust IPA – Seattle, WA, Earth",Beverages with Alcohol,Breakfast; Lunch And Dinner,20-oz Draft - An out of this world bright and hoppy IPA with notes of citrus and pine,12.50,animal-kingdom/satuli-canteen
2026-09-04,Satu'li Canteen,Disney's Animal Kingdom,Hawkes' Grog Ale,Beverages with Alcohol,Breakfast; Lunch And Dinner,20-oz Draft - Fruity Hop with notes of Apricot and Peach,12.50,animal-kingdom/satuli-canteen
2026-09-04,Satu'li Canteen,Disney's Animal Kingdom,Mo'ara High Country Ale,Beverages with Alcohol,Breakfast; Lunch And Dinner,20-oz Draft - An Amber Ale with a Spicy Hop Aroma,12.50,animal-kingdom/satuli-canteen
2026-09-04,Satu'li Canteen,Disney's Animal Kingdom,Mangkwan Mousse,"Desserts ""Ber'ri""",Breakfast; Lunch And Dinner,"Cinnamon-Milk Chocolate Mousse, Caramelized Banana Cake, Banana-Sesame Caramel, Chocolate-Sesame Crumble",6.29,animal-kingdom/satuli-canteen
2026-09-04,Satu'li Canteen,Disney's Animal Kingdom,Blueberry Cream Cheese Mousse,"Desserts ""Ber'ri""",Breakfast; Lunch And Dinner,Blueberry Cream Cheese Mousse with Passion Fruit Curd,5.79,animal-kingdom/satuli-canteen
2026-09-04,Satu'li Canteen,Disney's Animal Kingdom,Cinnamon French Toast,Kid's Meals,Breakfast,"with Blueberry Cream Cheese, Passion Fruit Anglaise, a Cuties® Mandarin, and Applesauce with choice of Small Lowfat Milk or Small DASANI® Bottled Water",7.99,animal-kingdom/satuli-canteen
2026-09-04,Satu'li Canteen,Disney's Animal Kingdom,Cereal with Milk,Kid's Meals,Breakfast,"Choice of Rice Squares Cereal or Fruit Cereal served with a Cuties® Mandarin, Applesauce, and choice of Small Lowfat Milk or Small DASANI® Bottled Water",5.49,animal-kingdom/satuli-canteen
2026-09-04,Satu'li Canteen,Disney's Animal Kingdom,Ocean Moon Bowl*,Entrées,Lunch And Dinner,"Blue Noodles, Tuna, Watermelon Radish, Pickled Daikon, Rainbow Carrots, Avocado, Cucumbers, and Red Cabbage with Miso and Sweet Soy Drizzle topped with Micro Cilantro",18.99,animal-kingdom/satuli-canteen
2026-09-04,Satu'li Canteen,Disney's Animal Kingdom,Chimichurri Beef and Chili-Garlic Shrimp,Entrées,Lunch And Dinner,"Chimichurri Beef paired with Shrimp tossed in a Chili-Garlic Sauce, topped with crunchy Vegetable Slaw and Boba Balls, and served with your choice of Base",18.79,animal-kingdom/satuli-canteen
2026-09-04,Satu'li Canteen,Disney's Animal Kingdom,Chopped Wood-grilled Chicken and Chili-Garlic Shrimp,Entrées,Lunch And Dinner,"Wood-grilled Chicken Thighs paired with Shrimp tossed in a Chili-Garlic Sauce, topped with crunchy Vegetable Slaw and Boba Balls, and served with your choice of Base and Sauce",17.99,animal-kingdom/satuli-canteen
2026-09-04,Satu'li Canteen,Disney's Animal Kingdom,Chimichurri Beef and Chopped Wood-grilled Chicken,Entrées,Lunch And Dinner,"Chimichurri Beef paired with Wood-grilled Chicken Thighs, topped with Crunchy Vegetable Slaw and Boba Balls, and served with your choice of Base and Sauce",17.49,animal-kingdom/satuli-canteen
2026-09-04,Satu'li Canteen,Disney's Animal Kingdom,Chili-Garlic Shrimp Bowl,Entrées,Lunch And Dinner,Shrimp tossed in a Chili-Garlic Sauce topped with Crunchy Vegetable Slaw and Boba Balls served with your choice of Base and Sauce,15.79,animal-kingdom/satuli-canteen
2026-09-04,Satu'li Canteen,Disney's Animal Kingdom,Chimichurri Beef Bowl,Entrées,Lunch And Dinner,Chimichurri Beef topped with Crunchy Vegetable Slaw and Boba Balls served with your choice of Base and Sauce,14.99,animal-kingdom/satuli-canteen
2026-09-04,Satu'li Canteen,Disney's Animal Kingdom,"Spicy Pork Steamed ""Pods""",Entrées,Lunch And Dinner,"Mongolian-style Pork ""Pod"" stuffed with Pork, Bamboo Shoots, Bell Peppers, Scallions, and a Chili-Garlic Paste served with Crunchy Vegetable Slaw and Vegetable Chips",14.29,animal-kingdom/satuli-canteen
2026-09-04,Satu'li Canteen,Disney's Animal Kingdom,Cheeseburger Steamed Pods - Bao Buns,Entrées,Lunch And Dinner,"Steamed Cheeseburger Pod stuffed with Ground Beef, Ketchup, Mustard, Pickle, and Cheddar Cheese served with Crunchy Vegetable Slaw and Vegetable Chips",13.99,animal-kingdom/satuli-canteen
2026-09-04,Satu'li Canteen,Disney's Animal Kingdom,Chopped Wood-Grilled Chicken Bowl,Entrées,Lunch And Dinner,Wood-grilled Chicken Thighs topped with Crunchy Vegetable Slaw and Boba Balls served with your choice of Base and Sauce,13.49,animal-kingdom/satuli-canteen
2026-09-04,Satu'li Canteen,Disney's Animal Kingdom,Chili-Spiced Crispy Fried Tofu Bowl,Plant-Based,Lunch And Dinner,Crispy Fried Tofu seasoned with Chili-Spice topped with Crunchy Vegetable Slaw and Boba Balls served with your choice of Base and Sauce,13.49,animal-kingdom/satuli-canteen
2026-09-04,Satu'li Canteen,Disney's Animal Kingdom,Chopped Wood-Grilled Chicken Bowl,Kid's Disney Check Meals,Lunch And Dinner,Wood-Grilled Chicken topped with Crunch Vegetable Slaw and served with your choice of Base and Small DASANI® Bottled Water or Lowfat Milk. Meets Disney Nutrition Guidelines for Complete Meals without substitutions.,9.29,animal-kingdom/satuli-canteen
2026-09-04,Satu'li Canteen,Disney's Animal Kingdom,Chili-Spiced Crispy Fried Tofu Bowl,Kid's Disney Check Meals,Lunch And Dinner,Crispy Fried Tofu seasoned with Chili-Spice topped with Crunchy Vegetable Slaw and served with your choice of Base and small Dasani® Bottled Water or Lowfat Milk. Meets Disney Nutrition Guidelines for Complete Meals without substitutions,9.29,animal-kingdom/satuli-canteen
2026-09-04,Satu'li Canteen,Disney's Animal Kingdom,Cheeseburger Steamed Pod,Kid's Meals,Lunch And Dinner,"Steamed Cheeseburger Pod stuffed with Ground Beef, Ketchup, Mustard, Pickle, and Cheddar served with a choice of two (2) Sides with choice of Small Lowfat Milk or Small DASANI® Bottled Water",8.99,animal-kingdom/satuli-canteen
2026-09-04,Satu'li Canteen,Disney's Animal Kingdom,Cheese Quesadilla,Kid's Meals,Lunch And Dinner,Cheddar and Mozzarella in a Tortilla served with choice of two (2) Sides and Small Lowfat Milk or Small DASANI® Bottled Water,7.79,animal-kingdom/satuli-canteen
2026-09-04,Satu'li Canteen,Disney's Animal Kingdom,"""Teylu"" All-Beef Hot Dog Wrapped in Dough",Kid's Meals,Lunch And Dinner,All-Beef Hot Dog wrapped in a Parker House Dough served with choice of two (2) Sides and Small Lowfat Milk or Small DASANI® Bottled Water,7.99,animal-kingdom/satuli-canteen
2026-09-04,The Smiling Crocodile,Disney's Animal Kingdom,Pulled Pork Cheese Arepa,Entreés,Lunch And Dinner,"with Avocado Dressing, Queso Fresco, and Salsa Verde served with Plantain Chips",13.49,animal-kingdom/smiling-crocodile
2026-09-04,The Smiling Crocodile,Disney's Animal Kingdom,Pulled Chicken Cheese Arepa,Entreés,Lunch And Dinner,"with Avocado Dressing, Queso Fresco, and Salsa Verde served with Plantain Chips",13.49,animal-kingdom/smiling-crocodile
2026-09-04,The Smiling Crocodile,Disney's Animal Kingdom,Passion Fruit-Orange-Guava Juice Limeade with Chili-Lime Seasoning,Beverages,Lunch And Dinner,"Passion Fruit-Orange-Guava Juice, Minute Maid® Limeade, and Watermelon with a Chili-Lime Rim",6.29,animal-kingdom/smiling-crocodile
2026-09-04,The Smiling Crocodile,Disney's Animal Kingdom,Assorted Fountain Beverages,Beverages,Lunch And Dinner,,4.79,animal-kingdom/smiling-crocodile
2026-09-04,The Smiling Crocodile,Disney's Animal Kingdom,DASANI® Bottled Water,Beverages,Lunch And Dinner,,4.25,animal-kingdom/smiling-crocodile
2026-09-04,The Smiling Crocodile,Disney's Animal Kingdom,Bud Light Lager Draft,Alcoholic Beverages,Lunch And Dinner,,10.00,animal-kingdom/smiling-crocodile
2026-09-04,The Smiling Crocodile,Disney's Animal Kingdom,Blue Moon Belgian White Ale Draft,Alcoholic Beverages,Lunch And Dinner,,10.50,animal-kingdom/smiling-crocodile
2026-09-04,The Smiling Crocodile,Disney's Animal Kingdom,Passion Fruit-Orange-Guava Juice Limeade with Chili-Lime Seasoning and Tequila,Alcoholic Beverages,Lunch And Dinner,"Teremana Blanco Tequila, Passion Fruit-Orange-Guava Juice, Minute Maid® Limeade, and Watermelon with a Chili-Lime Rim",16.50,animal-kingdom/smiling-crocodile
2026-09-04,Tamu Tamu Refreshments,Disney's Animal Kingdom,Stuffed Pancake Sandwich,Entrées,Breakfast,"with Sausage, Guava Paste, Egg, and Cheese",9.49,animal-kingdom/tamu-tamu-refreshments
2026-09-04,Tamu Tamu Refreshments,Disney's Animal Kingdom,Seasonal Muffin,Entrées,Breakfast,,4.99,animal-kingdom/tamu-tamu-refreshments
2026-09-04,Tamu Tamu Refreshments,Disney's Animal Kingdom,Mickey Cinnamon Roll,Entrées,Breakfast,,7.99,animal-kingdom/tamu-tamu-refreshments
2026-09-04,Tamu Tamu Refreshments,Disney's Animal Kingdom,Guava and Cream Cheese Danish,Entrées,Breakfast,,5.29,animal-kingdom/tamu-tamu-refreshments
2026-09-04,Tamu Tamu Refreshments,Disney's Animal Kingdom,Pistachio Croissant,Entrées,Breakfast,,6.49,animal-kingdom/tamu-tamu-refreshments
2026-09-04,Tamu Tamu Refreshments,Disney's Animal Kingdom,Chocolate Twist,Entrées,Breakfast,,6.49,animal-kingdom/tamu-tamu-refreshments
2026-09-04,Tamu Tamu Refreshments,Disney's Animal Kingdom,Croissant,Entrées,Breakfast,,4.79,animal-kingdom/tamu-tamu-refreshments
2026-09-04,Tamu Tamu Refreshments,Disney's Animal Kingdom,Assorted Fountain Beverages,Beverages,Breakfast; Snack,,4.79,animal-kingdom/tamu-tamu-refreshments
2026-09-04,Tamu Tamu Refreshments,Disney's Animal Kingdom,DASANI® Bottled Water,Beverages,Breakfast; Snack,,4.25,animal-kingdom/tamu-tamu-refreshments
2026-09-04,Tamu Tamu Refreshments,Disney's Animal Kingdom,Joffrey's™ Cold Brew Coffee with Sweet Cream,Beverages,Breakfast; Snack,Large Joffrey's™ Cold Brew Coffee with Sweet Cream 6.49,5.99,animal-kingdom/tamu-tamu-refreshments
2026-09-04,Tamu Tamu Refreshments,Disney's Animal Kingdom,DOLE Whip® Pineapple Orange Soda Float,Desserts,Snack,DOLE Whip® Pineapple with Fanta® Orange and Strawberry Syrup,6.79,animal-kingdom/tamu-tamu-refreshments
2026-09-04,Tamu Tamu Refreshments,Disney's Animal Kingdom,DOLE Whip® Pineapple Cup,Desserts,Snack,,5.79,animal-kingdom/tamu-tamu-refreshments
2026-09-04,Tamu Tamu Refreshments,Disney's Animal Kingdom,DOLE Whip® Pineapple Juice Float,Desserts,Snack,DOLE Whip® Pineapple served with DOLE® Pineapple Juice,6.79,animal-kingdom/tamu-tamu-refreshments
2026-09-04,Tamu Tamu Refreshments,Disney's Animal Kingdom,Pineapple Crisp Sundae,Desserts,Snack,"Pineapple Crisp Cake, Vanilla Ice Cream, Pineapple Caramel, Crispy Streusel Topping",7.49,animal-kingdom/tamu-tamu-refreshments
2026-09-04,Tamu Tamu Refreshments,Disney's Animal Kingdom,DOLE Whip® Pineapple Orange Soda Float with Parrot Bay Coconut Rum,Alcoholic Offerings,Snack,,14.50,animal-kingdom/tamu-tamu-refreshments
2026-09-04,Tamu Tamu Refreshments,Disney's Animal Kingdom,Sangria DOLE Whip® Float,Alcoholic Offerings,Snack,Sangria with Jam Jar Sweet Shiraz topped with DOLE Whip® Pineapple,15.50,animal-kingdom/tamu-tamu-refreshments
2026-09-04,Tamu Tamu Refreshments,Disney's Animal Kingdom,DOLE Whip® Pineapple Cup with Parrot Bay Coconut Rum,Alcoholic Offerings,Snack,,14.50,animal-kingdom/tamu-tamu-refreshments
2026-09-04,Tamu Tamu Refreshments,Disney's Animal Kingdom,DOLE Whip® Pineapple Juice Float with Parrot Bay Coconut Rum,Alcoholic Offerings,Snack,,14.50,animal-kingdom/tamu-tamu-refreshments
2026-09-04,Tamu Tamu Refreshments,Disney's Animal Kingdom,African Coffee,Alcoholic Offerings,Snack,with Amarula Cream Liqueur,15.50,animal-kingdom/tamu-tamu-refreshments
2026-09-04,Tamu Tamu Refreshments,Disney's Animal Kingdom,Safari Amber Draft,Alcoholic Offerings,Snack,,12.50,animal-kingdom/tamu-tamu-refreshments
2026-09-04,Tamu Tamu Refreshments,Disney's Animal Kingdom,Irish Coffee,Alcoholic Offerings,Snack,"with Jameson Irish Whiskey, Joffrey's Coffee™, and Whipped Cream",15.50,animal-kingdom/tamu-tamu-refreshments
2026-09-04,Terra Treats,Disney's Animal Kingdom,Hand-scooped Strawberry Ice Cream Cup,Snacks,Snack,,7.79,animal-kingdom/terra-treats
2026-09-04,Terra Treats,Disney's Animal Kingdom,Hand-scooped Vanilla Ice Cream Cup,Snacks,Snack,,7.79,animal-kingdom/terra-treats
2026-09-04,Terra Treats,Disney's Animal Kingdom,Hand-scooped Chocolate Ice Cream Cup,Snacks,Snack,,7.79,animal-kingdom/terra-treats
2026-09-04,Terra Treats,Disney's Animal Kingdom,Hand-scooped Cookies 'n Cream Ice Cream Cup,Snacks,Snack,,7.79,animal-kingdom/terra-treats
2026-09-04,Terra Treats,Disney's Animal Kingdom,Hand-scooped Vanilla Ice Cream Waffle Cone,Snacks,Snack,,8.29,animal-kingdom/terra-treats
2026-09-04,Terra Treats,Disney's Animal Kingdom,Hand-scooped Strawberry Ice Cream Waffle Cone,Snacks,Snack,,8.29,animal-kingdom/terra-treats
2026-09-04,Terra Treats,Disney's Animal Kingdom,Hand-scooped Chocolate Ice Cream Waffle Cone,Snacks,Snack,,8.29,animal-kingdom/terra-treats
2026-09-04,Terra Treats,Disney's Animal Kingdom,Hand-scooped Cookies 'n Cream Ice Cream Waffle Cone,Snacks,Snack,,8.29,animal-kingdom/terra-treats
2026-09-04,Terra Treats,Disney's Animal Kingdom,Cookie Dough Brownie Ice Cream Sandwich,Snacks,Snack,Brownie layered with Vanilla Ice Cream topped with Chocolate Chips and Edible Cookie Dough,8.29,animal-kingdom/terra-treats
2026-09-04,Terra Treats,Disney's Animal Kingdom,Carrot Cake Sundae,Snacks,Snack,"Vanilla Ice Cream, Caramel Sauce, Roasted Pecans, and Carrot Cake Crumbs in a Waffle Bowl topped with a Birthday Cake-flavored Shell and Chocolate Carrot Top",8.99,animal-kingdom/terra-treats
2026-09-04,Terra Treats,Disney's Animal Kingdom,Float,Snacks,Snack,Served with your choice of Coca-Cola® Fountain Beverage,6.99,animal-kingdom/terra-treats
2026-09-04,Terra Treats,Disney's Animal Kingdom,Assorted Coca-Cola® Fountain Beverages,Non-Alcoholic Beverages,Snack,,4.79,animal-kingdom/terra-treats
2026-09-04,Terra Treats,Disney's Animal Kingdom,DASANI® Bottled Water,Non-Alcoholic Beverages,Snack,,4.25,animal-kingdom/terra-treats
2026-09-04,Tiffins Restaurant,Disney's Animal Kingdom,Tiffins Signature Bread Service,Appetizers,Lunch; Dinner,"Pão de Queijo with Guava Sauce, Paneer Paratha with Coriander Chutney, Thai Curry Milk Bread with Coconut-Curry Sauce",20.00,animal-kingdom/tiffins
2026-09-04,Tiffins Restaurant,Disney's Animal Kingdom,Charcuterie and Cheese Board,Appetizers,Lunch; Dinner,"Chef's Selection of Assorted Meats, Cheeses, and Accompaniments",23.00,animal-kingdom/tiffins
2026-09-04,Tiffins Restaurant,Disney's Animal Kingdom,Korean Barbecue Pork Belly Bao Buns,Appetizers,Lunch; Dinner,"Pickled Cucumber, Green Papaya Slaw, Cilantro",16.00,animal-kingdom/tiffins
2026-09-04,Tiffins Restaurant,Disney's Animal Kingdom,The Land Salad,Appetizers,Lunch; Dinner,"Young Lettuces from The Land Pavilion at EPCOT, Muhammara, Plant-based Cheese, Sumac, Garlic Breadcrumbs, Citrus Vinaigrette (Plant based)",15.00,animal-kingdom/tiffins
2026-09-04,Tiffins Restaurant,Disney's Animal Kingdom,Gobi Manchurian,Appetizers,Lunch; Dinner,"Crispy-fried Cauliflower, Manchurian Sauce, Green Onion",11.00,animal-kingdom/tiffins
2026-09-04,Tiffins Restaurant,Disney's Animal Kingdom,Tiffins Signature Burger Prix Fixe*,Main Courses,Lunch,"Includes Tiffins Signature Burger with Waffle Fries, Dessert, and choice of Non-Alcoholic Beverage Offering | Add a Black Truffle Experience of Shaved Black Truffles, Truffle Aïoli, and Herb and Truffle Cordero Cheese Waffle Fries for an additional $15",42.00,animal-kingdom/tiffins
2026-09-04,Tiffins Restaurant,Disney's Animal Kingdom,Grilled Beef Tenderloin,Main Courses,Lunch; Dinner,"Peruvian-inspired Saltado Marble Potatoes, Pearl Onions, Pickled Mushrooms, Tomatoes, Chorizo Vinaigrette, Huancaina Sauce | Add Coconut-Lime Shrimp $16",59.00,animal-kingdom/tiffins
2026-09-04,Tiffins Restaurant,Disney's Animal Kingdom,Whole-fried Catch of the Day,Main Courses,Lunch; Dinner,"Coconut Fried Rice, Thai Green Papaya Slaw, Peanuts, Red and Green Curry Sauce",52.00,animal-kingdom/tiffins
2026-09-04,Tiffins Restaurant,Disney's Animal Kingdom,Regional Curry Tasting,Main Courses,Lunch; Dinner,"A tasting of South Asian Curries with Jasmine Rice: Thai Green Curry with Lime Leaf, Eggplant, Squash, and Som Tam | Indian Red Curry with Carrots, Peas, and Chickpeas (Plant-based)",38.00,animal-kingdom/tiffins
2026-09-04,Tiffins Restaurant,Disney's Animal Kingdom,Shrimp & Grits,Main Courses,Lunch; Dinner,"Peri Peri Shrimp, South African Mealie Pap with Roasted Corn, Goat Cheese, Green Apple Chutney",42.00,animal-kingdom/tiffins
2026-09-04,Tiffins Restaurant,Disney's Animal Kingdom,Butter Chicken,Main Courses,Lunch; Dinner,"Samosa, English Peas, Young Squash, Pickled Red Onion",43.00,animal-kingdom/tiffins
2026-09-04,Tiffins Restaurant,Disney's Animal Kingdom,Oaxacan Pork Duo*,Main Courses,Lunch; Dinner,"Grilled Pork Chop, Peanut Salsa Macha, Sweet Plantain-Chipotle Sauce, Corn Tamal, Smoked Pork Shoulder, Salsa Verde, Cabbage Slaw",52.00,animal-kingdom/tiffins
2026-09-04,Tiffins Restaurant,Disney's Animal Kingdom,African Pot de Crème,Desserts,Lunch; Dinner,"Chocolate Pot de Crème, Ethiopian Coffee, Ras el Hanout Pineapple, Pistachio, Chocolate Cookie",13.00,animal-kingdom/tiffins
2026-09-04,Tiffins Restaurant,Disney's Animal Kingdom,Caramel Flan,Desserts,Lunch; Dinner,"Cardamom-scented Caramel, Vanilla Chantilly",14.00,animal-kingdom/tiffins
2026-09-04,Tiffins Restaurant,Disney's Animal Kingdom,Seasonal Sorbet Trio,Desserts,Lunch; Dinner,Tiffins Signature Sorbet Trio (Plant Based),11.00,animal-kingdom/tiffins
2026-09-04,Tiffins Restaurant,Disney's Animal Kingdom,Fresh Seasonal Fruit,Kid's Appetizers (à la carte),Lunch; Dinner,,5.00,animal-kingdom/tiffins
2026-09-04,Tiffins Restaurant,Disney's Animal Kingdom,Garden Vegetables with Dipping Sauce,Kid's Appetizers (à la carte),Lunch; Dinner,,5.25,animal-kingdom/tiffins
2026-09-04,Tiffins Restaurant,Disney's Animal Kingdom,Grilled Shrimp,Kid's Create-Your-Own Entrées (choose one),Lunch; Dinner,"Served with choice of two (2) Selections and choice of Small Lowfat Milk, Small DASANI® Water, or Small Minute Maid® Apple Juice",19.00,animal-kingdom/tiffins
2026-09-04,Tiffins Restaurant,Disney's Animal Kingdom,Grilled Steak,Kid's Create-Your-Own Entrées (choose one),Lunch; Dinner,"Served with choice of two (2) Selections and choice of Small Lowfat Milk, Small DASANI® Water, or Small Minute Maid® Apple Juice",19.00,animal-kingdom/tiffins
2026-09-04,Tiffins Restaurant,Disney's Animal Kingdom,Grilled Teriyaki Chicken Thigh,Kid's Create-Your-Own Entrées (choose one),Lunch; Dinner,"Served with choice of two (2) Selections and choice of Small Lowfat Milk, Small DASANI® Water, or Small Minute Maid® Apple Juice",15.00,animal-kingdom/tiffins
2026-09-04,Tiffins Restaurant,Disney's Animal Kingdom,Korean Impossible® Meatballs,Kid's Create-Your-Own Entrées (choose one),Lunch; Dinner,"Served with choice of two (2) Selections and choice of Small Lowfat Milk, Small DASANI® Water, or Small Minute Maid® Apple Juice",15.00,animal-kingdom/tiffins
2026-09-04,Tiffins Restaurant,Disney's Animal Kingdom,Specialty Character Drink,Kid's Specialty Drink,Lunch; Dinner,Minute Maid® Zero Sugar Lemonade with flavors of Cotton Candy served in a souvenir Character Cup,7.00,animal-kingdom/tiffins
2026-09-04,Tiffins Restaurant,Disney's Animal Kingdom,Floral Jasmine Green – Press Pot,Coffee and Loose Leaf Tea Selection,Lunch; Dinner,"Green Tea - Sweet, Subtle Green Character, Light, Refreshing",7.25,animal-kingdom/tiffins
2026-09-04,Tiffins Restaurant,Disney's Animal Kingdom,Thunderbolt Darjeeling – Press Pot,Coffee and Loose Leaf Tea Selection,Lunch; Dinner,"Black Tea - Green, Brisk, Sophisticated Touches of Muscatel",7.25,animal-kingdom/tiffins
2026-09-04,Tiffins Restaurant,Disney's Animal Kingdom,Imperial Earl Grey – Press Pot,Coffee and Loose Leaf Tea Selection,Lunch; Dinner,"Black Tea – Vibrant Citrus, Light, Slightly Spicy Finish",7.25,animal-kingdom/tiffins
2026-09-04,Tiffins Restaurant,Disney's Animal Kingdom,Organic Chamomile Flowers – Press Pot,Coffee and Loose Leaf Tea Selection,Lunch; Dinner,"Herbal Tea – Soft, Herbaceous, Apple-like",7.25,animal-kingdom/tiffins
2026-09-04,Tiffins Restaurant,Disney's Animal Kingdom,Organic Vanilla Rooibos – Press Pot,Coffee and Loose Leaf Tea Selection,Lunch; Dinner,"Herbal Tea - Sweet, Soft, Rich, Full-bodied, Creamy Finish",7.25,animal-kingdom/tiffins
2026-09-04,Tiffins Restaurant,Disney's Animal Kingdom,English Breakfast – Press Pot,Coffee and Loose Leaf Tea Selection,Lunch; Dinner,"Black Tea – Sweet, Biscuity, Elegant",7.25,animal-kingdom/tiffins
2026-09-04,Tiffins Restaurant,Disney's Animal Kingdom,Masala Black Chai – Press Pot,Coffee and Loose Leaf Tea Selection,Lunch; Dinner,"Black Tea – Smooth, Rich, Complex Spice",7.25,animal-kingdom/tiffins
2026-09-04,Tiffins Restaurant,Disney's Animal Kingdom,Organic Peppermint Leaves – Press Pot,Coffee and Loose Leaf Tea Selection,Lunch; Dinner,"Herbal Tea - Cool, Minty, Sweet",7.25,animal-kingdom/tiffins
2026-09-04,Tiffins Restaurant,Disney's Animal Kingdom,Mountain Berry – Press Pot,Coffee and Loose Leaf Tea Selection,Lunch; Dinner,"Herbal Tea - Ripe, Fruity Scent, Full, Strong, Wine-like Finish",7.25,animal-kingdom/tiffins
2026-09-04,Tiffins Restaurant,Disney's Animal Kingdom,Joffrey's™ Coffee Peruvian Alto Mayo Protected Forest – Press Pot,Coffee and Loose Leaf Tea Selection,Lunch; Dinner,"Disney supports Conservation International's Alto Mayo Protected Forest project in Peru, which promotes sustainable coffee growing and trains local coffee farmers in alternative farming techniques that help protect forests, improve productivity and coffee bean quality, and promote economic growth.",7.25,animal-kingdom/tiffins
2026-09-04,Tiffins Restaurant,Disney's Animal Kingdom,Joffrey's™ Coffee Ethiopia “Natural” Harrar – Press Pot,Coffee and Loose Leaf Tea Selection,Lunch; Dinner,Single Origin,7.25,animal-kingdom/tiffins
2026-09-04,Tiffins Restaurant,Disney's Animal Kingdom,Joffrey's™ Coffee Indonesian Blend – Press Pot,Coffee and Loose Leaf Tea Selection,Lunch; Dinner,"Celebes Kalossi 70%/Ethiopia ""Natural"" Harrar 30%",7.25,animal-kingdom/tiffins
2026-09-04,Tiffins Restaurant,Disney's Animal Kingdom,Sumatra Shade-Grown Organic Espresso - Double,Coffee and Loose Leaf Tea Selection,Lunch; Dinner,,5.99,animal-kingdom/tiffins
2026-09-04,Tiffins Restaurant,Disney's Animal Kingdom,Sumatra Shade-Grown Organic Espresso - Cappuccino,Coffee and Loose Leaf Tea Selection,Lunch; Dinner,,5.79,animal-kingdom/tiffins
2026-09-04,Tiffins Restaurant,Disney's Animal Kingdom,Sumatra Shade-Grown Organic Espresso – Café Latte,Coffee and Loose Leaf Tea Selection,Lunch; Dinner,,5.79,animal-kingdom/tiffins
2026-09-04,Tiffins Restaurant,Disney's Animal Kingdom,Zingiber Fizzie,Non-Alcoholic Beverages,Lunch; Dinner,"Passion Fruit Purée, Mint, Ginger Beer, Lime Juice",8.25,animal-kingdom/tiffins
2026-09-04,Tiffins Restaurant,Disney's Animal Kingdom,Hibiscus Henna,Non-Alcoholic Beverages,Lunch; Dinner,"Watermelon, Hibiscus, Soda Water, Lime Juice",7.75,animal-kingdom/tiffins
2026-09-04,Tiffins Restaurant,Disney's Animal Kingdom,Lillie Gorill-ie,Non-Alcoholic Beverages,Lunch; Dinner,Strawberry and Sprite®,7.00,animal-kingdom/tiffins
2026-09-04,Tiffins Restaurant,Disney's Animal Kingdom,Kiama Mamma,Non-Alcoholic Beverages,Lunch; Dinner,Watermelon and Sprite®,7.75,animal-kingdom/tiffins
2026-09-04,Tiffins Restaurant,Disney's Animal Kingdom,Orange Carajillo,Specialty Cocktails,Lunch; Dinner,"Joffrey's™ Sumatra Shade Grown Espresso, Licor 43 Liqueur",18.50,animal-kingdom/tiffins
2026-09-04,Tiffins Restaurant,Disney's Animal Kingdom,Lamu Libation,Specialty Cocktails,Lunch; Dinner,"STARR African Rum, Banana Liqueur, Guava Purée with Orange, Lime, and Pineapple Juices topped with Goslings 151 Rum Float",17.50,animal-kingdom/tiffins
2026-09-04,Tiffins Restaurant,Disney's Animal Kingdom,Snow Leopard Salvation,Specialty Cocktails,Lunch; Dinner,"Vusa Vodka, Belle de Brillet Pear Liqueur, Ginger Beer, Mint, Lime Juice",18.50,animal-kingdom/tiffins
2026-09-04,Tiffins Restaurant,Disney's Animal Kingdom,Tempting Tigress,Specialty Cocktails,Lunch; Dinner,"Russell's Reserve 10yr Bourbon, St. Elizabeth Allspice Dram Liqueur, Tamarind Syrup, and Lime Juice",18.50,animal-kingdom/tiffins
2026-09-04,Tiffins Restaurant,Disney's Animal Kingdom,Yuzu Amarillo Cocktail,Specialty Cocktails,Lunch; Dinner,"Sango African Agave Spirit, Passion Fruit, Yuzu, Aji Amarillo, House-made Simple Syrup, Sesame Oil",16.50,animal-kingdom/tiffins
2026-09-04,Tiffins Restaurant,Disney's Animal Kingdom,Annapurna Zing,Specialty Cocktails,Lunch; Dinner,"Bombay Sapphire Gin, Passion Fruit Purée, Mint, Simple Syrup, and Lime Juice topped with Ginger Beer and a glowing Lotus Flower",19.50,animal-kingdom/tiffins
2026-09-04,Tiffins Restaurant,Disney's Animal Kingdom,Hightower Rocks,Specialty Cocktails,Lunch; Dinner,"Casa Dragones Blanco Tequila, Watermelon, Sweet-and-Sour, Lime Juice",18.50,animal-kingdom/tiffins
2026-09-04,Tiffins Restaurant,Disney's Animal Kingdom,Jenn's Tattoo,Specialty Cocktails,Lunch; Dinner,"Ketel One Vodka, Watermelon, Hibiscus and Lime Juice",16.50,animal-kingdom/tiffins
2026-09-04,Tiffins Restaurant,Disney's Animal Kingdom,Boto-Rita,Specialty Cocktails,Lunch; Dinner,"Los Siete Misterios Mezcal, Combier Grapefruit Rose, Guava Purée, and Lime Juice garnished with Pink Peppercorns",16.50,animal-kingdom/tiffins
2026-09-04,Tiffins Restaurant,Disney's Animal Kingdom,Dalangs Delight,Specialty Cocktails,Lunch; Dinner,"Starr African Rum, Batavia-Arrack van Oosten, Van der Hum Tangerine Liqueur, Mountain Berry Tea, Simple Syrup, and Lemon Juice",16.50,animal-kingdom/tiffins
2026-09-04,Tiffins Restaurant,Disney's Animal Kingdom,Leaping Lizzard,Specialty Cocktails,Lunch; Dinner,"Malibu Pineapple Rum and Leblon Cachaça with Orange, Passion Fruit, and Mango Juices",17.50,animal-kingdom/tiffins
2026-09-04,Tiffins Restaurant,Disney's Animal Kingdom,Spice Trader Classic,Specialty Cocktails,Lunch; Dinner,"Hayman's Old Tom Gin, Dolin Vermouth Blanc, Lemon Juice, and Strawberries topped with Soda Water",15.50,animal-kingdom/tiffins
2026-09-04,Tiffins Restaurant,Disney's Animal Kingdom,Night Monkey,Specialty Cocktails,Lunch; Dinner,"Plantation Original Dark Rum, Guava Purée, Coffee Simple Syrup, and Lime Juice with a hint of Cilantro",15.50,animal-kingdom/tiffins
2026-09-04,Tiffins Restaurant,Disney's Animal Kingdom,Keoke Coffee,Hot Coffee Cocktails,Lunch; Dinner,"Kahlúa, Brandy, Dark Crème de Cacao and Indonesian Blend Coffee",15.50,animal-kingdom/tiffins
2026-09-04,Tiffins Restaurant,Disney's Animal Kingdom,Mustang Coffee,Hot Coffee Cocktails,Lunch; Dinner,"Crown Royal, Brown Sugar, Butter and Indonesian Blend Coffee",16.50,animal-kingdom/tiffins
2026-09-04,Tiffins Restaurant,Disney's Animal Kingdom,Beer Flight,Beer,Lunch; Dinner,"A sampling of Three Beers (5-oz each): First Magnitude Wakulla Hefeweizen (5.4% abv), USA | Kungaloosh Spiced Excursion Ale (6.0% abv), USA | Tampa Bay Old Elephant Foot IPA (7% abv), USA",13.50,animal-kingdom/tiffins
2026-09-04,Tiffins Restaurant,Disney's Animal Kingdom,Kungaloosh Spiced Excursion Ale Draft - USA,Beer,Lunch; Dinner,African-inspired deep amber ale brewed exclusively for Walt Disney World® with sorghum and a special blend of spices including cinnamon and cardamom,11.75,animal-kingdom/tiffins
2026-09-04,Tiffins Restaurant,Disney's Animal Kingdom,First Magnitude Wakulla Hefeweizen Draft - USA,Beer,Lunch; Dinner,,11.75,animal-kingdom/tiffins
2026-09-04,Tiffins Restaurant,Disney's Animal Kingdom,Michelob Ultra Lager Draft - USA,Beer,Lunch; Dinner,,9.75,animal-kingdom/tiffins
2026-09-04,Tiffins Restaurant,Disney's Animal Kingdom,Dragon Stout - Jamaica,Beer,Lunch; Dinner,,11.50,animal-kingdom/tiffins
2026-09-04,Tiffins Restaurant,Disney's Animal Kingdom,Sapporo Black Lager - Japan,Beer,Lunch; Dinner,,14.25,animal-kingdom/tiffins
2026-09-04,Tiffins Restaurant,Disney's Animal Kingdom,Modelo Negra Munich Dunkel-style Lager - Mexico,Beer,Lunch; Dinner,,9.75,animal-kingdom/tiffins
2026-09-04,Tiffins Restaurant,Disney's Animal Kingdom,Singha Lager - Thailand,Beer,Lunch; Dinner,,9.75,animal-kingdom/tiffins
2026-09-04,Tiffins Restaurant,Disney's Animal Kingdom,First Magnitude 72 Pale Ale - USA,Beer,Lunch; Dinner,,10.75,animal-kingdom/tiffins
2026-09-04,Tiffins Restaurant,Disney's Animal Kingdom,Modelo Especial - Mexico,Beer,Lunch; Dinner,,9.75,animal-kingdom/tiffins
2026-09-04,Tiffins Restaurant,Disney's Animal Kingdom,Tampa Bay Old Elephant Foot IPA - USA,Beer,Lunch; Dinner,,12.50,animal-kingdom/tiffins
2026-09-04,Tiffins Restaurant,Disney's Animal Kingdom,Rekorderlig Pear Cider,Beer,Lunch; Dinner,,12.75,animal-kingdom/tiffins
2026-09-04,Tiffins Restaurant,Disney's Animal Kingdom,Schöfferhofer Grapefruit Hefeweizen,Beer,Lunch; Dinner,,12.00,animal-kingdom/tiffins
2026-09-04,Tiffins Restaurant,Disney's Animal Kingdom,Tiger Eye Gold Ale,Beer,Lunch; Dinner,,12.50,animal-kingdom/tiffins
2026-09-04,Tiffins Restaurant,Disney's Animal Kingdom,White Wine Flight,Wines by the Glass,Lunch; Dinner,"A sampling of three different wines: Montes 'Limited Selection' Sauvignon Blanc, Chile, Raats 'Original' Chenin Blanc, South Africa, Zuccardi 'Zuccardi Q' Chardonnay, Argentina",29.00,animal-kingdom/tiffins
2026-09-04,Tiffins Restaurant,Disney's Animal Kingdom,Red Wine Flight,Wines by the Glass,Lunch; Dinner,"A sampling of 3 Red Wines: Kanonkop Pinotage, South Africa, Tikal 'Natural' Malbec-Syrah, Argentina, Lapostolle ‘Grand Selection’ Carmenère, Chile",36.00,animal-kingdom/tiffins
2026-09-04,Tiffins Restaurant,Disney's Animal Kingdom,Tiffins Signature Bread Service,Allergy-Friendly Appetizers,Lunch; Dinner,"Pão de Queijo with Guava Sauce, Paneer Paratha with Coriander Chutney, Thai Curry Milk Bread with Coconut-Curry Sauce (For Fish/Shellfish, Peanut, and Soy Allergies) (For Fish/Shellfish, Peanut, Soy Allergies)",20.00,animal-kingdom/tiffins
2026-09-04,Tiffins Restaurant,Disney's Animal Kingdom,Charcuterie and Cheese Board,Allergy-Friendly Appetizers,Lunch; Dinner,"Chef's Selection of Assorted Meats, Cheeses, and Accompaniments (For Egg, Fish/Shellfish and Peanut Allergies)",23.00,animal-kingdom/tiffins
2026-09-04,Tiffins Restaurant,Disney's Animal Kingdom,Korean Barbecue Pork Belly Bao Buns,Allergy-Friendly Appetizers,Lunch; Dinner,"Pickled Cucumber, Green Papaya Slaw, Cilantro (For Egg, Fish/Shellfish, Milk, Peanut/Tree Nut, Sesame Allergies)",16.00,animal-kingdom/tiffins
2026-09-04,Tiffins Restaurant,Disney's Animal Kingdom,The Land Salad,Allergy-Friendly Appetizers,Lunch; Dinner,"Young Lettuces from The Land Pavilion at EPCOT, Muhammara, Plant-based Cheese, Sumac, Garlic Breadcrumbs, Citrus Vinaigrette (Plant based) (For Egg, Fish/Shellfish, Milk, Peanut, Sesame Allergies)",15.00,animal-kingdom/tiffins
2026-09-04,Tiffins Restaurant,Disney's Animal Kingdom,Gobi Manchurian,Allergy-Friendly Appetizers,Lunch; Dinner,"Crispy-fried Cauliflower, Manchurian Sauce, Green Onion (For Gluten/Wheat, Egg, Peanut/Tree Nut, Sesame, and Shellfish Allergies)",11.00,animal-kingdom/tiffins
2026-09-04,Tiffins Restaurant,Disney's Animal Kingdom,Tiffins Signature Burger Prix Fixe*,Allergy-Friendly Entrées,Lunch,"Includes Tiffins Signature Burger with Waffle Fries, Dessert, and choice of Non-Alcoholic Beverage Offering | Add a Black Truffle Experience of Shaved Black Truffles, Truffle Aïoli, and Herb and Truffle Cordero Cheese Waffle Fries for an additional $15 (For Fish/Shellfish, Peanut/Tree Nut, Sesame Allergies)",42.00,animal-kingdom/tiffins
2026-09-04,Tiffins Restaurant,Disney's Animal Kingdom,Grilled Beef Tenderloin,Allergy-Friendly Entrées,Lunch; Dinner,"Peruvian-inspired Saltado Marble Potatoes, Pearl Onions, Pickled Mushrooms, Tomatoes, Chorizo Vinaigrette, Huancaina Sauce | Add Seared Scallops** $23 (For Gluten/Wheat, Egg, Fish/Shellfish, Peanut/Tree Nut, Sesame, Soy Allergies)",59.00,animal-kingdom/tiffins
2026-09-04,Tiffins Restaurant,Disney's Animal Kingdom,Whole-fried Catch of the Day,Allergy-Friendly Entrées,Lunch; Dinner,"Coconut Fried Rice, Thai Green Papaya Slaw, Peanuts, Red and Green Curry Sauce (For Gluten/Wheat, Egg, Milk, Shellfish Allergies)",52.00,animal-kingdom/tiffins
2026-09-04,Tiffins Restaurant,Disney's Animal Kingdom,Regional Curry Tasting,Allergy-Friendly Entrées,Lunch; Dinner,"A tasting of South Asian Curries with Jasmine Rice: Thai Green Curry with Lime Leaf, Eggplant, Squash, and Som Tam | Indian Red Curry with Carrots, Peas, and Chickpeas (Plant-based) (For Gluten/Wheat, Egg, Fish/Shellfish, Milk, Peanut, Sesame, Soy Allergies)",38.00,animal-kingdom/tiffins
2026-09-04,Tiffins Restaurant,Disney's Animal Kingdom,Shrimp & Grits,Allergy-Friendly Entrées,Lunch; Dinner,"Peri Peri Shrimp, South African Mealie Pap with Roasted Corn, Goat Cheese, Green Apple Chutney (For Gluten/Wheat, Egg, Fish, Peanut/Tree Nut, Sesame, and Soy Allergies)",42.00,animal-kingdom/tiffins
2026-09-04,Tiffins Restaurant,Disney's Animal Kingdom,Butter Chicken,Allergy-Friendly Entrées,Lunch; Dinner,"Samosa, English Peas, Young Squash, Pickled Red Onion (For Egg, Fish/Shellfish, Peanut/Tree Nut, Soy Allergies)",43.00,animal-kingdom/tiffins
2026-09-04,Tiffins Restaurant,Disney's Animal Kingdom,Oaxacan Pork Duo*,Allergy-Friendly Entrées,Lunch; Dinner,"Grilled Pork Chop, Peanut Salsa Macha, Sweet Plantain-Chipotle Sauce, Corn Tamal, Smoked Pork Shoulder, Salsa Verde, Cabbage Slaw (For Gluten/Wheat, Fish/Shellfish, Soy, Tree Nut Allergies)",52.00,animal-kingdom/tiffins
2026-09-04,Tiffins Restaurant,Disney's Animal Kingdom,Chocolate Travel Cake,Allergy-Friendly Desserts,Lunch; Dinner,"Chocolate-Olive Oil Cake, Fig-Apricot Jam, Milk Chocolate Mousse, Pistachio Praline, Yogurt Kulfi, Basil Sugar (For Fish/Shellfish, Peanut, Sesame Allergies)",14.00,animal-kingdom/tiffins
2026-09-04,Tiffins Restaurant,Disney's Animal Kingdom,Caramel Flan,Allergy-Friendly Desserts,Lunch; Dinner,"Cardamom-scented Caramel, Vanilla Chantilly (For Gluten/Wheat, Fish/Shellfish, Peanut/Tree Nut, Sesame Allergies)",15.00,animal-kingdom/tiffins
2026-09-04,Tiffins Restaurant,Disney's Animal Kingdom,Seasonal Sorbet Trio,Allergy-Friendly Desserts,Lunch; Dinner,"Tiffins Signature Sorbet Trio (For Gluten/Wheat, Egg, Fish/Shellfish, Milk, Peanut, Sesame Allergies)",11.00,animal-kingdom/tiffins
2026-09-04,Tiffins Restaurant,Disney's Animal Kingdom,Fresh Fruit,Allergy-Friendly Kids' Appetizers (à la carte),Lunch; Dinner,"For Gluten/Wheat, Egg, Fish/Shellfish, Milk, Peanut/Tree Nut, Sesame, and Soy Allergies",5.00,animal-kingdom/tiffins
2026-09-04,Tiffins Restaurant,Disney's Animal Kingdom,Garden Vegetables with Dipping Sauce,Allergy-Friendly Kids' Appetizers (à la carte),Lunch; Dinner,"(For Gluten/Wheat, Egg, Fish/Shellfish, Peanut/Tree Nut, and Sesame Allergies)",5.25,animal-kingdom/tiffins
2026-09-04,Tiffins Restaurant,Disney's Animal Kingdom,Grilled Teriyaki Chicken Thigh,Allergy-Friendly Kids' Create-Your-Own Entrées (choose one),Lunch; Dinner,"Served with choice of two (2) Selections and choice of Small Lowfat Milk, Small DASANI® Bottled Water, or Small Minute Maid® Apple Juice (For Gluten/Wheat, Egg, Fish/Shellfish, Milk, and Peanut/Tree Nut Allergies)",15.00,animal-kingdom/tiffins
2026-09-04,Tiffins Restaurant,Disney's Animal Kingdom,Grilled Shrimp,Allergy-Friendly Kids' Create-Your-Own Entrées (choose one),Lunch; Dinner,"Served with choice of two (2) Selections and choice of Small Lowfat Milk, Small DASANI® Bottled Water, or Small Minute Maid® Apple Juice (For Gluten/Wheat, Egg, Milk, Peanut/Tree Nut, Sesame, and Soy Allergies)",19.00,animal-kingdom/tiffins
2026-09-04,Tiffins Restaurant,Disney's Animal Kingdom,Grilled Steak,Allergy-Friendly Kids' Create-Your-Own Entrées (choose one),Lunch; Dinner,"Served with choice of two (2) Selections and choice of Small Lowfat Milk, Small DASANI® Bottled Water, or Small Minute Maid® Apple Juice (For Gluten/Wheat, Egg, Fish/Shellfish, Milk, Peanut/Tree Nut, Sesame, and Soy Allergies)",19.00,animal-kingdom/tiffins
2026-09-04,Tiffins Restaurant,Disney's Animal Kingdom,Korean Impossible® Meatballs,Allergy-Friendly Kids' Create-Your-Own Entrées (choose one),Lunch; Dinner,"Served with choice of two (2) Selections and choice of Small Lowfat Milk, Small DASANI® Bottled Water, or Small Minute Maid® Apple Juice (For Egg, Fish/Shellfish, Milk, Peanut Allergies)",15.00,animal-kingdom/tiffins
2026-09-04,Tusker House Restaurant,Disney's Animal Kingdom,African Bloody Mary,Breakfast Cocktails,Breakfast,"SVEDKA Vodka, a dash of African Berbere Sauce, and garnished with Applewood-smoked Candied Bacon",15.50,animal-kingdom/tusker-house-restaurant
2026-09-04,Tusker House Restaurant,Disney's Animal Kingdom,Blackberry-Orange Spritz,Breakfast Cocktails,Breakfast,"Ketel One Botanical Peach & Orange Blossom Vodka, Rockey’s Botanical Liqueur, Kim Crawford Sauvignon Blanc, and Blackberry Purée",17.50,animal-kingdom/tusker-house-restaurant
2026-09-04,Tusker House Restaurant,Disney's Animal Kingdom,Island Fusion Punch,Breakfast Cocktails,Breakfast,"Mount Gay Eclipse Rum, Minute Maid® Passion Fruit Orange Guava Juice, Pineapple and Lime Juices",16.50,animal-kingdom/tusker-house-restaurant
2026-09-04,Tusker House Restaurant,Disney's Animal Kingdom,Cold Brew Martini,Breakfast Cocktails,Breakfast,"Kōloa Kauaʻi Cacao Rum, Tia Maria Liqueur, Joffrey’s™ Cold Brew Coffee",17.50,animal-kingdom/tusker-house-restaurant
2026-09-04,Tusker House Restaurant,Disney's Animal Kingdom,Sunrise Margarita,Breakfast Cocktails,Breakfast,"Teremana Blanco Tequila, Grand Marnier Liqueur, Agave, Lime, Hella Cocktail Co. Smoked Chili Bitters",18.50,animal-kingdom/tusker-house-restaurant
2026-09-04,Tusker House Restaurant,Disney's Animal Kingdom,Pink Spritzer,Breakfast Cocktails,Breakfast,"Lyre’s Pink London Non-Alcoholic Spirit, Grapefruit Soda, Pomegranate Green Tea, Lime, and Mint",13.50,animal-kingdom/tusker-house-restaurant
2026-09-04,Tusker House Restaurant,Disney's Animal Kingdom,Legacy Mimosa,Breakfast Cocktails,Breakfast,"Uncle Nearest 1884 Small Batch Tennessee Whiskey, Grand Marnier Liqueur, Chateau Ste. Michelle Sparkling Wine, and Minute Maid® Orange Juice",20.50,animal-kingdom/tusker-house-restaurant
2026-09-04,Tusker House Restaurant,Disney's Animal Kingdom,Pomegranate Lemonade,Non-Alcoholic Specialty Beverages,Breakfast; Lunch; Dinner,"Lyre's Agave Non-Alcholic Spirit, Cold-pressed Lime Juice, Passion Fruit-Papaya Green Tea, and Cucmber",13.50,animal-kingdom/tusker-house-restaurant
2026-09-04,Tusker House Restaurant,Disney's Animal Kingdom,All-Natural Lemonade,Non-Alcoholic Specialty Beverages,Breakfast; Lunch; Dinner,,5.79,animal-kingdom/tusker-house-restaurant
2026-09-04,Tusker House Restaurant,Disney's Animal Kingdom,DASANI® Bottled Water,Non-Alcoholic Specialty Beverages,Breakfast; Lunch; Dinner,,4.00,animal-kingdom/tusker-house-restaurant
2026-09-04,Tusker House Restaurant,Disney's Animal Kingdom,Enchanted Grove Lime Splash,Non-Alcoholic Specialty Beverages,Breakfast; Lunch; Dinner,Minute Maid® Limeade paired with the revitalizing flavors of Cucumber and Mint,6.29,animal-kingdom/tusker-house-restaurant
2026-09-04,Tusker House Restaurant,Disney's Animal Kingdom,Enchanting Ember Lemonade,Non-Alcoholic Specialty Beverages,Breakfast; Lunch; Dinner,"Minute Maid® Premium Lemonade, Strawberry, and Hot Honey",6.49,animal-kingdom/tusker-house-restaurant
2026-09-04,Tusker House Restaurant,Disney's Animal Kingdom,Lava Smoothie,Non-Alcoholic Specialty Beverages,Breakfast; Lunch; Dinner,,6.29,animal-kingdom/tusker-house-restaurant
2026-09-04,Tusker House Restaurant,Disney's Animal Kingdom,Premium Sparkling Water,Non-Alcoholic Specialty Beverages,Breakfast; Lunch; Dinner,,4.50,animal-kingdom/tusker-house-restaurant
2026-09-04,Tusker House Restaurant,Disney's Animal Kingdom,So Many Wishes,Non-Alcoholic Specialty Beverages,Breakfast; Lunch; Dinner,"Pomegranate Green Tea, Hibiscus, Lemon, and a dash of Star Dust",6.59,animal-kingdom/tusker-house-restaurant
2026-09-04,Tusker House Restaurant,Disney's Animal Kingdom,Specialty Character Drink,Non-Alcoholic Specialty Beverages,Breakfast; Lunch; Dinner,Minute Maid® Zero Sugar Lemonade with flavors of Cotton Candy served in a souvenir Character Cup,6.75,animal-kingdom/tusker-house-restaurant
2026-09-04,Tusker House Restaurant,Disney's Animal Kingdom,Wild Strawberry Lemonade,Non-Alcoholic Specialty Beverages,Breakfast; Lunch; Dinner,,5.99,animal-kingdom/tusker-house-restaurant
2026-09-04,Tusker House Restaurant,Disney's Animal Kingdom,Blood Orange Margarita,Specialty Cocktails,Breakfast; Lunch; Dinner,"Sauza Conmemorativo Añejo Tequila, Cointreau, Lime Juice, and Blood Orange Sour",17.50,animal-kingdom/tusker-house-restaurant
2026-09-04,Tusker House Restaurant,Disney's Animal Kingdom,Spicy Poblano Margarita,Specialty Cocktails,Breakfast; Lunch; Dinner,"Patrón Silver Tequila, Ancho Reyes Verde Liqueur, Lime Juice, and Pure Cane Sugar",18.50,animal-kingdom/tusker-house-restaurant
2026-09-04,Tusker House Restaurant,Disney's Animal Kingdom,Paloma,Specialty Cocktails,Breakfast; Lunch; Dinner,Don Julio Blanco Tequila with juices of Ruby Red Grapefruit and Lime topped with Soda Water,17.50,animal-kingdom/tusker-house-restaurant
2026-09-04,Tusker House Restaurant,Disney's Animal Kingdom,Rum Swizzle,Specialty Cocktails,Breakfast; Lunch; Dinner,Mount Gay Eclipse Rum with Tropical Juices and flavors of Guava and Mango,16.50,animal-kingdom/tusker-house-restaurant
2026-09-04,Tusker House Restaurant,Disney's Animal Kingdom,Raspberry Mojito,Specialty Cocktails,Breakfast; Lunch; Dinner,"Bacardí Raspberry Rum, Mount Gay Eclipse Rum, Lime Juice, Mint, and Raspberry Purée topped with Soda Water",16.50,animal-kingdom/tusker-house-restaurant
2026-09-04,Tusker House Restaurant,Disney's Animal Kingdom,Sunset Margarita,Specialty Cocktails,Breakfast; Lunch; Dinner,"Teremana Blanco Tequila, Grand Marnier Liqueur, Smoked Chili Bitters, Lime, and Agave",18.50,animal-kingdom/tusker-house-restaurant
2026-09-04,Tusker House Restaurant,Disney's Animal Kingdom,Cold Brew Martini,Specialty Cocktails,Breakfast; Lunch; Dinner,"Kōloa Kaul'i Cacao Rum, Tia Maria Liqueur, and Joffrey's™ Cold Brew Coffee",17.50,animal-kingdom/tusker-house-restaurant
2026-09-04,Tusker House Restaurant,Disney's Animal Kingdom,Island Fusion Punch,Specialty Cocktails,Breakfast; Lunch; Dinner,"Mount Gay Eclipse Rum, Minute Maid® Passion Fruit Orange Guava Juice, Pineapple and Lime Juices",15.50,animal-kingdom/tusker-house-restaurant
2026-09-04,Tusker House Restaurant,Disney's Animal Kingdom,Blackberry-Orange Spritz,Specialty Cocktails,Breakfast; Lunch; Dinner,"Ketel One Peach & Orange Blossom Vodka, Rockey’s Botanical Liqueur, Kim Crawford Sauvignon Blanc, Blackberry",16.50,animal-kingdom/tusker-house-restaurant
2026-09-04,Tusker House Restaurant,Disney's Animal Kingdom,Sunrise Margarita,Specialty Cocktails,Breakfast; Lunch; Dinner,"Teremana Blanco Tequila, Grand Marnier Liqueur, Hella Cocktail Co. Smoked Chili Bitters, Lime, Agave",17.50,animal-kingdom/tusker-house-restaurant
2026-09-04,Tusker House Restaurant,Disney's Animal Kingdom,Legacy Mimosa,Specialty Cocktails,Breakfast; Lunch; Dinner,"Uncle Nearest 1884 Small Batch Tennessee Whiskey, Grand Marnier Liqueur, Chateau Ste. Michelle Sparkling Wine, Minute Maid® Orange Juice",19.50,animal-kingdom/tusker-house-restaurant
2026-09-04,Tusker House Restaurant,Disney's Animal Kingdom,African Margarita,Specialty Cocktails,Breakfast; Lunch; Dinner,"Sauza Gold Tequila, Van der Hum Tangerine Liqueur from South Africa, Sweet-and-Sour, and Lime Juice",15.50,animal-kingdom/tusker-house-restaurant
2026-09-04,Tusker House Restaurant,Disney's Animal Kingdom,Lost on Safari,Specialty Cocktails,Breakfast; Lunch; Dinner,Starr African Rum and Captain Morgan Original Spiced Rum with our refreshing Pangani Punch,16.50,animal-kingdom/tusker-house-restaurant
2026-09-04,Tusker House Restaurant,Disney's Animal Kingdom,Ngumu Jungle Juice,Specialty Cocktails,Breakfast; Lunch; Dinner,"SVEDKA Vodka, Bols Peach Schnapps Liqueur, and Tusker's famous Jungle Juice",16.00,animal-kingdom/tusker-house-restaurant
2026-09-04,Tusker House Restaurant,Disney's Animal Kingdom,Tikiti Punch,Specialty Cocktails,Breakfast; Lunch; Dinner,SVEDKA Vodka and thirst-quenching Watermelon Lemonade,14.50,animal-kingdom/tusker-house-restaurant
2026-09-04,Tusker House Restaurant,Disney's Animal Kingdom,Watermelon Margarita,Specialty Cocktails,Breakfast; Lunch; Dinner,"Patrón Silver Tequila, Watermelon, and Lime Juice",16.50,animal-kingdom/tusker-house-restaurant
2026-09-04,Tusker House Restaurant,Disney's Animal Kingdom,Cold Brew Martini,Specialty Cocktails,Breakfast; Lunch; Dinner,"SelvaRey Chocolate Rum, Tia Maria Liqueur, and Joffrey’s Coffee™ Cold Brew",16.50,animal-kingdom/tusker-house-restaurant
2026-09-04,Tusker House Restaurant,Disney's Animal Kingdom,Whiskey Breeze,Specialty Cocktails,Breakfast; Lunch; Dinner,"Old Forester Bourbon, Cointreau Liqueur, and Lemon Juice with flavors of Guava and Mango",17.50,animal-kingdom/tusker-house-restaurant
2026-09-04,Tusker House Restaurant,Disney's Animal Kingdom,Kentucky Mule,Specialty Cocktails,Breakfast; Lunch; Dinner,"Buffalo Trace Kentucky Straight Bourbon, Lime Juice, and Pure Cane Sugar topped with Fever Tree Ginger Beer",18.50,animal-kingdom/tusker-house-restaurant
2026-09-04,Tusker House Restaurant,Disney's Animal Kingdom,Bahama Mama,Specialty Cocktails,Breakfast; Lunch; Dinner,"Parrot Bay Coconut Rum, Plantation Original Dark Rum, Bols Crème de Banana, and Tropical Juices",16.50,animal-kingdom/tusker-house-restaurant
2026-09-04,Tusker House Restaurant,Disney's Animal Kingdom,Piña CoLava,Specialty Cocktails,Breakfast; Lunch; Dinner,"Bacardi Raspberry Rum blended with flavors of Coconut, Pineapple, and Raspberry Purée",17.50,animal-kingdom/tusker-house-restaurant
2026-09-04,Tusker House Restaurant,Disney's Animal Kingdom,Ultimate Long Island Iced Tea,Specialty Cocktails,Breakfast; Lunch; Dinner,"Bacardi Superior Rum, Tito’s Handmade Vodka, Hendrick’s Gin, Corazón Blanco Tequila, Cointreau, and Sweet-and-Sour with a splash of Coca-Cola®",18.50,animal-kingdom/tusker-house-restaurant
2026-09-04,Tusker House Restaurant,Disney's Animal Kingdom,Captain’s Mai Tai,Specialty Cocktails,Breakfast; Lunch; Dinner,"Captain Morgan Original Spiced Rum, Bols Amaretto, and Tropical Juices topped with a float of Plantation Original Dark Rum",16.50,animal-kingdom/tusker-house-restaurant
2026-09-04,Tusker House Restaurant,Disney's Animal Kingdom,Blue “Glow-Tini”,Specialty Cocktails,Breakfast; Lunch; Dinner,"Skyy Infusions Citrus Vodka, Bols Peach Schnapps, Bols Blue Curaçao, and Pineapple Juice with a Sugared Rim and a souvenir Glow Cube",17.50,animal-kingdom/tusker-house-restaurant
2026-09-04,Tusker House Restaurant,Disney's Animal Kingdom,Indigo Hibiscus,Specialty Cocktails,Breakfast; Lunch; Dinner,"Empress 1908 Gin, Bols Blue Curaçao Liqueur, Minute Maid® Premium Lemonade, Orgeat (Almond), Lemon, and Hibiscus Grenadine",17.50,animal-kingdom/tusker-house-restaurant
2026-09-04,Tusker House Restaurant,Disney's Animal Kingdom,Chocolate Martini,Specialty Cocktails,Breakfast; Lunch; Dinner,"Mozart Chocolate Liquor, Stoli Vanil Vodka, Bols White Crème de Cacao, and Frangelico",17.50,animal-kingdom/tusker-house-restaurant
2026-09-04,Tusker House Restaurant,Disney's Animal Kingdom,Red Sangria,Specialty Cocktails,Breakfast; Lunch; Dinner,"Opici Family Red Sangria is made in La Mancha, Spain from Tempranillo grapes and has flavors of raspberry, apple, and blackberry with succulent aromas of natural Valencia oranges and cinnamon",14.00,animal-kingdom/tusker-house-restaurant
2026-09-04,Tusker House Restaurant,Disney's Animal Kingdom,White Sangria,Specialty Cocktails,Breakfast; Lunch; Dinner,"Opici Family White Sangria is made in La Mancha, Spain from Airén grapes and has flavors of banana, pineapple, and grapefruit with a hint of ginger",14.00,animal-kingdom/tusker-house-restaurant
2026-09-04,Tusker House Restaurant,Disney's Animal Kingdom,Bacardi Mojito,Specialty Cocktails,Breakfast; Lunch; Dinner,"Bacardi Superior Rum, Lime Juice, Pure Cane Sugar, and Mint topped with Soda Water",16.50,animal-kingdom/tusker-house-restaurant
2026-09-04,Tusker House Restaurant,Disney's Animal Kingdom,Piña CoLava,Specialty Cocktails,Breakfast; Lunch; Dinner,"Don Q Coco Rum, Pineapple, Agave, and Orange Bitters served over Ice",18.50,animal-kingdom/tusker-house-restaurant
2026-09-04,Tusker House Restaurant,Disney's Animal Kingdom,"Graham Beck Brut Rosé N.V., Western Cape",Wine Selections,Breakfast; Lunch; Dinner,,62.00,animal-kingdom/tusker-house-restaurant
2026-09-04,Tusker House Restaurant,Disney's Animal Kingdom,"Jam Jar Sweet White, Western Cape",Wine Selections,Breakfast; Lunch; Dinner,,52.00,animal-kingdom/tusker-house-restaurant
2026-09-04,Tusker House Restaurant,Disney's Animal Kingdom,"Bellingham Citrus Grove Chenin Blanc, South Africa",Wine Selections,Breakfast; Lunch; Dinner,,52.00,animal-kingdom/tusker-house-restaurant
2026-09-04,Tusker House Restaurant,Disney's Animal Kingdom,"Beyond Sauvignon Blanc, South Africa",Wine Selections,Breakfast; Lunch; Dinner,,52.00,animal-kingdom/tusker-house-restaurant
2026-09-04,Tusker House Restaurant,Disney's Animal Kingdom,"Indaba Chardonnay, Western Cape",Wine Selections,Breakfast; Lunch; Dinner,,52.00,animal-kingdom/tusker-house-restaurant
2026-09-04,Tusker House Restaurant,Disney's Animal Kingdom,"Jam Jar Sweet Shiraz, Western Cape",Wine Selections,Breakfast; Lunch; Dinner,,52.00,animal-kingdom/tusker-house-restaurant
2026-09-04,Tusker House Restaurant,Disney's Animal Kingdom,"Painted Wolf Pinotage, South Africa",Wine Selections,Breakfast; Lunch; Dinner,,62.00,animal-kingdom/tusker-house-restaurant
2026-09-04,Tusker House Restaurant,Disney's Animal Kingdom,"Black Pearl Oro Cabernet-Shiraz Blend, South Africa",Wine Selections,Breakfast; Lunch; Dinner,,62.00,animal-kingdom/tusker-house-restaurant
2026-09-04,Tusker House Restaurant,Disney's Animal Kingdom,"Spice Route Chakalaka Shiraz Blend, South Africa",Wine Selections,Breakfast; Lunch; Dinner,,74.00,animal-kingdom/tusker-house-restaurant
2026-09-04,Tusker House Restaurant,Disney's Animal Kingdom,"Excelsior Cabernet Sauvignon, South Africa",Wine Selections,Breakfast; Lunch; Dinner,,56.00,animal-kingdom/tusker-house-restaurant
2026-09-04,Warung Outpost,Disney's Animal Kingdom,Rafiki Wildberry and DOLE Whip® Orange Float,Snacks,Bar – Lounge,DOLE Whip® Orange swirled into Fanta® Orange with Wildberry Syrup topped with a White Chocolate Character Medallion,6.99,animal-kingdom/warung-outpost
2026-09-04,Warung Outpost,Disney's Animal Kingdom,DOLE Whip® Pineapple Juice Float,Snacks,Bar – Lounge,,6.79,animal-kingdom/warung-outpost
2026-09-04,Warung Outpost,Disney's Animal Kingdom,DOLE Whip® Cup,Snacks,Bar – Lounge,"Pineapple, Orange, or Swirl",5.99,animal-kingdom/warung-outpost
2026-09-04,Warung Outpost,Disney's Animal Kingdom,Churro,Snacks,Bar – Lounge,With Chocolate Dipping sauce,7.49,animal-kingdom/warung-outpost
2026-09-04,Warung Outpost,Disney's Animal Kingdom,Assorted Coca-Cola® Fountain Beverages,Non-Alcoholic Beverages,Bar – Lounge,,4.79,animal-kingdom/warung-outpost
2026-09-04,Warung Outpost,Disney's Animal Kingdom,DASANI® Bottled Water,Non-Alcoholic Beverages,Bar – Lounge,,4.25,animal-kingdom/warung-outpost
2026-09-04,Warung Outpost,Disney's Animal Kingdom,DOLE Whip® Pineapple Juice Float with Rum,Alcoholic Beverages,Bar – Lounge,Available with Myers’s Original Dark Rum,16.50,animal-kingdom/warung-outpost
2026-09-04,Yak & Yeti™ Local Food Cafes,Disney's Animal Kingdom,Breakfast Bowl,Entrées,Breakfast,"Scrambled Eggs, Cheddar, Breakfast Potatoes, Pepper and Onions",11.99,animal-kingdom/yak-and-yeti-local-foods-cafe
2026-09-04,Yak & Yeti™ Local Food Cafes,Disney's Animal Kingdom,Breakfast Bowl with Bacon or Sausage,Entrées,Breakfast,"Scrambled Eggs, Cheddar, Breakfast Potatoes, Pepper and Onions",13.99,animal-kingdom/yak-and-yeti-local-foods-cafe
2026-09-04,Yak & Yeti™ Local Food Cafes,Disney's Animal Kingdom,Egg White English Muffin,Entrées,Breakfast,"Egg Whites, American, and Tomato on a Toasted English Muffin",11.99,animal-kingdom/yak-and-yeti-local-foods-cafe
2026-09-04,Yak & Yeti™ Local Food Cafes,Disney's Animal Kingdom,Sausage and Egg English Muffin,Entrées,Breakfast,"Eggs, American, and Sausage on a Toasted English Muffin",13.99,animal-kingdom/yak-and-yeti-local-foods-cafe
2026-09-04,Yak & Yeti™ Local Food Cafes,Disney's Animal Kingdom,Fruit Salad,Salads and Sides,Breakfast,Fresh Seasonal Fruit,9.99,animal-kingdom/yak-and-yeti-local-foods-cafe
2026-09-04,Yak & Yeti™ Local Food Cafes,Disney's Animal Kingdom,Yogurt Parfait,Salads and Sides,Breakfast,Lowfat Yogurt and Strawberry Compote served with Granola,9.99,animal-kingdom/yak-and-yeti-local-foods-cafe
2026-09-04,Yak & Yeti™ Local Food Cafes,Disney's Animal Kingdom,Hash Brown Bites,Salads and Sides,Breakfast,,5.99,animal-kingdom/yak-and-yeti-local-foods-cafe
2026-09-04,Yak & Yeti™ Local Food Cafes,Disney's Animal Kingdom,Pancake Sausage Stick,Kids' Meals,Breakfast,"includes choice of 1% Mickey Milk, 100% Minute Maid® Apple Juice*, Small DASANI® Bottled Water",9.99,animal-kingdom/yak-and-yeti-local-foods-cafe
2026-09-04,Yak & Yeti™ Local Food Cafes,Disney's Animal Kingdom,French Toast,Kids' Meals,Breakfast,"includes choice of 1% Mickey Milk, 100% Minute Maid® Apple Juice*, Small DASANI® Bottled Water",9.99,animal-kingdom/yak-and-yeti-local-foods-cafe
2026-09-04,Yak & Yeti™ Local Food Cafes,Disney's Animal Kingdom,Simply® Orange,Beverages,Breakfast,,5.59,animal-kingdom/yak-and-yeti-local-foods-cafe
2026-09-04,Yak & Yeti™ Local Food Cafes,Disney's Animal Kingdom,Minute Maid® Apple Juice,Beverages,Breakfast; Lunch And Dinner,,4.59,animal-kingdom/yak-and-yeti-local-foods-cafe
2026-09-04,Yak & Yeti™ Local Food Cafes,Disney's Animal Kingdom,Freshly Brewed Coffee,Beverages,Breakfast,Regular or Decaf,4.50,animal-kingdom/yak-and-yeti-local-foods-cafe
2026-09-04,Yak & Yeti™ Local Food Cafes,Disney's Animal Kingdom,Flavored Coconut Water,Beverages,Breakfast; Lunch And Dinner,"choice of Pure, Watermelon, or Pineapple",6.29,animal-kingdom/yak-and-yeti-local-foods-cafe
2026-09-04,Yak & Yeti™ Local Food Cafes,Disney's Animal Kingdom,Honey Sesame Chicken,Entrées,Lunch And Dinner,,14.99,animal-kingdom/yak-and-yeti-local-foods-cafe
2026-09-04,Yak & Yeti™ Local Food Cafes,Disney's Animal Kingdom,Yeti Cheeseburger,Entrées,Lunch And Dinner,,19.49,animal-kingdom/yak-and-yeti-local-foods-cafe
2026-09-04,Yak & Yeti™ Local Food Cafes,Disney's Animal Kingdom,Firecracker Shrimp,Entrées,Lunch And Dinner,,17.99,animal-kingdom/yak-and-yeti-local-foods-cafe
2026-09-04,Yak & Yeti™ Local Food Cafes,Disney's Animal Kingdom,Korean Fried Chicken Sandwich,Entrées,Lunch And Dinner,,15.99,animal-kingdom/yak-and-yeti-local-foods-cafe
2026-09-04,Yak & Yeti™ Local Food Cafes,Disney's Animal Kingdom,Korean Barbecue Rib Tips,Entrées,Lunch And Dinner,,17.99,animal-kingdom/yak-and-yeti-local-foods-cafe
2026-09-04,Yak & Yeti™ Local Food Cafes,Disney's Animal Kingdom,Teriyaki Chicken Salad,Entrées,Lunch And Dinner,,14.49,animal-kingdom/yak-and-yeti-local-foods-cafe
2026-09-04,Yak & Yeti™ Local Food Cafes,Disney's Animal Kingdom,Vegetable Tikka Masala,Entrées,Lunch And Dinner,,14.99,animal-kingdom/yak-and-yeti-local-foods-cafe
2026-09-04,Yak & Yeti™ Local Food Cafes,Disney's Animal Kingdom,Pork Egg Rolls - 2 Rolls,Sides,Lunch And Dinner,,8.99,animal-kingdom/yak-and-yeti-local-foods-cafe
2026-09-04,Yak & Yeti™ Local Food Cafes,Disney's Animal Kingdom,Chicken Fried Rice,Sides,Lunch And Dinner,,7.99,animal-kingdom/yak-and-yeti-local-foods-cafe
2026-09-04,Yak & Yeti™ Local Food Cafes,Disney's Animal Kingdom,Crispy Pork Pot Stickers,Sides,Lunch And Dinner,,8.49,animal-kingdom/yak-and-yeti-local-foods-cafe
2026-09-04,Yak & Yeti™ Local Food Cafes,Disney's Animal Kingdom,Pork Egg Rolls - 1 Roll,Sides,Lunch And Dinner,,5.49,animal-kingdom/yak-and-yeti-local-foods-cafe
2026-09-04,Yak & Yeti™ Local Food Cafes,Disney's Animal Kingdom,Snack Chicken Fried Rice,Sides,Lunch And Dinner,,6.49,animal-kingdom/yak-and-yeti-local-foods-cafe
2026-09-04,Yak & Yeti™ Local Food Cafes,Disney's Animal Kingdom,Basket of French Fries,Sides,Lunch And Dinner,,5.99,animal-kingdom/yak-and-yeti-local-foods-cafe
2026-09-04,Yak & Yeti™ Local Food Cafes,Disney's Animal Kingdom,Banana Pudding Parfait,Desserts,Lunch And Dinner,,8.99,animal-kingdom/yak-and-yeti-local-foods-cafe
2026-09-04,Yak & Yeti™ Local Food Cafes,Disney's Animal Kingdom,Cookies & Cream Parfait,Desserts,Lunch And Dinner,,8.99,animal-kingdom/yak-and-yeti-local-foods-cafe
2026-09-04,Yak & Yeti™ Local Food Cafes,Disney's Animal Kingdom,Mini Mango Pie,Desserts,Lunch And Dinner,,8.99,animal-kingdom/yak-and-yeti-local-foods-cafe
2026-09-04,Yak & Yeti™ Local Food Cafes,Disney's Animal Kingdom,Cheeseburger,Kids' Meals,Lunch And Dinner,"includes Cookie, Fresh Fruit, and choice of 1% Mickey Milk, 100% Minute Maid® Apple Juice, or Small DASANI® Bottled Water",9.99,animal-kingdom/yak-and-yeti-local-foods-cafe
2026-09-04,Yak & Yeti™ Local Food Cafes,Disney's Animal Kingdom,Chicken Strips,Kids' Meals,Lunch And Dinner,"includes Cookie, Fresh Fruit, and choice of 1% Mickey Milk, 100% Minute Maid® Apple Juice, or Small DASANI® Bottled Water",9.99,animal-kingdom/yak-and-yeti-local-foods-cafe
2026-09-04,Yak & Yeti™ Local Food Cafes,Disney's Animal Kingdom,PB&J Uncrustable,Kids' Meals,Lunch And Dinner,"includes Cookie, Fresh Fruit, and choice of 1% Mickey Milk, 100% Minute Maid® Apple Juice, or Small DASANI® Bottled Water",8.99,animal-kingdom/yak-and-yeti-local-foods-cafe
2026-09-04,Yak & Yeti™ Local Food Cafes,Disney's Animal Kingdom,Assorted Fountain Beverages,Beverages,Lunch And Dinner,,5.59,animal-kingdom/yak-and-yeti-local-foods-cafe
2026-09-04,Yak & Yeti™ Local Food Cafes,Disney's Animal Kingdom,Souvenir Panda Cup,Beverages,Lunch And Dinner,,13.99,animal-kingdom/yak-and-yeti-local-foods-cafe
2026-09-04,Yak & Yeti™ Local Food Cafes,Disney's Animal Kingdom,DASANI® Bottled Water,Beverages,Lunch And Dinner,,4.25,animal-kingdom/yak-and-yeti-local-foods-cafe
2026-09-04,Yak & Yeti™ Local Food Cafes,Disney's Animal Kingdom,Milk,Beverages,Lunch And Dinner,,3.59,animal-kingdom/yak-and-yeti-local-foods-cafe
2026-09-04,Yak & Yeti™ Local Food Cafes,Disney's Animal Kingdom,Chocolate Milk,Beverages,Lunch And Dinner,,3.59,animal-kingdom/yak-and-yeti-local-foods-cafe
2026-09-04,Yak & Yeti™ Local Food Cafes,Disney's Animal Kingdom,Bud Light Lager,Alcoholic Beverages,Lunch And Dinner,,10.00,animal-kingdom/yak-and-yeti-local-foods-cafe
2026-09-04,Yak & Yeti™ Local Food Cafes,Disney's Animal Kingdom,Safari Amber Lager,Alcoholic Beverages,Lunch And Dinner,,12.25,animal-kingdom/yak-and-yeti-local-foods-cafe
2026-09-04,Yak & Yeti™ Local Food Cafes,Disney's Animal Kingdom,Local Seasonal Beer,Alcoholic Beverages,Lunch And Dinner,,10.00,animal-kingdom/yak-and-yeti-local-foods-cafe
2026-09-04,Yak & Yeti™ Local Food Cafes,Disney's Animal Kingdom,Opici Family Sangria,Alcoholic Beverages,Lunch And Dinner,,14.00,animal-kingdom/yak-and-yeti-local-foods-cafe
2026-09-04,Yak & Yeti™ Local Food Cafes,Disney's Animal Kingdom,J Pop Tokyo Sparkling Cocktail,Alcoholic Beverages,Lunch And Dinner,Choice of White Peach or Lychee,12.00,animal-kingdom/yak-and-yeti-local-foods-cafe
2026-09-04,Yak & Yeti™ Restaurant,Disney's Animal Kingdom,Pork Pot Stickers,Small Plates,Lunch; Dinner,"Pan seared or steamed, soy lime dipping sauce",13.29,animal-kingdom/yak-and-yeti-restaurant
2026-09-04,Yak & Yeti™ Restaurant,Disney's Animal Kingdom,Wok-Fried Green Beans,Small Plates,Lunch; Dinner,"Battered green beans, sweet Thai chili dipping sauce",13.29,animal-kingdom/yak-and-yeti-restaurant
2026-09-04,Yak & Yeti™ Restaurant,Disney's Animal Kingdom,Pork Egg Rolls,Small Plates,Lunch; Dinner,Chili plum dipping sauce,13.29,animal-kingdom/yak-and-yeti-restaurant
2026-09-04,Yak & Yeti™ Restaurant,Disney's Animal Kingdom,Firecracker Shrimp,Small Plates,Lunch; Dinner,"Crispy fried shrimp and Shishito peppers tossed in a creamy, spicy sauce, Asian slaw",15.49,animal-kingdom/yak-and-yeti-restaurant
2026-09-04,Yak & Yeti™ Restaurant,Disney's Animal Kingdom,Kimchi Calamari,Shareables (Meant for 2),Lunch; Dinner,"Crispy battered medley of calamari & vegetables, kimchi dressing, Bang Bang sauce",16.99,animal-kingdom/yak-and-yeti-restaurant
2026-09-04,Yak & Yeti™ Restaurant,Disney's Animal Kingdom,Lettuce Cups,Shareables (Meant for 2),Lunch; Dinner,"Wok-fried ground chicken, chopped vegetables, sweet soy glaze, crisp lettuce cups",21.49,animal-kingdom/yak-and-yeti-restaurant
2026-09-04,Yak & Yeti™ Restaurant,Disney's Animal Kingdom,Crab Rangoon Dip,Shareables (Meant for 2),Lunch; Dinner,"Crab Rangoon dip, crispy fried wontons, sweet Thai chili sauce",20.49,animal-kingdom/yak-and-yeti-restaurant
2026-09-04,Yak & Yeti™ Restaurant,Disney's Animal Kingdom,Korean Fried Chicken,Shareables (Meant for 2),Lunch; Dinner,"Hand breaded tenders tossed in Gochujang maple syrup, dipping sauce",18.49,animal-kingdom/yak-and-yeti-restaurant
2026-09-04,Yak & Yeti™ Restaurant,Disney's Animal Kingdom,Ahi Tuna Nachos,Shareables (Meant for 2),Lunch; Dinner,"Sushi grade Ahi tuna, Asian slaw, crispy fried wontons, wasabi aioli, sweet soy glaze",23.79,animal-kingdom/yak-and-yeti-restaurant
2026-09-04,Yak & Yeti™ Restaurant,Disney's Animal Kingdom,Wonton Soup,Soups & Salads,Lunch; Dinner,"Pork wontons, clear chicken broth and vegetables",8.49,animal-kingdom/yak-and-yeti-restaurant
2026-09-04,Yak & Yeti™ Restaurant,Disney's Animal Kingdom,House Salad,Soups & Salads,Lunch; Dinner,"Mixed greens, romaine & iceberg lettuce, cucumber, grape tomatoes, ginger wonton crisps, Asian dressing",10.29,animal-kingdom/yak-and-yeti-restaurant
2026-09-04,Yak & Yeti™ Restaurant,Disney's Animal Kingdom,Seared Tuna Salad,Soups & Salads,Lunch; Dinner,"Chilled, seared blackened Ahi Tuna, mixed greens, grape tomatoes, wonton crisps & ginger dressing",25.79,animal-kingdom/yak-and-yeti-restaurant
2026-09-04,Yak & Yeti™ Restaurant,Disney's Animal Kingdom,Chop Chop Chicken Salad,Soups & Salads,Lunch; Dinner,"Chopped romaine lettuce, red and Napa cabbage, carrots, marinated grilled chicken, tossed in miso sesame dressing, crispy wontons",21.49,animal-kingdom/yak-and-yeti-restaurant
2026-09-04,Yak & Yeti™ Restaurant,Disney's Animal Kingdom,Chop Chop Shrimp Salad,Soups & Salads,Lunch; Dinner,"Chopped romaine lettuce, red and Napa cabbage, carrots, marinated grilled shrimp, tossed in miso sesame dressing, crispy wontons",23.49,animal-kingdom/yak-and-yeti-restaurant
2026-09-04,Yak & Yeti™ Restaurant,Disney's Animal Kingdom,Dragon Roll Bowl*,Noodles & Bowls,Lunch; Dinner,"Spicy tuna, Dynamite Crab, teriyaki salmon, cucumbers, edamame, carrots, mango, tempura crunch over sushi rice (no substitutions please)",30.79,animal-kingdom/yak-and-yeti-restaurant
2026-09-04,Yak & Yeti™ Restaurant,Disney's Animal Kingdom,Lo Mein Chicken,Noodles & Bowls,Lunch; Dinner,"Lo Mein noodles, carrots, cabbage, green onions, bean sprouts",23.59,animal-kingdom/yak-and-yeti-restaurant
2026-09-04,Yak & Yeti™ Restaurant,Disney's Animal Kingdom,Lo Mein Shrimp,Noodles & Bowls,Lunch; Dinner,"Lo Mein noodles, carrots, cabbage, green onions, bean sprouts",24.59,animal-kingdom/yak-and-yeti-restaurant
2026-09-04,Yak & Yeti™ Restaurant,Disney's Animal Kingdom,Lo Mein - Combo,Noodles & Bowls,Lunch; Dinner,"Lo Mein noodles, carrots, cabbage, green onions, bean sprouts",24.59,animal-kingdom/yak-and-yeti-restaurant
2026-09-04,Yak & Yeti™ Restaurant,Disney's Animal Kingdom,Vegetable Lo Mein,Noodles & Bowls,Lunch; Dinner,"Lo Mein noodles, carrots, cabbage, green onions, bean sprouts | Add tofu +5.99 | Add plant-based chicken +7.99",22.59,animal-kingdom/yak-and-yeti-restaurant
2026-09-04,Yak & Yeti™ Restaurant,Disney's Animal Kingdom,Cantonese Pork Belly Bowl*,Noodles & Bowls,Lunch; Dinner,"Char Siu pork belly, stir-fried Yakisoba Noodles with carrots, shiitake mushrooms & scallions, grilled bok choy, crispy pork wontons, fried egg, chili crisp",37.99,animal-kingdom/yak-and-yeti-restaurant
2026-09-04,Yak & Yeti™ Restaurant,Disney's Animal Kingdom,Beef Chow Fun,Noodles & Bowls,Lunch; Dinner,"Wok-fried beef, onions, bean sprouts, scallions, rice noodles",24.99,animal-kingdom/yak-and-yeti-restaurant
2026-09-04,Yak & Yeti™ Restaurant,Disney's Animal Kingdom,Chicken Tikka Masala,Specialties,Lunch; Dinner,"Boneless chicken marinated in yogurt and freshly ground herbs, cooked in a traditional Masala sauce, Jasmine rice, garlic naan",28.79,animal-kingdom/yak-and-yeti-restaurant
2026-09-04,Yak & Yeti™ Restaurant,Disney's Animal Kingdom,Coconut Shrimp,Specialties,Lunch; Dinner,"Coconut crusted shrimp, Jasmine rice, stir-fried vegetables, coconut curry sauce",28.79,animal-kingdom/yak-and-yeti-restaurant
2026-09-04,Yak & Yeti™ Restaurant,Disney's Animal Kingdom,Bhaktapur Duck,Specialties,Lunch; Dinner,"Roasted half duckling, honey Five-Spice glaze, Jasmine rice, stir-fried vegetables (**Not included in the Disney Dining Plan)",40.99,animal-kingdom/yak-and-yeti-restaurant
2026-09-04,Yak & Yeti™ Restaurant,Disney's Animal Kingdom,Roasted Vegetable Bowl,Specialties,Lunch; Dinner,"Oven roasted Kalbi marinated vegetables served with a flavorful blend of white and red quinoa, brown rice, vegan Sriracha aioli | Add tofu +5.99 | Add plant-based chicken +7.99",23.59,animal-kingdom/yak-and-yeti-restaurant
2026-09-04,Yak & Yeti™ Restaurant,Disney's Animal Kingdom,Korean Beef,Wok,Lunch; Dinner,"Wok-fried beef, peppers, onions, pineapple, Korean BBQ sauce | Choice of Jasmine or brown rice. Substitute with chicken fried rice +3.99",26.79,animal-kingdom/yak-and-yeti-restaurant
2026-09-04,Yak & Yeti™ Restaurant,Disney's Animal Kingdom,Honey Chicken,Wok,Lunch; Dinner,"Tempura chicken tossed in honey sauce, stir-fried vegetables | Choice of Jasmine or brown rice. Substitute with chicken fried rice +3.99",23.59,animal-kingdom/yak-and-yeti-restaurant
2026-09-04,Yak & Yeti™ Restaurant,Disney's Animal Kingdom,Sweet & Sour Chicken,Wok,Lunch; Dinner,"Tempura chicken, ginger, garlic, bell peppers, onions, pineapple | Choice of Jasmine or brown rice. Substitute with chicken fried rice +3.99",23.59,animal-kingdom/yak-and-yeti-restaurant
2026-09-04,Yak & Yeti™ Restaurant,Disney's Animal Kingdom,Thai Basil Chicken,Wok,Lunch; Dinner,"Wok-fried ground chicken, shiitake mushrooms, sugar snap peas, peppers, Thai basil, wide egg noodles tossed in spicy basil sauce | Choice of Jasmine or brown rice. Substitute with chicken fried rice +3.99",29.79,animal-kingdom/yak-and-yeti-restaurant
2026-09-04,Yak & Yeti™ Restaurant,Disney's Animal Kingdom,Hibachi Steak & Shrimp*,Grilled,Lunch; Dinner,"Marinated Flat Iron Steak, coconut shrimp, stir-fried vegetables, coconut curry sauce, Jasmine rice (**Not included in the Disney Dining Plan)",40.99,animal-kingdom/yak-and-yeti-restaurant
2026-09-04,Yak & Yeti™ Restaurant,Disney's Animal Kingdom,BBQ Ribs,Grilled,Lunch; Dinner,"Half rack of slow roasted St. Louis pork ribs, Korean BBQ sauce, fries, kimchi slaw Add on an additional 1/2 Rack of Ribs $15.99",29.99,animal-kingdom/yak-and-yeti-restaurant
2026-09-04,Yak & Yeti™ Restaurant,Disney's Animal Kingdom,Teriyaki Chicken Bowl,Grilled,Lunch; Dinner,"Grilled Teriyaki chicken breast, sweet & sour carrots, edamame, Miso slaw, pineapple mango salsa, coconut-ginger rice",26.99,animal-kingdom/yak-and-yeti-restaurant
2026-09-04,Yak & Yeti™ Restaurant,Disney's Animal Kingdom,Plant Burger,Grilled,Lunch; Dinner,"Plant-based burger patty, pepper jack cheese, lettuce, tomato, onion, Asian pickles, vegan Sriracha mayo, crispy fries",24.59,animal-kingdom/yak-and-yeti-restaurant
2026-09-04,Yak & Yeti™ Restaurant,Disney's Animal Kingdom,Kobe Beef Burger*,Grilled,Lunch; Dinner,"Grilled American Kobe beef burger, sesame-soy mayonnaise, crispy fries. Topped with choice of shiitake mushroom & scallion compote or Asian slaw",25.79,animal-kingdom/yak-and-yeti-restaurant
2026-09-04,Yak & Yeti™ Restaurant,Disney's Animal Kingdom,Korean Kimchi Burger*,Grilled,Lunch; Dinner,"Grilled American Kobe beef burger, topped with kimchi, bacon jam, sriracha aioli, crispy fries. Top with Fried Egg $3.99",28.79,animal-kingdom/yak-and-yeti-restaurant
2026-09-04,Yak & Yeti™ Restaurant,Disney's Animal Kingdom,Miso Salmon,Grilled,Lunch; Dinner,"Misoyaki glazed Atlantic Salmon, coconut-ginger rice, stir-fried bok choy",33.99,animal-kingdom/yak-and-yeti-restaurant
2026-09-04,Yak & Yeti™ Restaurant,Disney's Animal Kingdom,House Fried Rice,Sides,Lunch; Dinner,,17.99,animal-kingdom/yak-and-yeti-restaurant
2026-09-04,Yak & Yeti™ Restaurant,Disney's Animal Kingdom,Chicken Fried Rice,Sides,Lunch; Dinner,,11.79,animal-kingdom/yak-and-yeti-restaurant
2026-09-04,Yak & Yeti™ Restaurant,Disney's Animal Kingdom,Steamed Rice - Jasmine or Brown Rice,Sides,Lunch; Dinner,,7.79,animal-kingdom/yak-and-yeti-restaurant
2026-09-04,Yak & Yeti™ Restaurant,Disney's Animal Kingdom,Sauteed Baby Bok Choy,Sides,Lunch; Dinner,,12.49,animal-kingdom/yak-and-yeti-restaurant
2026-09-04,Yak & Yeti™ Restaurant,Disney's Animal Kingdom,Garlic Noodles,Sides,Lunch; Dinner,,13.49,animal-kingdom/yak-and-yeti-restaurant
2026-09-04,Yak & Yeti™ Restaurant,Disney's Animal Kingdom,Crab Fried Rice,Sides,Lunch; Dinner,,23.79,animal-kingdom/yak-and-yeti-restaurant
2026-09-04,Yak & Yeti™ Restaurant,Disney's Animal Kingdom,Coconut Shrimp,Sides,Lunch; Dinner,,11.29,animal-kingdom/yak-and-yeti-restaurant
2026-09-04,Yak & Yeti™ Restaurant,Disney's Animal Kingdom,Fried Wontons,Desserts,Lunch; Dinner,"Skewers of fresh pineapple and cream cheese wontons, vanilla ice cream, honey vanilla drizzle",14.49,animal-kingdom/yak-and-yeti-restaurant
2026-09-04,Yak & Yeti™ Restaurant,Disney's Animal Kingdom,New York Cheesecake,Desserts,Lunch; Dinner,"With mango and strawberry coulis, whipped topping",12.99,animal-kingdom/yak-and-yeti-restaurant
2026-09-04,Yak & Yeti™ Restaurant,Disney's Animal Kingdom,Pineapple Upside-down Cake,Desserts,Lunch; Dinner,"Served warm, vanilla ice cream, caramel sauce",13.99,animal-kingdom/yak-and-yeti-restaurant
2026-09-04,Yak & Yeti™ Restaurant,Disney's Animal Kingdom,Chocolate Pudding Cake,Desserts,Lunch; Dinner,with raspberry sauce,13.49,animal-kingdom/yak-and-yeti-restaurant
2026-09-04,Yak & Yeti™ Restaurant,Disney's Animal Kingdom,Mango Pie,Desserts,Lunch; Dinner,"Shortbread cookie crust, whipped topping, raspberry sauce",13.99,animal-kingdom/yak-and-yeti-restaurant
2026-09-04,Yak & Yeti™ Restaurant,Disney's Animal Kingdom,Cheeseburger,Kids' Entrées,Lunch; Dinner,choice of Two (2) Sides and choice of Kid-size portion of Milk or Apple Juice,11.99,animal-kingdom/yak-and-yeti-restaurant
2026-09-04,Yak & Yeti™ Restaurant,Disney's Animal Kingdom,Stir-fry Noodles,Kids' Entrées,Lunch; Dinner,choice of Two (2) Sides and choice Kid-size portion of Milk or Apple Juice,11.99,animal-kingdom/yak-and-yeti-restaurant
2026-09-04,Yak & Yeti™ Restaurant,Disney's Animal Kingdom,Fresh Fish,Kids' Entrées,Lunch; Dinner,Breaded or Grilled with choice of Two (2) Sides and choice Kid-size portion of Milk or Apple Juice,11.99,animal-kingdom/yak-and-yeti-restaurant
2026-09-04,Yak & Yeti™ Restaurant,Disney's Animal Kingdom,Chicken Fried Rice,Kids' Entrées,Lunch; Dinner,choice of Two (2) Sides and choice Kid-size portion of Milk or Apple Juice,11.99,animal-kingdom/yak-and-yeti-restaurant
2026-09-04,Yak & Yeti™ Restaurant,Disney's Animal Kingdom,Mini Corn Dogs,Kids' Entrées,Lunch; Dinner,choice of Two (2) Sides and choice Kid-size portion of Milk or Apple Juice,11.99,animal-kingdom/yak-and-yeti-restaurant
2026-09-04,Yak & Yeti™ Restaurant,Disney's Animal Kingdom,Grilled Chicken Breast,Kids' Entrées,Lunch; Dinner,Plain or Teriyaki with choice of Two (2) Sides and choice of Kid-size portion of Milk or Apple Juice,11.99,animal-kingdom/yak-and-yeti-restaurant
2026-09-04,Yak & Yeti™ Restaurant,Disney's Animal Kingdom,Mac & Cheese,Kids' Entrées,Lunch; Dinner,choice of Two (2) Sides and choice of Kid-size portion of Milk or Apple Juice,11.99,animal-kingdom/yak-and-yeti-restaurant
2026-09-04,Yak & Yeti™ Restaurant,Disney's Animal Kingdom,Sweet & Sour Chicken,Kids' Entrées,Lunch; Dinner,choice of Two (2) Sides and choice of Kid-size portion of Milk or Apple Juice,11.99,animal-kingdom/yak-and-yeti-restaurant
2026-09-04,Yak & Yeti™ Restaurant,Disney's Animal Kingdom,Chicken Tenders,Kids' Entrées,Lunch; Dinner,choice of Two (2) Sides and choice of Kid-size portion of Milk or Apple Juice,11.99,animal-kingdom/yak-and-yeti-restaurant
2026-09-04,Yak & Yeti™ Restaurant,Disney's Animal Kingdom,Chocolate Pudding,Kids' Desserts,Lunch; Dinner,,4.99,animal-kingdom/yak-and-yeti-restaurant
2026-09-04,Yak & Yeti™ Restaurant,Disney's Animal Kingdom,Chocolate Chip Ice Cream Sandwich,Kids' Desserts,Lunch; Dinner,,4.99,animal-kingdom/yak-and-yeti-restaurant
2026-09-04,Yak & Yeti™ Restaurant,Disney's Animal Kingdom,Yak & Yeti Souvenir Cup,Non-Alcoholic Beverages,Lunch; Dinner,From the peaks of Mt. Everest comes a frozen blend of ICEE flavors layered in our collectible character cup. Keep the cup!,13.99,animal-kingdom/yak-and-yeti-restaurant
2026-09-04,Yak & Yeti™ Restaurant,Disney's Animal Kingdom,Yak Attack,Specialty Drinks,Lunch; Dinner,"Mango Daiquiri, Don Q Cristal Rum and Wild Berry Flavors",14.00,animal-kingdom/yak-and-yeti-restaurant
2026-09-04,Yak & Yeti™ Restaurant,Disney's Animal Kingdom,Pink Himalayan,Specialty Drinks,Lunch; Dinner,"Ford's Gin, Ruby Red Grapefruit Juice, Passion Fruit & Exotic Citrus Flavors, Salt Rim",14.00,animal-kingdom/yak-and-yeti-restaurant
2026-09-04,Yak & Yeti™ Restaurant,Disney's Animal Kingdom,Kiwi Coconut Rita,Specialty Drinks,Lunch; Dinner,"Milagro Silver Tequila, Cointreau Orange Liqueur, fresh kiwi, sweet & sour and Coco Reál Cream of Coconut",14.00,animal-kingdom/yak-and-yeti-restaurant
2026-09-04,Yak & Yeti™ Restaurant,Disney's Animal Kingdom,Big Bamboo,Specialty Drinks,Lunch; Dinner,"Don Q Coconut Rum, Don Q Cristal Rum, Banana Liqueur, and Tropical Fruit Juices",14.00,animal-kingdom/yak-and-yeti-restaurant
2026-09-04,Yak & Yeti™ Restaurant,Disney's Animal Kingdom,Tropical Daiquiri,Specialty Drinks,Lunch; Dinner,"Don Q Cristal Rum with choice of Strawberry, Piña Colada, Wild Berry or Mango flavors",14.00,animal-kingdom/yak-and-yeti-restaurant
2026-09-04,Yak & Yeti™ Restaurant,Disney's Animal Kingdom,Opici Family Red Sangria,Specialty Drinks,Lunch; Dinner,Opici Family Red Sangria Blended with Natural Citrus and Fruit Juices,14.00,animal-kingdom/yak-and-yeti-restaurant
2026-09-04,Yak & Yeti™ Restaurant,Disney's Animal Kingdom,Tibetan Mule,Specialty Drinks,Lunch; Dinner,"Skyy Infusions Pineapple Vodka, Monin Yuzu Purée, Liber & Co. Fiery Ginger Syrup, Fever-Tree Ginger Beer",14.00,animal-kingdom/yak-and-yeti-restaurant
2026-09-04,Yak & Yeti™ Restaurant,Disney's Animal Kingdom,Pineapple Blossom,Specialty Drinks,Lunch; Dinner,"Created by the Yak & Yeti Bartenders, Tito's Handmade Vodka, Cointreau Orange Liqueur, Monin Pineapple Puree, lemon juice, spicy ginger syrup, club soda",14.00,animal-kingdom/yak-and-yeti-restaurant
2026-09-04,Yak & Yeti™ Restaurant,Disney's Animal Kingdom,Benvolio Pinot Grigio,Wine and Sake,Lunch; Dinner,,43.00,animal-kingdom/yak-and-yeti-restaurant
2026-09-04,Yak & Yeti™ Restaurant,Disney's Animal Kingdom,Devoy by Duckhorn Chardonnay,Wine and Sake,Lunch; Dinner,,47.00,animal-kingdom/yak-and-yeti-restaurant
2026-09-04,Yak & Yeti™ Restaurant,Disney's Animal Kingdom,Daou Cabernet Sauvignon,Wine and Sake,Lunch; Dinner,,63.00,animal-kingdom/yak-and-yeti-restaurant
2026-09-04,Yak & Yeti™ Restaurant,Disney's Animal Kingdom,MacMurray Estate Pinot Noir,Wine and Sake,Lunch; Dinner,,55.00,animal-kingdom/yak-and-yeti-restaurant
2026-09-04,Yak & Yeti™ Restaurant,Disney's Animal Kingdom,Sho Chiku Bai Sake - 6oz,Wine and Sake,Lunch; Dinner,"smooth, well-balanced and full-bodied. Served warm upon request",9.00,animal-kingdom/yak-and-yeti-restaurant
2026-09-04,Yak & Yeti™ Restaurant,Disney's Animal Kingdom,Sho Chiku Bai Mio Sparkling Sake,Wine and Sake,Lunch; Dinner,300ml Bottle,20.00,animal-kingdom/yak-and-yeti-restaurant
2026-09-04,Yak & Yeti™ Restaurant,Disney's Animal Kingdom,Hana Fuji Apple Flavored Sake - 6oz,Wine and Sake,Lunch; Dinner,Fresh aromas that fulfills the palate with crisp tartness of the fruit,9.00,animal-kingdom/yak-and-yeti-restaurant
2026-09-04,Yak & Yeti™ Restaurant,Disney's Animal Kingdom,Sho Chiku Bai Junmai Nigori Sake - 300 mL,Wine and Sake,Lunch; Dinner,"Unfiltered and sweetest of all sakes. Its name translates to ""cloudy"" due to its appearance",19.00,animal-kingdom/yak-and-yeti-restaurant
