Pulled,Restaurant,Park,Item,Category,MealPeriods,Description,Price,Source
2026-09-05,Amorette's Patisserie,Disney Springs,Candle Petit Cake,Limited Time Offerings,Snack,"Black Velvet Cake with Spiced Berry Jam, Pumpkin Ganache, and Dark Chocolate Glaçage",22.00,disney-springs/amorettes-patisserie
2026-09-05,Amorette's Patisserie,Disney Springs,Mickey and Minnie Cookie Art with Edible Watercolor Paints,Limited Time Offerings,Snack,"Create-your-own Mickey and Minnie Cookie using Edible Watercolor Paints! Kit includes 1 Mickey Cookie, 1 Minnie Cookie, 1 Painter's Palette Cookie, Paint Brushes, and Water to activate the Paints.",19.00,disney-springs/amorettes-patisserie
2026-09-05,Amorette's Patisserie,Disney Springs,Apple Cheesecake,Limited Time Offerings,Snack,"Vanilla Cheesecake, Apple Compote, Apple-Caramel Ganache, Spiced Graham Cracker Crust",9.75,disney-springs/amorettes-patisserie
2026-09-05,Amorette's Patisserie,Disney Springs,Pumpkin-Spiced Crème Brûlée,Limited Time Offerings,Snack,Vanilla and Pumpkin-spiced Crème Brûlée with Maple Whipped Cream and Meringue,8.75,disney-springs/amorettes-patisserie
2026-09-05,Amorette's Patisserie,Disney Springs,Cherry Pie Éclair,Limited Time Offerings,Snack,"Éclair filled with Cherry Pie Filling, Streusel, and Vanilla Mousse",8.00,disney-springs/amorettes-patisserie
2026-09-05,Amorette's Patisserie,Disney Springs,Peanut Butter Éclair,Limited Time Offerings,Snack,"Éclair filled with Peanut Butter Mousse, Caramel Ganache, and Nougat Pieces",8.00,disney-springs/amorettes-patisserie
2026-09-05,Amorette's Patisserie,Disney Springs,S'mores Éclair,Limited Time Offerings,Snack,"Éclair filled with Marshmallow Mousse, Chocolate Ganache, and Graham Cracker Crust",8.00,disney-springs/amorettes-patisserie
2026-09-05,Amorette's Patisserie,Disney Springs,Halloween Brownie,Limited Time Offerings,Snack,"Topped with Cookie Pieces, Passion Fruit Crispy Pearls, and Chocolate Coin",6.50,disney-springs/amorettes-patisserie
2026-09-05,Amorette's Patisserie,Disney Springs,Halloween Cookie,Limited Time Offerings,Snack,"Chocolate Chip Cookie with Pretzel Pieces, Toffee, Milk and Dark Chocolate Chips, and Chocolate Coin",5.00,disney-springs/amorettes-patisserie
2026-09-05,Amorette's Patisserie,Disney Springs,Disney Springs Corkcicle,Featured Alcoholic Offerings,Snack,Nino Franco Rustico Prosecco with Lavender Syrup served in a souvenir CORKCICLE® cup,38.00,disney-springs/amorettes-patisserie
2026-09-05,Amorette's Patisserie,Disney Springs,Amorette's Signature Petite Cake,Signature Pastries,Snack,"Vanilla Mousse, Vanilla Chiffon, Vanilla Simple Syrup",24.00,disney-springs/amorettes-patisserie
2026-09-05,Amorette's Patisserie,Disney Springs,Macarons - Six Count,Signature Pastries,Snack,"Strawberry, Orange, and Chocolate Vanilla",16.00,disney-springs/amorettes-patisserie
2026-09-05,Amorette's Patisserie,Disney Springs,Petite Mickey Mouse Dome,Signature Pastries,Snack,"Chocolate Chiffon Cake, Dark Chocolate Mousse, and White Chocolate Mousse",11.00,disney-springs/amorettes-patisserie
2026-09-05,Amorette's Patisserie,Disney Springs,Petite Minnie Mouse Dome,Signature Pastries,Snack,"Raspberry Mousse, White Chocolate Filling, Vanilla Chiffon",11.00,disney-springs/amorettes-patisserie
2026-09-05,Amorette's Patisserie,Disney Springs,Lemon-Blueberry Cheesecake,Signature Pastries,Snack,Vanilla Cheesecake filled with Lemon Curd and topped with Blueberry Mousse and Fresh Blueberries,9.25,disney-springs/amorettes-patisserie
2026-09-05,Amorette's Patisserie,Disney Springs,Amorette's Rose,Signature Pastries,Snack,"Dark Chocolate Mousse, Raspberry Gel Filling, and Chocolate Biscuit",9.00,disney-springs/amorettes-patisserie
2026-09-05,Amorette's Patisserie,Disney Springs,Vanilla Crème Brûlée,Signature Pastries,Snack,Vanilla Crème Brûlée topped with Fresh Fruit and Chocolate Garnish,8.75,disney-springs/amorettes-patisserie
2026-09-05,Amorette's Patisserie,Disney Springs,Caramel Éclair,Signature Pastries,Snack,Pâte à Choux filled with Salted Caramel Mousse,8.00,disney-springs/amorettes-patisserie
2026-09-05,Amorette's Patisserie,Disney Springs,Vanilla Éclair,Signature Pastries,Snack,Pâte à Choux filled with Vanilla Mousse,8.00,disney-springs/amorettes-patisserie
2026-09-05,Amorette's Patisserie,Disney Springs,Signature Brownie,Signature Pastries,Snack,"Fudge Brownie topped with Chocolate Ganache, Passion Fruit Crisps, Cookie and Brownie Pieces, and a Dark Chocolate Mickey Coin",6.50,disney-springs/amorettes-patisserie
2026-09-05,Amorette's Patisserie,Disney Springs,Chocolate Chip Cookie,Signature Pastries,Snack,"Brown Butter Cookie with Toffee Pieces, Pretzels, and Milk and Dark Chocolate Chips topped with a White Chocolate Stamp",5.00,disney-springs/amorettes-patisserie
2026-09-05,Amorette's Patisserie,Disney Springs,Frozen Minute Maid® Lemonade with Hibiscus,Beverages,Snack,,6.50,disney-springs/amorettes-patisserie
2026-09-05,Amorette's Patisserie,Disney Springs,Frozen Strawberry Slushy,Beverages,Snack,,6.49,disney-springs/amorettes-patisserie
2026-09-05,Amorette's Patisserie,Disney Springs,Large Joffrey's™ Cold Brew Coffee with Sweet Cream,Beverages,Snack,,6.49,disney-springs/amorettes-patisserie
2026-09-05,Amorette's Patisserie,Disney Springs,Tropical Dream Colada,Beverages,Snack,Minute Maid® Passion Fruit Orange Guava Juice and Piña Colada Smoothie Mix,6.49,disney-springs/amorettes-patisserie
2026-09-05,Amorette's Patisserie,Disney Springs,Joffrey's™ Cold Brew Coffee with Sweet Cream,Beverages,Snack,,5.99,disney-springs/amorettes-patisserie
2026-09-05,Amorette's Patisserie,Disney Springs,Sparkling Hibiscus Lemonade,Beverages,Snack,,5.79,disney-springs/amorettes-patisserie
2026-09-05,Amorette's Patisserie,Disney Springs,Joffrey’s Coffee™ Cappuccino,Beverages,Snack,,5.29,disney-springs/amorettes-patisserie
2026-09-05,Amorette's Patisserie,Disney Springs,Joffrey’s Coffee™ Latte,Beverages,Snack,,5.29,disney-springs/amorettes-patisserie
2026-09-05,Amorette's Patisserie,Disney Springs,Premium Sparkling Water,Beverages,Snack,16.9-oz Bottled Beverage,5.25,disney-springs/amorettes-patisserie
2026-09-05,Amorette's Patisserie,Disney Springs,Large Freshly Brewed Joffrey's Coffee™ Regular,Beverages,Snack,,5.19,disney-springs/amorettes-patisserie
2026-09-05,Amorette's Patisserie,Disney Springs,Large Freshly Brewed Joffrey's Coffee™ Decaf,Beverages,Snack,,5.19,disney-springs/amorettes-patisserie
2026-09-05,Amorette's Patisserie,Disney Springs,Large Twinings® Hot Tea,Beverages,Snack,,5.19,disney-springs/amorettes-patisserie
2026-09-05,Amorette's Patisserie,Disney Springs,Freshly Brewed Joffrey’s Coffee™ Regular,Beverages,Snack,,4.79,disney-springs/amorettes-patisserie
2026-09-05,Amorette's Patisserie,Disney Springs,Freshly Brewed Joffrey’s Coffee™ Decaf,Beverages,Snack,,4.79,disney-springs/amorettes-patisserie
2026-09-05,Amorette's Patisserie,Disney Springs,Twinings® Hot Tea,Beverages,Snack,,4.79,disney-springs/amorettes-patisserie
2026-09-05,Amorette's Patisserie,Disney Springs,Joffrey’s Coffee™ Espresso,Beverages,Snack,,2.79,disney-springs/amorettes-patisserie
2026-09-05,Amorette's Patisserie,Disney Springs,Lowfat Milk,Beverages,Snack,,2.59,disney-springs/amorettes-patisserie
2026-09-05,Amorette's Patisserie,Disney Springs,Coca-Cola® Bottle,Bottled Beverages,Snack,20-oz Bottled Beverage,5.50,disney-springs/amorettes-patisserie
2026-09-05,Amorette's Patisserie,Disney Springs,Diet Coke® Bottle,Bottled Beverages,Snack,20-oz Bottled Beverage,5.50,disney-springs/amorettes-patisserie
2026-09-05,Amorette's Patisserie,Disney Springs,Sprite® Bottle,Bottled Beverages,Snack,20-oz Bottled Beverage,5.50,disney-springs/amorettes-patisserie
2026-09-05,Amorette's Patisserie,Disney Springs,Simply® Orange,Bottled Beverages,Snack,,5.29,disney-springs/amorettes-patisserie
2026-09-05,Amorette's Patisserie,Disney Springs,Minute Maid® Apple Juice,Bottled Beverages,Snack,,4.29,disney-springs/amorettes-patisserie
2026-09-05,Amorette's Patisserie,Disney Springs,DASANI® Bottled Water,Bottled Beverages,Snack,20-oz Bottled Beverage,4.25,disney-springs/amorettes-patisserie
2026-09-05,Amorette's Patisserie,Disney Springs,Freshly Brewed Joffrey’s Coffee™ with Frangelico Liqueur,Specialty Coffees with Alcohol,Snack,,16.50,disney-springs/amorettes-patisserie
2026-09-05,Amorette's Patisserie,Disney Springs,Freshly Brewed Joffrey’s Coffee™ with Baileys Irish Cream Liqueur,Specialty Coffees with Alcohol,Snack,,16.50,disney-springs/amorettes-patisserie
2026-09-05,Amorette's Patisserie,Disney Springs,Freshly Brewed Joffrey’s Coffee™ with Kahlúa Liqueur,Specialty Coffees with Alcohol,Snack,,15.50,disney-springs/amorettes-patisserie
2026-09-05,Amorette's Patisserie,Disney Springs,Sparkling Red,Alcoholic Beverages ,Snack,Banfi Rosa Regale Sparkling Red with a White Chocolate Minnie Mouse Topper,22.00,disney-springs/amorettes-patisserie
2026-09-05,Amorette's Patisserie,Disney Springs,Tropical Dream Colada with Coconut Rum,Alcoholic Beverages ,Snack,"Minute Maid® Passion Fruit Orange Guava Juice, Piña Colada Smoothie Mix, and Malibu Coconut Rum",16.50,disney-springs/amorettes-patisserie
2026-09-05,Amorette's Patisserie,Disney Springs,Tropical Dream Colada with Spiced Rum,Alcoholic Beverages ,Snack,"Minute Maid® Passion Fruit Orange Guava Juice, Piña Colada Smoothie Mix, and Captain Morgan Original Spiced Rum",15.50,disney-springs/amorettes-patisserie
2026-09-05,Amorette's Patisserie,Disney Springs,Mango Moscato Slushy,Alcoholic Beverages ,Snack,,13.00,disney-springs/amorettes-patisserie
2026-09-05,Amorette's Patisserie,Disney Springs,Raspberry Pinot Noir Slushy,Alcoholic Beverages ,Snack,,13.00,disney-springs/amorettes-patisserie
2026-09-05,Amorette's Patisserie,Disney Springs,Strawberry Shiraz Wine Slushy,Alcoholic Beverages ,Snack,,13.00,disney-springs/amorettes-patisserie
2026-09-05,Amorette's Patisserie,Disney Springs,Nicolas Feuillatte Enchantée,Sparkling Wine Glass,Snack,"Brut, Chouilly",22.00,disney-springs/amorettes-patisserie
2026-09-05,Amorette's Patisserie,Disney Springs,"Taittinger Brut La Francaise Champagne, Reims",Sparkling Wine Glass,Snack,,32.00,disney-springs/amorettes-patisserie
2026-09-05,Amorette's Patisserie,Disney Springs,"Banfi Rosa Regale Sparkling Red, Piedmont",Sparkling Wine Glass,Snack,,17.00,disney-springs/amorettes-patisserie
2026-09-05,Amorette's Patisserie,Disney Springs,"Nino Franco Rustico Prosecco, Veneto",Sparkling Wine Glass,Snack,,14.00,disney-springs/amorettes-patisserie
2026-09-05,Amorette's Patisserie,Disney Springs,Nicolas Feuillatte Enchantée,Sparkling Wine Bottle,Snack,"Brut, Chouilly",89.00,disney-springs/amorettes-patisserie
2026-09-05,Amorette's Patisserie,Disney Springs,"Taittinger Brut La Francaise Champagne, Reims",Sparkling Wine Bottle,Snack,,126.00,disney-springs/amorettes-patisserie
2026-09-05,Amorette's Patisserie,Disney Springs,"Banfi Rosa Regale Sparkling Red, Piedmont",Sparkling Wine Bottle,Snack,,67.00,disney-springs/amorettes-patisserie
2026-09-05,Amorette's Patisserie,Disney Springs,"Nino Franco Rustico Prosecco, Veneto",Sparkling Wine Bottle,Snack,,56.00,disney-springs/amorettes-patisserie
2026-09-05,B.B. Wolf's Sausage Co.,Disney Springs,New York Pastrami Reuben,Entrées ,Lunch And Dinner,"All-Beef Quarter-pound Hot Dog with Shaved Pastrami, Swiss Cheese, Sauerkraut, and Russian Dressing on a House-made Roll served with Chips",13.99,disney-springs/bb-wolfs-sausage-co
2026-09-05,B.B. Wolf's Sausage Co.,Disney Springs,Texas Chili-Cheese Dog,Entrées ,Lunch And Dinner,"All-Beef Quarter-pound Hot Dog topped with Chili, Cheddar, and Corn Chips on a House-made Roll served with Chips",13.49,disney-springs/bb-wolfs-sausage-co
2026-09-05,B.B. Wolf's Sausage Co.,Disney Springs,Bacon Mac & Cheese Dog,Entrées ,Lunch And Dinner,"All-Beef Quarter-pound Hot Dog, Mac & Cheese, Crispy Bacon, BBQ Sauce, Corn Chips, and House-made Bun",12.99,disney-springs/bb-wolfs-sausage-co
2026-09-05,B.B. Wolf's Sausage Co.,Disney Springs,All-Beef Plain Hot Dog,Entrées ,Lunch And Dinner,Served with Chips,11.79,disney-springs/bb-wolfs-sausage-co
2026-09-05,B.B. Wolf's Sausage Co.,Disney Springs,Chips,Sides,Lunch And Dinner,,3.29,disney-springs/bb-wolfs-sausage-co
2026-09-05,B.B. Wolf's Sausage Co.,Disney Springs,Assorted Fountain Beverages,Beverages,Lunch And Dinner,,4.79,disney-springs/bb-wolfs-sausage-co
2026-09-05,B.B. Wolf's Sausage Co.,Disney Springs,DASANI® Bottled Water,Beverages,Lunch And Dinner,,4.25,disney-springs/bb-wolfs-sausage-co
2026-09-05,B.B. Wolf's Sausage Co.,Disney Springs,smartwater®,Beverages,Lunch And Dinner,,6.25,disney-springs/bb-wolfs-sausage-co
2026-09-05,B.B. Wolf's Sausage Co.,Disney Springs,Frozen Minute Maid® Premium Lemonade Slushy,Beverages,Lunch And Dinner,,6.29,disney-springs/bb-wolfs-sausage-co
2026-09-05,B.B. Wolf's Sausage Co.,Disney Springs,Frozen Gold Peak® Sweet Tea Slushy,Beverages,Lunch And Dinner,,6.29,disney-springs/bb-wolfs-sausage-co
2026-09-05,B.B. Wolf's Sausage Co.,Disney Springs,Frozen Gold Peak® Sweet Tea Lemonade Slushy,Beverages,Lunch And Dinner,Featuring Minute Maid® Premium Lemonade,6.29,disney-springs/bb-wolfs-sausage-co
2026-09-05,B.B. Wolf's Sausage Co.,Disney Springs,Sunshine Stroll Orange Pilsner Draft,Beer,Lunch And Dinner,"Our light golden Pilsner is crafted perfectly for Florida. Brewed locally (Playalinda Brewing) with a slight haze and touch of citrus from all natural Florida oranges, Sunshine Stroll is the best combination of a light, refreshing, crisp & balanced beer to enjoy exclusively at Disney Springs!",12.50,disney-springs/bb-wolfs-sausage-co
2026-09-05,B.B. Wolf's Sausage Co.,Disney Springs,Schöfferhofer Grapefruit Hefeweizen - Germany,Beer,Lunch And Dinner,16-oz Can - Easy and refreshing with light notes of citrus and spice with low bitterness,12.00,disney-springs/bb-wolfs-sausage-co
2026-09-05,B.B. Wolf's Sausage Co.,Disney Springs,König Ludwig Weissbier - Germany,Beer,Lunch And Dinner,"20-oz Draft - The aroma boasts banana, clove, pale malts, and grainy wheat. The taste is smooth with plenty of bready yeast, spicy malts, pepper, clove, and sweet honey",13.75,disney-springs/bb-wolfs-sausage-co
2026-09-05,B.B. Wolf's Sausage Co.,Disney Springs,Beck's Lager - Germany,Beer,Lunch And Dinner,"20-oz Draft - Rich in hop and malt, full of character, intense bitterness, with a dry and clean finish",11.75,disney-springs/bb-wolfs-sausage-co
2026-09-05,Blaze Fast-Fire'd Pizza,Disney Springs,Meat Eater,Signature Pizzas,Lunch And Dinner,"Pepperoni, Meatballs, Red Onion, Mozzarella, Red Sauce. Gluten-Free Dough - $3.00 | High-rise Dough - $3.50 | Cauliflower Crust - $4.00",11.95,disney-springs/blaze-pizza
2026-09-05,Blaze Fast-Fire'd Pizza,Disney Springs,Red Vine,Signature Pizzas,Lunch And Dinner,"Ovalini Mozzarella, Tomatoes, Parmesan, Basil, Red Sauce, Olive Oil Drizzle. Gluten-Free Dough - $3.00 | High-rise Dough - $3.50 | Cauliflower Crust - $4.00",11.95,disney-springs/blaze-pizza
2026-09-05,Blaze Fast-Fire'd Pizza,Disney Springs,BBQ Chkn,Signature Pizzas,Lunch And Dinner,"Chicken, Mozzarella, Red Onion, Banana Peppers, Gorgonzola, BBQ Sauce Drizzle. Gluten-Free Dough - $3.00 | High-rise Dough - $3.50 | Cauliflower Crust - $4.00",11.95,disney-springs/blaze-pizza
2026-09-05,Blaze Fast-Fire'd Pizza,Disney Springs,Art Lover,Signature Pizzas,Lunch And Dinner,"Artichokes, Mozzarella, Ricotta, Garlic, Red Sauce Dollops. Gluten-Free Dough - $3.00 | High-rise Dough - $3.50 | Cauliflower Crust - $4.00",11.95,disney-springs/blaze-pizza
2026-09-05,Blaze Fast-Fire'd Pizza,Disney Springs,Green Stripe,Signature Pizzas,Lunch And Dinner,"Pesto Drizzle, Chicken, Garlic, Red Peppers, Mozzarella, Arugula. Gluten-Free Dough - $3.00 | High-rise Dough - $3.50 | Cauliflower Crust - $4.00",11.95,disney-springs/blaze-pizza
2026-09-05,Blaze Fast-Fire'd Pizza,Disney Springs,Veg Out,Signature Pizzas,Lunch And Dinner,"Seasonal Veggies, Mushrooms, Red Onion, Mozzarella, Gorgonzola, Red Sauce Dollops. Gluten-Free Dough - $3.00 | High-rise Dough - $3.50 | Cauliflower Crust - $4.00",11.95,disney-springs/blaze-pizza
2026-09-05,Blaze Fast-Fire'd Pizza,Disney Springs,Hot Link,Signature Pizzas,Lunch And Dinner,"Spicy Red Sauce, Jalapeno, Sausage, Black Olive, Red Onion, Banana Pepper, Mozzarella. Gluten-Free Dough - $3.00 | High-rise Dough - $3.50 | Cauliflower Crust - $4.00",11.95,disney-springs/blaze-pizza
2026-09-05,Blaze Fast-Fire'd Pizza,Disney Springs,White Top,Signature Pizzas,Lunch And Dinner,"White Cream Sauce, Mozzarella, Bacon, Garlic, Oregano, Arugula. Gluten-Free Dough - $3.00 | High-rise Dough - $3.50 | Cauliflower Crust - $4.00",11.95,disney-springs/blaze-pizza
2026-09-05,Blaze Fast-Fire'd Pizza,Disney Springs,Build Your Own Pizza,Build Your Own Pizza,Lunch And Dinner,Choose Any Toppings. Gluten-Free Dough - $3.00 | High-rise Dough - $3.50 | Cauliflower Crust - $4.00,11.95,disney-springs/blaze-pizza
2026-09-05,Blaze Fast-Fire'd Pizza,Disney Springs,Build Your Own 2 Top Pizza,Build Your Own Pizza,Lunch And Dinner,"Sauce, Cheese and 2 Toppings. Gluten-Free Dough - $3.00 | High-rise Dough - $3.50 | Cauliflower Crust - $4.00",10.95,disney-springs/blaze-pizza
2026-09-05,Blaze Fast-Fire'd Pizza,Disney Springs,Build Your Own 1 Top Pizza,Build Your Own Pizza,Lunch And Dinner,"Sauce, Cheese and 1 Topping. Gluten-Free Dough - $3.00 | High-rise Dough - $3.50 | Cauliflower Crust - $4.00",9.95,disney-springs/blaze-pizza
2026-09-05,Blaze Fast-Fire'd Pizza,Disney Springs,Build Your Own Simple Pie,Build Your Own Pizza,Lunch And Dinner,"Mozzarella, Parmesan and Red Sauce. Gluten-Free Dough - $3.00 | High-rise Dough - $3.50 | Cauliflower Crust - $4.00",7.95,disney-springs/blaze-pizza
2026-09-05,Blaze Fast-Fire'd Pizza,Disney Springs,Simple Salad - Side,"Salads, Sides, and Desserts",Lunch And Dinner,,6.95,disney-springs/blaze-pizza
2026-09-05,Blaze Fast-Fire'd Pizza,Disney Springs,Simple Salad - Entrée,"Salads, Sides, and Desserts",Lunch And Dinner,,9.95,disney-springs/blaze-pizza
2026-09-05,Blaze Fast-Fire'd Pizza,Disney Springs,Pesto Garlic Cheesy Bread,"Salads, Sides, and Desserts",Lunch And Dinner,,8.25,disney-springs/blaze-pizza
2026-09-05,Blaze Fast-Fire'd Pizza,Disney Springs,Cheesy Bread,"Salads, Sides, and Desserts",Lunch And Dinner,,8.25,disney-springs/blaze-pizza
2026-09-05,Blaze Fast-Fire'd Pizza,Disney Springs,Desserts,"Salads, Sides, and Desserts",Lunch And Dinner,,3.25,disney-springs/blaze-pizza
2026-09-05,Blaze Fast-Fire'd Pizza,Disney Springs,Assorted Fountain Beverages - 16oz,Beverages,Lunch And Dinner,,3.55,disney-springs/blaze-pizza
2026-09-05,Blaze Fast-Fire'd Pizza,Disney Springs,Assorted Fountain Beverages - 24oz,Beverages,Lunch And Dinner,,3.95,disney-springs/blaze-pizza
2026-09-05,Blaze Fast-Fire'd Pizza,Disney Springs,Assorted Draft Beer,Alcoholic Beverages,Lunch And Dinner,,8.50,disney-springs/blaze-pizza
2026-09-05,Blaze Fast-Fire'd Pizza,Disney Springs,Assorted Draft Beer,Alcoholic Beverages,Lunch And Dinner,,10.00,disney-springs/blaze-pizza
2026-09-05,Blaze Fast-Fire'd Pizza,Disney Springs,Assorted Bottled Beer,Alcoholic Beverages,Lunch And Dinner,,7.00,disney-springs/blaze-pizza
2026-09-05,Blaze Fast-Fire'd Pizza,Disney Springs,Wine,Alcoholic Beverages,Lunch And Dinner,,8.00,disney-springs/blaze-pizza
2026-09-05,"The BOATHOUSE®: Great Food, Waterfront Dining, Dream Boats™",Disney Springs,Oysters on the Half Shell* (per each),Raw Bar,Lunch; Dinner,London Dry Gin Cocktail Sauce and Cucumber Mignonette,4.50,disney-springs/boathouse-restaurant
2026-09-05,"The BOATHOUSE®: Great Food, Waterfront Dining, Dream Boats™",Disney Springs,Wild Caught Sea of Cortez Shrimp (per each),Raw Bar,Lunch; Dinner,London Dry Gin Cocktail Sauce,5.00,disney-springs/boathouse-restaurant
2026-09-05,"The BOATHOUSE®: Great Food, Waterfront Dining, Dream Boats™",Disney Springs,Jumbo Lump Crab and Avocado,Raw Bar,Lunch; Dinner,Tarragon Remoulade,24.50,disney-springs/boathouse-restaurant
2026-09-05,"The BOATHOUSE®: Great Food, Waterfront Dining, Dream Boats™",Disney Springs,Yellowfin Tuna Poke*,Raw Bar,Lunch; Dinner,"Avocado, Mango, Soy-Lime Vinaigrette",21.00,disney-springs/boathouse-restaurant
2026-09-05,"The BOATHOUSE®: Great Food, Waterfront Dining, Dream Boats™",Disney Springs,Oyster's Rockefeller,Launch,Lunch; Dinner,"5 Chef Selected Oysters, Creamed Spinach, Herb Butter, Bread Crumb, Pernod",27.50,disney-springs/boathouse-restaurant
2026-09-05,"The BOATHOUSE®: Great Food, Waterfront Dining, Dream Boats™",Disney Springs,Firecracker Shrimp,Launch,Lunch; Dinner,"Sriracha Mayo, Tricolor Sweet Peppers, Sesame Seeds",18.75,disney-springs/boathouse-restaurant
2026-09-05,"The BOATHOUSE®: Great Food, Waterfront Dining, Dream Boats™",Disney Springs,Maine Lobster Bisque,Launch,Lunch; Dinner,"Chives, Oyster Crackers",9.00,disney-springs/boathouse-restaurant
2026-09-05,"The BOATHOUSE®: Great Food, Waterfront Dining, Dream Boats™",Disney Springs,Duo Dips and Chips,Launch,Lunch; Dinner,"Pimento Cheese, Charred Tomato Salsa, Corn Tortilla Chips",13.50,disney-springs/boathouse-restaurant
2026-09-05,"The BOATHOUSE®: Great Food, Waterfront Dining, Dream Boats™",Disney Springs,Hand Breaded Coconut Shrimp,Launch,Lunch; Dinner,"Orange Chili Sauce, Scallions",20.50,disney-springs/boathouse-restaurant
2026-09-05,"The BOATHOUSE®: Great Food, Waterfront Dining, Dream Boats™",Disney Springs,Filet Mignon Sliders* (Three Sliders),Launch,Lunch; Dinner,"3 Sliders, Maître d’ Butter",24.00,disney-springs/boathouse-restaurant
2026-09-05,"The BOATHOUSE®: Great Food, Waterfront Dining, Dream Boats™",Disney Springs,Blue Star Angus Carpaccio*,Launch,Lunch; Dinner,"Arugula, Olive Oil, Shaved Parmesan Cheese, Capers",19.50,disney-springs/boathouse-restaurant
2026-09-05,"The BOATHOUSE®: Great Food, Waterfront Dining, Dream Boats™",Disney Springs,Hoison Chili Calamari,Launch,Lunch; Dinner,"Red Bell Peppers, Jalapeno, Green Onions, Sesame Seeds",21.00,disney-springs/boathouse-restaurant
2026-09-05,"The BOATHOUSE®: Great Food, Waterfront Dining, Dream Boats™",Disney Springs,Hummus,Launch,Lunch; Dinner,"Tahini, Chili Oil, Crispy Chickpeas, Warm Pita Bread, Vegetables",15.00,disney-springs/boathouse-restaurant
2026-09-05,"The BOATHOUSE®: Great Food, Waterfront Dining, Dream Boats™",Disney Springs,Dockside Shrimp Boil,Dockside Classics,Lunch; Dinner,"Jumbo Peel & Eat Shrimp, Corn on the Cob, Red Potatoes, Andouille Sausage, Boathouse Seasoning",29.50,disney-springs/boathouse-restaurant
2026-09-05,"The BOATHOUSE®: Great Food, Waterfront Dining, Dream Boats™",Disney Springs,Dockside Seafood Boil,Dockside Classics,Lunch; Dinner,"Snow Crab Legs, Jumbo Peel & Eat Shrimp, Clams, Corn on the Cob, Red Potatoes, Andouille Sausage, Garlic Butter or Spicy Garlic Butter, Boathouse Seasoning",67.50,disney-springs/boathouse-restaurant
2026-09-05,"The BOATHOUSE®: Great Food, Waterfront Dining, Dream Boats™",Disney Springs,Grilled Fish Tacos,Dockside Classics,Lunch; Dinner,"Corvina, Al Pastor Marinade, Chili Garlic Purée, Pineapple Pico, Charred Tomato Salsa, Tortilla Chips",28.00,disney-springs/boathouse-restaurant
2026-09-05,"The BOATHOUSE®: Great Food, Waterfront Dining, Dream Boats™",Disney Springs,Jumbo Lump Crab Cake,Dockside Classics,Lunch; Dinner,"Coleslaw, Chipotle Tartar Sauce",35.00,disney-springs/boathouse-restaurant
2026-09-05,"The BOATHOUSE®: Great Food, Waterfront Dining, Dream Boats™",Disney Springs,Classic Cheese Burger*,Sandwiches,Lunch; Dinner,"BOATHOUSE Custom Grind, Lettuce, Tomato, Onion served with Fresh Cut Fries",23.00,disney-springs/boathouse-restaurant
2026-09-05,"The BOATHOUSE®: Great Food, Waterfront Dining, Dream Boats™",Disney Springs,Grilled Grouper Sandwich,Sandwiches,Lunch; Dinner,"Lettuce, Tomato, Chipotle Tartar Sauce served with Fresh Cut Fries",33.00,disney-springs/boathouse-restaurant
2026-09-05,"The BOATHOUSE®: Great Food, Waterfront Dining, Dream Boats™",Disney Springs,Maine Style Lobster Roll,Sandwiches,Lunch; Dinner,"Chilled Maine Lobster, Lemon-Chive Dressing, Buttered Toasted Split Top Bun served with Kettle Chips",37.50,disney-springs/boathouse-restaurant
2026-09-05,"The BOATHOUSE®: Great Food, Waterfront Dining, Dream Boats™",Disney Springs,"""Yacht Club"" Club",Sandwiches,Lunch; Dinner,"Roasted Turkey Breast, Cucumber, Bacon, Lettuce, Tomato, Avocado, Chipotle Honey Mayo, Swiss Cheese, and Multigrain Bread served with Kettle Chips",23.00,disney-springs/boathouse-restaurant
2026-09-05,"The BOATHOUSE®: Great Food, Waterfront Dining, Dream Boats™",Disney Springs,The Wedge,Field Day Salads,Lunch; Dinner,"Iceberg, Grape Tomatoes, Red Onions, Blue Cheese Dressing, Chopped Bacon",15.00,disney-springs/boathouse-restaurant
2026-09-05,"The BOATHOUSE®: Great Food, Waterfront Dining, Dream Boats™",Disney Springs,Classic Caesar,Field Day Salads,Lunch; Dinner,"Traditional Dressing, Parmesan Cheese, Fresh Croutons",12.00,disney-springs/boathouse-restaurant
2026-09-05,"The BOATHOUSE®: Great Food, Waterfront Dining, Dream Boats™",Disney Springs,Garden,Field Day Salads,Lunch; Dinner,"Iceberg-Romaine Blend, Grape Tomatoes, Carrots, Cucumbers, Herb Vinaigrette",10.00,disney-springs/boathouse-restaurant
2026-09-05,"The BOATHOUSE®: Great Food, Waterfront Dining, Dream Boats™",Disney Springs,Chopped,Field Day Salads,Lunch; Dinner,"Iceberg-Romaine Blend, Grilled Chicken, Salami, Tomato, Olives, Red Onions, Pepperoncini, White Cheddar, Chopped Bacon, Artichoke, Herb Vinaigrette",18.50,disney-springs/boathouse-restaurant
2026-09-05,"The BOATHOUSE®: Great Food, Waterfront Dining, Dream Boats™",Disney Springs,Coriander Seared Yellowfin Tuna*,Market Fresh Fish,Lunch; Dinner,"Blistered Shishito Peppers, Soy Lime Vinaigrette, Wasabi Mayo, Sriracha",44.50,disney-springs/boathouse-restaurant
2026-09-05,"The BOATHOUSE®: Great Food, Waterfront Dining, Dream Boats™",Disney Springs,Pan-Seared Gulf Grouper,Market Fresh Fish,Lunch; Dinner,"Charred Corn, Baby Butter Beans, Sweet Peppers, Sunflower Chili Butter",48.50,disney-springs/boathouse-restaurant
2026-09-05,"The BOATHOUSE®: Great Food, Waterfront Dining, Dream Boats™",Disney Springs,Cedar Planked Faroe Islands Salmon*,Market Fresh Fish,Lunch; Dinner,"Tricolor Baby Carrots and Broccolini, Lemon Vinaigrette",38.00,disney-springs/boathouse-restaurant
2026-09-05,"The BOATHOUSE®: Great Food, Waterfront Dining, Dream Boats™",Disney Springs,Pan-Roasted Corvina,Market Fresh Fish,Lunch; Dinner,"Crispy Yukon Potatoes, Wilted Kale, Green Onion Soubise",41.00,disney-springs/boathouse-restaurant
2026-09-05,"The BOATHOUSE®: Great Food, Waterfront Dining, Dream Boats™",Disney Springs,Porterhouse*,Gibsons Prime Steaks,Lunch; Dinner,"32 oz., For Two",125.00,disney-springs/boathouse-restaurant
2026-09-05,"The BOATHOUSE®: Great Food, Waterfront Dining, Dream Boats™",Disney Springs,W.R.'s Chicago Cut*,Gibsons Prime Steaks,Lunch; Dinner,22 oz.,91.00,disney-springs/boathouse-restaurant
2026-09-05,"The BOATHOUSE®: Great Food, Waterfront Dining, Dream Boats™",Disney Springs,Filet Mignon*,Gibsons Heritage Steaks,Lunch; Dinner,11 oz.,74.00,disney-springs/boathouse-restaurant
2026-09-05,"The BOATHOUSE®: Great Food, Waterfront Dining, Dream Boats™",Disney Springs,Petite Filet Mignon*,Gibsons Heritage Steaks,Lunch; Dinner,7oz.,60.00,disney-springs/boathouse-restaurant
2026-09-05,"The BOATHOUSE®: Great Food, Waterfront Dining, Dream Boats™",Disney Springs,New York Strip*,Gibsons Heritage Steaks,Lunch; Dinner,14 oz.,68.00,disney-springs/boathouse-restaurant
2026-09-05,"The BOATHOUSE®: Great Food, Waterfront Dining, Dream Boats™",Disney Springs,Boneless Ribeye*,Gibsons Heritage Steaks,Lunch; Dinner,"14 oz., 75 Day Aged Gibsons Grassfed Australian",65.00,disney-springs/boathouse-restaurant
2026-09-05,"The BOATHOUSE®: Great Food, Waterfront Dining, Dream Boats™",Disney Springs,NY Steak* & Fries,Gibsons Heritage Steaks,Lunch; Dinner,"10 oz., Maître d’ Butter, Roasted Garlic",42.50,disney-springs/boathouse-restaurant
2026-09-05,"The BOATHOUSE®: Great Food, Waterfront Dining, Dream Boats™",Disney Springs,Pipette Pasta with Vegetables & Garlic Butter,Sea & Shore,Lunch; Dinner,"Broccolini, Mushrooms, Baby Kale, Zucchini, Grape Tomatoes, Parmesan Cheese",23.00,disney-springs/boathouse-restaurant
2026-09-05,"The BOATHOUSE®: Great Food, Waterfront Dining, Dream Boats™",Disney Springs,Roasted Cauliflower Steak,Sea & Shore,Lunch; Dinner,"Oyster Mushroom, Cauliflower Purée, Marcona Almond Gremolata",25.00,disney-springs/boathouse-restaurant
2026-09-05,"The BOATHOUSE®: Great Food, Waterfront Dining, Dream Boats™",Disney Springs,Shrimp & Andouille Mac & Cheese,Sea & Shore,Lunch; Dinner,"Shrimp, Smoked Sausage, and Pipette Pasta in Spicy Cheddar Beer Sauce",29.50,disney-springs/boathouse-restaurant
2026-09-05,"The BOATHOUSE®: Great Food, Waterfront Dining, Dream Boats™",Disney Springs,Oven-Roasted Half Chicken,Sea & Shore,Lunch; Dinner,"Baby Carrots, Broccolini, Bordelaise Sauce",35.00,disney-springs/boathouse-restaurant
2026-09-05,"The BOATHOUSE®: Great Food, Waterfront Dining, Dream Boats™",Disney Springs,Maine Lobster Tail Oscar,Sea & Shore,Lunch; Dinner,"8 oz Tail, Asparagus, Jumbo Lump Crab, Béarnaise Sauce, Red Potatoes",68.00,disney-springs/boathouse-restaurant
2026-09-05,"The BOATHOUSE®: Great Food, Waterfront Dining, Dream Boats™",Disney Springs,Gulf Lobster Tail,Sea & Shore,Lunch; Dinner,"16 oz Tail, Asparagus, Butter, Red Potatoes",72.00,disney-springs/boathouse-restaurant
2026-09-05,"The BOATHOUSE®: Great Food, Waterfront Dining, Dream Boats™",Disney Springs,Fresh Cut Fries,Sides to Share,Lunch; Dinner,,12.00,disney-springs/boathouse-restaurant
2026-09-05,"The BOATHOUSE®: Great Food, Waterfront Dining, Dream Boats™",Disney Springs,Truffle Fries,Sides to Share,Lunch; Dinner,Lemon Aioli,14.00,disney-springs/boathouse-restaurant
2026-09-05,"The BOATHOUSE®: Great Food, Waterfront Dining, Dream Boats™",Disney Springs,Baked Potato,Sides to Share,Lunch; Dinner,,12.00,disney-springs/boathouse-restaurant
2026-09-05,"The BOATHOUSE®: Great Food, Waterfront Dining, Dream Boats™",Disney Springs,Red Potatoes,Sides to Share,Lunch; Dinner,"Fresh Herb Butter, Black Pepper",12.00,disney-springs/boathouse-restaurant
2026-09-05,"The BOATHOUSE®: Great Food, Waterfront Dining, Dream Boats™",Disney Springs,Mac' N Cheese,Sides to Share,Lunch; Dinner,Merkts Wisconsin Cheddar Cheese Sauce,14.00,disney-springs/boathouse-restaurant
2026-09-05,"The BOATHOUSE®: Great Food, Waterfront Dining, Dream Boats™",Disney Springs,Grilled Asparagus,Sides to Share,Lunch; Dinner,Hollandaise,14.00,disney-springs/boathouse-restaurant
2026-09-05,"The BOATHOUSE®: Great Food, Waterfront Dining, Dream Boats™",Disney Springs,Roasted Jumbo Sweet Potato,Sides to Share,Lunch; Dinner,Cinnamon Butter,12.00,disney-springs/boathouse-restaurant
2026-09-05,"The BOATHOUSE®: Great Food, Waterfront Dining, Dream Boats™",Disney Springs,Baby Carrots & Broccolini,Sides to Share,Lunch; Dinner,Fresh Herb Butter,12.00,disney-springs/boathouse-restaurant
2026-09-05,"The BOATHOUSE®: Great Food, Waterfront Dining, Dream Boats™",Disney Springs,Passion Fruit Cheesecake,Desserts,Lunch; Dinner,"Mango Gelée, Chantilly Cream, Coconut Caramel, Toasted Coconut",12.50,disney-springs/boathouse-restaurant
2026-09-05,"The BOATHOUSE®: Great Food, Waterfront Dining, Dream Boats™",Disney Springs,Caramel Apple Bread Pudding,Desserts,Lunch; Dinner,"Butter Pecan Caramel Sauce, Vanilla Ice Cream",12.50,disney-springs/boathouse-restaurant
2026-09-05,"The BOATHOUSE®: Great Food, Waterfront Dining, Dream Boats™",Disney Springs,Key Lime Pie,Desserts,Lunch; Dinner,"Vanilla Bean Chantilly Cream, Raspberries (serves 2)",16.50,disney-springs/boathouse-restaurant
2026-09-05,"The BOATHOUSE®: Great Food, Waterfront Dining, Dream Boats™",Disney Springs,S'mores Baked Alaska,Desserts,Lunch; Dinner,"Graham Cracker Crust, Rocky Road Ice Cream, Toasted Marshmallows & Meringue, Milk Chocolate (serves 4)",55.00,disney-springs/boathouse-restaurant
2026-09-05,"The BOATHOUSE®: Great Food, Waterfront Dining, Dream Boats™",Disney Springs,21 Layer Chocolate Cake,Desserts,Lunch; Dinner,"Dark Chocolate Mascarpone, Chocolate Ganache, Vanilla Ice Cream (Serves 2)",26.50,disney-springs/boathouse-restaurant
2026-09-05,"The BOATHOUSE®: Great Food, Waterfront Dining, Dream Boats™",Disney Springs,Macadamia Turtle Pie,Desserts,Lunch; Dinner,"Vanilla Ice Cream, Chocolate and Caramel Sauces (serves 2)",29.50,disney-springs/boathouse-restaurant
2026-09-05,"The BOATHOUSE®: Great Food, Waterfront Dining, Dream Boats™",Disney Springs,White Chocolate Dot Cake,Desserts,Lunch; Dinner,"Citrus Cream Cake, White Chocolate Mascarpone, White Chocolate Ganache, Vanilla Ice Cream",26.50,disney-springs/boathouse-restaurant
2026-09-05,"The BOATHOUSE®: Great Food, Waterfront Dining, Dream Boats™",Disney Springs,Grilled Salmon,Kid's Entrées,Lunch; Dinner,Meals Served with Beverage & Choice of: Red Grapes or Fries,15.00,disney-springs/boathouse-restaurant
2026-09-05,"The BOATHOUSE®: Great Food, Waterfront Dining, Dream Boats™",Disney Springs,Blue Star Angus Burger,Kid's Entrées,Lunch; Dinner,Meals Served with Beverage & Choice of: Red Grapes or Fries,14.00,disney-springs/boathouse-restaurant
2026-09-05,"The BOATHOUSE®: Great Food, Waterfront Dining, Dream Boats™",Disney Springs,Popcorn Shrimp,Kid's Entrées,Lunch; Dinner,Meals Served with Beverage & Choice of: Red Grapes or Fries,13.00,disney-springs/boathouse-restaurant
2026-09-05,"The BOATHOUSE®: Great Food, Waterfront Dining, Dream Boats™",Disney Springs,Chicken Tenders,Kid's Entrées,Lunch; Dinner,Meals Served with Beverage & Choice of: Red Grapes or Fries,13.00,disney-springs/boathouse-restaurant
2026-09-05,"The BOATHOUSE®: Great Food, Waterfront Dining, Dream Boats™",Disney Springs,Macaroni & Cheese,Kid's Entrées,Lunch; Dinner,Meals Served with Beverage & Choice of: Red Grapes or Fries,13.00,disney-springs/boathouse-restaurant
2026-09-05,"The BOATHOUSE®: Great Food, Waterfront Dining, Dream Boats™",Disney Springs,Chocolate Cupcake,Kid's Desserts,Lunch; Dinner,,5.00,disney-springs/boathouse-restaurant
2026-09-05,"The BOATHOUSE®: Great Food, Waterfront Dining, Dream Boats™",Disney Springs,Oreo Sundae,Kid's Desserts,Lunch; Dinner,,5.00,disney-springs/boathouse-restaurant
2026-09-05,"The BOATHOUSE®: Great Food, Waterfront Dining, Dream Boats™",Disney Springs,Shrimp and Grits*,Brunch Mains (Available Saturdays and Sundays 10:00-2:00),Lunch,"Spicy Cheddar Beer Cheese Grits, Shrimp, Andouille Sausage, Scrambled Eggs",20.50,disney-springs/boathouse-restaurant
2026-09-05,"The BOATHOUSE®: Great Food, Waterfront Dining, Dream Boats™",Disney Springs,Avocado Toast*,Brunch Mains (Available Saturdays and Sundays 10:00-2:00),Lunch,"Multigrain Toast, Avocado, Tomato, Feta Cheese, Pickled Red Onions, Two Eggs over Medium",19.50,disney-springs/boathouse-restaurant
2026-09-05,"The BOATHOUSE®: Great Food, Waterfront Dining, Dream Boats™",Disney Springs,Steak and Eggs*,Brunch Mains (Available Saturdays and Sundays 10:00-2:00),Lunch,"NY Strip Steak, Mâitre d’ Butter, Home Fries, Two Eggs over Medium",42.50,disney-springs/boathouse-restaurant
2026-09-05,"The BOATHOUSE®: Great Food, Waterfront Dining, Dream Boats™",Disney Springs,Chorizo Breakfast Tacos*,Brunch Mains (Available Saturdays and Sundays 10:00-2:00),Lunch,"Scrambled Eggs, Crispy Potatoes, Avocado, Queso Fresco, Tortilla Chips, Salsa Romesco",19.50,disney-springs/boathouse-restaurant
2026-09-05,"The BOATHOUSE®: Great Food, Waterfront Dining, Dream Boats™",Disney Springs,Biscoff Cookie Waffle,Brunch Mains (Available Saturdays and Sundays 10:00-2:00),Lunch,"Cookie Butter Syrup, Crushed Cookies, Mixed Berry Compote, Whipped Cream",17.50,disney-springs/boathouse-restaurant
2026-09-05,"The BOATHOUSE®: Great Food, Waterfront Dining, Dream Boats™",Disney Springs,Crabcakes Benedict*,Brunch Mains (Available Saturdays and Sundays 10:00-2:00),Lunch,"Twin Crab Cakes, Prosciutto Ham, Poached Eggs, Old Bay Hollandaise Sauce, Grilled Asparagus",38.00,disney-springs/boathouse-restaurant
2026-09-05,"The BOATHOUSE®: Great Food, Waterfront Dining, Dream Boats™",Disney Springs,Home Fries,Sides (Available Saturdays and Sundays 10:00-2:00),Lunch,,6.00,disney-springs/boathouse-restaurant
2026-09-05,"The BOATHOUSE®: Great Food, Waterfront Dining, Dream Boats™",Disney Springs,Cheddar-Beer Grits,Sides (Available Saturdays and Sundays 10:00-2:00),Lunch,,6.00,disney-springs/boathouse-restaurant
2026-09-05,"The BOATHOUSE®: Great Food, Waterfront Dining, Dream Boats™",Disney Springs,Bacon,Sides (Available Saturdays and Sundays 10:00-2:00),Lunch,,7.00,disney-springs/boathouse-restaurant
2026-09-05,"The BOATHOUSE®: Great Food, Waterfront Dining, Dream Boats™",Disney Springs,Half Belgian Waffle,Lil' Skippers (Available Saturdays and Sundays 10:00-2:00),Lunch,served with Bacon,12.00,disney-springs/boathouse-restaurant
2026-09-05,"The BOATHOUSE®: Great Food, Waterfront Dining, Dream Boats™",Disney Springs,Scrambled Eggs,Lil' Skippers (Available Saturdays and Sundays 10:00-2:00),Lunch,served with Bacon and Home Fries,12.00,disney-springs/boathouse-restaurant
2026-09-05,"The BOATHOUSE®: Great Food, Waterfront Dining, Dream Boats™",Disney Springs,Passion Fruit Mimosa,Boat Drinks (Available Saturdays and Sundays 10:00-2:00),Lunch,"Chinola Passionfruit Liqueur, Les Allies Sparkling Wine",13.00,disney-springs/boathouse-restaurant
2026-09-05,"The BOATHOUSE®: Great Food, Waterfront Dining, Dream Boats™",Disney Springs,Red or White Sangria,Boat Drinks (Available Saturdays and Sundays 10:00-2:00),Lunch,,13.00,disney-springs/boathouse-restaurant
2026-09-05,"The BOATHOUSE®: Great Food, Waterfront Dining, Dream Boats™",Disney Springs,Captain's Brew,Boat Drinks (Available Saturdays and Sundays 10:00-2:00),Lunch,"Liquor 43, Baileys Irish Cream, Cold Brew Coffee, Chocolate Caramel Sea Salt",16.00,disney-springs/boathouse-restaurant
2026-09-05,"The BOATHOUSE®: Great Food, Waterfront Dining, Dream Boats™",Disney Springs,Espresso Martini,Boat Drinks (Available Saturdays and Sundays 10:00-2:00),Lunch,"360 Madagascar Vanilla, Kahlua, Liquor 43, Espresso",16.00,disney-springs/boathouse-restaurant
2026-09-05,"The BOATHOUSE®: Great Food, Waterfront Dining, Dream Boats™",Disney Springs,Dock of the Bay,Boat Drinks (Available Saturdays and Sundays 10:00-2:00),Lunch,"Aperol, Bisol Prosecco",16.00,disney-springs/boathouse-restaurant
2026-09-05,"The BOATHOUSE®: Great Food, Waterfront Dining, Dream Boats™",Disney Springs,BOATHOUSE Bloody Mary,Boat Drinks (Available Saturdays and Sundays 10:00-2:00),Lunch,"Vodka, Ancho Reyes, Charleston Blue Cheese Olive, Pepperoncini, Jumbo Shrimp",18.00,disney-springs/boathouse-restaurant
2026-09-05,"The BOATHOUSE®: Great Food, Waterfront Dining, Dream Boats™",Disney Springs,Bud Light Lager - MO,"Beer, Sangria, Ciders & Seltzer",Lunch; Dinner,,9.00,disney-springs/boathouse-restaurant
2026-09-05,"The BOATHOUSE®: Great Food, Waterfront Dining, Dream Boats™",Disney Springs,Blue Moon Ale - CO,"Beer, Sangria, Ciders & Seltzer",Lunch; Dinner,,9.00,disney-springs/boathouse-restaurant
2026-09-05,"The BOATHOUSE®: Great Food, Waterfront Dining, Dream Boats™",Disney Springs,Corona Lager - Mexico,"Beer, Sangria, Ciders & Seltzer",Lunch; Dinner,,9.00,disney-springs/boathouse-restaurant
2026-09-05,"The BOATHOUSE®: Great Food, Waterfront Dining, Dream Boats™",Disney Springs,Michelob Ultra Lager - MO,"Beer, Sangria, Ciders & Seltzer",Lunch; Dinner,,9.00,disney-springs/boathouse-restaurant
2026-09-05,"The BOATHOUSE®: Great Food, Waterfront Dining, Dream Boats™",Disney Springs,Miller Lite - WI,"Beer, Sangria, Ciders & Seltzer",Lunch; Dinner,,9.00,disney-springs/boathouse-restaurant
2026-09-05,"The BOATHOUSE®: Great Food, Waterfront Dining, Dream Boats™",Disney Springs,Stella Artois Lager - Belgium,"Beer, Sangria, Ciders & Seltzer",Lunch; Dinner,,9.00,disney-springs/boathouse-restaurant
2026-09-05,"The BOATHOUSE®: Great Food, Waterfront Dining, Dream Boats™",Disney Springs,Yuengling Lager - PA,"Beer, Sangria, Ciders & Seltzer",Lunch; Dinner,,9.00,disney-springs/boathouse-restaurant
2026-09-05,"The BOATHOUSE®: Great Food, Waterfront Dining, Dream Boats™",Disney Springs,Heineken Zero,"Beer, Sangria, Ciders & Seltzer",Lunch; Dinner,,9.00,disney-springs/boathouse-restaurant
2026-09-05,"The BOATHOUSE®: Great Food, Waterfront Dining, Dream Boats™",Disney Springs,"White Sangria, Spain","Beer, Sangria, Ciders & Seltzer",Lunch; Dinner,,13.00,disney-springs/boathouse-restaurant
2026-09-05,"The BOATHOUSE®: Great Food, Waterfront Dining, Dream Boats™",Disney Springs,"Red Sangria, Spain","Beer, Sangria, Ciders & Seltzer",Lunch; Dinner,,13.00,disney-springs/boathouse-restaurant
2026-09-05,"The BOATHOUSE®: Great Food, Waterfront Dining, Dream Boats™",Disney Springs,Original Sin Blackberry - NY,"Beer, Sangria, Ciders & Seltzer",Lunch; Dinner,,9.00,disney-springs/boathouse-restaurant
2026-09-05,"The BOATHOUSE®: Great Food, Waterfront Dining, Dream Boats™",Disney Springs,Chocolate Raspberry Martini,"Beer, Sangria, Ciders & Seltzer",Lunch; Dinner,"Skyy Raspberry, Faretti Chocolate Liqueur, Chambord, Cream",14.00,disney-springs/boathouse-restaurant
2026-09-05,"The BOATHOUSE®: Great Food, Waterfront Dining, Dream Boats™",Disney Springs,Country Boy Brewing Orange Cream - KY,"Beer, Sangria, Ciders & Seltzer",Lunch; Dinner,,11.00,disney-springs/boathouse-restaurant
2026-09-05,"The BOATHOUSE®: Great Food, Waterfront Dining, Dream Boats™",Disney Springs,High Noon Peach & Black Cherry,"Beer, Sangria, Ciders & Seltzer",Lunch; Dinner,,9.00,disney-springs/boathouse-restaurant
2026-09-05,"The BOATHOUSE®: Great Food, Waterfront Dining, Dream Boats™",Disney Springs,Duck Duck Beer,Florida Craft Beers,Lunch; Dinner,Lager - Sailfish Brewing Co. - Fort Pierce 4.8%,9.00,disney-springs/boathouse-restaurant
2026-09-05,"The BOATHOUSE®: Great Food, Waterfront Dining, Dream Boats™",Disney Springs,Dockside Haze,Florida Craft Beers,Lunch; Dinner,Hazy IPA - Florida Avenue Brewing CO - Wesley Chapel 7%,9.00,disney-springs/boathouse-restaurant
2026-09-05,"The BOATHOUSE®: Great Food, Waterfront Dining, Dream Boats™",Disney Springs,High Stepper,Florida Craft Beers,Lunch; Dinner,American IPA - Crooked Can Brewing Co - Winter Garden 7.0%,9.00,disney-springs/boathouse-restaurant
2026-09-05,"The BOATHOUSE®: Great Food, Waterfront Dining, Dream Boats™",Disney Springs,Island Citrus,Florida Craft Beers,Lunch; Dinner,Blonde Ale - Islamorada Brewing Co - Fort Pierce 5.0%,9.00,disney-springs/boathouse-restaurant
2026-09-05,"The BOATHOUSE®: Great Food, Waterfront Dining, Dream Boats™",Disney Springs,Sunrise City,Florida Craft Beers,Lunch; Dinner,American IPA - Sailfish Brewing Co - Fort Pierce 7.0%,9.00,disney-springs/boathouse-restaurant
2026-09-05,"The BOATHOUSE®: Great Food, Waterfront Dining, Dream Boats™",Disney Springs,"Bisol ""Jeio"" Prosecco, Italy",Sparkling & White Wines,Lunch; Dinner,,50.00,disney-springs/boathouse-restaurant
2026-09-05,"The BOATHOUSE®: Great Food, Waterfront Dining, Dream Boats™",Disney Springs,"La Vielle Sparkling Rosé, France",Sparkling & White Wines,Lunch; Dinner,,52.00,disney-springs/boathouse-restaurant
2026-09-05,"The BOATHOUSE®: Great Food, Waterfront Dining, Dream Boats™",Disney Springs,"Schramsberg Sparkling Rosé, California",Sparkling & White Wines,Lunch; Dinner,,100.00,disney-springs/boathouse-restaurant
2026-09-05,"The BOATHOUSE®: Great Food, Waterfront Dining, Dream Boats™",Disney Springs,"Billecart-Salmon Reserve, France",Sparkling & White Wines,Lunch; Dinner,,150.00,disney-springs/boathouse-restaurant
2026-09-05,"The BOATHOUSE®: Great Food, Waterfront Dining, Dream Boats™",Disney Springs,"Charles Heidsieck Brut Reserve, France",Sparkling & White Wines,Lunch; Dinner,,225.00,disney-springs/boathouse-restaurant
2026-09-05,"The BOATHOUSE®: Great Food, Waterfront Dining, Dream Boats™",Disney Springs,"Dom Perignon '13, France",Sparkling & White Wines,Lunch; Dinner,,545.00,disney-springs/boathouse-restaurant
2026-09-05,"The BOATHOUSE®: Great Food, Waterfront Dining, Dream Boats™",Disney Springs,"Cavalier, D'Oro, Italy",Sparkling & White Wines,Lunch; Dinner,,52.00,disney-springs/boathouse-restaurant
2026-09-05,"The BOATHOUSE®: Great Food, Waterfront Dining, Dream Boats™",Disney Springs,Lake Buena Vista Irish Coffee,Sparkling & White Wines,Lunch; Dinner,"Tullamore Dew, Coffee, Sugar, Hand Whipped Cream",12.00,disney-springs/boathouse-restaurant
2026-09-05,"The BOATHOUSE®: Great Food, Waterfront Dining, Dream Boats™",Disney Springs,"Santa Margherita '23, Italy",Sparkling & White Wines,Lunch; Dinner,,68.00,disney-springs/boathouse-restaurant
2026-09-05,"The BOATHOUSE®: Great Food, Waterfront Dining, Dream Boats™",Disney Springs,"Livo Felluga '22, Italy",Sparkling & White Wines,Lunch; Dinner,,80.00,disney-springs/boathouse-restaurant
2026-09-05,"The BOATHOUSE®: Great Food, Waterfront Dining, Dream Boats™",Disney Springs,"Jermann '23, Italy",Sparkling & White Wines,Lunch; Dinner,,80.00,disney-springs/boathouse-restaurant
2026-09-05,"The BOATHOUSE®: Great Food, Waterfront Dining, Dream Boats™",Disney Springs,"Eyrie '20, Willamette Valley",Sparkling & White Wines,Lunch; Dinner,,100.00,disney-springs/boathouse-restaurant
2026-09-05,"The BOATHOUSE®: Great Food, Waterfront Dining, Dream Boats™",Disney Springs,"Matua, New Zealand",Sparkling & White Wines,Lunch; Dinner,,52.00,disney-springs/boathouse-restaurant
2026-09-05,"The BOATHOUSE®: Great Food, Waterfront Dining, Dream Boats™",Disney Springs,"Stoneleigh, Marlborough",Sparkling & White Wines,Lunch; Dinner,,52.00,disney-springs/boathouse-restaurant
2026-09-05,"The BOATHOUSE®: Great Food, Waterfront Dining, Dream Boats™",Disney Springs,"St Supery, California",Sparkling & White Wines,Lunch; Dinner,,64.00,disney-springs/boathouse-restaurant
2026-09-05,"The BOATHOUSE®: Great Food, Waterfront Dining, Dream Boats™",Disney Springs,"Chateau de Sancerre '22, France",Sparkling & White Wines,Lunch; Dinner,,80.00,disney-springs/boathouse-restaurant
2026-09-05,"The BOATHOUSE®: Great Food, Waterfront Dining, Dream Boats™",Disney Springs,"La Crema '23, Sonoma County",Sparkling & White Wines,Lunch; Dinner,,60.00,disney-springs/boathouse-restaurant
2026-09-05,"The BOATHOUSE®: Great Food, Waterfront Dining, Dream Boats™",Disney Springs,"Groth '23, Napa Valley",Sparkling & White Wines,Lunch; Dinner,,65.00,disney-springs/boathouse-restaurant
2026-09-05,"The BOATHOUSE®: Great Food, Waterfront Dining, Dream Boats™",Disney Springs,"William Hill, North Coast",Sparkling & White Wines,Lunch; Dinner,,52.00,disney-springs/boathouse-restaurant
2026-09-05,"The BOATHOUSE®: Great Food, Waterfront Dining, Dream Boats™",Disney Springs,"Hess ""Shirtail"", Monterrey",Sparkling & White Wines,Lunch; Dinner,,52.00,disney-springs/boathouse-restaurant
2026-09-05,"The BOATHOUSE®: Great Food, Waterfront Dining, Dream Boats™",Disney Springs,"Sonoma Cutrer, Russian River",Sparkling & White Wines,Lunch; Dinner,,60.00,disney-springs/boathouse-restaurant
2026-09-05,"The BOATHOUSE®: Great Food, Waterfront Dining, Dream Boats™",Disney Springs,"Frank Family '22, Carneros",Sparkling & White Wines,Lunch; Dinner,,80.00,disney-springs/boathouse-restaurant
2026-09-05,"The BOATHOUSE®: Great Food, Waterfront Dining, Dream Boats™",Disney Springs,"Domaine LaRoche '22, Chablis",Sparkling & White Wines,Lunch; Dinner,,100.00,disney-springs/boathouse-restaurant
2026-09-05,"The BOATHOUSE®: Great Food, Waterfront Dining, Dream Boats™",Disney Springs,"Hamilton Russell '21, South Africa",Sparkling & White Wines,Lunch; Dinner,,110.00,disney-springs/boathouse-restaurant
2026-09-05,"The BOATHOUSE®: Great Food, Waterfront Dining, Dream Boats™",Disney Springs,"Dumon ""Wester Reach"" '21, Russian River Valley",Sparkling & White Wines,Lunch; Dinner,,140.00,disney-springs/boathouse-restaurant
2026-09-05,"The BOATHOUSE®: Great Food, Waterfront Dining, Dream Boats™",Disney Springs,"Castello Poggio Moscato, Italy",Sparkling & White Wines,Lunch; Dinner,,52.00,disney-springs/boathouse-restaurant
2026-09-05,"The BOATHOUSE®: Great Food, Waterfront Dining, Dream Boats™",Disney Springs,"August Kesseler Riesling, Marlborough",Sparkling & White Wines,Lunch; Dinner,,52.00,disney-springs/boathouse-restaurant
2026-09-05,"The BOATHOUSE®: Great Food, Waterfront Dining, Dream Boats™",Disney Springs,"Matua Rosé, New Zealand",Sparkling & White Wines,Lunch; Dinner,,52.00,disney-springs/boathouse-restaurant
2026-09-05,"The BOATHOUSE®: Great Food, Waterfront Dining, Dream Boats™",Disney Springs,"Sofia Rosé, California",Sparkling & White Wines,Lunch; Dinner,,52.00,disney-springs/boathouse-restaurant
2026-09-05,"The BOATHOUSE®: Great Food, Waterfront Dining, Dream Boats™",Disney Springs,"Nortico Alvarinho '22, Portugal",Sparkling & White Wines,Lunch; Dinner,,56.00,disney-springs/boathouse-restaurant
2026-09-05,"The BOATHOUSE®: Great Food, Waterfront Dining, Dream Boats™",Disney Springs,"Miraval Rosé '23, France",Sparkling & White Wines,Lunch; Dinner,,65.00,disney-springs/boathouse-restaurant
2026-09-05,"The BOATHOUSE®: Great Food, Waterfront Dining, Dream Boats™",Disney Springs,"Cycles Gladiator, Santa Rosa",Red Wines & Blends,Lunch; Dinner,,52.00,disney-springs/boathouse-restaurant
2026-09-05,"The BOATHOUSE®: Great Food, Waterfront Dining, Dream Boats™",Disney Springs,"Etude Lyric, Santa Barbara",Red Wines & Blends,Lunch; Dinner,,52.00,disney-springs/boathouse-restaurant
2026-09-05,"The BOATHOUSE®: Great Food, Waterfront Dining, Dream Boats™",Disney Springs,"Lange, Willamette Valley",Red Wines & Blends,Lunch; Dinner,,60.00,disney-springs/boathouse-restaurant
2026-09-05,"The BOATHOUSE®: Great Food, Waterfront Dining, Dream Boats™",Disney Springs,"Talley Pinot Noir '21, Arroyo Grande Valley",Red Wines & Blends,Lunch; Dinner,,80.00,disney-springs/boathouse-restaurant
2026-09-05,"The BOATHOUSE®: Great Food, Waterfront Dining, Dream Boats™",Disney Springs,"Sonoma Cutrer '21, Russian River Valley",Red Wines & Blends,Lunch; Dinner,,90.00,disney-springs/boathouse-restaurant
2026-09-05,"The BOATHOUSE®: Great Food, Waterfront Dining, Dream Boats™",Disney Springs,"Willakenzie Estate '21, Willamette Valley",Red Wines & Blends,Lunch; Dinner,,120.00,disney-springs/boathouse-restaurant
2026-09-05,"The BOATHOUSE®: Great Food, Waterfront Dining, Dream Boats™",Disney Springs,"Ken Wright ""Freedom Hill"" '21, Willamette Valley",Red Wines & Blends,Lunch; Dinner,,150.00,disney-springs/boathouse-restaurant
2026-09-05,"The BOATHOUSE®: Great Food, Waterfront Dining, Dream Boats™",Disney Springs,"Alexander Valley Vineyards, Alexander Valley",Red Wines & Blends,Lunch; Dinner,,48.00,disney-springs/boathouse-restaurant
2026-09-05,"The BOATHOUSE®: Great Food, Waterfront Dining, Dream Boats™",Disney Springs,"Decoy, California",Red Wines & Blends,Lunch; Dinner,,52.00,disney-springs/boathouse-restaurant
2026-09-05,"The BOATHOUSE®: Great Food, Waterfront Dining, Dream Boats™",Disney Springs,"Seven Hills, Washington",Red Wines & Blends,Lunch; Dinner,,60.00,disney-springs/boathouse-restaurant
2026-09-05,"The BOATHOUSE®: Great Food, Waterfront Dining, Dream Boats™",Disney Springs,"Duckhorn '22, California",Red Wines & Blends,Lunch; Dinner,,79.00,disney-springs/boathouse-restaurant
2026-09-05,"The BOATHOUSE®: Great Food, Waterfront Dining, Dream Boats™",Disney Springs,"Stag's Leap '22, Napa Valley",Red Wines & Blends,Lunch; Dinner,,85.00,disney-springs/boathouse-restaurant
2026-09-05,"The BOATHOUSE®: Great Food, Waterfront Dining, Dream Boats™",Disney Springs,"Avalon, California",Red Wines & Blends,Lunch; Dinner,,52.00,disney-springs/boathouse-restaurant
2026-09-05,"The BOATHOUSE®: Great Food, Waterfront Dining, Dream Boats™",Disney Springs,"Black Stallion, North Coast",Red Wines & Blends,Lunch; Dinner,,56.00,disney-springs/boathouse-restaurant
2026-09-05,"The BOATHOUSE®: Great Food, Waterfront Dining, Dream Boats™",Disney Springs,"Alpha Project, North Coast",Red Wines & Blends,Lunch; Dinner,,60.00,disney-springs/boathouse-restaurant
2026-09-05,"The BOATHOUSE®: Great Food, Waterfront Dining, Dream Boats™",Disney Springs,"Juggernaut, California",Red Wines & Blends,Lunch; Dinner,,60.00,disney-springs/boathouse-restaurant
2026-09-05,"The BOATHOUSE®: Great Food, Waterfront Dining, Dream Boats™",Disney Springs,"Daou, Paso Robles",Red Wines & Blends,Lunch; Dinner,,64.00,disney-springs/boathouse-restaurant
2026-09-05,"The BOATHOUSE®: Great Food, Waterfront Dining, Dream Boats™",Disney Springs,"Scattered Peaks, Napa Valley",Red Wines & Blends,Lunch; Dinner,,80.00,disney-springs/boathouse-restaurant
2026-09-05,"The BOATHOUSE®: Great Food, Waterfront Dining, Dream Boats™",Disney Springs,"Hess ""Allomi"" '21, Napa Valley",Red Wines & Blends,Lunch; Dinner,,80.00,disney-springs/boathouse-restaurant
2026-09-05,"The BOATHOUSE®: Great Food, Waterfront Dining, Dream Boats™",Disney Springs,Daou Reserve '21,Red Wines & Blends,Lunch; Dinner,,92.00,disney-springs/boathouse-restaurant
2026-09-05,"The BOATHOUSE®: Great Food, Waterfront Dining, Dream Boats™",Disney Springs,"Orin Swift Palermo '22, Napa Valley",Red Wines & Blends,Lunch; Dinner,,110.00,disney-springs/boathouse-restaurant
2026-09-05,"The BOATHOUSE®: Great Food, Waterfront Dining, Dream Boats™",Disney Springs,"Silver Oak '19, Alexander Valley",Red Wines & Blends,Lunch; Dinner,,205.00,disney-springs/boathouse-restaurant
2026-09-05,"The BOATHOUSE®: Great Food, Waterfront Dining, Dream Boats™",Disney Springs,"Opus One '21, Napa Valley",Red Wines & Blends,Lunch; Dinner,,515.00,disney-springs/boathouse-restaurant
2026-09-05,"The BOATHOUSE®: Great Food, Waterfront Dining, Dream Boats™",Disney Springs,"Phantom Red Blend, California",Red Wines & Blends,Lunch; Dinner,,52.00,disney-springs/boathouse-restaurant
2026-09-05,"The BOATHOUSE®: Great Food, Waterfront Dining, Dream Boats™",Disney Springs,Director's Cut Zinfandel,Red Wines & Blends,Lunch; Dinner,,60.00,disney-springs/boathouse-restaurant
2026-09-05,"The BOATHOUSE®: Great Food, Waterfront Dining, Dream Boats™",Disney Springs,"Alma Negra Malbec '20, Mendoza",Red Wines & Blends,Lunch; Dinner,,56.00,disney-springs/boathouse-restaurant
2026-09-05,"The BOATHOUSE®: Great Food, Waterfront Dining, Dream Boats™",Disney Springs,"Caymus ""The Walking Fool"" '22, Suisun Valley",Red Wines & Blends,Lunch; Dinner,,60.00,disney-springs/boathouse-restaurant
2026-09-05,"The BOATHOUSE®: Great Food, Waterfront Dining, Dream Boats™",Disney Springs,"Orin Swift Abstract Red Blend '22, Napa Valley",Red Wines & Blends,Lunch; Dinner,,92.00,disney-springs/boathouse-restaurant
2026-09-05,"The BOATHOUSE®: Great Food, Waterfront Dining, Dream Boats™",Disney Springs,"Overture by Opus One '21, Napa Valley",Red Wines & Blends,Lunch; Dinner,,335.00,disney-springs/boathouse-restaurant
2026-09-05,"The BOATHOUSE®: Great Food, Waterfront Dining, Dream Boats™",Disney Springs,Duck Duck Razz,Boathouse Signature Cocktails,Lunch; Dinner,"Skyy Raspberry Vodka, Blue Curacao, Lemon Juice, Simple Syrup",17.00,disney-springs/boathouse-restaurant
2026-09-05,"The BOATHOUSE®: Great Food, Waterfront Dining, Dream Boats™",Disney Springs,Dock of the Bay,Boathouse Signature Cocktails,Lunch; Dinner,"Aperol, Empress 1908 Indego Gin, Bisol Processo, Lime Juice, Simple Syrup, Edible Orchid",17.00,disney-springs/boathouse-restaurant
2026-09-05,"The BOATHOUSE®: Great Food, Waterfront Dining, Dream Boats™",Disney Springs,American Mule,Boathouse Signature Cocktails,Lunch; Dinner,"Fifty States Vodka, Ginger Beer, Lime juice",16.00,disney-springs/boathouse-restaurant
2026-09-05,"The BOATHOUSE®: Great Food, Waterfront Dining, Dream Boats™",Disney Springs,Coconut Mojito,Boathouse Signature Cocktails,Lunch; Dinner,"Rumhaven Coconut Rum, Simple Syrup, Mint, Soda",17.00,disney-springs/boathouse-restaurant
2026-09-05,"The BOATHOUSE®: Great Food, Waterfront Dining, Dream Boats™",Disney Springs,Blueberry Lemonade,Boathouse Signature Cocktails,Lunch; Dinner,"Stoli Blueberry, Deep Eddy Lemon Vodka, Home-made Lemonade, Fresh Blueberries",17.00,disney-springs/boathouse-restaurant
2026-09-05,"The BOATHOUSE®: Great Food, Waterfront Dining, Dream Boats™",Disney Springs,Shipwreck,Boathouse Signature Cocktails,Lunch; Dinner,"Flor de Cana Gold and Silver Rum, Passion Fruit Liqueur, Fresh Tropical Juices, Fresh Oranges and Cherries",17.00,disney-springs/boathouse-restaurant
2026-09-05,"The BOATHOUSE®: Great Food, Waterfront Dining, Dream Boats™",Disney Springs,Old Fashioned,Boathouse Signature Cocktails,Lunch; Dinner,"Wild Turkey 81, Simple Syrup, Angostura Bitters, Cherry Bitters and Luxardo Cherry",16.00,disney-springs/boathouse-restaurant
2026-09-05,"The BOATHOUSE®: Great Food, Waterfront Dining, Dream Boats™",Disney Springs,BH Negroni,Boathouse Signature Cocktails,Lunch; Dinner,"Conniption Barrel Aged Gin, Aperol, Carpano Antica Sweet Vermouth, Simple Syrup",17.00,disney-springs/boathouse-restaurant
2026-09-05,"The BOATHOUSE®: Great Food, Waterfront Dining, Dream Boats™",Disney Springs,Strawberry Gin Fizz,Boathouse Signature Cocktails,Lunch; Dinner,"Hendrick's Gin, Strawberries, Mint, Lime Juice, Soda Water",16.00,disney-springs/boathouse-restaurant
2026-09-05,"The BOATHOUSE®: Great Food, Waterfront Dining, Dream Boats™",Disney Springs,Lemon Drop Martini,Boathouse Signature Cocktails,Lunch; Dinner,"Stoli Citros, Deep Eddy Lemon Vodka, Cointreau, Lemon Rock Candy Swizzle Stick",16.00,disney-springs/boathouse-restaurant
2026-09-05,"The BOATHOUSE®: Great Food, Waterfront Dining, Dream Boats™",Disney Springs,Margarita,Boathouse Signature Cocktails,Lunch; Dinner,"Corazon Blanco, Solerno Blood Orange Liqueur, Agave Nectar, Lime Juice",16.00,disney-springs/boathouse-restaurant
2026-09-05,"The BOATHOUSE®: Great Food, Waterfront Dining, Dream Boats™",Disney Springs,Espresso Martini,Boathouse Signature Cocktails,Lunch; Dinner,"360 Madagascar Vanilla Vodka, Kahlua, Liquor 43, Espresso",16.00,disney-springs/boathouse-restaurant
2026-09-05,"The BOATHOUSE®: Great Food, Waterfront Dining, Dream Boats™",Disney Springs,Tito's Strawberry Fields,Boathouse Signature Cocktails,Lunch; Dinner,"Tito's Vodka, Strawberry Puree, Fresh Key Lime Juice, Mint & Club Soda",16.00,disney-springs/boathouse-restaurant
2026-09-05,"The BOATHOUSE®: Great Food, Waterfront Dining, Dream Boats™",Disney Springs,Captain's Brew,After Dinner Dessert Drinks,Lunch; Dinner,"Liquor 43, Baileys, Cold Brew Coffee, Chocolate Caramel Sea Salt",16.00,disney-springs/boathouse-restaurant
2026-09-05,"The BOATHOUSE®: Great Food, Waterfront Dining, Dream Boats™",Disney Springs,Chocolate Raspberry Martini,After Dinner Dessert Drinks,Lunch; Dinner,"Skyy Raspberry, Faretti Chocolate Liqueur, Chambord, Cream",14.00,disney-springs/boathouse-restaurant
2026-09-05,"The BOATHOUSE®: Great Food, Waterfront Dining, Dream Boats™",Disney Springs,Key Lime Pie Martini,After Dinner Dessert Drinks,Lunch; Dinner,"Liquor 43, Key Lime Juice, Cream",14.00,disney-springs/boathouse-restaurant
2026-09-05,"The BOATHOUSE®: Great Food, Waterfront Dining, Dream Boats™",Disney Springs,Lake Buena Vista Irish Coffee,After Dinner Dessert Drinks,Lunch; Dinner,"Tullamore Dew, Coffee, Sugar, Hand Whipped Cream",12.00,disney-springs/boathouse-restaurant
2026-09-05,"The BOATHOUSE®: Great Food, Waterfront Dining, Dream Boats™",Disney Springs,Dow's 10 Year Old Tawny Port Wine,After Dinner Dessert Drinks,Lunch; Dinner,,13.00,disney-springs/boathouse-restaurant
2026-09-05,"The BOATHOUSE®: Great Food, Waterfront Dining, Dream Boats™",Disney Springs,"Angel's Envy KY, U.S.A",Whiskey & Bourbon,Lunch; Dinner,,19.00,disney-springs/boathouse-restaurant
2026-09-05,"The BOATHOUSE®: Great Food, Waterfront Dining, Dream Boats™",Disney Springs,"Basil Hayden's KY, U.S.A",Whiskey & Bourbon,Lunch; Dinner,,16.50,disney-springs/boathouse-restaurant
2026-09-05,"The BOATHOUSE®: Great Food, Waterfront Dining, Dream Boats™",Disney Springs,"Crown Royal Manitoba, Can",Whiskey & Bourbon,Lunch; Dinner,,15.50,disney-springs/boathouse-restaurant
2026-09-05,"The BOATHOUSE®: Great Food, Waterfront Dining, Dream Boats™",Disney Springs,"Four Roses Single Barrell KY, U.S.A",Whiskey & Bourbon,Lunch; Dinner,,18.00,disney-springs/boathouse-restaurant
2026-09-05,"The BOATHOUSE®: Great Food, Waterfront Dining, Dream Boats™",Disney Springs,"Heaven's Door TN, U.S.A",Whiskey & Bourbon,Lunch; Dinner,,18.00,disney-springs/boathouse-restaurant
2026-09-05,"The BOATHOUSE®: Great Food, Waterfront Dining, Dream Boats™",Disney Springs,"Hooten Young FL, U.S.A",Whiskey & Bourbon,Lunch; Dinner,,18.00,disney-springs/boathouse-restaurant
2026-09-05,"The BOATHOUSE®: Great Food, Waterfront Dining, Dream Boats™",Disney Springs,"Jack Daniels TN, U.S.A",Whiskey & Bourbon,Lunch; Dinner,,15.50,disney-springs/boathouse-restaurant
2026-09-05,"The BOATHOUSE®: Great Food, Waterfront Dining, Dream Boats™",Disney Springs,"Jack Daniels Single Barrel TN, U.S.A",Whiskey & Bourbon,Lunch; Dinner,,21.00,disney-springs/boathouse-restaurant
2026-09-05,"The BOATHOUSE®: Great Food, Waterfront Dining, Dream Boats™",Disney Springs,"Jameson Cork, Ireland",Whiskey & Bourbon,Lunch; Dinner,,13.00,disney-springs/boathouse-restaurant
2026-09-05,"The BOATHOUSE®: Great Food, Waterfront Dining, Dream Boats™",Disney Springs,"Jim Beam KY, U.S.A",Whiskey & Bourbon,Lunch; Dinner,,12.00,disney-springs/boathouse-restaurant
2026-09-05,"The BOATHOUSE®: Great Food, Waterfront Dining, Dream Boats™",Disney Springs,"Knob Creek KY, U.S.A",Whiskey & Bourbon,Lunch; Dinner,,18.00,disney-springs/boathouse-restaurant
2026-09-05,"The BOATHOUSE®: Great Food, Waterfront Dining, Dream Boats™",Disney Springs,"Makers Mark KY, U.S.A",Whiskey & Bourbon,Lunch; Dinner,,16.50,disney-springs/boathouse-restaurant
2026-09-05,"The BOATHOUSE®: Great Food, Waterfront Dining, Dream Boats™",Disney Springs,"Makers Mark Cask Strength KY, U.S.A",Whiskey & Bourbon,Lunch; Dinner,,27.00,disney-springs/boathouse-restaurant
2026-09-05,"The BOATHOUSE®: Great Food, Waterfront Dining, Dream Boats™",Disney Springs,"Mitcher's Rye KY, U.S.A",Whiskey & Bourbon,Lunch; Dinner,,18.00,disney-springs/boathouse-restaurant
2026-09-05,"The BOATHOUSE®: Great Food, Waterfront Dining, Dream Boats™",Disney Springs,"Old Forester KY, U.S.A",Whiskey & Bourbon,Lunch; Dinner,,13.00,disney-springs/boathouse-restaurant
2026-09-05,"The BOATHOUSE®: Great Food, Waterfront Dining, Dream Boats™",Disney Springs,"Rittenhouse Rye KY, U.S.A",Whiskey & Bourbon,Lunch; Dinner,,15.50,disney-springs/boathouse-restaurant
2026-09-05,"The BOATHOUSE®: Great Food, Waterfront Dining, Dream Boats™",Disney Springs,"Seagrams 7, Canada",Whiskey & Bourbon,Lunch; Dinner,,12.00,disney-springs/boathouse-restaurant
2026-09-05,"The BOATHOUSE®: Great Food, Waterfront Dining, Dream Boats™",Disney Springs,"Tullamore Dew, Ireland",Whiskey & Bourbon,Lunch; Dinner,,15.50,disney-springs/boathouse-restaurant
2026-09-05,"The BOATHOUSE®: Great Food, Waterfront Dining, Dream Boats™",Disney Springs,"Whistlepig 10 YR VT, U.S.A",Whiskey & Bourbon,Lunch; Dinner,,23.00,disney-springs/boathouse-restaurant
2026-09-05,"The BOATHOUSE®: Great Food, Waterfront Dining, Dream Boats™",Disney Springs,"Woodford Reserve KY, U.S.A",Whiskey & Bourbon,Lunch; Dinner,,18.00,disney-springs/boathouse-restaurant
2026-09-05,"The BOATHOUSE®: Great Food, Waterfront Dining, Dream Boats™",Disney Springs,"Balvenie Doublewood 12 YR, Scotland",Scotch,Lunch; Dinner,,21.00,disney-springs/boathouse-restaurant
2026-09-05,"The BOATHOUSE®: Great Food, Waterfront Dining, Dream Boats™",Disney Springs,"Balvenie Caribbean Cask, Scotland",Scotch,Lunch; Dinner,,32.50,disney-springs/boathouse-restaurant
2026-09-05,"The BOATHOUSE®: Great Food, Waterfront Dining, Dream Boats™",Disney Springs,"Balvenie Portwood 21 YR, Scotland",Scotch,Lunch; Dinner,,77.25,disney-springs/boathouse-restaurant
2026-09-05,"The BOATHOUSE®: Great Food, Waterfront Dining, Dream Boats™",Disney Springs,"Bowmore 12 YR, Scotland",Scotch,Lunch; Dinner,,23.00,disney-springs/boathouse-restaurant
2026-09-05,"The BOATHOUSE®: Great Food, Waterfront Dining, Dream Boats™",Disney Springs,"Famous Grouse, Scotland",Scotch,Lunch; Dinner,,15.50,disney-springs/boathouse-restaurant
2026-09-05,"The BOATHOUSE®: Great Food, Waterfront Dining, Dream Boats™",Disney Springs,"Glenfiddich 12 YR, Scotland",Scotch,Lunch; Dinner,,20.00,disney-springs/boathouse-restaurant
2026-09-05,"The BOATHOUSE®: Great Food, Waterfront Dining, Dream Boats™",Disney Springs,"Glenfiddich 21 YR, Scotland",Scotch,Lunch; Dinner,,41.00,disney-springs/boathouse-restaurant
2026-09-05,"The BOATHOUSE®: Great Food, Waterfront Dining, Dream Boats™",Disney Springs,"Glenfiddich 23 YR, Scotland",Scotch,Lunch; Dinner,,77.00,disney-springs/boathouse-restaurant
2026-09-05,"The BOATHOUSE®: Great Food, Waterfront Dining, Dream Boats™",Disney Springs,"Glenlivet 12, Scotland",Scotch,Lunch; Dinner,,20.00,disney-springs/boathouse-restaurant
2026-09-05,"The BOATHOUSE®: Great Food, Waterfront Dining, Dream Boats™",Disney Springs,"Johnnie Walker Black, Scotland",Scotch,Lunch; Dinner,,18.00,disney-springs/boathouse-restaurant
2026-09-05,"The BOATHOUSE®: Great Food, Waterfront Dining, Dream Boats™",Disney Springs,"Laphroaig, Scotland",Scotch,Lunch; Dinner,,23.00,disney-springs/boathouse-restaurant
2026-09-05,"The BOATHOUSE®: Great Food, Waterfront Dining, Dream Boats™",Disney Springs,"Macallan 12 YR, Scotland",Scotch,Lunch; Dinner,,23.00,disney-springs/boathouse-restaurant
2026-09-05,Chef Art Smith's Homecomin',Disney Springs,Everglazed Doughnuts,Starters,Brunch,"Mini glazed doughnuts, baked fresh daily by our neighbors at Everglazed! Topped with pecans and bacon for $2",10.00,disney-springs/chef-art-smiths-homecomin
2026-09-05,Chef Art Smith's Homecomin',Disney Springs,Church Lady Deviled Eggs,Starters,Brunch; Lunch; Dinner,HFK-style whole deviled eggs,14.00,disney-springs/chef-art-smiths-homecomin
2026-09-05,Chef Art Smith's Homecomin',Disney Springs,Jasper Board,Starters,Brunch; Lunch; Dinner,"An array of Southern charcuterie. Shaved honey ham, smoked sausage, pimento cheese, smoked salmon dip, tomato-bacon jam, B&B pickles, crostini and crackers.",28.00,disney-springs/chef-art-smiths-homecomin
2026-09-05,Chef Art Smith's Homecomin',Disney Springs,Blueberry Buckle,Starters,Brunch,Our house made blueberry coffee cake topped with vanilla glaze and garnished with fresh berries and mint,18.00,disney-springs/chef-art-smiths-homecomin
2026-09-05,Chef Art Smith's Homecomin',Disney Springs,Biscuits,Starters,Brunch,Cheddar cheese drop biscuits served with choice of blackberry fig jam or sawmill gravy,12.00,disney-springs/chef-art-smiths-homecomin
2026-09-05,Chef Art Smith's Homecomin',Disney Springs,Grand-Daddy Plate*,Specialties,Brunch,"Three eggs any style, pecan-smoked bacon, griddled country ham, cheddar cheese drop biscuit with choice of side",25.00,disney-springs/chef-art-smiths-homecomin
2026-09-05,Chef Art Smith's Homecomin',Disney Springs,Hallelujah Biscuit*,Specialties,Brunch,"Open-faced biscuit topped with Chef Art’s famous fried chicken, two over easy eggs, pimento cheese, pecan-smoked bacon and smothered in sawmill gravy with choice of side.",28.00,disney-springs/chef-art-smiths-homecomin
2026-09-05,Chef Art Smith's Homecomin',Disney Springs,French Toast,Specialties,Brunch,Thick slices of griddled bread dusted with powdered sugar and served with spiced cane syrup and seasonal fruit with choice of side,22.00,disney-springs/chef-art-smiths-homecomin
2026-09-05,Chef Art Smith's Homecomin',Disney Springs,Traditional Benedict*,Specialties,Brunch,"An oversized toasted English muffin topped with Canadian bacon, two over easy eggs and pimento hollandaise sauce with choice of side",25.00,disney-springs/chef-art-smiths-homecomin
2026-09-05,Chef Art Smith's Homecomin',Disney Springs,Ultimate Breakfast Sandwich*,Specialties,Brunch,"A perfectly fried egg atop a maple pork sausage patty, crispy bacon and griddled country ham. Topped with melted pimento cheese, tomato bacon jam and served on toasted sourdough with choice of side",22.00,disney-springs/chef-art-smiths-homecomin
2026-09-05,Chef Art Smith's Homecomin',Disney Springs,Chicken & Waffles,Specialties,Brunch,"Belgian waffle topped with Chef Art's famous fried chicken thighs, drizzled with hot honey sauce. Served dusted with powdered sugar, with berries and cane syrup with choice of side",28.00,disney-springs/chef-art-smiths-homecomin
2026-09-05,Chef Art Smith's Homecomin',Disney Springs,Biscuits & Gravy Plate*,Specialties,Brunch,"Two open-faced cheddar drop biscuits, smothered with our signature sawmill gravy and served with two eggs with choice of side",20.00,disney-springs/chef-art-smiths-homecomin
2026-09-05,Chef Art Smith's Homecomin',Disney Springs,Short Rib Hash*,Specialties,Brunch,"Two sunny side up eggs over diced potatoes, grilled corn succotash, onions, red bell and Fresno peppers for a bit of a kick. Served with a cheddar cheese drop biscuit with choice of side",28.00,disney-springs/chef-art-smiths-homecomin
2026-09-05,Chef Art Smith's Homecomin',Disney Springs,Veggie Skillet*,Specialties,Brunch,"A country-style skillet of tender chickpeas, roasted tomatoes, red and green peppers, and a dash of Southern seasoning. Topped with two eggs cooked your way and finished with a hearty dollop of sour cream with choice of side",22.00,disney-springs/chef-art-smiths-homecomin
2026-09-05,Chef Art Smith's Homecomin',Disney Springs,Fried Egg & Avocado Toast*,Specialties,Brunch,"Grilled multigrain bread topped with house made avocado spread, fried egg, arugula, radish and pickled red onion. Drizzled with olive oil and lemon with choice of side",22.00,disney-springs/chef-art-smiths-homecomin
2026-09-05,Chef Art Smith's Homecomin',Disney Springs,Steak & Egg Plate*,Specialties,Brunch,"A brunch-sized portion of country fried steak, smothered in sawmill gravy and topped with two over easy eggs. Served with a cheddar cheese drop biscuit and choice of side",26.00,disney-springs/chef-art-smiths-homecomin
2026-09-05,Chef Art Smith's Homecomin',Disney Springs,French Toast,Kiddos,Brunch,Two slices of French toast served with fresh fruit and choice of side item.,13.00,disney-springs/chef-art-smiths-homecomin
2026-09-05,Chef Art Smith's Homecomin',Disney Springs,Jr. Farmer Plate*,Kiddos,Brunch,Two eggs any style with fresh fruit and choice of side item.,13.00,disney-springs/chef-art-smiths-homecomin
2026-09-05,Chef Art Smith's Homecomin',Disney Springs,Bradley's Grits,Sides,Brunch; Lunch; Dinner,,8.00,disney-springs/chef-art-smiths-homecomin
2026-09-05,Chef Art Smith's Homecomin',Disney Springs,Pecan-smoked Bacon,Sides,Brunch,,8.00,disney-springs/chef-art-smiths-homecomin
2026-09-05,Chef Art Smith's Homecomin',Disney Springs,Southern Style Cheesy Potatoes,Sides,Brunch,,10.00,disney-springs/chef-art-smiths-homecomin
2026-09-05,Chef Art Smith's Homecomin',Disney Springs,Creamy Mashed Potatoes,Sides,Brunch; Lunch; Dinner,,8.00,disney-springs/chef-art-smiths-homecomin
2026-09-05,Chef Art Smith's Homecomin',Disney Springs,Griddled Country Ham,Sides,Brunch,,8.00,disney-springs/chef-art-smiths-homecomin
2026-09-05,Chef Art Smith's Homecomin',Disney Springs,Seasonal Fruit,Sides,Brunch,,5.00,disney-springs/chef-art-smiths-homecomin
2026-09-05,Chef Art Smith's Homecomin',Disney Springs,Aperol Spritz,Rise n' Shine Cocktails,Brunch,"La Marca Prosecco, Aperol and a dash of orange bitters, topped with Topo Chico sparkling mineral water and a slice of pink grapefruit.",15.00,disney-springs/chef-art-smiths-homecomin
2026-09-05,Chef Art Smith's Homecomin',Disney Springs,Woodford Blues,Rise n' Shine Cocktails,Brunch,"Homecomin's own Woodford Reserve Private Select Bourbon, blueberry puree and agave.",15.00,disney-springs/chef-art-smiths-homecomin
2026-09-05,Chef Art Smith's Homecomin',Disney Springs,Princess Mimosa,Rise n' Shine Cocktails,Brunch,"A royal pour of bubbly with your choice of freshly-squeezed Florida orange juice or blueberry, strawberry or peach purees.",14.00,disney-springs/chef-art-smiths-homecomin
2026-09-05,Chef Art Smith's Homecomin',Disney Springs,Florida Crush,Rise n' Shine Cocktails,Brunch,"Tito’s Handmade Vodka, muddled orange and strawberries, a splash of fresh-squeezed orange juice and agave syrup.",14.00,disney-springs/chef-art-smiths-homecomin
2026-09-05,Chef Art Smith's Homecomin',Disney Springs,The Local,Rise n' Shine Cocktails,Brunch,"RumHaven coconut water rum, lime, simple syrup and fresh pineapple",14.00,disney-springs/chef-art-smiths-homecomin
2026-09-05,Chef Art Smith's Homecomin',Disney Springs,Espresso Martini,Rise n' Shine Cocktails,Brunch,"Mr. Black Coffee Liqueur, vodka and cold brew concentrate are shaken to a frothy delight",15.00,disney-springs/chef-art-smiths-homecomin
2026-09-05,Chef Art Smith's Homecomin',Disney Springs,Peanut Brittle,Rise n' Shine Cocktails,Brunch,"Lavazza hot or iced coffee, praline liqueur and Skrewball Peanut Butter Whiskey topped with salted cream and crushed candied pecans",14.00,disney-springs/chef-art-smiths-homecomin
2026-09-05,Chef Art Smith's Homecomin',Disney Springs,Strawberry Lemonade,Rise n' Shine Cocktails,Brunch,"Strawberry moonshine, freshly muddled strawberries, lemonade and strawberry puree",16.00,disney-springs/chef-art-smiths-homecomin
2026-09-05,Chef Art Smith's Homecomin',Disney Springs,Proud Mary,Rise n' Shine Cocktails,Brunch,"The classic with Tito's Handmade Vodka, seasoned salt rim, celery, pickle and olives",15.00,disney-springs/chef-art-smiths-homecomin
2026-09-05,Chef Art Smith's Homecomin',Disney Springs,White Peach Sangria,Rise n' Shine Cocktails,Brunch,"La Perlina Moscato with muddled orange and mango, fresh peach puree, peach moonshine and a moonshine-soaked peach wedge",16.00,disney-springs/chef-art-smiths-homecomin
2026-09-05,Chef Art Smith's Homecomin',Disney Springs,Old Fashioned Elder,Rise n' Shine Cocktails,Brunch,"Michter's Bourbon, St. Germain Elderflower, dash of bitters, and fancy cherry.",16.00,disney-springs/chef-art-smiths-homecomin
2026-09-05,Chef Art Smith's Homecomin',Disney Springs,Sweet Tea Shine,Rise n' Shine Cocktails,Brunch,"Sweet tea, fresh-squeezed lemon and moonshine",16.00,disney-springs/chef-art-smiths-homecomin
2026-09-05,Chef Art Smith's Homecomin',Disney Springs,Southern Mary,Rise n' Shine Cocktails,Brunch,"Dixie Black Pepper Vodka, Whiskey Willy’s Bloody Mary Mix with pecan-smoked bacon, fried green tomato, pimento cheese-stuffed olives and seasoned salt rim.",16.00,disney-springs/chef-art-smiths-homecomin
2026-09-05,Chef Art Smith's Homecomin',Disney Springs,Thigh High Chicken Biscuits,Starters,Lunch; Dinner,Three biscuits topped with Chef Art's famous fried chicken thighs and bread and butter pickles. Drizzled with hot honey,20.00,disney-springs/chef-art-smiths-homecomin
2026-09-05,Chef Art Smith's Homecomin',Disney Springs,Bee Haven Bay Fried Green Tomatoes,Starters,Lunch; Dinner,"Shaved ham, rémoulade sauce, and dressed local greens",18.00,disney-springs/chef-art-smiths-homecomin
2026-09-05,Chef Art Smith's Homecomin',Disney Springs,Fried Pickles,Starters,Lunch; Dinner,"Hand-cut spears are pickled in-house, crispy fried and served with remoulade",16.00,disney-springs/chef-art-smiths-homecomin
2026-09-05,Chef Art Smith's Homecomin',Disney Springs,Bunch of Puppies,Starters,Lunch; Dinner,House-made hushpuppies served with pimento cheese and red jalapeño jelly,16.00,disney-springs/chef-art-smiths-homecomin
2026-09-05,Chef Art Smith's Homecomin',Disney Springs,Key West Shrimp Cocktail,Starters,Lunch; Dinner,"Seasoned shrimp tossed with avocado, mango, cucumber and our house-made cocktail sauce. Served with buttermilk crackers",19.00,disney-springs/chef-art-smiths-homecomin
2026-09-05,Chef Art Smith's Homecomin',Disney Springs,Bacon-wrapped Shrimp,Starters,Lunch; Dinner,Tossed in our house-made hot honey and served over lightly dressed greens with a remoulade dipping sauce,18.00,disney-springs/chef-art-smiths-homecomin
2026-09-05,Chef Art Smith's Homecomin',Disney Springs,Fried Chicken Salad,Salads & Such,Lunch; Dinner,"Crispy fried chicken over mixed greens, pecan-smoked bacon, egg, heirloom cherry tomatoes, red onion, and cucumber tossed with icebox dressing, house-made croutons, and fresh herbs",22.00,disney-springs/chef-art-smiths-homecomin
2026-09-05,Chef Art Smith's Homecomin',Disney Springs,Southern Cobb Salad,Salads & Such,Lunch; Dinner,"Smoked turkey with corn, cheese, avocado, onions, pecan-smoked bacon, cucumber, tomato and a sliced hard-boiled egg. Served over spring mix and romaine with choice of dressing",22.00,disney-springs/chef-art-smiths-homecomin
2026-09-05,Chef Art Smith's Homecomin',Disney Springs,Harvest Salad,Salads & Such,Lunch; Dinner,"Mixed greens tossed with fire-roasted red peppers and corn, shredded white cheddar cheese, heirloom cherry tomatoes and house-made balsamic dressing. Topped with grilled chicken, avocado, and hushpuppies",22.00,disney-springs/chef-art-smiths-homecomin
2026-09-05,Chef Art Smith's Homecomin',Disney Springs,Addie Mae's Chicken & Dumpling Soup,Salads & Such,Lunch; Dinner,"Simple, delicious, and filled with house-made dumplings, chicken, and veggies. Just like Momma used to make",16.00,disney-springs/chef-art-smiths-homecomin
2026-09-05,Chef Art Smith's Homecomin',Disney Springs,Fried Chicken Sandwich,Buns & Such,Lunch; Dinner,"Buttermilk-brined for 24 hours and hand-battered, dressed with hot sauce, aioli, iceberg lettuce, tomato and bread and butter pickles. Served with house-made barbecue chips drizzled with icebox dressing",21.00,disney-springs/chef-art-smiths-homecomin
2026-09-05,Chef Art Smith's Homecomin',Disney Springs,Braised Beef Sandwich,Buns & Such,Lunch; Dinner,"Slow-cooked pot roast topped with roasted red peppers, melted Swiss, horseradish cream sauce, and a lightly dressed arugula salad. Served on a fresh Cuban roll with house-made barbecue chips drizzled with icebox dressing",24.00,disney-springs/chef-art-smiths-homecomin
2026-09-05,Chef Art Smith's Homecomin',Disney Springs,The Art Burger*,Buns & Such,Lunch; Dinner,"Two beef patties topped with American cheese, Art's special sauce, tomato-bacon jam, lettuce, tomato, onion and pickles on a brioche bun. Served with house-made barbecue chips drizzled with icebox dressing",20.00,disney-springs/chef-art-smiths-homecomin
2026-09-05,Chef Art Smith's Homecomin',Disney Springs,Cuban Sandwich,Buns & Such,Lunch; Dinner,"House-smoked pork, shaved country ham, house-made pickles, yellow mustard and Swiss cheese pressed between slices of fresh Cuban bread. Served with house-made barbecue chips drizzled with icebox dressing",20.00,disney-springs/chef-art-smiths-homecomin
2026-09-05,Chef Art Smith's Homecomin',Disney Springs,Art's Hot Chicken Sandwich,Buns & Such,Lunch; Dinner,"Crispy-fried chicken breast tossed in our buffalo-style hot sauce and dressed with tangy slaw, bread and butter pickles and a drizzle of icebox dressing. Served with house-made barbecue chips drizzled with icebox dressing",22.00,disney-springs/chef-art-smiths-homecomin
2026-09-05,Chef Art Smith's Homecomin',Disney Springs,Catfish Sandwich,Buns & Such,Lunch; Dinner,"Crispy-fried Gulf Coast catfish fillet topped with lettuce, tomato, and remoulade sauce on a brioche bun. Served with house-made barbecue chips drizzled with icebox dressing",20.00,disney-springs/chef-art-smiths-homecomin
2026-09-05,Chef Art Smith's Homecomin',Disney Springs,The Country Club,Buns & Such,Lunch; Dinner,"Grilled chicken topped with white cheddar, pecan-smoked bacon, red jalapeño jelly, lettuce and tomato on a brioche bun. Served with house-made barbecue chips drizzled with icebox dressing",22.00,disney-springs/chef-art-smiths-homecomin
2026-09-05,Chef Art Smith's Homecomin',Disney Springs,Art's Famous Fried Chicken,Main Plates,Lunch; Dinner,"Buttermilk-brined for 24 hours then perfectly fried and served with creamy mashed potatoes, a cheddar drop biscuit and love",34.00,disney-springs/chef-art-smiths-homecomin
2026-09-05,Chef Art Smith's Homecomin',Disney Springs,Meatloaf Main Plate,Main Plates,Lunch; Dinner,"House-made meatloaf served with creamy mashed potatoes, Southern green beans and a cheddar drop biscuit",30.00,disney-springs/chef-art-smiths-homecomin
2026-09-05,Chef Art Smith's Homecomin',Disney Springs,Smothered Chicken,Main Plates,Lunch; Dinner,"Chef Art’s famous fried chicken thigh atop creamy mashed potatoes and sauteed broccolini, smothered in house-made onion gravy and topped with crispy bacon",32.00,disney-springs/chef-art-smiths-homecomin
2026-09-05,Chef Art Smith's Homecomin',Disney Springs,Skillet-fried Chicken Paillard,Main Plates,Lunch; Dinner,"Art’s spin on piccata. Buttermilk-brined chicken is pounded thin, hand-breaded and skillet-fried, then topped with lemon butter, garlic and capers. Served with roasted potatoes and grilled asparagus",32.00,disney-springs/chef-art-smiths-homecomin
2026-09-05,Chef Art Smith's Homecomin',Disney Springs,Fried Chicken & Doughnuts,Main Plates,Lunch; Dinner,Two pieces of Chef Art Smith’s famous fried chicken served with EVERGLAZED’s hand-crafted glazed donuts and creamy mashed potatoes,32.00,disney-springs/chef-art-smiths-homecomin
2026-09-05,Chef Art Smith's Homecomin',Disney Springs,Barbecue Salmon,Main Plates,Lunch; Dinner,"Cured for 24 hours in a dry rub, grilled, and basted with our house-made barbecue sauce. Topped with crispy potato strings and served with creamy mashed potatoes and grilled asparagus",38.00,disney-springs/chef-art-smiths-homecomin
2026-09-05,Chef Art Smith's Homecomin',Disney Springs,Country Fried Steak,Main Plates,Lunch; Dinner,"Perfectly seasoned, battered then fried and topped with sawmill gravy. Served with creamy mashed potatoes, Southern green beans and a cheddar drop biscuit",34.00,disney-springs/chef-art-smiths-homecomin
2026-09-05,Chef Art Smith's Homecomin',Disney Springs,Southern Pot Roast,Main Plates,Lunch; Dinner,"Slow-cooked braised beef with roasted tomatoes, house-made demi-glace and lemon bu er sauce. Served with creamy mashed potatoes, broccolini, and carrots",42.00,disney-springs/chef-art-smiths-homecomin
2026-09-05,Chef Art Smith's Homecomin',Disney Springs,Chargrilled Chicken,Main Plates,Lunch; Dinner,"Two grilled chicken breasts served with sliced avocado, creamy mashed potatoes and a cup of our broccoli & bacon salad",30.00,disney-springs/chef-art-smiths-homecomin
2026-09-05,Chef Art Smith's Homecomin',Disney Springs,Shrimp & Grits,Main Plates,Lunch; Dinner,Pan-seared shrimp with tomato gravy and Tasso ham served over creamy Bradley’s grits with a cheddar drop biscuit,30.00,disney-springs/chef-art-smiths-homecomin
2026-09-05,Chef Art Smith's Homecomin',Disney Springs,Momma's Mac and Cheese,Sides,Lunch; Dinner,,10.00,disney-springs/chef-art-smiths-homecomin
2026-09-05,Chef Art Smith's Homecomin',Disney Springs,Braised Kale and Collards,Sides,Lunch; Dinner,,7.00,disney-springs/chef-art-smiths-homecomin
2026-09-05,Chef Art Smith's Homecomin',Disney Springs,Southern Green Beans,Sides,Lunch; Dinner,,8.00,disney-springs/chef-art-smiths-homecomin
2026-09-05,Chef Art Smith's Homecomin',Disney Springs,Sweet Potato Mash,Sides,Lunch; Dinner,Topped with torched marshmallows,9.00,disney-springs/chef-art-smiths-homecomin
2026-09-05,Chef Art Smith's Homecomin',Disney Springs,Grilled Asparagus,Sides,Lunch; Dinner,,9.00,disney-springs/chef-art-smiths-homecomin
2026-09-05,Chef Art Smith's Homecomin',Disney Springs,Broccoli & Bacon Salad,Sides,Lunch; Dinner,,7.00,disney-springs/chef-art-smiths-homecomin
2026-09-05,Chef Art Smith's Homecomin',Disney Springs,Southern Slaw,Sides,Lunch; Dinner,,7.00,disney-springs/chef-art-smiths-homecomin
2026-09-05,Chef Art Smith's Homecomin',Disney Springs,French Fries,Sides,Lunch; Dinner,,7.00,disney-springs/chef-art-smiths-homecomin
2026-09-05,Chef Art Smith's Homecomin',Disney Springs,Broccolini,Sides,Lunch; Dinner,,9.00,disney-springs/chef-art-smiths-homecomin
2026-09-05,Chef Art Smith's Homecomin',Disney Springs,Hummingbird Cake,Sweetness,Lunch; Dinner,Chef Art’s southern specialty combining pineapple-banana cake with luxurious cream cheese frosting. Served with vanilla bean ice cream,14.00,disney-springs/chef-art-smiths-homecomin
2026-09-05,Chef Art Smith's Homecomin',Disney Springs,Hot Fudge Bourbon Brownie,Sweetness,Lunch; Dinner,Dark chocolate brownie garnished tableside with our warm bourbon chocolate sauce,14.00,disney-springs/chef-art-smiths-homecomin
2026-09-05,Chef Art Smith's Homecomin',Disney Springs,Shine Cake,Sweetness,Lunch; Dinner,Chef Art’s signature dessert. An adults only butter cake soaked with moonshine syrup. Served with a seasonal fruit gastrique and a scoop of vanilla bean ice cream,13.00,disney-springs/chef-art-smiths-homecomin
2026-09-05,Chef Art Smith's Homecomin',Disney Springs,Everglazed Doughnuts,Sweetness,Lunch; Dinner,Hand-crafted and glazed daily by our West Side neighbors at Everglazed,10.00,disney-springs/chef-art-smiths-homecomin
2026-09-05,Chef Art Smith's Homecomin',Disney Springs,Chocolate Pecan Pie,Sweetness,Lunch; Dinner,"A 100-year-old Smith Family recipe, served a la mode",14.00,disney-springs/chef-art-smiths-homecomin
2026-09-05,Chef Art Smith's Homecomin',Disney Springs,Signature Sampler,Sweetness,Lunch; Dinner,"A trifecta of our current signature desserts! Indulge with a petite portion of our Hummingbird Cake, Chocolate Pecan Pie and the chef's seasonal selection with a scoop of vanilla bean ice cream.",24.00,disney-springs/chef-art-smiths-homecomin
2026-09-05,Chef Art Smith's Homecomin',Disney Springs,Fish Sticks,Kids' Plates,Lunch; Dinner,served with a veggie and a starch,13.00,disney-springs/chef-art-smiths-homecomin
2026-09-05,Chef Art Smith's Homecomin',Disney Springs,Fried Chicken Sandwich,Kids' Plates,Lunch; Dinner,served with a veggie and a starch,13.00,disney-springs/chef-art-smiths-homecomin
2026-09-05,Chef Art Smith's Homecomin',Disney Springs,Fried Chicken Tenders,Kids' Plates,Lunch; Dinner,(grilled upon request) served with a veggie and a starch,13.00,disney-springs/chef-art-smiths-homecomin
2026-09-05,Chef Art Smith's Homecomin',Disney Springs,Cheeseburger,Kids' Plates,Lunch; Dinner,served with a veggie and a starch,13.00,disney-springs/chef-art-smiths-homecomin
2026-09-05,Chef Art Smith's Homecomin',Disney Springs,Doughtnuts and Ice Cream,Kid's Dessert,Lunch; Dinner,,6.00,disney-springs/chef-art-smiths-homecomin
2026-09-05,Chef Art Smith's Homecomin',Disney Springs,Rumshine Punch,Shine on Tap,Lunch; Dinner,"Strawberry RumShine, blackberry brandy, banana liqueur, pineapple juice and house-made grenadine | 22oz Jumbo Squeeze 24 | 22oz Refills 16",16.00,disney-springs/chef-art-smiths-homecomin
2026-09-05,Chef Art Smith's Homecomin',Disney Springs,Blue Hooch,Shine on Tap,Lunch; Dinner,"Blue Flame moonshine, lemon-infused moonshine, blue curacao, house-made simple syrup, fresh lemon juice and a splash of Sprite. Our strongest shine on tap | 22oz Jumbo Squeeze 24 | 22oz Refills 16",16.00,disney-springs/chef-art-smiths-homecomin
2026-09-05,Chef Art Smith's Homecomin',Disney Springs,Strawberry Lemonade,Shine on Tap,Lunch; Dinner,"Strawberry moonshine, freshly muddled strawberries, lemonade and strawberry puree | 22oz Jumbo Squeeze 24 | 22oz Refills 16",16.00,disney-springs/chef-art-smiths-homecomin
2026-09-05,Chef Art Smith's Homecomin',Disney Springs,Moonshine Margarita,Shine on Tap,Lunch; Dinner,"Tequila, moonshine with a splash of fresh squeezed orange and lime | 22oz Jumbo Squeeze 24 | 22oz Refills 16",16.00,disney-springs/chef-art-smiths-homecomin
2026-09-05,Chef Art Smith's Homecomin',Disney Springs,Sweet Tea Shine,Shine on Tap,Lunch; Dinner,"Sweet Tea, fresh-squeezed lemon and moonshine | 22oz Jumbo Squeeze 24 | 22oz Refills 16",16.00,disney-springs/chef-art-smiths-homecomin
2026-09-05,Chef Art Smith's Homecomin',Disney Springs,Shine Flight,Shine on Tap,Lunch; Dinner,Take flight with a taste of all five of our Shines on Tap flavors!,36.00,disney-springs/chef-art-smiths-homecomin
2026-09-05,Chef Art Smith's Homecomin',Disney Springs,"Miller Lite, Milwaukee, WI | American Lager",Cold Cans,Lunch; Dinner,,7.00,disney-springs/chef-art-smiths-homecomin
2026-09-05,Chef Art Smith's Homecomin',Disney Springs,"Michelob Ultra, St. Louis, MO | American Lager",Cold Cans,Lunch; Dinner,,7.50,disney-springs/chef-art-smiths-homecomin
2026-09-05,Chef Art Smith's Homecomin',Disney Springs,"Modelo, Mexico | Lager",Cold Cans,Lunch; Dinner,,8.00,disney-springs/chef-art-smiths-homecomin
2026-09-05,Chef Art Smith's Homecomin',Disney Springs,"Stella Artois, Belgium | Euro Pale Lager",Cold Cans,Lunch; Dinner,,9.00,disney-springs/chef-art-smiths-homecomin
2026-09-05,Chef Art Smith's Homecomin',Disney Springs,"Coors Light, Golden, CO | Light Lager",Cold Cans,Lunch; Dinner,,7.00,disney-springs/chef-art-smiths-homecomin
2026-09-05,Chef Art Smith's Homecomin',Disney Springs,Rotating Craft,Cold Cans,Lunch; Dinner,Ask Your Server,10.00,disney-springs/chef-art-smiths-homecomin
2026-09-05,Chef Art Smith's Homecomin',Disney Springs,"Von Trapp Dunkel, Austria | Dunkel Style Beer",Cold Cans,Lunch; Dinner,,10.00,disney-springs/chef-art-smiths-homecomin
2026-09-05,Chef Art Smith's Homecomin',Disney Springs,"Florida Avenue IPA, Wesley Chapel, FL | American IPA",Cold Cans,Lunch; Dinner,,9.00,disney-springs/chef-art-smiths-homecomin
2026-09-05,Chef Art Smith's Homecomin',Disney Springs,"Orange Blossom Pilsner, Orlando, FL | Honey Pilsner",Cold Cans,Lunch; Dinner,,9.00,disney-springs/chef-art-smiths-homecomin
2026-09-05,Chef Art Smith's Homecomin',Disney Springs,"Orange Blossom City Beautiful, Orlando, FL | American IPA",Cold Cans,Lunch; Dinner,,9.00,disney-springs/chef-art-smiths-homecomin
2026-09-05,Chef Art Smith's Homecomin',Disney Springs,"Crooked Can Space Cowboi Hazy, Orlando, FL | Double Hazy IPA",Cold Cans,Lunch; Dinner,,10.00,disney-springs/chef-art-smiths-homecomin
2026-09-05,Chef Art Smith's Homecomin',Disney Springs,"Florida Avenue Luminescence, Wesley Chapel, FL | Hazy IPA",Cold Cans,Lunch; Dinner,,9.00,disney-springs/chef-art-smiths-homecomin
2026-09-05,Chef Art Smith's Homecomin',Disney Springs,"Crooked Can Florida Sunshine, Orlando, FL | Pilsen Malt Lager",Cold Cans,Lunch; Dinner,,10.00,disney-springs/chef-art-smiths-homecomin
2026-09-05,Chef Art Smith's Homecomin',Disney Springs,"Yuengling, Pottsville, PA | Amber Lager",Cold Cans,Lunch; Dinner,,7.50,disney-springs/chef-art-smiths-homecomin
2026-09-05,Chef Art Smith's Homecomin',Disney Springs,High Noon,Cold Cans,Lunch; Dinner,Flavored Hard Seltzer,10.00,disney-springs/chef-art-smiths-homecomin
2026-09-05,Chef Art Smith's Homecomin',Disney Springs,Florida Crush Cocktail,Craft Cocktails,Lunch; Dinner,"Tito's Handmade Vodka muddled with orange and strawberries, a splash of fresh squeezed Florida orange juice and agave syrup",14.00,disney-springs/chef-art-smiths-homecomin
2026-09-05,Chef Art Smith's Homecomin',Disney Springs,Cucumber Cooler,Craft Cocktails,Lunch; Dinner,"Tito's Handmade Vodka with lime juice, simple syrup, and crisp cucumber slices",14.00,disney-springs/chef-art-smiths-homecomin
2026-09-05,Chef Art Smith's Homecomin',Disney Springs,Woodford Blues,Craft Cocktails,Lunch; Dinner,"Woodford Reserve Private Select Bourbon, house-made blueberry syrup and agave",15.00,disney-springs/chef-art-smiths-homecomin
2026-09-05,Chef Art Smith's Homecomin',Disney Springs,Spicy Watermelon Margarita,Craft Cocktails,Lunch; Dinner,"Jalapeno-infused tequila, Dobel Barrel-Strength Anejo, chili simple syrup and fresh watermelon",15.00,disney-springs/chef-art-smiths-homecomin
2026-09-05,Chef Art Smith's Homecomin',Disney Springs,Muleshine,Craft Cocktails,Lunch; Dinner,"American Born Moonshine, peach puree fresh lime juice and a splash of Q Spectacular Ginger Beer",15.00,disney-springs/chef-art-smiths-homecomin
2026-09-05,Chef Art Smith's Homecomin',Disney Springs,Old Fashioned Elder,Craft Cocktails,Lunch; Dinner,"Michter's Bourbon, St. Germain Elderflower, dash of bitters, and fancy cherry.",16.00,disney-springs/chef-art-smiths-homecomin
2026-09-05,Chef Art Smith's Homecomin',Disney Springs,Strawberry Ranch Water,Craft Cocktails,Lunch; Dinner,"Dobel Diamante tequila, muddled strawberries and lime, agave syrup, splash of Topo Chico and tajin rim",16.00,disney-springs/chef-art-smiths-homecomin
2026-09-05,Chef Art Smith's Homecomin',Disney Springs,Espresso Martini,Craft Cocktails,Lunch; Dinner,"Mr. Black Coffee Liqueur, vodka and cold brew concentrate are shaken to a frothy delight",15.00,disney-springs/chef-art-smiths-homecomin
2026-09-05,Chef Art Smith's Homecomin',Disney Springs,First Class Fig,Craft Cocktails,Lunch; Dinner,"A modern take on the classic Paper Plane. Hemmingway Rye mixed with Aperol, amaro, fig puree and fresh squeezed lemon. Finished with a frothy top and a dried fig",17.00,disney-springs/chef-art-smiths-homecomin
2026-09-05,Chef Art Smith's Homecomin',Disney Springs,White Peach Sangria,Craft Cocktails,Lunch; Dinner,"Peach moonshine, La Perlina Moscato and fresh peach puree muddled with orange and mango. Garnished with a moonshine-soaked peach wedge",16.00,disney-springs/chef-art-smiths-homecomin
2026-09-05,Chef Art Smith's Homecomin',Disney Springs,Tropical Itch,Craft Cocktails,Lunch; Dinner,"Woodford Britton Barrel Select Bourbon, Plantation OFTD Rum, Cointreau, passionfruit, pineapple and lemon juices garnished with your very own bamboo back scratcher",18.00,disney-springs/chef-art-smiths-homecomin
2026-09-05,Chef Art Smith's Homecomin',Disney Springs,The Honeybee,Craft Cocktails,Lunch; Dinner,"Tom Cat Gin, honey syrup and fresh squeezed lemon topped with house-made honey foam",16.00,disney-springs/chef-art-smiths-homecomin
2026-09-05,Chef Art Smith's Homecomin',Disney Springs,Old Cuban,Craft Cocktails,Lunch; Dinner,"Diplomatico Reserve Rum, lime, house-made simple syrup, dash of bi ers. Topped with prosecco and fresh mint",16.00,disney-springs/chef-art-smiths-homecomin
2026-09-05,Chef Art Smith's Homecomin',Disney Springs,Espresso Martini,Cocktails with Perks,Lunch; Dinner,"Mr. Black Coffee Liqueur, vodka and cold brew concentrate are shaken to a frothy delight",15.00,disney-springs/chef-art-smiths-homecomin
2026-09-05,Chef Art Smith's Homecomin',Disney Springs,Kentucky Coffee,Cocktails with Perks,Lunch; Dinner,"Woodford Britton Barrel Select, coffee and sweet cream",15.00,disney-springs/chef-art-smiths-homecomin
2026-09-05,Chef Art Smith's Homecomin',Disney Springs,Apple Pie A La Mode,Cocktails with Perks,Lunch; Dinner,"Ole Smoky Apple Pie Moonshine, caramel vodka, apple juice, lemon, and cinnamon simple syrup",14.00,disney-springs/chef-art-smiths-homecomin
2026-09-05,Chef Art Smith's Homecomin',Disney Springs,Peanut Brittle,Cocktails with Perks,Lunch; Dinner,"Praline liqueur, Skrewball Peanut Butter Whiskey, salted cream and coffee",14.00,disney-springs/chef-art-smiths-homecomin
2026-09-05,Chef Art Smith's Homecomin',Disney Springs,House Pinot Noir,Red Wines,Lunch; Dinner,,40.00,disney-springs/chef-art-smiths-homecomin
2026-09-05,Chef Art Smith's Homecomin',Disney Springs,La Crema Pinot Noir,Red Wines,Lunch; Dinner,,64.00,disney-springs/chef-art-smiths-homecomin
2026-09-05,Chef Art Smith's Homecomin',Disney Springs,House Merlot,Red Wines,Lunch; Dinner,,40.00,disney-springs/chef-art-smiths-homecomin
2026-09-05,Chef Art Smith's Homecomin',Disney Springs,The Stag Red Blend,Red Wines,Lunch; Dinner,,56.00,disney-springs/chef-art-smiths-homecomin
2026-09-05,Chef Art Smith's Homecomin',Disney Springs,House Cabernet,Red Wines,Lunch; Dinner,,40.00,disney-springs/chef-art-smiths-homecomin
2026-09-05,Chef Art Smith's Homecomin',Disney Springs,Hess Allomi Cabernet,Red Wines,Lunch; Dinner,,72.00,disney-springs/chef-art-smiths-homecomin
2026-09-05,Chef Art Smith's Homecomin',Disney Springs,Honig Cabernet,Red Wines,Lunch; Dinner,,76.00,disney-springs/chef-art-smiths-homecomin
2026-09-05,Chef Art Smith's Homecomin',Disney Springs,Orin Swift Merlot,Red Wines,Lunch; Dinner,,64.00,disney-springs/chef-art-smiths-homecomin
2026-09-05,Chef Art Smith's Homecomin',Disney Springs,King Estate Pinot Noir,Red Wines,Lunch; Dinner,,56.00,disney-springs/chef-art-smiths-homecomin
2026-09-05,Chef Art Smith's Homecomin',Disney Springs,House Chardonnay,White Wines,Lunch; Dinner,,40.00,disney-springs/chef-art-smiths-homecomin
2026-09-05,Chef Art Smith's Homecomin',Disney Springs,Raeburn Chardonnay,White Wines,Lunch; Dinner,,56.00,disney-springs/chef-art-smiths-homecomin
2026-09-05,Chef Art Smith's Homecomin',Disney Springs,House Pinot Grigio,White Wines,Lunch; Dinner,,40.00,disney-springs/chef-art-smiths-homecomin
2026-09-05,Chef Art Smith's Homecomin',Disney Springs,Santa Margherita Pinot Grigio,White Wines,Lunch; Dinner,,68.00,disney-springs/chef-art-smiths-homecomin
2026-09-05,Chef Art Smith's Homecomin',Disney Springs,House Sauvignon Blanc,White Wines,Lunch; Dinner,,40.00,disney-springs/chef-art-smiths-homecomin
2026-09-05,Chef Art Smith's Homecomin',Disney Springs,La Perlina Moscato,White Wines,Lunch; Dinner,,48.00,disney-springs/chef-art-smiths-homecomin
2026-09-05,Chef Art Smith's Homecomin',Disney Springs,Honig Sauvignon Blanc,White Wines,Lunch; Dinner,,56.00,disney-springs/chef-art-smiths-homecomin
2026-09-05,Chef Art Smith's Homecomin',Disney Springs,La Marca Prosecco,White Wines,Lunch; Dinner,,52.00,disney-springs/chef-art-smiths-homecomin
2026-09-05,Chef Art Smith's Homecomin',Disney Springs,Coppola Prosecco Rosé,White Wines,Lunch; Dinner,,56.00,disney-springs/chef-art-smiths-homecomin
2026-09-05,Chef Art Smith's Homecomin',Disney Springs,RoseBlood Rosé,White Wines,Lunch; Dinner,,56.00,disney-springs/chef-art-smiths-homecomin
2026-09-05,Chef Art Smith's Homecomin',Disney Springs,Bootlegger Flight,"American Whiskey, Bourbon & Rye | World-Class Flights",Lunch; Dinner,Woodford Bourbon | Woodford Rye | Woodford Barrel Select - All flights are served with our signature candied pecans and spiced pickle juice chaser.,35.00,disney-springs/chef-art-smiths-homecomin
2026-09-05,Chef Art Smith's Homecomin',Disney Springs,Southern Flight,"American Whiskey, Bourbon & Rye | World-Class Flights",Lunch; Dinner,Dickel 13 yr | Elijah Craig Straight Rye | Jim Beam Black Extra Aged - All flights are served with our signature candied pecans and spiced pickle juice chaser.,30.00,disney-springs/chef-art-smiths-homecomin
2026-09-05,Chef Art Smith's Homecomin',Disney Springs,Barrel Proof,"American Whiskey, Bourbon & Rye | World-Class Flights",Lunch; Dinner,Old Forester 1920 Prohibition | Whistle Pig 10yr Rye | Belle Meade Bourbon Reserve - All flights are served with our signature candied pecans and spiced pickle juice chaser.,45.00,disney-springs/chef-art-smiths-homecomin
2026-09-05,Chef Art Smith's Homecomin',Disney Springs,Rare Rye,"American Whiskey, Bourbon & Rye | World-Class Flights",Lunch; Dinner,Angels Envy Rye-Rum Cask | Michters 10yr Rye | Whistle Pig 12yr Old World Rye - All flights are served with our signature candied pecans and spiced pickle juice chaser.,55.00,disney-springs/chef-art-smiths-homecomin
2026-09-05,Chef Art Smith's Homecomin',Disney Springs,"Woodford ""The Britton"" Barrel Select","American Whiskey, Bourbon & Rye | By the Glass",Lunch; Dinner,,16.00,disney-springs/chef-art-smiths-homecomin
2026-09-05,Chef Art Smith's Homecomin',Disney Springs,1792 Straight Small Batch,"American Whiskey, Bourbon & Rye | By the Glass",Lunch; Dinner,,13.00,disney-springs/chef-art-smiths-homecomin
2026-09-05,Chef Art Smith's Homecomin',Disney Springs,Angel's Envy,"American Whiskey, Bourbon & Rye | By the Glass",Lunch; Dinner,,18.00,disney-springs/chef-art-smiths-homecomin
2026-09-05,Chef Art Smith's Homecomin',Disney Springs,Angel's Envy Finished Rye,"American Whiskey, Bourbon & Rye | By the Glass",Lunch; Dinner,,24.00,disney-springs/chef-art-smiths-homecomin
2026-09-05,Chef Art Smith's Homecomin',Disney Springs,Baker's Bourbon,"American Whiskey, Bourbon & Rye | By the Glass",Lunch; Dinner,,15.00,disney-springs/chef-art-smiths-homecomin
2026-09-05,Chef Art Smith's Homecomin',Disney Springs,Basil Hayden's,"American Whiskey, Bourbon & Rye | By the Glass",Lunch; Dinner,,15.00,disney-springs/chef-art-smiths-homecomin
2026-09-05,Chef Art Smith's Homecomin',Disney Springs,Belle Meade Bourbon Reserve,"American Whiskey, Bourbon & Rye | By the Glass",Lunch; Dinner,,24.00,disney-springs/chef-art-smiths-homecomin
2026-09-05,Chef Art Smith's Homecomin',Disney Springs,Belle Meade Straight Bourbon Sour Mash,"American Whiskey, Bourbon & Rye | By the Glass",Lunch; Dinner,,16.00,disney-springs/chef-art-smiths-homecomin
2026-09-05,Chef Art Smith's Homecomin',Disney Springs,Bulleit Rye,"American Whiskey, Bourbon & Rye | By the Glass",Lunch; Dinner,,11.00,disney-springs/chef-art-smiths-homecomin
2026-09-05,Chef Art Smith's Homecomin',Disney Springs,Crown Royal Whiskey,"American Whiskey, Bourbon & Rye | By the Glass",Lunch; Dinner,,11.00,disney-springs/chef-art-smiths-homecomin
2026-09-05,Chef Art Smith's Homecomin',Disney Springs,Dickel 13 Year,"American Whiskey, Bourbon & Rye | By the Glass",Lunch; Dinner,,14.00,disney-springs/chef-art-smiths-homecomin
2026-09-05,Chef Art Smith's Homecomin',Disney Springs,Dickel 15 Year,"American Whiskey, Bourbon & Rye | By the Glass",Lunch; Dinner,,16.00,disney-springs/chef-art-smiths-homecomin
2026-09-05,Chef Art Smith's Homecomin',Disney Springs,Elijah Craig Straight Rye,"American Whiskey, Bourbon & Rye | By the Glass",Lunch; Dinner,,14.00,disney-springs/chef-art-smiths-homecomin
2026-09-05,Chef Art Smith's Homecomin',Disney Springs,Garrison Brothers Straight Bourbon,"American Whiskey, Bourbon & Rye | By the Glass",Lunch; Dinner,,20.00,disney-springs/chef-art-smiths-homecomin
2026-09-05,Chef Art Smith's Homecomin',Disney Springs,Heaven's Door Straight Bourbon,"American Whiskey, Bourbon & Rye | By the Glass",Lunch; Dinner,,16.00,disney-springs/chef-art-smiths-homecomin
2026-09-05,Chef Art Smith's Homecomin',Disney Springs,Horse Soldier,"American Whiskey, Bourbon & Rye | By the Glass",Lunch; Dinner,,14.00,disney-springs/chef-art-smiths-homecomin
2026-09-05,Chef Art Smith's Homecomin',Disney Springs,Jack Daniel's,"American Whiskey, Bourbon & Rye | By the Glass",Lunch; Dinner,,11.00,disney-springs/chef-art-smiths-homecomin
2026-09-05,Chef Art Smith's Homecomin',Disney Springs,Jim Bean Black Extra Aged,"American Whiskey, Bourbon & Rye | By the Glass",Lunch; Dinner,,12.00,disney-springs/chef-art-smiths-homecomin
2026-09-05,Chef Art Smith's Homecomin',Disney Springs,Kentucky Owl Bourbon,"American Whiskey, Bourbon & Rye | By the Glass",Lunch; Dinner,,15.00,disney-springs/chef-art-smiths-homecomin
2026-09-05,Chef Art Smith's Homecomin',Disney Springs,Knob Creek,"American Whiskey, Bourbon & Rye | By the Glass",Lunch; Dinner,,15.00,disney-springs/chef-art-smiths-homecomin
2026-09-05,Chef Art Smith's Homecomin',Disney Springs,Maker's 46,"American Whiskey, Bourbon & Rye | By the Glass",Lunch; Dinner,,15.00,disney-springs/chef-art-smiths-homecomin
2026-09-05,Chef Art Smith's Homecomin',Disney Springs,Maker's Mark,"American Whiskey, Bourbon & Rye | By the Glass",Lunch; Dinner,,13.00,disney-springs/chef-art-smiths-homecomin
2026-09-05,Chef Art Smith's Homecomin',Disney Springs,Masterson's 10 Yr Old Rye,"American Whiskey, Bourbon & Rye | By the Glass",Lunch; Dinner,,16.00,disney-springs/chef-art-smiths-homecomin
2026-09-05,Chef Art Smith's Homecomin',Disney Springs,Michter's Small Batch,"American Whiskey, Bourbon & Rye | By the Glass",Lunch; Dinner,,14.00,disney-springs/chef-art-smiths-homecomin
2026-09-05,Chef Art Smith's Homecomin',Disney Springs,Michter's 10 Year Rye,"American Whiskey, Bourbon & Rye | By the Glass",Lunch; Dinner,,42.00,disney-springs/chef-art-smiths-homecomin
2026-09-05,Chef Art Smith's Homecomin',Disney Springs,Michter's 10 Year Single Barrel,"American Whiskey, Bourbon & Rye | By the Glass",Lunch; Dinner,,38.00,disney-springs/chef-art-smiths-homecomin
2026-09-05,Chef Art Smith's Homecomin',Disney Springs,Michter's Barrel Strength,"American Whiskey, Bourbon & Rye | By the Glass",Lunch; Dinner,,32.00,disney-springs/chef-art-smiths-homecomin
2026-09-05,Chef Art Smith's Homecomin',Disney Springs,Old Forester 1870,"American Whiskey, Bourbon & Rye | By the Glass",Lunch; Dinner,,16.00,disney-springs/chef-art-smiths-homecomin
2026-09-05,Chef Art Smith's Homecomin',Disney Springs,Old Forester 1920 Prohibition,"American Whiskey, Bourbon & Rye | By the Glass",Lunch; Dinner,,16.00,disney-springs/chef-art-smiths-homecomin
2026-09-05,Chef Art Smith's Homecomin',Disney Springs,Old Forester Rye,"American Whiskey, Bourbon & Rye | By the Glass",Lunch; Dinner,,13.00,disney-springs/chef-art-smiths-homecomin
2026-09-05,Chef Art Smith's Homecomin',Disney Springs,Whistle Pig Rye 10 Year,"American Whiskey, Bourbon & Rye | By the Glass",Lunch; Dinner,,24.00,disney-springs/chef-art-smiths-homecomin
2026-09-05,Chef Art Smith's Homecomin',Disney Springs,Whistle Pig Rye 12 Year,"American Whiskey, Bourbon & Rye | By the Glass",Lunch; Dinner,,32.00,disney-springs/chef-art-smiths-homecomin
2026-09-05,Chef Art Smith's Homecomin',Disney Springs,Whistle Pig Farmstock,"American Whiskey, Bourbon & Rye | By the Glass",Lunch; Dinner,,22.00,disney-springs/chef-art-smiths-homecomin
2026-09-05,Chef Art Smith's Homecomin',Disney Springs,Woodford Reserve,"American Whiskey, Bourbon & Rye | By the Glass",Lunch; Dinner,,15.00,disney-springs/chef-art-smiths-homecomin
2026-09-05,Chef Art Smith's Homecomin',Disney Springs,Woodford Reserve Rye,"American Whiskey, Bourbon & Rye | By the Glass",Lunch; Dinner,,16.00,disney-springs/chef-art-smiths-homecomin
2026-09-05,Chef Art Smith's Homecomin',Disney Springs,Build your own Flight,Southern Shine,Lunch; Dinner,Select any three of our branded 'Shines! All flights served with our signature candied pecans and a spiced pickle juice chaser.,22.00,disney-springs/chef-art-smiths-homecomin
2026-09-05,Chef Art Smith's Homecomin',Disney Springs,Infused Flight,Southern Shine,Lunch; Dinner,Sample all three of our House-infused 'Shines. All flights served with our signature candied pecans and a spiced pickle juice chaser.,22.00,disney-springs/chef-art-smiths-homecomin
2026-09-05,Chef Art Smith's Homecomin',Disney Springs,Red-eyed Flight,Southern Shine,Lunch; Dinner,American Born | Buffalo Trace | Ole Smoky Blue Flame. All flights served with our signature candied pecans and a spiced pickle juice chaser.,24.00,disney-springs/chef-art-smiths-homecomin
2026-09-05,Chef Art Smith's Homecomin',Disney Springs,HFK House-Infused Moonshine - Watermelon,Southern Shine,Lunch; Dinner,Steeped In-house with fresh fruits,10.00,disney-springs/chef-art-smiths-homecomin
2026-09-05,Chef Art Smith's Homecomin',Disney Springs,HFK House-Infused Moonshine - Pineapple,Southern Shine,Lunch; Dinner,Steeped In-house with fresh fruits,10.00,disney-springs/chef-art-smiths-homecomin
2026-09-05,Chef Art Smith's Homecomin',Disney Springs,HFK House-Infused Moonshine - Lemon,Southern Shine,Lunch; Dinner,Steeped In-house with fresh fruits,10.00,disney-springs/chef-art-smiths-homecomin
2026-09-05,Chef Art Smith's Homecomin',Disney Springs,"American Born, Nashville, TN",Southern Shine,Lunch; Dinner,,9.00,disney-springs/chef-art-smiths-homecomin
2026-09-05,Chef Art Smith's Homecomin',Disney Springs,"American Born Dixie, Nashville, TN",Southern Shine,Lunch; Dinner,,9.00,disney-springs/chef-art-smiths-homecomin
2026-09-05,Chef Art Smith's Homecomin',Disney Springs,"Buffalo Trace White Trace, Frankfort, KY",Southern Shine,Lunch; Dinner,,10.00,disney-springs/chef-art-smiths-homecomin
2026-09-05,Chef Art Smith's Homecomin',Disney Springs,"Midnight Moon Cherry, Madison, NC",Southern Shine,Lunch; Dinner,,12.00,disney-springs/chef-art-smiths-homecomin
2026-09-05,Chef Art Smith's Homecomin',Disney Springs,"Midnight Mood Original, Madison, NC",Southern Shine,Lunch; Dinner,,11.00,disney-springs/chef-art-smiths-homecomin
2026-09-05,Chef Art Smith's Homecomin',Disney Springs,"Midnight Mood Raspberry, Madison, NC",Southern Shine,Lunch; Dinner,,12.00,disney-springs/chef-art-smiths-homecomin
2026-09-05,Chef Art Smith's Homecomin',Disney Springs,"Ole Smoky Apple Pie, Gatlinburg, TN",Southern Shine,Lunch; Dinner,,10.00,disney-springs/chef-art-smiths-homecomin
2026-09-05,Chef Art Smith's Homecomin',Disney Springs,"Ole Smoky Blackberry, Gatlinburg, TN",Southern Shine,Lunch; Dinner,,10.00,disney-springs/chef-art-smiths-homecomin
2026-09-05,Chef Art Smith's Homecomin',Disney Springs,"Ole Smoky Blue Flame, Gatlinburg, TN",Southern Shine,Lunch; Dinner,,10.00,disney-springs/chef-art-smiths-homecomin
2026-09-05,Chef Art Smith's Homecomin',Disney Springs,"Ole Smoky Strawberry, Gatlinburg, TN",Southern Shine,Lunch; Dinner,,10.00,disney-springs/chef-art-smiths-homecomin
2026-09-05,Chef Art Smith's Homecomin',Disney Springs,"Ole Smoky Peach, Gatlinburg, TN",Southern Shine,Lunch; Dinner,,10.00,disney-springs/chef-art-smiths-homecomin
2026-09-05,Chef Art Smith's Homecomin',Disney Springs,"Shine on Georgia Moon, Bardstown, KY",Southern Shine,Lunch; Dinner,,10.00,disney-springs/chef-art-smiths-homecomin
2026-09-05,Chef Art Smith's Homecomin',Disney Springs,"Stillhouse Moonshine, Louisville, KY",Southern Shine,Lunch; Dinner,,10.00,disney-springs/chef-art-smiths-homecomin
2026-09-05,Chef Art Smith's Homecomin',Disney Springs,"Sugar Works Blueberry, New Smyrna Beach, FL",Southern Shine,Lunch; Dinner,,13.00,disney-springs/chef-art-smiths-homecomin
2026-09-05,Chef Art Smith's Homecomin',Disney Springs,"Sugar Works Pear, New Smyrna Beach, FL",Southern Shine,Lunch; Dinner,,13.00,disney-springs/chef-art-smiths-homecomin
2026-09-05,Chef Art Smith's Homecomin',Disney Springs,"Sugar Works New Smyrna Shine, New Smyrna Beach, FL",Southern Shine,Lunch; Dinner,,11.00,disney-springs/chef-art-smiths-homecomin
2026-09-05,Chef Art Smith's Homecomin',Disney Springs,"Tim Smith's Climax, Climax, VA",Southern Shine,Lunch; Dinner,,10.00,disney-springs/chef-art-smiths-homecomin
2026-09-05,Chef Art Smith's Homecomin',Disney Springs,"Wicked Dolphin Strawberry Rum-shine, Cape Coral, FL",Southern Shine,Lunch; Dinner,,10.00,disney-springs/chef-art-smiths-homecomin
2026-09-05,Chicken Guy!,Disney Springs,"Chicken, Egg & Cheese Sandwich",Breakfast Sandwiches,Breakfast,"crispy chicken, freshly cracked egg, cheddar & special sauce, served on a brioche bun",7.49,disney-springs/chicken-guy
2026-09-05,Chicken Guy!,Disney Springs,"Bacon, Egg & Cheese Sandwich",Breakfast Sandwiches,Breakfast,"smoked bacon, freshly cracked egg, cheddar & special sauce, served on a brioche bun",6.99,disney-springs/chicken-guy
2026-09-05,Chicken Guy!,Disney Springs,"Sausage, Egg & Cheese Sandwich",Breakfast Sandwiches,Breakfast,"breakfast sausage, freshly cracked egg, cheddar & special sauce, served on a brioche bun",6.99,disney-springs/chicken-guy
2026-09-05,Chicken Guy!,Disney Springs,Sausage Biscuit,Breakfast Sandwiches,Breakfast,breakfast sausage served on a buttery biscuit,5.49,disney-springs/chicken-guy
2026-09-05,Chicken Guy!,Disney Springs,"Sausage, Egg & Cheese Biscuit",Breakfast Sandwiches,Breakfast,"breakfast sausage, freshly cracked egg, cheddar & special sauce, served on a buttery biscuit",6.49,disney-springs/chicken-guy
2026-09-05,Chicken Guy!,Disney Springs,Chicken & Waffles,Breakfast Specialties,Breakfast,"crispy chicken tenders stacked with a fresh made buttermilk waffle & sprinkled with powdered sugar, served with a side of whipped maple butter & syrup",7.49,disney-springs/chicken-guy
2026-09-05,Chicken Guy!,Disney Springs,French Toast Sticks,Breakfast Specialties,Breakfast,"crispy French toast sticks coated with sweet apple & cinnamon cereal crunch, served with a side of whipped maple butter & syrup",7.49,disney-springs/chicken-guy
2026-09-05,Chicken Guy!,Disney Springs,Breakfast Wrap,Breakfast Specialties,Breakfast,"chopped crispy chicken tenders, scrambled eggs, breakfast tots & cheddar wrapped in a flour tortilla, served with a side of salsa",6.99,disney-springs/chicken-guy
2026-09-05,Chicken Guy!,Disney Springs,Breakfast Bowl,Breakfast Specialties,Breakfast,"chopped crispy chicken tenders, scrambled eggs, breakfast tots, cheddar & smoked bacon, served with a side of salsa",7.49,disney-springs/chicken-guy
2026-09-05,Chicken Guy!,Disney Springs,Breakfast Tots,Sides,Breakfast,,2.99,disney-springs/chicken-guy
2026-09-05,Chicken Guy!,Disney Springs,Fountain Beverages,Beverages,Breakfast; Lunch And Dinner,"Coke, Diet Coke, Sprite, Gold Peak Sweet Tea, Barq’s Root Beer, Fanta Orange, Lemonade",3.99,disney-springs/chicken-guy
2026-09-05,Chicken Guy!,Disney Springs,Coffee,Beverages,Breakfast,Cold Brew | Regular | Vanilla | Mocha | Salted Caramel | Hunny Bunny,4.99,disney-springs/chicken-guy
2026-09-05,Chicken Guy!,Disney Springs,Orange Juice (Bottle),Beverages,Breakfast,,3.49,disney-springs/chicken-guy
2026-09-05,Chicken Guy!,Disney Springs,Apple Juice (Bottle),Beverages,Breakfast,,3.49,disney-springs/chicken-guy
2026-09-05,Chicken Guy!,Disney Springs,Milk,Beverages,Breakfast,Regular or Chocolate,3.49,disney-springs/chicken-guy
2026-09-05,Chicken Guy!,Disney Springs,Tea,Beverages,Breakfast,Cold Brew | Regular | Vanilla | Mocha | Salted Caramel | Hunny Bunny,3.49,disney-springs/chicken-guy
2026-09-05,Chicken Guy!,Disney Springs,The O.G.,Big Bite Sandwiches,Lunch And Dinner,"two Chicken Tenders (Crispy Fried or Grilled), Pickles, Special Sauce",7.99,disney-springs/chicken-guy
2026-09-05,Chicken Guy!,Disney Springs,Bourbon Brown Sugar BBQ,Big Bite Sandwiches,Lunch And Dinner,"two Chicken Tenders (Crispy Fried or Grilled), Pepper Jack, Bourbon Brown Sugar BBQ Sauce, Special Sauce, Slaw, Pickles, and BBQ Kettle Chips",9.99,disney-springs/chicken-guy
2026-09-05,Chicken Guy!,Disney Springs,Buffalo Mac 'n' Cheese,Big Bite Sandwiches,Lunch And Dinner,"two Chicken Tenders (Crispy Fried or Grilled), Mac 'n' Cheese, Smoked Bacon, Buffalo, SMC, Garlic Parmesan",10.49,disney-springs/chicken-guy
2026-09-05,Chicken Guy!,Disney Springs,Bacon Jalapeño Burger,Big Bite Sandwiches,Lunch And Dinner,"two Chicken Tenders (Crispy Fried or Grilled), Buttermilk Ranch, Jalapeño Cream Cheese, Smoked Bacon, Jalapeños, and Pepper Jack",9.99,disney-springs/chicken-guy
2026-09-05,Chicken Guy!,Disney Springs,B.L.A.T.,Big Bite Sandwiches,Lunch And Dinner,"two Chicken Tenders (Crispy Fried or Grilled), Bacon, Lettuce, Avocado Crema, Tomatoes, Buttermilk Ranch",9.99,disney-springs/chicken-guy
2026-09-05,Chicken Guy!,Disney Springs,Make It A Combo,Big Bite Sandwiches,Lunch And Dinner,Add Fries or Coleslaw and a Fountain Beverage,5.00,disney-springs/chicken-guy
2026-09-05,Chicken Guy!,Disney Springs,Three Tenders,Stricken by Chicken,Lunch And Dinner,"Choice of Guy's Original, Hot, or Grilled Chicken Tenders with your choice of 2 Sauces",7.49,disney-springs/chicken-guy
2026-09-05,Chicken Guy!,Disney Springs,Five Tenders,Stricken by Chicken,Lunch And Dinner,"Choice of Guy's Original, Hot, or Grilled Chicken Tenders with your choice of 2 Sauces",9.49,disney-springs/chicken-guy
2026-09-05,Chicken Guy!,Disney Springs,Guy's Chopped Salad,Salad,Lunch And Dinner,"choice of Fried or Grilled Chicken Tenders, Romaine, Slaw, Chickpeas, Peppercioni Peppers, Cheddar Cheese, Bacon, Tomato, Red Onion, served with Italian Dressing",11.99,disney-springs/chicken-guy
2026-09-05,Chicken Guy!,Disney Springs,Chopped Chicken Caesar,Salad,Lunch And Dinner,"Crispy Fried or Grilled All-natural Tenders, Crispy Romaine, Parmesan, House-made Croutons and Caesar Dressing",10.99,disney-springs/chicken-guy
2026-09-05,Chicken Guy!,Disney Springs,Chicken Guy! Fries,Sides,Lunch And Dinner,Signature Fry Seasoning,3.99,disney-springs/chicken-guy
2026-09-05,Chicken Guy!,Disney Springs,American Slaw,Sides,Lunch And Dinner,,3.99,disney-springs/chicken-guy
2026-09-05,Chicken Guy!,Disney Springs,Fried Pickle Chips,Sides,Lunch And Dinner,Served with Buttermilk Ranch Sauce,4.99,disney-springs/chicken-guy
2026-09-05,Chicken Guy!,Disney Springs,Mac 'n' Cheese,Sides,Lunch And Dinner,,4.99,disney-springs/chicken-guy
2026-09-05,Chicken Guy!,Disney Springs,Two Tenders,Kids' Meal,Lunch And Dinner,"Choice of Crispy or Grilled Tenders, served with a Fountain Beverage and choice of Fries, a Fruit Cup, or Apple Sauce",7.49,disney-springs/chicken-guy
2026-09-05,Chicken Guy!,Disney Springs,Grilled Cheese,Kids' Meal,Lunch And Dinner,"served with a Fountain Beverage and choice of Fries, a Fruit Cup, or Apple Sauce",6.99,disney-springs/chicken-guy
2026-09-05,Chicken Guy!,Disney Springs,25 Tenders,Funkalicious Feasts,Lunch And Dinner,Includes choice of 2 Sauces,45.99,disney-springs/chicken-guy
2026-09-05,Chicken Guy!,Disney Springs,50 Tenders,Funkalicious Feasts,Lunch And Dinner,Includes choice of 4 Sauces,87.99,disney-springs/chicken-guy
2026-09-05,Chicken Guy!,Disney Springs,Vanilla,Flavortown Shakes,Lunch And Dinner,Hand-spun Vanilla Soft Serve topped with fresh Whipped Cream,5.99,disney-springs/chicken-guy
2026-09-05,Chicken Guy!,Disney Springs,Chocolate,Flavortown Shakes,Lunch And Dinner,Hand-spun Chocolate Soft Serve topped with fresh Whipped Cream,5.99,disney-springs/chicken-guy
2026-09-05,Chicken Guy!,Disney Springs,Strawberry,Flavortown Shakes,Lunch And Dinner,Hand-spun Strawberry Soft Serve topped with fresh Whipped Cream,5.99,disney-springs/chicken-guy
2026-09-05,Chicken Guy!,Disney Springs,Oreo©,Flavortown Shakes,Lunch And Dinner,"Hand-spun Vanilla Soft Serve, crushed Oreo© Cookies, topped with fresh Whipped Cream",6.99,disney-springs/chicken-guy
2026-09-05,Chicken Guy!,Disney Springs,Apple Cinnamon Cereal,Flavortown Shakes,Lunch And Dinner,"Hand-spun Vanilla Soft Serve, Cinnamon Toast Crunch® and Apple Jacks® Cereal topped with fresh Whipped Cream",6.99,disney-springs/chicken-guy
2026-09-05,Chicken Guy!,Disney Springs,Triple Double Mint,Flavortown Shakes,Lunch And Dinner,"Hand-spun Mint Chocolate Soft Serve, Crushed Oreo® Cookies, Chocolate Mints, Chocolate Syrup, topped with fresh Whipped Cream",6.99,disney-springs/chicken-guy
2026-09-05,Coca-Cola® Store Rooftop Beverage Bar,Disney Springs,Cranberry Hibiscus,Mocktails,Snack,"Fanta® Kolita, Minute Maid® Lemonade, Simply® Cranberry, and hibiscus foam with edible gold glitter",12.50,disney-springs/coca-cola-rooftop-beverage-bar
2026-09-05,Coca-Cola® Store Rooftop Beverage Bar,Disney Springs,Brownie Masher,Mocktails,Snack,"Fairlife® Chocolate Milk, Ice Cream, Brownies and Whipped Cream",12.50,disney-springs/coca-cola-rooftop-beverage-bar
2026-09-05,Coca-Cola® Store Rooftop Beverage Bar,Disney Springs,Lavender Lemonade,Mocktails,Snack,"Minute Maid® Lemonade, Sprite Cucumber, lavender syrup and muddled mint",12.50,disney-springs/coca-cola-rooftop-beverage-bar
2026-09-05,Coca-Cola® Store Rooftop Beverage Bar,Disney Springs,Dragonfruit Cherry Lemonade,Mocktails,Snack,"Minute Maid® Lemonade, dragonfruit syrup, tart cherry syrup, dragonfruit inclusions & black cherry",12.50,disney-springs/coca-cola-rooftop-beverage-bar
2026-09-05,Coca-Cola® Store Rooftop Beverage Bar,Disney Springs,Fanta® Sea,Mocktails,Snack,"Fanta® Blue Raspberry, Minute Maid® Lemonade, fish gummies",12.50,disney-springs/coca-cola-rooftop-beverage-bar
2026-09-05,Coca-Cola® Store Rooftop Beverage Bar,Disney Springs,Mango Lime Kick,Mocktails,Snack,"Minute Maid® Lemonade, Barrilitos® Mango Lime, pineapple chipotle syrup, lime juice & Tajín spices topped with mango",12.50,disney-springs/coca-cola-rooftop-beverage-bar
2026-09-05,Coca-Cola® Store Rooftop Beverage Bar,Disney Springs,Maple Spice Float,Mocktails,Snack,"Coca-Cola®, maple spice syrup, ice cream, whipped cream, and stroopwafel",12.50,disney-springs/coca-cola-rooftop-beverage-bar
2026-09-05,Coca-Cola® Store Rooftop Beverage Bar,Disney Springs,Orange Cream Float,Mocktails,Snack,"Coca-Cola®, orange cream & bar vanilla ice cream",12.50,disney-springs/coca-cola-rooftop-beverage-bar
2026-09-05,Coca-Cola® Store Rooftop Beverage Bar,Disney Springs,Drink of the Month,Drink of the Month,Snack,Varies Monthly,12.50,disney-springs/coca-cola-rooftop-beverage-bar
2026-09-05,Coca-Cola® Store Rooftop Beverage Bar,Disney Springs,Genuine Tumbler with Lid - 17 oz,Souvenir Cups,Snack,,8.95,disney-springs/coca-cola-rooftop-beverage-bar
2026-09-05,Coca-Cola® Store Rooftop Beverage Bar,Disney Springs,Contour Bottle Sipper - 44 oz,Souvenir Cups,Snack,,9.95,disney-springs/coca-cola-rooftop-beverage-bar
2026-09-05,Coca-Cola® Store Rooftop Beverage Bar,Disney Springs,17oz Surf Polar Bear Tumbler,Souvenir Cups,Snack,,14.95,disney-springs/coca-cola-rooftop-beverage-bar
2026-09-05,Coca-Cola® Store Rooftop Beverage Bar,Disney Springs,Polar Bear Full Body,Souvenir Cups,Snack,,17.95,disney-springs/coca-cola-rooftop-beverage-bar
2026-09-05,Coca-Cola® Store Rooftop Beverage Bar,Disney Springs,Light Up Straw,Souvenir Cups,Snack,,5.00,disney-springs/coca-cola-rooftop-beverage-bar
2026-09-05,Coca-Cola® Store Rooftop Beverage Bar,Disney Springs,Refill your Souvenir Cups,Souvenir Cups,Snack,,1.00,disney-springs/coca-cola-rooftop-beverage-bar
2026-09-05,Coca-Cola® Store Rooftop Beverage Bar,Disney Springs,Fountain Beverage - 16 oz,Fountain Beverages,Snack,,3.50,disney-springs/coca-cola-rooftop-beverage-bar
2026-09-05,Coca-Cola® Store Rooftop Beverage Bar,Disney Springs,Fountain Beverage - 24 oz,Fountain Beverages,Snack,,4.00,disney-springs/coca-cola-rooftop-beverage-bar
2026-09-05,Coca-Cola® Store Rooftop Beverage Bar,Disney Springs,Fountain Beverage - 32 oz,Fountain Beverages,Snack,,4.50,disney-springs/coca-cola-rooftop-beverage-bar
2026-09-05,Coca-Cola® Store Rooftop Beverage Bar,Disney Springs,Freestyle Fountain Beverage - 24 oz,Fountain Beverages,Snack,,4.50,disney-springs/coca-cola-rooftop-beverage-bar
2026-09-05,Coca-Cola® Store Rooftop Beverage Bar,Disney Springs,Around The World Tray,Tastes of the World,Snack,Enjoy fourteen sparkling and still beverages from around the world.,17.00,disney-springs/coca-cola-rooftop-beverage-bar
2026-09-05,Coca-Cola® Store Rooftop Beverage Bar,Disney Springs,Mocktail Flight,Tastes of the World,Snack,Customize your flight experience by picking any three mocktails,16.00,disney-springs/coca-cola-rooftop-beverage-bar
2026-09-05,Coca-Cola® Store Rooftop Beverage Bar,Disney Springs,Float Tray,Tastes of the World,Snack,Eight domestic flavors with ice cream,16.00,disney-springs/coca-cola-rooftop-beverage-bar
2026-09-05,Coca-Cola® Store Rooftop Beverage Bar,Disney Springs,Combo Tray,Tastes of the World,Snack,Includes Around the World Tray and the Float Tray,27.00,disney-springs/coca-cola-rooftop-beverage-bar
2026-09-05,Coca-Cola® Store Rooftop Beverage Bar,Disney Springs,Coca-Cola® Float,Floats,Snack,Coca-Cola® and Ice Cream served in a specialty float cup,11.00,disney-springs/coca-cola-rooftop-beverage-bar
2026-09-05,Coca-Cola® Store Rooftop Beverage Bar,Disney Springs,Orange Cream Float,Floats,Snack,"Coca-Cola®, orange cream & bar vanilla ice cream",12.50,disney-springs/coca-cola-rooftop-beverage-bar
2026-09-05,Coca-Cola® Store Rooftop Beverage Bar,Disney Springs,Cold Brew,Costa® Coffee,Snack,Costa® Cold Brew and Cream,7.00,disney-springs/coca-cola-rooftop-beverage-bar
2026-09-05,Coca-Cola® Store Rooftop Beverage Bar,Disney Springs,Costa® Chocolate Hazelnut Cold Brew,Costa® Coffee,Snack,"Cold Brew Costa® Cold Brew, Chocolate Syrup and Hazelnut Syrup",7.50,disney-springs/coca-cola-rooftop-beverage-bar
2026-09-05,Coca-Cola® Store Rooftop Beverage Bar,Disney Springs,Costa® Irish Crème Cold Brew,Costa® Coffee,Snack,Costa® Cold Brew and Irish Crème Syrup,7.50,disney-springs/coca-cola-rooftop-beverage-bar
2026-09-05,Coca-Cola® Store Rooftop Beverage Bar,Disney Springs,Costa® Coffee Cold Brew Flight,Costa® Coffee,Snack,"Costa® Chocolate Hazelnut Cold Brew, Costa® Peanut Butter Chocolate Cold Brew and Cold Brew Caramel Float",13.00,disney-springs/coca-cola-rooftop-beverage-bar
2026-09-05,Coca-Cola® Store Rooftop Beverage Bar,Disney Springs,Glass Bottle - 8 oz,"Glass, Bottles and Cans",Snack,,4.00,disney-springs/coca-cola-rooftop-beverage-bar
2026-09-05,Coca-Cola® Store Rooftop Beverage Bar,Disney Springs,Mexican Bottle 355 mL,"Glass, Bottles and Cans",Snack,,4.00,disney-springs/coca-cola-rooftop-beverage-bar
2026-09-05,Coca-Cola® Store Rooftop Beverage Bar,Disney Springs,Mexican Bottle 500 mL,"Glass, Bottles and Cans",Snack,,4.00,disney-springs/coca-cola-rooftop-beverage-bar
2026-09-05,Coca-Cola® Store Rooftop Beverage Bar,Disney Springs,ICEE - 16 oz,Frozen,Snack,,4.50,disney-springs/coca-cola-rooftop-beverage-bar
2026-09-05,Coca-Cola® Store Rooftop Beverage Bar,Disney Springs,ICEE - 24 oz,Frozen,Snack,,5.00,disney-springs/coca-cola-rooftop-beverage-bar
2026-09-05,Coca-Cola® Store Rooftop Beverage Bar,Disney Springs,ICEE - 32 oz,Frozen,Snack,,5.50,disney-springs/coca-cola-rooftop-beverage-bar
2026-09-05,Coca-Cola® Store Rooftop Beverage Bar,Disney Springs,DASANI® Bottled Water - 20 oz,Water,Snack,,4.00,disney-springs/coca-cola-rooftop-beverage-bar
2026-09-05,Coca-Cola® Store Rooftop Beverage Bar,Disney Springs,20oz Smartwater,Water,Snack,,5.00,disney-springs/coca-cola-rooftop-beverage-bar
2026-09-05,Coca-Cola® Store Rooftop Beverage Bar,Disney Springs,1L SmartWater,Water,Snack,,6.00,disney-springs/coca-cola-rooftop-beverage-bar
2026-09-05,Coca-Cola® Store Rooftop Beverage Bar,Disney Springs,16oz Topo Chico,Water,Snack,,4.50,disney-springs/coca-cola-rooftop-beverage-bar
2026-09-05,Coca-Cola® Store Rooftop Beverage Bar,Disney Springs,Full Throttle®,Energy & Sport,Snack,,5.00,disney-springs/coca-cola-rooftop-beverage-bar
2026-09-05,Coca-Cola® Store Rooftop Beverage Bar,Disney Springs,NOS®,Energy & Sport,Snack,,5.00,disney-springs/coca-cola-rooftop-beverage-bar
2026-09-05,Coca-Cola® Store Rooftop Beverage Bar,Disney Springs,Monster Energy®,Energy & Sport,Snack,,6.00,disney-springs/coca-cola-rooftop-beverage-bar
2026-09-05,Coca-Cola® Store Rooftop Beverage Bar,Disney Springs,POWERADE®,Energy & Sport,Snack,,5.00,disney-springs/coca-cola-rooftop-beverage-bar
2026-09-05,Coca-Cola® Store Rooftop Beverage Bar,Disney Springs,Minute Maid®,Juice & Milk,Snack,,4.00,disney-springs/coca-cola-rooftop-beverage-bar
2026-09-05,Coca-Cola® Store Rooftop Beverage Bar,Disney Springs,Simply® Beverages,Juice & Milk,Snack,,4.50,disney-springs/coca-cola-rooftop-beverage-bar
2026-09-05,Coca-Cola® Store Rooftop Beverage Bar,Disney Springs,Fairlife® Chocolate Milk,Juice & Milk,Snack,,4.50,disney-springs/coca-cola-rooftop-beverage-bar
2026-09-05,Coca-Cola® Store Rooftop Beverage Bar,Disney Springs,Chips,Snacks,Snack,,3.00,disney-springs/coca-cola-rooftop-beverage-bar
2026-09-05,Coca-Cola® Store Rooftop Beverage Bar,Disney Springs,Pretzel,Snacks,Snack,,5.00,disney-springs/coca-cola-rooftop-beverage-bar
2026-09-05,Coca-Cola® Store Rooftop Beverage Bar,Disney Springs,Melted Cheese for Dipping,Snacks,Snack,,2.00,disney-springs/coca-cola-rooftop-beverage-bar
2026-09-05,Cookes of Dublin,Disney Springs,Our Famous Fish ‘n’ Chips,Cookes Classics,Lunch And Dinner,The Original One & One,17.49,disney-springs/cookes-of-dublin
2026-09-05,Cookes of Dublin,Disney Springs,Hog in a Box,Cookes Classics,Lunch And Dinner,"Pulled pork, fried potatoes, stuffing, apple sauce",17.99,disney-springs/cookes-of-dublin
2026-09-05,Cookes of Dublin,Disney Springs,Combo Box with Soda,Cookes Classics,Lunch And Dinner,"Fish, chicken and chips with drink",22.49,disney-springs/cookes-of-dublin
2026-09-05,Cookes of Dublin,Disney Springs,Combo Box with Beer,Cookes Classics,Lunch And Dinner,"Fish, chicken and chips with beer",27.49,disney-springs/cookes-of-dublin
2026-09-05,Cookes of Dublin,Disney Springs,Dubliner Burger,Cookes Burgers,Lunch And Dinner,"Garlic mayo, tomato relish and chips",17.49,disney-springs/cookes-of-dublin
2026-09-05,Cookes of Dublin,Disney Springs,BBQ Burger,Cookes Burgers,Lunch And Dinner,"BBQ sauce, onion ring and chips",17.49,disney-springs/cookes-of-dublin
2026-09-05,Cookes of Dublin,Disney Springs,Buttermilk Fried Chicken Sandwich,Cookes Burgers,Lunch And Dinner,"Tangy sauce, pickles and chips",17.49,disney-springs/cookes-of-dublin
2026-09-05,Cookes of Dublin,Disney Springs,Grilled Chicken Sandwich,Cookes Burgers,Lunch And Dinner,"Garlic mayo, slaw, tangy sauce and chips",15.99,disney-springs/cookes-of-dublin
2026-09-05,Cookes of Dublin,Disney Springs,Chicken Tenders & Chips,Chicken & More,Lunch And Dinner,,17.49,disney-springs/cookes-of-dublin
2026-09-05,Cookes of Dublin,Disney Springs,Chicken & Mushroom Pie with Chips,Chicken & More,Lunch And Dinner,,17.49,disney-springs/cookes-of-dublin
2026-09-05,Cookes of Dublin,Disney Springs,Spice Bag in a Box,Chicken & More,Lunch And Dinner,"Fried chicken, onions, peppers, seasoned chips, curry sauce",17.49,disney-springs/cookes-of-dublin
2026-09-05,Cookes of Dublin,Disney Springs,Cookes Chicken Salad,Chicken & More,Lunch And Dinner,"Honey Mustard, Lemon Oil or Ranch",17.49,disney-springs/cookes-of-dublin
2026-09-05,Cookes of Dublin,Disney Springs,Double Dipped Onion Rings,Cookes Sides,Lunch And Dinner,,9.99,disney-springs/cookes-of-dublin
2026-09-05,Cookes of Dublin,Disney Springs,Chip Shop Curry Sauce,Cookes Sides,Lunch And Dinner,,7.49,disney-springs/cookes-of-dublin
2026-09-05,Cookes of Dublin,Disney Springs,Dubliner Irish Cheese & Bacon Dip,Cookes Sides,Lunch And Dinner,,8.49,disney-springs/cookes-of-dublin
2026-09-05,Cookes of Dublin,Disney Springs,Crushed Garden Peas,Cookes Sides,Lunch And Dinner,,8.49,disney-springs/cookes-of-dublin
2026-09-05,Cookes of Dublin,Disney Springs,Side Chips,Cookes Sides,Lunch And Dinner,,8.99,disney-springs/cookes-of-dublin
2026-09-05,Cookes of Dublin,Disney Springs,Side Salad,Cookes Sides,Lunch And Dinner,,5.99,disney-springs/cookes-of-dublin
2026-09-05,Cookes of Dublin,Disney Springs,Fish and Chips,Kids' Meals,Lunch And Dinner,,10.49,disney-springs/cookes-of-dublin
2026-09-05,Cookes of Dublin,Disney Springs,Chicken and Chips,Kids' Meals,Lunch And Dinner,,10.49,disney-springs/cookes-of-dublin
2026-09-05,Cookes of Dublin,Disney Springs,Cheeseburger and Chips,Kids' Meals,Lunch And Dinner,,10.49,disney-springs/cookes-of-dublin
2026-09-05,Cookes of Dublin,Disney Springs,Please see Our Lovely Selection of House Made Desserts & Cakes on Display,Desserts,Lunch And Dinner,,10.49,disney-springs/cookes-of-dublin
2026-09-05,Cookes of Dublin,Disney Springs,Assorted Fountain Beverages,Refreshing Beverages,Lunch And Dinner,,4.50,disney-springs/cookes-of-dublin
2026-09-05,Cookes of Dublin,Disney Springs,Bewley's Irish Hot Tea,Refreshing Beverages,Lunch And Dinner,,5.00,disney-springs/cookes-of-dublin
2026-09-05,D-Luxe Burger,Disney Springs,Beef Wellington Burger,Limited Time Offerings ,Lunch And Dinner,"Two Pressed Signature-blend Patties, Crispy Prosciutto, Mushroom Duxelles, Gruyère, and Horseradish Aïoli on an Herbed Puff Pastry Bun",14.99,disney-springs/d-luxe-burger
2026-09-05,D-Luxe Burger,Disney Springs,Bacon and Blue Burger,Entrées,Lunch And Dinner,"Two-pressed Signature-blend Patties with Bacon, Onion Jam, Blue Cheese, Lettuce, and Tomato",15.49,disney-springs/d-luxe-burger
2026-09-05,D-Luxe Burger,Disney Springs,Buffalo Chicken Sandwich,Entrées,Lunch And Dinner,"Fried Chicken Breast topped with Buffalo-Ranch Sauce, Blue Cheese Crumbles, Bacon, Lettuce, and Tomato",14.49,disney-springs/d-luxe-burger
2026-09-05,D-Luxe Burger,Disney Springs,Barbecued Burger,Entrées,Lunch And Dinner,"Two pressed Signature-blend Patties topped with a Fried Onion Ring, Muenster, Bacon, Lettuce, and Barbecue Sauce",14.49,disney-springs/d-luxe-burger
2026-09-05,D-Luxe Burger,Disney Springs,Classic Bacon Cheeseburger,Entrées,Lunch And Dinner,"Two-pressed Signature-blend Patties topped with Cheddar, 1921 Sauce, Lettuce, Tomato, and Pickle",13.49,disney-springs/d-luxe-burger
2026-09-05,D-Luxe Burger,Disney Springs,Classic Cheeseburger,Entrées,Lunch And Dinner,"Two-pressed Signature-blend Patties topped with Cheddar, 1921 Sauce, Lettuce, Tomato, and Pickle",12.49,disney-springs/d-luxe-burger
2026-09-05,D-Luxe Burger,Disney Springs,Adult Chicken Nuggets,Entrées,Lunch And Dinner,,10.99,disney-springs/d-luxe-burger
2026-09-05,D-Luxe Burger,Disney Springs,Plant-based Burger,Plant-Based,Lunch And Dinner,"Plant-based Gouda, Pickles, Lettuce, and Tomato served on a Parker House Roll",14.49,disney-springs/d-luxe-burger
2026-09-05,D-Luxe Burger,Disney Springs,Fresh-cut Fries - Full,Sides,Lunch And Dinner,,8.49,disney-springs/d-luxe-burger
2026-09-05,D-Luxe Burger,Disney Springs,Beer-battered Onion Rings,Sides,Lunch And Dinner,,8.49,disney-springs/d-luxe-burger
2026-09-05,D-Luxe Burger,Disney Springs,Fresh-cut Fries - Half,Sides,Lunch And Dinner,,5.99,disney-springs/d-luxe-burger
2026-09-05,D-Luxe Burger,Disney Springs,Grilled Chicken Sandwich,Kids' Disney Check Meal,Lunch And Dinner,"Topped with Cheddar, Lettuce, and Tomato served with choice of two Sides and choice of Small Lowfat Milk or Small DASANI® Bottled Water",8.99,disney-springs/d-luxe-burger
2026-09-05,D-Luxe Burger,Disney Springs,Cheeseburger,Kids' Meal,Lunch And Dinner,topped with Cheddar,8.99,disney-springs/d-luxe-burger
2026-09-05,D-Luxe Burger,Disney Springs,Chicken Breast Nuggets,Kids' Meal,Lunch And Dinner,Served with choice of two Sides and choice of Small Lowfat Milk or Small DASANI® Bottled Water,8.99,disney-springs/d-luxe-burger
2026-09-05,D-Luxe Burger,Disney Springs,Black Cherry Shake,Artisanal Shakes,Lunch And Dinner,Vanilla Gelato blended with Black Cherry Purée and Chocolate Cookie Pieces topped with Whipped Cream and Sprinkles,8.25,disney-springs/d-luxe-burger
2026-09-05,D-Luxe Burger,Disney Springs,Chocolate Gelato Shake,Artisanal Shakes,Lunch And Dinner,"Chocolate Gelato topped with Whipped Cream, Dark Chocolate Drizzle, and a Maraschino Cherry",8.25,disney-springs/d-luxe-burger
2026-09-05,D-Luxe Burger,Disney Springs,Cookies 'n Cream Gelato Shake,Artisanal Shakes,Lunch And Dinner,Vanilla Gelato blended with Chocolate Cookie Pieces topped with Whipped Cream and Cookie Crumbles,8.25,disney-springs/d-luxe-burger
2026-09-05,D-Luxe Burger,Disney Springs,S'mores Gelato Shake,Artisanal Shakes,Lunch And Dinner,"Chocolate Gelato blended with Toasted Marshmallow and Graham Cracker Crumbles topped with Whipped Cream, Marshmallows, Dark Chocolate Drizzle, and a Graham Cracker",8.25,disney-springs/d-luxe-burger
2026-09-05,D-Luxe Burger,Disney Springs,Salted Caramel Gelato Shake,Artisanal Shakes,Lunch And Dinner,"Vanilla Gelato blended with Caramel Syrup and Hawaiian Black Sea Salt topped with Whipped Cream, Caramel Drizzle, and Hawaiian Black Sea Salt",8.25,disney-springs/d-luxe-burger
2026-09-05,D-Luxe Burger,Disney Springs,Strawberry Gelato Shake,Artisanal Shakes,Lunch And Dinner,"Vanilla Gelato blended with Strawberry Smoothie Mix topped with Whipped Cream, Strawberry Sauce Drizzle, and a Maraschino Cherry",8.25,disney-springs/d-luxe-burger
2026-09-05,D-Luxe Burger,Disney Springs,Vanilla Gelato Shake,Artisanal Shakes,Lunch And Dinner,Vanilla Gelato topped with Whipped Cream and a Maraschino Cherry,8.25,disney-springs/d-luxe-burger
2026-09-05,D-Luxe Burger,Disney Springs,Assorted Fountain Beverages,Beverages,Lunch And Dinner,Assorted Coca-Cola® Offerings,4.79,disney-springs/d-luxe-burger
2026-09-05,D-Luxe Burger,Disney Springs,DASANI® Bottled Water,Beverages,Lunch And Dinner,,4.25,disney-springs/d-luxe-burger
2026-09-05,D-Luxe Burger,Disney Springs,Lowfat Milk,Beverages,Lunch And Dinner,,2.59,disney-springs/d-luxe-burger
2026-09-05,D-Luxe Burger,Disney Springs,High Noon Pineapple Vodka Hard Seltzer,Beverages with Alcohol,Lunch And Dinner,,12.75,disney-springs/d-luxe-burger
2026-09-05,D-Luxe Burger,Disney Springs,"Lagunitas IPA - Petaluma, CA",Beverages with Alcohol,Lunch And Dinner,20-oz Draft - Gold to amber in color with the flavor and aroma centered around the Caramel Malt and American Hops,12.50,disney-springs/d-luxe-burger
2026-09-05,D-Luxe Burger,Disney Springs,Sunshine Stroll Orange Pilsner Draft,Beverages with Alcohol,Lunch And Dinner,"Our light golden Pilsner is crafted perfectly for Florida. Brewed locally (Playalinda Brewing) with a slight haze and touch of citrus from all natural Florida oranges, Sunshine Stroll is the best combination of a light, refreshing, crisp & balanced beer to enjoy exclusively at Disney Springs!",12.50,disney-springs/d-luxe-burger
2026-09-05,D-Luxe Burger,Disney Springs,"Angry Orchard Crisp Apple Hard Cider – Cincinnati, OH",Beverages with Alcohol,Lunch And Dinner,20-oz Draft - Sweet and refreshing. A favorite since Colonial times,11.00,disney-springs/d-luxe-burger
2026-09-05,D-Luxe Burger,Disney Springs,White Claw Black Cherry Hard Seltzer,Beverages with Alcohol,Lunch And Dinner,,11.00,disney-springs/d-luxe-burger
2026-09-05,D-Luxe Burger,Disney Springs,"Bud Light Lager - St. Louis, MO",Beverages with Alcohol,Lunch And Dinner,"20-oz Draft - Golden-colored with flavors that are dry, clean, crisp, and refreshing with subtle bitterness",10.00,disney-springs/d-luxe-burger
2026-09-05,D-Luxe Burger,Disney Springs,Modelo Especial Lager - Mexico,Beverages with Alcohol,Lunch And Dinner,16-oz Can,10.00,disney-springs/d-luxe-burger
2026-09-05,The Daily Poutine,Disney Springs,Buffalo Chicken Poutine,Entrées,Lunch And Dinner,"French Fries with Buffalo Chicken tossed in Hot Sauce, Carrot, Celery Planks, and Garlic Ranch Dressing topped with Blue Cheese",11.99,disney-springs/daily-poutine
2026-09-05,The Daily Poutine,Disney Springs,Butter Chicken Poutine,Entrées,Lunch And Dinner,"French Fries, Chicken, Tomato Curry Sauce and Paneer Cheese",11.99,disney-springs/daily-poutine
2026-09-05,The Daily Poutine,Disney Springs,Canadian Poutine,Entrées,Lunch And Dinner,"French Fries, Beef Poutine Gravy and Cheddar Curds",11.99,disney-springs/daily-poutine
2026-09-05,The Daily Poutine,Disney Springs,Korean Barbecue,Entrées,Lunch And Dinner,"French Fries, Asian Barbecued Pulled Pork, Kimchi, and Sriracha Aïoli",11.99,disney-springs/daily-poutine
2026-09-05,The Daily Poutine,Disney Springs,Loaded Frites,Entrées,Lunch And Dinner,"French Fries, Queso Blanco, Iceberg Lettuce, Pico de Gallo, Bacon, and Garlic-Ranch Dressing",11.99,disney-springs/daily-poutine
2026-09-05,The Daily Poutine,Disney Springs,Assorted Fountain Beverages,Beverages,Lunch And Dinner,,4.79,disney-springs/daily-poutine
2026-09-05,The Daily Poutine,Disney Springs,Frozen Watermelon Lemonade Slushy,Beverages,Lunch And Dinner,Featuring Minute Maid® Premium Lemonade,6.29,disney-springs/daily-poutine
2026-09-05,The Daily Poutine,Disney Springs,DASANI® Bottled Water,Beverages,Lunch And Dinner,,4.25,disney-springs/daily-poutine
2026-09-05,The Daily Poutine,Disney Springs,Canadian Apple Slushy,Alcoholic Beverages,Lunch And Dinner,"Crown Royal Regal Apple Whiskey with Minute Maid® Premium Lemonade, Caramel, and Apple",17.50,disney-springs/daily-poutine
2026-09-05,Dockside Margaritas,Disney Springs,Citrus Curse,Limited Time Beverages with Alcohol,Bar – Lounge,"Patrón Silver Tequila, Cointreau Liqueur, Bols Melon Liqueur, Sour Mix, Lime Juice, and Green Edible Glitter garnished with a Dehydrated Orange and Sea Salt",18.50,disney-springs/dockside-margaritas
2026-09-05,Dockside Margaritas,Disney Springs,Añejo Select Margarita,Margaritas,Bar – Lounge,"Lunazul Añejo Tequila, Grand Marnier Liqueur, Sweet-and-Sour, and Lime Juice",19.50,disney-springs/dockside-margaritas
2026-09-05,Dockside Margaritas,Disney Springs,Habanero Lime Margarita,Margaritas,Bar – Lounge,"Patrón Silver Tequila, Habanero Lime, Lime Juice and Simple Syrup",18.50,disney-springs/dockside-margaritas
2026-09-05,Dockside Margaritas,Disney Springs,Sunset Margarita,Margaritas,Bar – Lounge,"Don Julio Reposado Tequila, Cointreau Liqueur, Lime Juice, Sweet-and-Sour, and Minute Maid® Orange Juice",18.00,disney-springs/dockside-margaritas
2026-09-05,Dockside Margaritas,Disney Springs,Watermelon Margarita,Margaritas,Bar – Lounge,"Patrón Silver Tequila, Grand Marnier Liqueur, Watermelon, Lime Juice, and Sweet-and-Sour",18.50,disney-springs/dockside-margaritas
2026-09-05,Dockside Margaritas,Disney Springs,Seasonal Margarita,Margaritas,Bar – Lounge,,18.50,disney-springs/dockside-margaritas
2026-09-05,Dockside Margaritas,Disney Springs,Strawberry Margarita,Frozen Margaritas,Bar – Lounge,Herradura Reposado Tequila and Lime Juice blended with Strawberry Purée,17.50,disney-springs/dockside-margaritas
2026-09-05,Dockside Margaritas,Disney Springs,Lime Margarita,Frozen Margaritas,Bar – Lounge,"Patrón Silver Tequila, Grand Marnier Liqueur, Lime Juice and Sweet-and-Sour",19.50,disney-springs/dockside-margaritas
2026-09-05,Dockside Margaritas,Disney Springs,Mango Margarita,Frozen Margaritas,Bar – Lounge,"Patrón Silver Tequila, Grand Marnier Liqueur, Mango Purée, Lime Juice, and Sweet-and-Sour",19.50,disney-springs/dockside-margaritas
2026-09-05,Dockside Margaritas,Disney Springs,Dockside Iced Tea,On The Rocks,Bar – Lounge,"Siesta Key White Rum, Tito's Handmade Vodka, Hendrick's Gin, Cointreau Liqueur, and Sweet-and-Sour topped with a splash of Coca-Cola®",16.50,disney-springs/dockside-margaritas
2026-09-05,Dockside Margaritas,Disney Springs,Orange Grove Rum Runner,On The Rocks,Bar – Lounge,"Siesta Key Spiced Rum, Blackberry Brandy, Bols Crème de Banana Liqueur, and Florida Citrus Juices with a float of Goslings 151 Rum",16.50,disney-springs/dockside-margaritas
2026-09-05,Dockside Margaritas,Disney Springs,King Estate Pinot Gris,Wine,Bar – Lounge,,17.00,disney-springs/dockside-margaritas
2026-09-05,Dockside Margaritas,Disney Springs,J. Lohr Riverstone Chardonnay,Wine,Bar – Lounge,,14.00,disney-springs/dockside-margaritas
2026-09-05,Dockside Margaritas,Disney Springs,Château Ste. Michelle Cabernet Sauvignon,Wine,Bar – Lounge,,14.00,disney-springs/dockside-margaritas
2026-09-05,Dockside Margaritas,Disney Springs,DASANI® Bottled Water,Non-Alcoholic,Bar – Lounge,,4.25,disney-springs/dockside-margaritas
2026-09-05,Dockside Margaritas,Disney Springs,Seasonal Mocktail,Non-Alcoholic,Bar – Lounge,,5.25,disney-springs/dockside-margaritas
2026-09-05,EARL OF SANDWICH®,Disney Springs,Egg & Cheddar,Hot Sandwiches,Breakfast,"Eggs, Cheddar and Breakfast Sauce",7.49,disney-springs/earl-of-sandwich
2026-09-05,EARL OF SANDWICH®,Disney Springs,"Ham, Egg & Cheddar",Hot Sandwiches,Breakfast,"Ham, Eggs, Cheddar and Breakfast Sauce",8.99,disney-springs/earl-of-sandwich
2026-09-05,EARL OF SANDWICH®,Disney Springs,Ham & Swiss,Hot Sandwiches,Breakfast,"Ham, Swiss, Sour Cream and Mustard Sauce",8.99,disney-springs/earl-of-sandwich
2026-09-05,EARL OF SANDWICH®,Disney Springs,"Bacon, Egg & Cheddar",Hot Sandwiches,Breakfast,"Bacon, Eggs, Cheddar and Breakfast Sauce",8.99,disney-springs/earl-of-sandwich
2026-09-05,EARL OF SANDWICH®,Disney Springs,Breakfast BLT,Hot Sandwiches,Breakfast,"Bacon, Lettuce, Roma Tomato and Mayonnaise",8.99,disney-springs/earl-of-sandwich
2026-09-05,EARL OF SANDWICH®,Disney Springs,"Sausage, Egg & Cheddar",Hot Sandwiches,Breakfast,"Sausage, Eggs, Cheddar and Breakfast Sauce",8.99,disney-springs/earl-of-sandwich
2026-09-05,EARL OF SANDWICH®,Disney Springs,Ham Breakfast Bowl or Burrito,Other Options,Breakfast,"Scrambled eggs, smoked ham, roasted potatoes, red peppers, red onions, Roma tomatoes, cheddar cheese & sour cream",8.99,disney-springs/earl-of-sandwich
2026-09-05,EARL OF SANDWICH®,Disney Springs,Bacon Breakfast Bowl or Burrito,Other Options,Breakfast,"Scrambled eggs, bacon, roasted potatoes, red peppers, red onions, Roma tomatoes, cheddar cheese & sour cream",8.99,disney-springs/earl-of-sandwich
2026-09-05,EARL OF SANDWICH®,Disney Springs,Sausage Breakfast Bowl or Burrito,Other Options,Breakfast,"Scrambled eggs, sausage, roasted potatoes, red peppers, red onions, Roma tomatoes, cheddar cheese & sour cream",8.99,disney-springs/earl-of-sandwich
2026-09-05,EARL OF SANDWICH®,Disney Springs,Oatmeal,Other Options,Breakfast,Brown Sugar & Dried Cranberries,4.99,disney-springs/earl-of-sandwich
2026-09-05,EARL OF SANDWICH®,Disney Springs,Breakfast Tots,Other Options,Breakfast,,4.99,disney-springs/earl-of-sandwich
2026-09-05,EARL OF SANDWICH®,Disney Springs,Assorted Fountain Beverages - Regular,Beverages,Breakfast; Lunch And Dinner,,3.99,disney-springs/earl-of-sandwich
2026-09-05,EARL OF SANDWICH®,Disney Springs,Coffee,Beverages,Breakfast; Lunch And Dinner,,3.49,disney-springs/earl-of-sandwich
2026-09-05,EARL OF SANDWICH®,Disney Springs,Hot Tea,Beverages,Breakfast; Lunch And Dinner,,3.49,disney-springs/earl-of-sandwich
2026-09-05,EARL OF SANDWICH®,Disney Springs,Frozen Lemonade,Beverages,Breakfast; Lunch And Dinner,,5.49,disney-springs/earl-of-sandwich
2026-09-05,EARL OF SANDWICH®,Disney Springs,Earl Grey Lemonade - Regular,Beverages,Breakfast; Lunch And Dinner,,3.99,disney-springs/earl-of-sandwich
2026-09-05,EARL OF SANDWICH®,Disney Springs,Iced Tea - Regular,Beverages,Breakfast; Lunch And Dinner,,3.99,disney-springs/earl-of-sandwich
2026-09-05,EARL OF SANDWICH®,Disney Springs,Assorted Bottled Beverages,Beverages,Breakfast; Lunch And Dinner,,3.99,disney-springs/earl-of-sandwich
2026-09-05,EARL OF SANDWICH®,Disney Springs,Bottled Water,Beverages,Breakfast; Lunch And Dinner,,3.99,disney-springs/earl-of-sandwich
2026-09-05,EARL OF SANDWICH®,Disney Springs,The Earl's Club,Hot Sandwiches,Lunch And Dinner,"Turkey, Bacon, Swiss, Lettuce, Roma Tomato and Sandwich Sauce",9.49,disney-springs/earl-of-sandwich
2026-09-05,EARL OF SANDWICH®,Disney Springs,The Original 1762®,Hot Sandwiches,Lunch And Dinner,"Roasted Beef, Cheddar and Horseradish Sauce",9.49,disney-springs/earl-of-sandwich
2026-09-05,EARL OF SANDWICH®,Disney Springs,Chipotle Chicken Avocado,Hot Sandwiches,Lunch And Dinner,"Grilled Chicken, Bacon, Cheddar, Avocado, Lettuce and Chipotle Sauce",9.49,disney-springs/earl-of-sandwich
2026-09-05,EARL OF SANDWICH®,Disney Springs,Tuna Melt,Hot Sandwiches,Lunch And Dinner,"Albacore Tuna Salad, Swiss and mayonnaise",9.49,disney-springs/earl-of-sandwich
2026-09-05,EARL OF SANDWICH®,Disney Springs,The Full Montagu®,Hot Sandwiches,Lunch And Dinner,"Roasted Beef, Turkey, Swiss, Cheddar, Lettuce, Roma Tomato and Earl's Mustard Sauce",9.49,disney-springs/earl-of-sandwich
2026-09-05,EARL OF SANDWICH®,Disney Springs,Caprese,Hot Sandwiches,Lunch And Dinner,"Fresh Mozzarella, Roma Tomato, Basil and Balsamic",9.49,disney-springs/earl-of-sandwich
2026-09-05,EARL OF SANDWICH®,Disney Springs,Holiday Turkey,Hot Sandwiches,Lunch And Dinner,"Turkey, Cornbread Stuffing, Turkey Gravy, Cranberry Sauce and Mayonnaise",9.49,disney-springs/earl-of-sandwich
2026-09-05,EARL OF SANDWICH®,Disney Springs,Italian,Hot Sandwiches,Lunch And Dinner,"Salami, Capicola, Ham, Pepperoni, Mozzarella, Roma Tomato with Italian Seasoning and Italian Dressing",9.49,disney-springs/earl-of-sandwich
2026-09-05,EARL OF SANDWICH®,Disney Springs,Veggie,Hot Sandwiches,Lunch And Dinner,"Feta, Cucumber, Red Peppers, Red Onions, Lettuce, Roma Tomato and Creamy Mediterranean Dressing",8.49,disney-springs/earl-of-sandwich
2026-09-05,EARL OF SANDWICH®,Disney Springs,Ham & Swiss,Hot Sandwiches,Lunch And Dinner,"Ham, Swiss, Sour Cream, and Mustard Sauce",9.49,disney-springs/earl-of-sandwich
2026-09-05,EARL OF SANDWICH®,Disney Springs,Cannonballs!™,Hot Sandwiches,Lunch And Dinner,"Meatballs, mozzarella, Italian seasoning, and marinara sauce",9.49,disney-springs/earl-of-sandwich
2026-09-05,EARL OF SANDWICH®,Disney Springs,Cuban,Hot Sandwiches,Lunch And Dinner,"Tender carnitas, ham, Swiss, pickles & Cuban mustard sauce",9.49,disney-springs/earl-of-sandwich
2026-09-05,EARL OF SANDWICH®,Disney Springs,Cheese Pizza,Hot Sandwiches,Lunch And Dinner,"Pizza sauce, Italian seasoning & mozzarella on our artisan bread",8.99,disney-springs/earl-of-sandwich
2026-09-05,EARL OF SANDWICH®,Disney Springs,Pepperoni Pizza,Hot Sandwiches,Lunch And Dinner,"Pizza sauce, Italian seasoning, mozzarella & pepperoni on our artisan bread",9.49,disney-springs/earl-of-sandwich
2026-09-05,EARL OF SANDWICH®,Disney Springs,Buffalo Chicken Wrap,Wraps,Lunch And Dinner,"Grilled Chicken, Cheddar, Romaine, Roma Tomato, Celery Salt, Buffalo Sauce and Bleu Cheese Dressing",9.99,disney-springs/earl-of-sandwich
2026-09-05,EARL OF SANDWICH®,Disney Springs,Chicken Bacon Avocado Wrap,Wraps,Lunch And Dinner,"Grilled Chicken, Bacon, Romaine, Avocado, Roma Tomato, Cucumber and Balsamic Vinaigrette",9.99,disney-springs/earl-of-sandwich
2026-09-05,EARL OF SANDWICH®,Disney Springs,Chicken Caesar Wrap,Wraps,Lunch And Dinner,"Grilled Chicken, Shaved Parmesan, Romaine, House-made Croutons and Caesar Dressing",9.99,disney-springs/earl-of-sandwich
2026-09-05,EARL OF SANDWICH®,Disney Springs,Earl's Cobb Wrap,Wraps,Lunch And Dinner,"Greens, Grilled Chicken, Bacon, Cheddar, Roma Tomato, Cucumber, Cranberries and Ranch Dressing",9.99,disney-springs/earl-of-sandwich
2026-09-05,EARL OF SANDWICH®,Disney Springs,Spicy Tuna Wrap,Wraps,Lunch And Dinner,"Albacore Tuna Salad, Romaine, Roma Tomato, Olives, Banana Peppers, Chipotle Sauce and Balsamic Vinaigrette",9.99,disney-springs/earl-of-sandwich
2026-09-05,EARL OF SANDWICH®,Disney Springs,Earl's Cobb Salad,Salads,Lunch And Dinner,"Field Greens, Grilled Chicken, Bacon, Cheddar, Roma Tomato, Cucumber, Cranberries and Ranch Dressing",9.99,disney-springs/earl-of-sandwich
2026-09-05,EARL OF SANDWICH®,Disney Springs,Chicken Caesar Salad,Salads,Lunch And Dinner,"Romaine, Grilled Chicken, Shaved Parmesan, House-made Croutons and Caesar Dressing",9.99,disney-springs/earl-of-sandwich
2026-09-05,EARL OF SANDWICH®,Disney Springs,Greek Salad,Salads,Lunch And Dinner,"Romaine, Grilled Chicken, Feta, Roma Tomato, Olives, Banana Peppers and Zesty Italian Dressing",9.99,disney-springs/earl-of-sandwich
2026-09-05,EARL OF SANDWICH®,Disney Springs,Caprese Salad,Salads,Lunch And Dinner,"Diced mozzarella, Roma tomatoes, romaine, greens, basil & balsamic glaze. Served with a side of Balsamic Vinaigrette",9.99,disney-springs/earl-of-sandwich
2026-09-05,EARL OF SANDWICH®,Disney Springs,House Salad,Salads,Lunch And Dinner,"Field Greens, Roma Tomato, Cucumber, House-made Croutons and Ranch Dressing",9.49,disney-springs/earl-of-sandwich
2026-09-05,EARL OF SANDWICH®,Disney Springs,Make It A Combo!,Make It a Combo,Lunch And Dinner,"One Regular Fountain Drink and Chips or Cookie with purchase of a Sandwich, Salad, or Wrap",5.99,disney-springs/earl-of-sandwich
2026-09-05,EARL OF SANDWICH®,Disney Springs,Tomato Soup,Soups,Lunch And Dinner,,5.49,disney-springs/earl-of-sandwich
2026-09-05,EARL OF SANDWICH®,Disney Springs,Featured Soup,Soups,Lunch And Dinner,,5.49,disney-springs/earl-of-sandwich
2026-09-05,EARL OF SANDWICH®,Disney Springs,Mac 'n' Cheese,Sides and More,Lunch And Dinner,,6.99,disney-springs/earl-of-sandwich
2026-09-05,EARL OF SANDWICH®,Disney Springs,Bacon Mac 'n' Cheese,Sides and More,Lunch And Dinner,,7.49,disney-springs/earl-of-sandwich
2026-09-05,EARL OF SANDWICH®,Disney Springs,Wedges,Sides and More,Lunch And Dinner,,3.99,disney-springs/earl-of-sandwich
2026-09-05,EARL OF SANDWICH®,Disney Springs,Potato Chips,Sides and More,Lunch And Dinner,"Original, Mesquite BBQ, or Salt & Vinegar",2.99,disney-springs/earl-of-sandwich
2026-09-05,EARL OF SANDWICH®,Disney Springs,Side Salad,Sides and More,Lunch And Dinner,,5.99,disney-springs/earl-of-sandwich
2026-09-05,EARL OF SANDWICH®,Disney Springs,Coleslaw,Sides and More,Lunch And Dinner,,4.99,disney-springs/earl-of-sandwich
2026-09-05,EARL OF SANDWICH®,Disney Springs,Potato Salad,Sides and More,Lunch And Dinner,,4.99,disney-springs/earl-of-sandwich
2026-09-05,EARL OF SANDWICH®,Disney Springs,Pasta Salad,Sides and More,Lunch And Dinner,,4.99,disney-springs/earl-of-sandwich
2026-09-05,EARL OF SANDWICH®,Disney Springs,Tater Tots,Sides and More,Lunch And Dinner,,4.99,disney-springs/earl-of-sandwich
2026-09-05,EARL OF SANDWICH®,Disney Springs,Pizza Bread,Kids' Meals,Lunch And Dinner,"Pizza sauce, Italian seasoning & mozzarella",6.49,disney-springs/earl-of-sandwich
2026-09-05,EARL OF SANDWICH®,Disney Springs,Grilled Cheese,Kids' Meals,Lunch And Dinner,"Cheddar, Swiss & mozzarella",6.49,disney-springs/earl-of-sandwich
2026-09-05,EARL OF SANDWICH®,Disney Springs,Turkey and Swiss,Kids' Meals,Lunch And Dinner,"Turkey, Swiss & mayonnaise",6.49,disney-springs/earl-of-sandwich
2026-09-05,EARL OF SANDWICH®,Disney Springs,Cookies,Desserts,Lunch And Dinner,,3.99,disney-springs/earl-of-sandwich
2026-09-05,EARL OF SANDWICH®,Disney Springs,Cookie Bites,Desserts,Lunch And Dinner,,5.99,disney-springs/earl-of-sandwich
2026-09-05,EARL OF SANDWICH®,Disney Springs,Brownies,Desserts,Lunch And Dinner,,3.99,disney-springs/earl-of-sandwich
2026-09-05,EARL OF SANDWICH®,Disney Springs,Brownie Bites,Desserts,Lunch And Dinner,,5.99,disney-springs/earl-of-sandwich
2026-09-05,EARL OF SANDWICH®,Disney Springs,Brookie,Desserts,Lunch And Dinner,,3.99,disney-springs/earl-of-sandwich
2026-09-05,The Edison,Disney Springs,Cornbread & Biscuit Basket,Shares & Nibbles,Lunch; Dinner,"house-made corn-shaped corn bread & buttermilk biscuits, seasonal jam, WhistlePig barrel-aged maple butter",14.00,disney-springs/edison
2026-09-05,The Edison,Disney Springs,"DB ""Clothesline"" Candied Bacon",Shares & Nibbles,Lunch; Dinner,"maple, black pepper, sweet & spicy pickles",19.00,disney-springs/edison
2026-09-05,The Edison,Disney Springs,Deviled Eggs,Shares & Nibbles,Lunch; Dinner,"cage-free, traditional, crispy potato cake, bacon, smokey paprika",15.00,disney-springs/edison
2026-09-05,The Edison,Disney Springs,Angeled Eggs,Shares & Nibbles,Lunch; Dinner,"cage-free, traditional, potato cake, 1 oz caviar",99.00,disney-springs/edison
2026-09-05,The Edison,Disney Springs,Buffalo Wings,Shares & Nibbles,Lunch; Dinner,"1 lb. jumbo chicken wings, classic buffalo sauce, house-made ranch",18.00,disney-springs/edison
2026-09-05,The Edison,Disney Springs,Monumental Pretzel,Shares & Nibbles,Lunch; Dinner,"bavarian style pretzel, pimento cheese and honey mustard",16.00,disney-springs/edison
2026-09-05,The Edison,Disney Springs,Spinach Parmesan Dip,Shares & Nibbles,Lunch; Dinner,toasted breadcrumbs and fresh tortilla chips,18.00,disney-springs/edison
2026-09-05,The Edison,Disney Springs,MD-Style Blue Crab Dip,Shares & Nibbles,Lunch; Dinner,Old-Bay-seasoned naan,19.00,disney-springs/edison
2026-09-05,The Edison,Disney Springs,Electri-Fries,Shares & Nibbles,Lunch; Dinner,"loaded l. burbank fries, black truffle fontina sauce, bacon, parmesan and green onion, truffle oil",18.00,disney-springs/edison
2026-09-05,The Edison,Disney Springs,Cracklins,Shares & Nibbles,Lunch; Dinner,"chili-lime seasoning, house ranch dressing, bourbon bbq",12.00,disney-springs/edison
2026-09-05,The Edison,Disney Springs,Fried Pickle Spears,Shares & Nibbles,Lunch; Dinner,with house ranch dressing,15.00,disney-springs/edison
2026-09-05,The Edison,Disney Springs,Power Plant,Salads,Lunch; Dinner,"Mixed greens, baby arugula, strawberries, pickled red onion, feta, candied walnut, white balsamic vinaigrette. Add chicken 9 | Add shrimp* 10 | Add steak* 14 | Add blackened salmon* 12",17.00,disney-springs/edison
2026-09-05,The Edison,Disney Springs,Caesar,Salads,Lunch; Dinner,"romaine hearts, sourdough croutons, caesar dressing and parmesan. Add chicken 9 | Add shrimp* 10 | Add steak* 14 | Add blackened salmon* 12",17.00,disney-springs/edison
2026-09-05,The Edison,Disney Springs,Chopped Cobb,Salads,Lunch; Dinner,"romaine hearts, grilled chicken, hatch pepper gouda, tomatoes, cucumber, celery, bacon, hard-boiled egg, avocado ranch",23.00,disney-springs/edison
2026-09-05,The Edison,Disney Springs,The Edison*,Burgers*,Lunch; Dinner,"signature burger blend, sharp cheddar, smoked bacon, pickles, lettuce, tomato, Edison Sauce, I. Burbank fries",25.50,disney-springs/edison
2026-09-05,The Edison,Disney Springs,American Cheeseburger*,Burgers*,Lunch; Dinner,"signature burger blend, american cheese, lettuce, tomato and pickles. l. burbank fries",23.00,disney-springs/edison
2026-09-05,The Edison,Disney Springs,The Melt,Burgers*,Lunch; Dinner,"signature burger blend, butter griddled marble rye, caramelized onions, swiss, and l. burbank fries",24.00,disney-springs/edison
2026-09-05,The Edison,Disney Springs,Impostor Burger,Burgers*,Lunch; Dinner,"plant-based Impossible burger patty, vegan cheese, lettuce, tomato, pickle, kaiser roll, l. burbank fries",23.00,disney-springs/edison
2026-09-05,The Edison,Disney Springs,Tomato Soup and Gooey Grilled Cheese,Patented Specialties,Lunch; Dinner,"sharp cheddar, american, alpine swiss, provolone, parmesan-toasted sourdough. Add Tomato 4 | Add Onion 3 | Add Bacon 5",23.00,disney-springs/edison
2026-09-05,The Edison,Disney Springs,Chicken and Waffles,Patented Specialties,Lunch; Dinner,"buttermilk battered chicken breasts, crispy buttered Belgian waffle, cherry pepper maple syrup",33.00,disney-springs/edison
2026-09-05,The Edison,Disney Springs,"The PB, B&B Electric Co.",Patented Specialties,Lunch; Dinner,"butter griddled sourdough, peanut butter, smokey bacon, banana, l.burbank fries",23.00,disney-springs/edison
2026-09-05,The Edison,Disney Springs,The Churrasco,Patented Specialties,Lunch; Dinner,"pressed ciabatta, ny strip roast beef, arugula, carmelized onion, cherry tomatoes, chimichurri, l. burbank fries",25.00,disney-springs/edison
2026-09-05,The Edison,Disney Springs,New York Strip*,Patented Specialties,Lunch; Dinner,"certified angus beef, house chimichurri, l. burbank fries",53.00,disney-springs/edison
2026-09-05,The Edison,Disney Springs,High-Voltage Chicken Sandwich,Patented Specialties,Lunch; Dinner,"fried chicken, cilantro garlic aioli, lettuce, tomato, pickles, l. burbank fries",24.50,disney-springs/edison
2026-09-05,The Edison,Disney Springs,Blackened Salmon*,Patented Specialties,Lunch; Dinner,"roasted baby carrots, cauliflower, tomatoes, citrus remoulade",37.00,disney-springs/edison
2026-09-05,The Edison,Disney Springs,St. Louis Ribs,Patented Specialties,Lunch; Dinner,"apple braised ribs, bourbon bbq, house cabbage slaw, l. Burbank fries",36.00,disney-springs/edison
2026-09-05,The Edison,Disney Springs,Short Rib,Patented Specialties,Lunch; Dinner,"red-wine-braised, porcini gravy, dreamy mash, green beans",39.00,disney-springs/edison
2026-09-05,The Edison,Disney Springs,L. Burbank Fries,Patented Partners,Lunch; Dinner,,8.00,disney-springs/edison
2026-09-05,The Edison,Disney Springs,Dreamy Mash,Patented Partners,Lunch; Dinner,buttery mashed potatoes,10.00,disney-springs/edison
2026-09-05,The Edison,Disney Springs,Roasted Baby Carrots & Cauliflower,Patented Partners,Lunch; Dinner,"extra virgin olive oil, sea salt",11.00,disney-springs/edison
2026-09-05,The Edison,Disney Springs,Lights-on Dulce De Leche Cheesecake,Sweets,Lunch; Dinner,"Whipped cream, crunchy caramel pearls, caramel sauce",15.00,disney-springs/edison
2026-09-05,The Edison,Disney Springs,Brookie,Sweets,Lunch; Dinner,"dark chocolate brownie-cookie hybrid, vanilla gelato and chocolate sauce",15.00,disney-springs/edison
2026-09-05,The Edison,Disney Springs,Cast Iron Apple Pie,Sweets,Lunch; Dinner,"flaky pie crust, honey crisp apples, cinnamon, vanilla gelato and bourbon toffee sauce",15.00,disney-springs/edison
2026-09-05,The Edison,Disney Springs,House-made Sorbet,Sweets,Lunch; Dinner,strawberry or lemon,12.00,disney-springs/edison
2026-09-05,The Edison,Disney Springs,House-made Gelato,Sweets,Lunch; Dinner,vanilla or chocolate,12.00,disney-springs/edison
2026-09-05,The Edison,Disney Springs,Mikey’s Bag-A-Donuts,Sweets,Lunch; Dinner,"warm powdered sugar donuts, Nutella, raspberry sauce",16.00,disney-springs/edison
2026-09-05,The Edison,Disney Springs,Churraffle Sundae,Sweets,Lunch; Dinner,"cinnamon sugar-coated crispy waffles, espresso gelato, caramel sauce, whipped cream",15.00,disney-springs/edison
2026-09-05,The Edison,Disney Springs,Chicken Tenders,Kid's Main Course,Lunch; Dinner,,17.00,disney-springs/edison
2026-09-05,The Edison,Disney Springs,Grilled Cheese,Kid's Main Course,Lunch; Dinner,,17.00,disney-springs/edison
2026-09-05,The Edison,Disney Springs,Burger or Cheeseburger,Kid's Main Course,Lunch; Dinner,,17.00,disney-springs/edison
2026-09-05,The Edison,Disney Springs,A Fire in Vermont,High Roller Cocktails,Lunch; Dinner,"Based on a classic, this Vermont-inspired cocktail is sure to light a fire in your heart. Served flaming barside, “A Fire in Vermont” features WhistlePig 10-year rye, Antica Formula vermouth, cherry brandy, Bogart’s Bitters and a flame-kissed caramelized absinthe wash.",36.00,disney-springs/edison
2026-09-05,The Edison,Disney Springs,Cristóbal's Revenge,High Roller Cocktails,Lunch; Dinner,Immerse yourself in a tropical oasis when the aged flavors of Flor de Caña 18 rum crash like a tidal wave into the familiarity of tiki.,38.00,disney-springs/edison
2026-09-05,The Edison,Disney Springs,South of Nowhere,Edison's Elixers,Lunch; Dinner,"Maestro Dobel Humito Tequila, Agave, Lime Juice, topped with Fever-tree Sparkling Pink Grapefruit soda, half salt rim",17.00,disney-springs/edison
2026-09-05,The Edison,Disney Springs,The Edison,Edison's Elixers,Lunch; Dinner,"Woodford Reserve Bourbon, Belle de Brillet Pear Brandy, Lemon Juice, Honey Cordial",19.00,disney-springs/edison
2026-09-05,The Edison,Disney Springs,Patented Old Fashioned,Edison's Elixers,Lunch; Dinner,"Basil Hayden's Bourbon, Angostura Bitters, Simple Syrup",18.00,disney-springs/edison
2026-09-05,The Edison,Disney Springs,Strawberry Fields Forever,Edison's Elixers,Lunch; Dinner,"Absolut vodka, St-Germain liqueur, honey, lime juice, strawberries, mint, lemonade**",18.00,disney-springs/edison
2026-09-05,The Edison,Disney Springs,A Dame'll Sting Ya,Edison's Elixers,Lunch; Dinner,"Sipsmith Lemon Drizzle Gin, Stirring’s All Natural Ginger Liqueur, Honey, Lemon Juice, Cranberry Juice, Fresh Savannah Bee Company® Honeycomb",19.00,disney-springs/edison
2026-09-05,The Edison,Disney Springs,Apple Propellant,Mocktails,Lunch; Dinner,"Apple Cider, Honey, Lemon Juice, Ginger Ale",8.00,disney-springs/edison
2026-09-05,The Edison,Disney Springs,Smoke & Mirrors,Mocktails,Lunch; Dinner,"Pineapple Juice, Lemon Juice, Lime Juice, Orgeat",8.00,disney-springs/edison
2026-09-05,The Edison,Disney Springs,Corona Light,"Draft, Bottled, Canned Beers & Cider",Lunch; Dinner,"Light Lager, Mexico, 4.1% ABV",12.00,disney-springs/edison
2026-09-05,The Edison,Disney Springs,Stella Artois,"Draft, Bottled, Canned Beers & Cider",Lunch; Dinner,"Pilsner, Belgium, 5.0% ABV",12.00,disney-springs/edison
2026-09-05,The Edison,Disney Springs,Yuengling,"Draft, Bottled, Canned Beers & Cider",Lunch; Dinner,"Amber Lager, Pottsville, PA, 4.4% ABV",11.00,disney-springs/edison
2026-09-05,The Edison,Disney Springs,Heineken 0.0,"Draft, Bottled, Canned Beers & Cider",Lunch; Dinner,"Malt Lager, The Netherlands, 0% ABV",11.00,disney-springs/edison
2026-09-05,The Edison,Disney Springs,Weinhenstephan Hefeweissbier,"Draft, Bottled, Canned Beers & Cider",Lunch; Dinner,"Hefeweizen, Germany, 5.4% ABV",15.00,disney-springs/edison
2026-09-05,The Edison,Disney Springs,Kasteel Rubus Raspberry Ale,"Draft, Bottled, Canned Beers & Cider",Lunch; Dinner,"Belgian Fruit Ale, Belgium, 17 oz can, 7% ABV",18.00,disney-springs/edison
2026-09-05,The Edison,Disney Springs,Chimay Grande Reserve,"Draft, Bottled, Canned Beers & Cider",Lunch; Dinner,"Belgian Strong Ale, Belgium, 9% ABV",23.00,disney-springs/edison
2026-09-05,The Edison,Disney Springs,Funky Buddha Floridian,"Draft, Bottled, Canned Beers & Cider",Lunch; Dinner,"Hefeweizen, Oakland Park, FL, 5.2% ABV",12.00,disney-springs/edison
2026-09-05,The Edison,Disney Springs,Elysian Space Dust,"Draft, Bottled, Canned Beers & Cider",Lunch; Dinner,"American IPA, Seattle, WA, 8.2% ABV",13.00,disney-springs/edison
2026-09-05,The Edison,Disney Springs,Motorworks Brewing Pulp Friction,"Draft, Bottled, Canned Beers & Cider",Lunch; Dinner,"American IPA, Bradenton, FL ,6.8% ABV",12.00,disney-springs/edison
2026-09-05,The Edison,Disney Springs,Crooked Can Space Cowboi,"Draft, Bottled, Canned Beers & Cider",Lunch; Dinner,"Hazy Imperial IPA, Winter Garden, FL, 8.5% ABV",14.00,disney-springs/edison
2026-09-05,The Edison,Disney Springs,Breckenridge Vanilla Porter,"Draft, Bottled, Canned Beers & Cider",Lunch; Dinner,"American Porter, Colorado, 5.4% ABV",13.00,disney-springs/edison
2026-09-05,The Edison,Disney Springs,Angry Orchard Crisp Apple,"Draft, Bottled, Canned Beers & Cider",Lunch; Dinner,"Cider, Walden, NY, 5.0% ABV",12.00,disney-springs/edison
2026-09-05,The Edison,Disney Springs,Rekorderlig Pear,"Draft, Bottled, Canned Beers & Cider",Lunch; Dinner,"Cider, Sweden, 4.5% ABV",13.00,disney-springs/edison
2026-09-05,The Edison,Disney Springs,Destihl Seasonal Sour,"Draft, Bottled, Canned Beers & Cider",Lunch; Dinner,"Sour Ale, Normal, IL, 5.5% ABV",14.00,disney-springs/edison
2026-09-05,The Edison,Disney Springs,Truly Seltzer,"Draft, Bottled, Canned Beers & Cider",Lunch; Dinner,"Hard Seltzer, Boston, MA, 5.0% ABV",11.00,disney-springs/edison
2026-09-05,The Edison,Disney Springs,The Edison Signature Pilsner,"Draft, Bottled, Canned Beers & Cider",Lunch; Dinner,"In collaboration with Hidden Springs Ale Works, Tampa, FL, 5.4% ABV",10.00,disney-springs/edison
2026-09-05,The Edison,Disney Springs,Bud Light Lager,"Draft, Bottled, Canned Beers & Cider",Lunch; Dinner,"Anheuser Busch, St. Louis, MO, 4.2% abv",10.00,disney-springs/edison
2026-09-05,The Edison,Disney Springs,Hazy Little Thing IPA,"Draft, Bottled, Canned Beers & Cider",Lunch; Dinner,"Sierra Nevada, Chico, FL, 6.7% abv",11.00,disney-springs/edison
2026-09-05,The Edison,Disney Springs,Sam Adams Seasonal,"Draft, Bottled, Canned Beers & Cider",Lunch; Dinner,"Sam Adams, Boston, MA, 5.3% ABV",11.00,disney-springs/edison
2026-09-05,The Edison,Disney Springs,Modelo,"Draft, Bottled, Canned Beers & Cider",Lunch; Dinner,"Modelo Lager, Mexico, 4.4% abv",11.00,disney-springs/edison
2026-09-05,The Edison,Disney Springs,Orange Crush Wheat Beer,"Draft, Bottled, Canned Beers & Cider",Lunch; Dinner,"Hidden Springs, Tampa, FL 5.7% ABV",13.00,disney-springs/edison
2026-09-05,The Edison,Disney Springs,"Freixenet, Brut Cava, Spain",Sparkling Wines ,Lunch; Dinner,,52.00,disney-springs/edison
2026-09-05,The Edison,Disney Springs,"Veuve Clicquot Champagne, Brut, Yellow Label",Sparkling Wines ,Lunch; Dinner,,190.00,disney-springs/edison
2026-09-05,The Edison,Disney Springs,"Brut Rosé, Sergura Viudas Cava, Spain",Sparkling Wines ,Lunch; Dinner,,15.00,disney-springs/edison
2026-09-05,The Edison,Disney Springs,"Rosé, Château Peyrassol, Côtes de Provence, France",White and Rosé Wines,Lunch; Dinner,,60.00,disney-springs/edison
2026-09-05,The Edison,Disney Springs,"Reisling, August Kessler, Rheingau, Germany",White and Rosé Wines,Lunch; Dinner,,60.00,disney-springs/edison
2026-09-05,The Edison,Disney Springs,"Moscato, Piedmonte, Italy",White and Rosé Wines,Lunch; Dinner,,64.00,disney-springs/edison
2026-09-05,The Edison,Disney Springs,"Pinot Grigio, Terredirai Pinot Grigio, Delle Venezie, Italy",White and Rosé Wines,Lunch; Dinner,,52.00,disney-springs/edison
2026-09-05,The Edison,Disney Springs,"Sauvignon Blanc, Frenzy, Marlborough Valley, New Zealand",White and Rosé Wines,Lunch; Dinner,,56.00,disney-springs/edison
2026-09-05,The Edison,Disney Springs,"Sauvignon Blanc, Kim Crawford, Marlborough Valley, New Zealand",White and Rosé Wines,Lunch; Dinner,,78.00,disney-springs/edison
2026-09-05,The Edison,Disney Springs,"Chardonnay, Wente, Livermore Valley, California",White and Rosé Wines,Lunch; Dinner,,60.00,disney-springs/edison
2026-09-05,The Edison,Disney Springs,"Chardonnay, Cakebread, Napa Valley, California",White and Rosé Wines,Lunch; Dinner,,120.00,disney-springs/edison
2026-09-05,The Edison,Disney Springs,"Rhone Blend, Cotes du Rhone, E. Guigal, France",Red Wines ,Lunch; Dinner,,68.00,disney-springs/edison
2026-09-05,The Edison,Disney Springs,"Red Blend, Unshackled, Napa Valley, California",Red Wines ,Lunch; Dinner,,64.00,disney-springs/edison
2026-09-05,The Edison,Disney Springs,"Red Blend, The Prisoner, Napa Valley, California 2022",Red Wines ,Lunch; Dinner,,115.00,disney-springs/edison
2026-09-05,The Edison,Disney Springs,"Pinot Noir, The Seeker, France",Red Wines ,Lunch; Dinner,,64.00,disney-springs/edison
2026-09-05,The Edison,Disney Springs,"Pinot Noir, Solena, Grand Cuvée, Willamette Valley, Oregon",Red Wines ,Lunch; Dinner,,76.00,disney-springs/edison
2026-09-05,The Edison,Disney Springs,"Zinfandel, The Federalist, Lodi",Red Wines ,Lunch; Dinner,,60.00,disney-springs/edison
2026-09-05,The Edison,Disney Springs,"Cabernet Sauvignon, Rickshaw, Paso Robles, California",Red Wines ,Lunch; Dinner,,56.00,disney-springs/edison
2026-09-05,The Edison,Disney Springs,"Cabernet Sauvignon, Silver Oak, Alexander Valley, Sonoma, California 2020",Red Wines ,Lunch; Dinner,,185.00,disney-springs/edison
2026-09-05,The Edison,Disney Springs,"Cabernet Blend, Overture by Opus One, Napa Valley, California 2021",Red Wines ,Lunch; Dinner,"Wine Spectator Score: 91. Tasting Notes: Fruity and elegant in style, featuring crunchy apple and red peach flavors filled with notes of sage cream. The lilting finish is long and delivers accents of wet stone.",320.00,disney-springs/edison
2026-09-05,The Edison,Disney Springs,"Cabernet Blend, Opus One, Napa Valley, California",Red Wines ,Lunch; Dinner,"Wine Spectator Score: 91. Tasting Notes: Fruity and elegant in style, featuring crunchy apple and red peach flavors filled with notes of sage cream. The lilting finish is long and delivers accents of wet stone.",750.00,disney-springs/edison
2026-09-05,The Edison,Disney Springs,Brunch Message,Join us Saturday and Sunday from 11:30am–3:00pm for exclusive brunch offerings,Lunch,Select lunch menu items may not be available during brunch hours. Ask your server for details.,23.00,disney-springs/edison
2026-09-05,The Edison,Disney Springs,Sticky Monkey Bread,Join us Saturday and Sunday from 11:30am–3:00pm for exclusive brunch offerings,Lunch,"House made apple-cinnamon brioche pull-apart, toffee caramel. Make it “TIPSY” with whiskey caramel 3.00.",16.00,disney-springs/edison
2026-09-05,The Edison,Disney Springs,Churrafles,Join us Saturday and Sunday from 11:30am–3:00pm for exclusive brunch offerings,Lunch,"cinnamon sugared, fried waffles, vanilla cream, dulce de leche",15.00,disney-springs/edison
2026-09-05,The Edison,Disney Springs,The Brunch Stack,Join us Saturday and Sunday from 11:30am–3:00pm for exclusive brunch offerings,Lunch,"new school american cheese, bacon, avocado, hash brown, fried egg, brioche",26.00,disney-springs/edison
2026-09-05,The Edison,Disney Springs,Avocado Toast,Join us Saturday and Sunday from 11:30am–3:00pm for exclusive brunch offerings,Lunch,"sourdough toast, avocado, two fried eggs, arugula salad, pickled onions, white balsamic",23.00,disney-springs/edison
2026-09-05,The Edison,Disney Springs,The Early Bird,Join us Saturday and Sunday from 11:30am–3:00pm for exclusive brunch offerings,Lunch,"buttermilk fried chicken, cherry pepper maple, crispy bacon, fried egg, big ol’biscuit",25.00,disney-springs/edison
2026-09-05,The Edison,Disney Springs,Chicken and Waffles,Join us Saturday and Sunday from 11:30am–3:00pm for exclusive brunch offerings,Lunch,(brunch size – one chicken breast),24.00,disney-springs/edison
2026-09-05,The Edison,Disney Springs,French Toast,Join us Saturday and Sunday from 11:30am–3:00pm for exclusive brunch offerings,Lunch,"butter griddled, bread pudding style, berries & cream",23.00,disney-springs/edison
2026-09-05,The Edison,Disney Springs,Big Ol' Biscuit Sando,Join us Saturday and Sunday from 11:30am–3:00pm for exclusive brunch offerings,Lunch,"handmade buttermilk biscuit, house sausage, crispy bacon, two fried eggs, new school american cheese, tater tots or burbank fries",23.00,disney-springs/edison
2026-09-05,eet by Maneet Chauhan,Disney Springs,eet Bread Service with Pimento Whipped Paneer,Shareables,Lunch; Dinner,"buttered naan, garlic naan, pimento whipped paneer cheese, masala vegetable sticks, indian pickle, coriander honey, chutneys",19.95,disney-springs/eet-by-maneet-chauhan
2026-09-05,eet by Maneet Chauhan,Disney Springs,Tandoori Chicken Poutine,Shareables,Lunch; Dinner,"chaat masala fries, tandoori chicken, white cheddar curds, rich tomato butter sauce",15.95,disney-springs/eet-by-maneet-chauhan
2026-09-05,eet by Maneet Chauhan,Disney Springs,D.I.Y. Pani Puri,Shareables,Lunch; Dinner,"crispy semolina puffs, black garbanzo beans, potatoes, tamarind, date chutney, mint cilantro water",12.95,disney-springs/eet-by-maneet-chauhan
2026-09-05,eet by Maneet Chauhan,Disney Springs,Walking Taco,Shareables,Lunch; Dinner,"crunchy indian puff snacks, spicy pork chili, indian pico de gallo, tamarind chutney, cojita cheese",12.95,disney-springs/eet-by-maneet-chauhan
2026-09-05,eet by Maneet Chauhan,Disney Springs,Samosas,Shareables,Lunch; Dinner,"potato & pea savory pastry, tamarind chutney, mint chutney",11.95,disney-springs/eet-by-maneet-chauhan
2026-09-05,eet by Maneet Chauhan,Disney Springs,Harmonious Quessadilla,Shareables,Lunch; Dinner,"naan quesadilla with mozzarella cheese, pork chili, indian pico de gallo, tortilla chips",14.95,disney-springs/eet-by-maneet-chauhan
2026-09-05,eet by Maneet Chauhan,Disney Springs,Beer Cheese Flatbread,Specialty Breads,Lunch; Dinner,"chicken kabab, Binny’s Brew cheese sauce, mozzarella, parmesan",16.95,disney-springs/eet-by-maneet-chauhan
2026-09-05,eet by Maneet Chauhan,Disney Springs,Bhunna Paneer Flatbread,Specialty Breads,Lunch; Dinner,"classic indian sauce, paneer, mozzarella, parmesan",16.95,disney-springs/eet-by-maneet-chauhan
2026-09-05,eet by Maneet Chauhan,Disney Springs,Chicken Tikka Naan Pizza,Specialty Breads,Lunch; Dinner,"chicken kabab, rich tomato butter sauce, mozzarella, parmesan",16.95,disney-springs/eet-by-maneet-chauhan
2026-09-05,eet by Maneet Chauhan,Disney Springs,Garlic Naan,Specialty Breads,Lunch; Dinner,"garlic, kasoori methi, clarified butter",5.95,disney-springs/eet-by-maneet-chauhan
2026-09-05,eet by Maneet Chauhan,Disney Springs,Buttered Naan,Specialty Breads,Lunch; Dinner,traditional indian flatbread,4.95,disney-springs/eet-by-maneet-chauhan
2026-09-05,eet by Maneet Chauhan,Disney Springs,Spicy Green Chili Naan,Specialty Breads,Lunch; Dinner,"green chilies, clarified butter",6.95,disney-springs/eet-by-maneet-chauhan
2026-09-05,eet by Maneet Chauhan,Disney Springs,Samosa Chopped Salad,Market Fresh,Lunch; Dinner,"chopped lettuces, kachumber, garbanzo, chopped samosa, choice of buttermilk ranch or eet house dressing",15.95,disney-springs/eet-by-maneet-chauhan
2026-09-05,eet by Maneet Chauhan,Disney Springs,Street Style Puffed Rice Salad,Market Fresh,Lunch; Dinner,"crispy puffed rice with peanuts, mango, strawberry, potato, cilantro, tamarind chutney, mint chutney",12.95,disney-springs/eet-by-maneet-chauhan
2026-09-05,eet by Maneet Chauhan,Disney Springs,BYOB,Build Your Own Bowl!,Lunch; Dinner,"includes pickled red cabbage, indian pico de gallo, and masala chickpea pearls | choose base, kabab, and sauce",19.95,disney-springs/eet-by-maneet-chauhan
2026-09-05,eet by Maneet Chauhan,Disney Springs,Gulab Jamun Cheesecake,Desserts,Lunch; Dinner,"NY cheesecake, gulab jamun, saffron, cardamom, strawberry",11.95,disney-springs/eet-by-maneet-chauhan
2026-09-05,eet by Maneet Chauhan,Disney Springs,Seasonal Dessert,Desserts,Lunch; Dinner,ask our team what we are serving!,11.95,disney-springs/eet-by-maneet-chauhan
2026-09-05,eet by Maneet Chauhan,Disney Springs,Masala Fries,Additions,Lunch; Dinner,,6.95,disney-springs/eet-by-maneet-chauhan
2026-09-05,eet by Maneet Chauhan,Disney Springs,Yogurt Raita,Additions,Lunch; Dinner,,2.95,disney-springs/eet-by-maneet-chauhan
2026-09-05,eet by Maneet Chauhan,Disney Springs,Mint Chutney,Additions,Lunch; Dinner,,1.95,disney-springs/eet-by-maneet-chauhan
2026-09-05,eet by Maneet Chauhan,Disney Springs,Tamarind Chutney,Additions,Lunch; Dinner,,1.95,disney-springs/eet-by-maneet-chauhan
2026-09-05,eet by Maneet Chauhan,Disney Springs,Desi Sides,Additions,Lunch; Dinner,,5.95,disney-springs/eet-by-maneet-chauhan
2026-09-05,eet by Maneet Chauhan,Disney Springs,Chopped Green Chilies,Additions,Lunch; Dinner,,2.95,disney-springs/eet-by-maneet-chauhan
2026-09-05,eet by Maneet Chauhan,Disney Springs,Cilantro Mint Water,Additions,Lunch; Dinner,,2.95,disney-springs/eet-by-maneet-chauhan
2026-09-05,eet by Maneet Chauhan,Disney Springs,Lil' Naan Pizza,Kids,Lunch; Dinner,"tomato sauce, mozzarella cheese",9.95,disney-springs/eet-by-maneet-chauhan
2026-09-05,eet by Maneet Chauhan,Disney Springs,Crispy Chicken Fingers,Kids,Lunch; Dinner,served with ranch dipping sauce,9.95,disney-springs/eet-by-maneet-chauhan
2026-09-05,eet by Maneet Chauhan,Disney Springs,Lil' Sliders,Kids,Lunch; Dinner,"beef burgers, american cheese, hawaiian rolls",9.95,disney-springs/eet-by-maneet-chauhan
2026-09-05,eet by Maneet Chauhan,Disney Springs,Grilled Cheese Naan,Kids,Lunch; Dinner,melty american cheese on grilled naan,9.95,disney-springs/eet-by-maneet-chauhan
2026-09-05,eet by Maneet Chauhan,Disney Springs,Mac and Cheese,Kids,Lunch; Dinner,housemade creamy mac & cheese,9.95,disney-springs/eet-by-maneet-chauhan
2026-09-05,eet by Maneet Chauhan,Disney Springs,Shrimp Skewer,Kids,Lunch; Dinner,two skewers of grilled shrimp,9.95,disney-springs/eet-by-maneet-chauhan
2026-09-05,eet by Maneet Chauhan,Disney Springs,Seasonal Vegetable Skewers,Kids,Lunch; Dinner,two skewers of grilled shrimp,9.95,disney-springs/eet-by-maneet-chauhan
2026-09-05,eet by Maneet Chauhan,Disney Springs,Build Your Own PB&J,Kids,Lunch; Dinner,served on naan,9.95,disney-springs/eet-by-maneet-chauhan
2026-09-05,eet by Maneet Chauhan,Disney Springs,Assorted Fountain Beverages,Beverages,Lunch; Dinner,,4.95,disney-springs/eet-by-maneet-chauhan
2026-09-05,eet by Maneet Chauhan,Disney Springs,Lassi,Beverages,Lunch; Dinner,classic indian yogurt drink: assorted flavors,7.95,disney-springs/eet-by-maneet-chauhan
2026-09-05,eet by Maneet Chauhan,Disney Springs,Apple Juice,Beverages,Lunch; Dinner,,3.95,disney-springs/eet-by-maneet-chauhan
2026-09-05,eet by Maneet Chauhan,Disney Springs,Seasonal Frozen Slushies,Beverages,Lunch; Dinner,ask our team what we are pouring!,5.95,disney-springs/eet-by-maneet-chauhan
2026-09-05,eet by Maneet Chauhan,Disney Springs,eet Homestyle Lemonade,Beverages,Lunch; Dinner,special blend lemonade made exclusively for eet,8.95,disney-springs/eet-by-maneet-chauhan
2026-09-05,eet by Maneet Chauhan,Disney Springs,Water Bottle,Beverages,Lunch; Dinner,,4.95,disney-springs/eet-by-maneet-chauhan
2026-09-05,eet by Maneet Chauhan,Disney Springs,Smart Water,Beverages,Lunch; Dinner,,5.95,disney-springs/eet-by-maneet-chauhan
2026-09-05,eet by Maneet Chauhan,Disney Springs,Tonic Water,Beverages,Lunch; Dinner,,5.95,disney-springs/eet-by-maneet-chauhan
2026-09-05,eet by Maneet Chauhan,Disney Springs,Red Bull,Beverages,Lunch; Dinner,,5.95,disney-springs/eet-by-maneet-chauhan
2026-09-05,eet by Maneet Chauhan,Disney Springs,Park Warrior,Cocktails,Lunch; Dinner,"vodka, red bull",13.95,disney-springs/eet-by-maneet-chauhan
2026-09-05,eet by Maneet Chauhan,Disney Springs,Rum Punch,Cocktails,Lunch; Dinner,"strawberry rum, white rum, pineapple syrup, triple sec, grenadine, margarita base",13.95,disney-springs/eet-by-maneet-chauhan
2026-09-05,eet by Maneet Chauhan,Disney Springs,Mango Margarita,Cocktails,Lunch; Dinner,"tequila, mango syrup, margarita base",13.95,disney-springs/eet-by-maneet-chauhan
2026-09-05,eet by Maneet Chauhan,Disney Springs,Inferno Margarita,Cocktails,Lunch; Dinner,"tequila, cucumber vodka, habanero lime syrup, margarita base",13.95,disney-springs/eet-by-maneet-chauhan
2026-09-05,eet by Maneet Chauhan,Disney Springs,Gin & Tonic,Cocktails,Lunch; Dinner,,13.95,disney-springs/eet-by-maneet-chauhan
2026-09-05,eet by Maneet Chauhan,Disney Springs,Jess's Old Fashioned,Cocktails,Lunch; Dinner,"buffalo trace, gulab jamun syrup, cardamom bitters",13.95,disney-springs/eet-by-maneet-chauhan
2026-09-05,eet by Maneet Chauhan,Disney Springs,Seasonal Cocktail,Cocktails,Lunch; Dinner,ask our team what we are pouring!,13.95,disney-springs/eet-by-maneet-chauhan
2026-09-05,eet by Maneet Chauhan,Disney Springs,Safari Sunrise,Cocktails,Lunch; Dinner,"frozen watermelon mojito made with key lime rum, mojito mix, and watermelon syrup, mint sugar rim",15.95,disney-springs/eet-by-maneet-chauhan
2026-09-05,eet by Maneet Chauhan,Disney Springs,eet Citra Draft,Beer,Lunch; Dinner,,9.95,disney-springs/eet-by-maneet-chauhan
2026-09-05,eet by Maneet Chauhan,Disney Springs,Hidden Springs Sour,Beer,Lunch; Dinner,,9.95,disney-springs/eet-by-maneet-chauhan
2026-09-05,eet by Maneet Chauhan,Disney Springs,Draft Binny's Brew,Beer,Lunch; Dinner,,8.95,disney-springs/eet-by-maneet-chauhan
2026-09-05,eet by Maneet Chauhan,Disney Springs,Florida Sunshine Mango Lager,Beer,Lunch; Dinner,,8.95,disney-springs/eet-by-maneet-chauhan
2026-09-05,eet by Maneet Chauhan,Disney Springs,Red Lake Ale,Beer,Lunch; Dinner,,8.95,disney-springs/eet-by-maneet-chauhan
2026-09-05,eet by Maneet Chauhan,Disney Springs,Rupee Beer,Beer,Lunch; Dinner,,12.95,disney-springs/eet-by-maneet-chauhan
2026-09-05,eet by Maneet Chauhan,Disney Springs,Taj Mahal,Beer,Lunch; Dinner,,16.95,disney-springs/eet-by-maneet-chauhan
2026-09-05,eet by Maneet Chauhan,Disney Springs,eet House Red,Wine,Lunch; Dinner,,12.95,disney-springs/eet-by-maneet-chauhan
2026-09-05,eet by Maneet Chauhan,Disney Springs,eet House White,Wine,Lunch; Dinner,,12.95,disney-springs/eet-by-maneet-chauhan
2026-09-05,eet by Maneet Chauhan,Disney Springs,eet House Sparkling,Wine,Lunch; Dinner,,12.95,disney-springs/eet-by-maneet-chauhan
2026-09-05,Enzo's Hideaway,Disney Springs,Cured Meats & Artisan Cheeses* (serves two),Dolce Vita ,Lunch,prosciutto di parma • mortadella • salame calabrese piccante • 24 mo. parmigiano-reggiano gorgonzola dolce • moliterno • marinated olives • local honey • pickled peppers • grissini,36.00,disney-springs/enzos-hideaway
2026-09-05,Enzo's Hideaway,Disney Springs,Focaccia Della Casa,Piccoli Piatti ,Lunch; Dinner,"whipped ricotta, lemon extra virgin olive oil, sea salt, cracked pepper (serves two to four)",9.50,disney-springs/enzos-hideaway
2026-09-05,Enzo's Hideaway,Disney Springs,Prosciutto e Melone,Piccoli Piatti ,Lunch; Dinner,"prosciutto di parma, melon, aged balsamic, baby arugula, extra virgin olive oil",16.00,disney-springs/enzos-hideaway
2026-09-05,Enzo's Hideaway,Disney Springs,Marinated Olives,Piccoli Piatti ,Lunch; Dinner,"garlic, citrus & herb marinated olives",9.50,disney-springs/enzos-hideaway
2026-09-05,Enzo's Hideaway,Disney Springs,Burrata Caprese,Piccoli Piatti ,Lunch,"tomatoes, basil pesto, sea salt, ciabatta crostini",16.00,disney-springs/enzos-hideaway
2026-09-05,Enzo's Hideaway,Disney Springs,Calamari,Piccoli Piatti ,Lunch,"hot cherry peppers, spicy marinara, garlic aïoli",16.00,disney-springs/enzos-hideaway
2026-09-05,Enzo's Hideaway,Disney Springs,Polpettine,Piccoli Piatti ,Lunch,"classic braised meatballs, whipped ricotta, parmigiano",16.00,disney-springs/enzos-hideaway
2026-09-05,Enzo's Hideaway,Disney Springs,Enzo's Caesar*,Inslate ,Lunch; Dinner,"Enzo’s favorite romaine lettuce, parmigiano, toasted ciabatta breadcrumbs. Add Chicken $9 or Shrimp $10",17.00,disney-springs/enzos-hideaway
2026-09-05,Enzo's Hideaway,Disney Springs,Rucola,Inslate ,Lunch; Dinner,"baby arugula, radicchio, gorgonzola dolce, honeycrisp apple, candied walnuts, aged balsamic, extra virgin olive oil. Add Chicken $9 or Shrimp $10",17.00,disney-springs/enzos-hideaway
2026-09-05,Enzo's Hideaway,Disney Springs,Greca,Inslate ,Lunch; Dinner,"romaine hearts, tomatoes, kalamata olives, cucumbers, feta cheese, red onion, mint, red wine vinaigrette. Add Chicken $9 or Shrimp $10",17.00,disney-springs/enzos-hideaway
2026-09-05,Enzo's Hideaway,Disney Springs,Polpettine,Panini,Lunch,"Enzo’s meatballs, marinara, provolone, parmigiano",18.00,disney-springs/enzos-hideaway
2026-09-05,Enzo's Hideaway,Disney Springs,Mortadella E Burrata,Panini,Lunch,"basil pesto, baby arugula",18.00,disney-springs/enzos-hideaway
2026-09-05,Enzo's Hideaway,Disney Springs,Pollo Grigliato,Panini,Lunch,"grilled chicken, baby arugula, cucumber, pickled red onions, kalamata olives, feta cheese",18.00,disney-springs/enzos-hideaway
2026-09-05,Enzo's Hideaway,Disney Springs,Porchetta,Panini,Lunch,"roman-style roasted pork belly, baby arugula, grana padano, extra virgin olive oil",18.00,disney-springs/enzos-hideaway
2026-09-05,Enzo's Hideaway,Disney Springs,Roast Beef,Panini,Lunch,"slow-roasted ny strip, caramelized onion, cherry peppers, garlic aïoli, baby arugula",18.50,disney-springs/enzos-hideaway
2026-09-05,Enzo's Hideaway,Disney Springs,Vedure,Panini,Lunch,"roasted eggplant, zucchini, red peppers, portobello mushroom, baby arugula, salsa verde",17.00,disney-springs/enzos-hideaway
2026-09-05,Enzo's Hideaway,Disney Springs,Spaghetti e Polpette,Pasta,Lunch,"marinara, meatballs, parmigiano, basil",23.50,disney-springs/enzos-hideaway
2026-09-05,Enzo's Hideaway,Disney Springs,Paccheri,Pasta,Lunch,"house-made pasta, cauliflower ragù, lemon extra virgin olive oil, pecorino romano",22.00,disney-springs/enzos-hideaway
2026-09-05,Enzo's Hideaway,Disney Springs,Campanelle,Pasta,Lunch,"house-made pasta, italian sausage, broccoli rabe, cipollini, white wine, roasted garlic, calabrian chili, butter, pecorino romano",23.00,disney-springs/enzos-hideaway
2026-09-05,Enzo's Hideaway,Disney Springs,Ravioli Ai Formaggi,Pasta,Lunch,"fresh egg pasta, cheese filling, pomodoro sauce, basil, pesto",22.00,disney-springs/enzos-hideaway
2026-09-05,Enzo's Hideaway,Disney Springs,Rigatoni Alla Bolognese,Pasta,Lunch,"house-made pasta, veal, beef & pork ragù, ricotta, parmigiano, extra virgin olive oil",23.50,disney-springs/enzos-hideaway
2026-09-05,Enzo's Hideaway,Disney Springs,Carbonara Americana,Pasta,Lunch,"spaghetti, parmigiano, applewood bacon, soft-poached egg",25.00,disney-springs/enzos-hideaway
2026-09-05,Enzo's Hideaway,Disney Springs,Quattro Mini Cannoli,Dolci,Lunch; Dinner,"one each of classic, pistachio, chocolate, hazelnut (no substitutions please)",16.00,disney-springs/enzos-hideaway
2026-09-05,Enzo's Hideaway,Disney Springs,Coppa di Maria,Dolci,Lunch; Dinner,"house vanilla, chocolate & pistachio gelato, amaretti & pizzelle cookies, amarena cherries",15.00,disney-springs/enzos-hideaway
2026-09-05,Enzo's Hideaway,Disney Springs,Torta all' Olio di Limone,Dolci,Lunch; Dinner,"lemon olive oil cake, whipped mascarpone, lemon curd, fresh strawberries",15.00,disney-springs/enzos-hideaway
2026-09-05,Enzo's Hideaway,Disney Springs,Tiramisu,Dolci,Lunch; Dinner,"Layered Lady Fingers, Mascarpone Cream, Coffee, Cocoa Powder",16.00,disney-springs/enzos-hideaway
2026-09-05,Enzo's Hideaway,Disney Springs,Gelato,Dolci,Lunch; Dinner,Chocolate or Crema,12.00,disney-springs/enzos-hideaway
2026-09-05,Enzo's Hideaway,Disney Springs,Sorbetto,Dolci,Lunch; Dinner,strawberry or lemon,12.00,disney-springs/enzos-hideaway
2026-09-05,Enzo's Hideaway,Disney Springs,KM - Spaghetti & Meatball,Kid's Main Course   ,Lunch; Dinner,"Choice of one Starter, Entrée, Dessert, and Beverage",16.00,disney-springs/enzos-hideaway
2026-09-05,Enzo's Hideaway,Disney Springs,Slice of Cheese Pizza,Kid's Main Course   ,Lunch; Dinner,,16.00,disney-springs/enzos-hideaway
2026-09-05,Enzo's Hideaway,Disney Springs,Penne and Butter (12),Kid's Main Course   ,Lunch; Dinner,"Choice of one Starter, Entrée, Dessert, and Beverage",12.00,disney-springs/enzos-hideaway
2026-09-05,Enzo's Hideaway,Disney Springs,Pink Paradise,Zero Proof,Lunch; Dinner,"strawberry purée, lime juice, lemonade, Sprite",12.00,disney-springs/enzos-hideaway
2026-09-05,Enzo's Hideaway,Disney Springs,Mango Tango,Zero Proof,Lunch; Dinner,"mango purée, pineapple, orange, lime",12.00,disney-springs/enzos-hideaway
2026-09-05,Enzo's Hideaway,Disney Springs,Americano,Espresso Drinks   ,Lunch,Regular or Decaf,5.00,disney-springs/enzos-hideaway
2026-09-05,Enzo's Hideaway,Disney Springs,Caffè Latte,Espresso Drinks   ,Lunch,Espresso with Hot Milk,5.50,disney-springs/enzos-hideaway
2026-09-05,Enzo's Hideaway,Disney Springs,Cappuccino,Espresso Drinks   ,Lunch,Espresso with Hot Milk and Milk Foam,5.50,disney-springs/enzos-hideaway
2026-09-05,Enzo's Hideaway,Disney Springs,Espresso - Double,Espresso Drinks   ,Lunch,,5.50,disney-springs/enzos-hideaway
2026-09-05,Enzo's Hideaway,Disney Springs,Espresso - Single,Espresso Drinks   ,Lunch,,4.50,disney-springs/enzos-hideaway
2026-09-05,Enzo's Hideaway,Disney Springs,Espresso Freddo Shakerto,Espresso Drinks   ,Lunch,"Espresso, Cold Milk, and Ice",6.00,disney-springs/enzos-hideaway
2026-09-05,Enzo's Hideaway,Disney Springs,Red Sangria,Sangria & Spritz,Lunch; Dinner,"peach brandy, apricot brandy, orange liqueur, red wine, cinnamon, spices",39.00,disney-springs/enzos-hideaway
2026-09-05,Enzo's Hideaway,Disney Springs,Sparkling Sangria,Sangria & Spritz,Lunch; Dinner,"Lucano Anniversario limoncello, pinot grigio, prosecco, seasonal fruits",39.00,disney-springs/enzos-hideaway
2026-09-05,Enzo's Hideaway,Disney Springs,Seasonal Spritz,Sangria & Spritz,Lunch; Dinner,Ask your server about our seasonal spritz,17.00,disney-springs/enzos-hideaway
2026-09-05,Enzo's Hideaway,Disney Springs,"Prosecco - Mionetto Prosecco, Treviso DOC","Sparkling, Rosé, White Wines",Lunch; Dinner,,52.00,disney-springs/enzos-hideaway
2026-09-05,Enzo's Hideaway,Disney Springs,"Moscato - La Perlina, Veneto, Italy","Sparkling, Rosé, White Wines",Lunch; Dinner,,64.00,disney-springs/enzos-hideaway
2026-09-05,Enzo's Hideaway,Disney Springs,"Brachetto D'Acqui - Rosa Regale, Banfi , Piemonte, Italy","Sparkling, Rosé, White Wines",Lunch; Dinner,,59.00,disney-springs/enzos-hideaway
2026-09-05,Enzo's Hideaway,Disney Springs,Sparkling Wine Flight,"Sparkling, Rosé, White Wines",Lunch; Dinner,"A sampling of 3 sparkling wines from Italy. The flight includes, Mionetto prosecco, Banfi Rosa Regale, and La Perlina Moscato. Each drink is a 2 oz. pour.",18.00,disney-springs/enzos-hideaway
2026-09-05,Enzo's Hideaway,Disney Springs,"Franciacorta - Barone Pizzini, Lombardia, Italy","Sparkling, Rosé, White Wines",Lunch; Dinner,,135.00,disney-springs/enzos-hideaway
2026-09-05,Enzo's Hideaway,Disney Springs,"Peyrassol - La Croix, Côtes de Provence, France","Sparkling, Rosé, White Wines",Lunch; Dinner,,75.00,disney-springs/enzos-hideaway
2026-09-05,Enzo's Hideaway,Disney Springs,"Riesling - August Kesseler, Rheingau, Germany","Sparkling, Rosé, White Wines",Lunch; Dinner,,60.00,disney-springs/enzos-hideaway
2026-09-05,Enzo's Hideaway,Disney Springs,"Sauvignon Blanc - Frenzy, Marlborough, New Zealand","Sparkling, Rosé, White Wines",Lunch; Dinner,,65.00,disney-springs/enzos-hideaway
2026-09-05,Enzo's Hideaway,Disney Springs,"Arneis - Batasiolo, Piemonte, Italy","Sparkling, Rosé, White Wines",Lunch; Dinner,,72.00,disney-springs/enzos-hideaway
2026-09-05,Enzo's Hideaway,Disney Springs,"Pinot Grigio - Terredirai, Delle Venezie, Italy","Sparkling, Rosé, White Wines",Lunch; Dinner,,56.00,disney-springs/enzos-hideaway
2026-09-05,Enzo's Hideaway,Disney Springs,"Pinot Grigio - Elena Walch, Alto Adige, Italy","Sparkling, Rosé, White Wines",Lunch; Dinner,,75.00,disney-springs/enzos-hideaway
2026-09-05,Enzo's Hideaway,Disney Springs,"Chardonnay - Le Bruniche, Tenuta di Nozzole, Toscana, Italy","Sparkling, Rosé, White Wines",Lunch; Dinner,,70.00,disney-springs/enzos-hideaway
2026-09-05,Enzo's Hideaway,Disney Springs,"Chardonnay - Louis Latour, Ardeche, France","Sparkling, Rosé, White Wines",Lunch; Dinner,,65.00,disney-springs/enzos-hideaway
2026-09-05,Enzo's Hideaway,Disney Springs,"Bramito Del Cervo - Antinori, Umbria, Italy","Sparkling, Rosé, White Wines",Lunch; Dinner,,88.00,disney-springs/enzos-hideaway
2026-09-05,Enzo's Hideaway,Disney Springs,"Montepulciano d’Abruzzo - Masciarelli, Abruzzo, Italy",Red Wines,Lunch; Dinner,,60.00,disney-springs/enzos-hideaway
2026-09-05,Enzo's Hideaway,Disney Springs,"Barbera - Ca Montebello, Oltrepò Pavese, Italy",Red Wines,Lunch; Dinner,,67.00,disney-springs/enzos-hideaway
2026-09-05,Enzo's Hideaway,Disney Springs,"Sangiovese - Caparzo, Montalcino, Toscana, Italy",Red Wines,Lunch; Dinner,,67.00,disney-springs/enzos-hideaway
2026-09-05,Enzo's Hideaway,Disney Springs,"Super Tuscan - Tre, Brancaia, Toscana, Italy",Red Wines,Lunch; Dinner,,74.00,disney-springs/enzos-hideaway
2026-09-05,Enzo's Hideaway,Disney Springs,"Nebbiolo - G.D. Vajra, Langhe, Piemonte, Italy",Red Wines,Lunch; Dinner,,85.00,disney-springs/enzos-hideaway
2026-09-05,Enzo's Hideaway,Disney Springs,"Cotes Du Rhone Rouge - E. Guigal, Rhone Valley, France",Red Wines,Lunch; Dinner,,66.00,disney-springs/enzos-hideaway
2026-09-05,Enzo's Hideaway,Disney Springs,"Lucente Toscana - Tenuta Luce, Tuscany, Italy",Red Wines,Lunch; Dinner,,92.00,disney-springs/enzos-hideaway
2026-09-05,Enzo's Hideaway,Disney Springs,"Pinot Noir - Tortoise Creek, California",Red Wines,Lunch; Dinner,,67.00,disney-springs/enzos-hideaway
2026-09-05,Enzo's Hideaway,Disney Springs,"Pinot Noir - Omen, Rogue Valley, Oregon",Red Wines,Lunch; Dinner,,80.00,disney-springs/enzos-hideaway
2026-09-05,Enzo's Hideaway,Disney Springs,"Barbaresco - Batasiolo, Piemonte, Italy",Red Wines,Lunch; Dinner,,110.00,disney-springs/enzos-hideaway
2026-09-05,Enzo's Hideaway,Disney Springs,"Chianti Classico - Borgo Scopeto, Toscana, Italy",Red Wines,Lunch; Dinner,,100.00,disney-springs/enzos-hideaway
2026-09-05,Enzo's Hideaway,Disney Springs,"Chianti Superiore Docg Organic - Villa Monti, Toscana, Italy",Red Wines,Lunch; Dinner,,80.00,disney-springs/enzos-hideaway
2026-09-05,Enzo's Hideaway,Disney Springs,"Montepulciano d'Abruzzo - Marina Cvetic Masciarelli, Abruzzo, Italy",Red Wines,Lunch; Dinner,,90.00,disney-springs/enzos-hideaway
2026-09-05,Enzo's Hideaway,Disney Springs,"Cabernet Sauvignon - Capo Zafferano, Campania, Italy",Red Wines,Lunch; Dinner,,60.00,disney-springs/enzos-hideaway
2026-09-05,Enzo's Hideaway,Disney Springs,"Cabernet Sauvignon - Rubus, Napa Valley, California",Red Wines,Lunch; Dinner,,100.00,disney-springs/enzos-hideaway
2026-09-05,Enzo's Hideaway,Disney Springs,"Malbec - Reserva, Terrazas, Mendoza, Argentina",Red Wines,Lunch; Dinner,,72.00,disney-springs/enzos-hideaway
2026-09-05,Enzo's Hideaway,Disney Springs,"Aglianico - Terre Borboniche, Campania, Italy",Red Wines,Lunch; Dinner,,76.00,disney-springs/enzos-hideaway
2026-09-05,Enzo's Hideaway,Disney Springs,"Merlot - Château des Arnauds, Bordeaux, France",Red Wines,Lunch; Dinner,,65.00,disney-springs/enzos-hideaway
2026-09-05,Enzo's Hideaway,Disney Springs,"Rioja Reserva - Tempranillo, Bodegas Ysios, Rioja, Spain",Red Wines,Lunch; Dinner,,102.00,disney-springs/enzos-hideaway
2026-09-05,Enzo's Hideaway,Disney Springs,"Rafael Valpolicella Classico - Tommasi, Veneto, Italy",Red Wines,Lunch; Dinner,,80.00,disney-springs/enzos-hideaway
2026-09-05,Enzo's Hideaway,Disney Springs,"Super Tuscan - Belnero, Banfi , Toscana, Italy",Red Wines,Lunch; Dinner,,95.00,disney-springs/enzos-hideaway
2026-09-05,Enzo's Hideaway,Disney Springs,"Super Tuscan - Le Volte, Toscana, Italy",Red Wines,Lunch; Dinner,,107.00,disney-springs/enzos-hideaway
2026-09-05,Enzo's Hideaway,Disney Springs,"Cabernet Sauvignon - Cyrus, Alexander Valley, California",Red Wines,Lunch; Dinner,,160.00,disney-springs/enzos-hideaway
2026-09-05,Enzo's Hideaway,Disney Springs,"Super Tuscan - Banfi Excelsus, Castello Banfi , Toscana",Red Wines,Lunch; Dinner,,210.00,disney-springs/enzos-hideaway
2026-09-05,Enzo's Hideaway,Disney Springs,Bud Light,Birra  ,Lunch; Dinner,,10.00,disney-springs/enzos-hideaway
2026-09-05,Enzo's Hideaway,Disney Springs,Michelob Ultra,Birra  ,Lunch; Dinner,,10.00,disney-springs/enzos-hideaway
2026-09-05,Enzo's Hideaway,Disney Springs,Blue Moon,Birra  ,Lunch; Dinner,,11.00,disney-springs/enzos-hideaway
2026-09-05,Enzo's Hideaway,Disney Springs,Peroni,Birra  ,Lunch; Dinner,,12.00,disney-springs/enzos-hideaway
2026-09-05,Enzo's Hideaway,Disney Springs,Ravenous Pig Seasonal Draft,Birra  ,Lunch; Dinner,,12.00,disney-springs/enzos-hideaway
2026-09-05,Enzo's Hideaway,Disney Springs,Suncreek Squishy IPA,Birra  ,Lunch; Dinner,,12.00,disney-springs/enzos-hideaway
2026-09-05,Enzo's Hideaway,Disney Springs,Angry Orchard Crisp Apple Cider,Birra  ,Lunch; Dinner,,12.00,disney-springs/enzos-hideaway
2026-09-05,Enzo's Hideaway,Disney Springs,Corona Extra,Birra  ,Lunch; Dinner,,12.00,disney-springs/enzos-hideaway
2026-09-05,Enzo's Hideaway,Disney Springs,Heineken 0.0,Birra  ,Lunch; Dinner,,12.00,disney-springs/enzos-hideaway
2026-09-05,Enzo's Hideaway,Disney Springs,Sierra Nevada Hazy IPA,Birra  ,Lunch; Dinner,,12.00,disney-springs/enzos-hideaway
2026-09-05,Enzo's Hideaway,Disney Springs,Stella,Birra  ,Lunch; Dinner,,12.00,disney-springs/enzos-hideaway
2026-09-05,Enzo's Hideaway,Disney Springs,Destihl Seasonal Sour,Birra  ,Lunch; Dinner,,14.00,disney-springs/enzos-hideaway
2026-09-05,Enzo's Hideaway,Disney Springs,Menabrea Blonde,Birra  ,Lunch; Dinner,,14.00,disney-springs/enzos-hideaway
2026-09-05,Enzo's Hideaway,Disney Springs,Menabrea Amber,Birra  ,Lunch; Dinner,,15.00,disney-springs/enzos-hideaway
2026-09-05,Enzo's Hideaway,Disney Springs,Smuggler's Courage,Cocktails,Lunch,"A blend of Brugal 1888 rum and Woodford Reserve bourbon, brown-butter-washed and aged in charred American oak for 6–8 weeks. Enhanced tableside with house-made demerara syrup, barrel-aged bitters, and orange aroma.",36.00,disney-springs/enzos-hideaway
2026-09-05,Enzo's Hideaway,Disney Springs,Bespoke Gentleman,Cocktails,Lunch,"Not for the faint of heart, our Boulevardier boldly blends Michter’s rye, Campari, and cocoa-nib-infused Carpano Antica. Oakbarrel- aged for 4–6 weeks and presented by fire tableside with a high-proof orange infusion.",30.00,disney-springs/enzos-hideaway
2026-09-05,Enzo's Hideaway,Disney Springs,Enzo's Fedora,Cocktails,Lunch,"Buffalo Trace single-barrel bourbon, Amaro Lucano Riserva, Enzo’s house bitters, demerara, orange",17.00,disney-springs/enzos-hideaway
2026-09-05,Enzo's Hideaway,Disney Springs,The Rum Runner,Cocktails,Lunch,"Planteray 3 Stars rum, Planteray OFTD, Giffard Banane du Brésil, ChaTraMue, pineapple, lime",19.00,disney-springs/enzos-hideaway
2026-09-05,Enzo's Hideaway,Disney Springs,Fluffy Mai Tai*,Cocktails,Lunch,"Rhum J.M. Blanc, Pierre Ferrand dry curaçao, pistachio-infused orgeat, lime, passionfruit rum foam",18.00,disney-springs/enzos-hideaway
2026-09-05,Enzo's Hideaway,Disney Springs,Key West Daiquri,Cocktails,Lunch,"Planteray Pineapple, Diplomatico Planas, demerara, pineapple, lime",16.00,disney-springs/enzos-hideaway
2026-09-05,Enzo's Hideaway,Disney Springs,The Night Flight,Cocktails,Lunch,"nitro-infused espresso martini with SKYY espresso vodka, Borghetti espresso liqueur, cold brew",17.00,disney-springs/enzos-hideaway
2026-09-05,Enzo's Hideaway,Disney Springs,Escape Hatch,Cocktails,Lunch,"Hendrick’s gin, Chareau Aloe, Aperol, lemon, Fee Foam",20.00,disney-springs/enzos-hideaway
2026-09-05,Enzo's Hideaway,Disney Springs,Give 'Em the Slip,Cocktails,Lunch,"Espolòn Blanco tequila, Cointreau, blood orange, lime, vanilla-basil-agave syrup, gunpowder salt rim",17.00,disney-springs/enzos-hideaway
2026-09-05,Enzo's Hideaway,Disney Springs,Hinky Mule,Cocktails,Lunch,"Absolut Citron, raspberry, peach bitters, lime, Fever-Tree ginger beer",16.00,disney-springs/enzos-hideaway
2026-09-05,Enzo's Hideaway,Disney Springs,Hidden Negroni,Cocktails,Lunch,"Fords Gin, Dolin Blanc vermouth, Italicus, grapefruit bitters, castelvetrano olives",18.00,disney-springs/enzos-hideaway
2026-09-05,Enzo's Hideaway,Disney Springs,Smuggled Rum Flight,Cocktails,Lunch,3/4 oz. pours - Ron Zacapa XO • Diplomatico Ambassador • Brugal Maestro Reserva,70.00,disney-springs/enzos-hideaway
2026-09-05,Enzo's Hideaway,Disney Springs,Botanic Sun,Functional Cocktails,Lunch,"Aplós Arise, mint, simple syrup, lime juice, pineapple juice",17.00,disney-springs/enzos-hideaway
2026-09-05,Enzo's Hideaway,Disney Springs,Crimson Bloom,Functional Cocktails,Lunch,"Aplós Ease, salted watermelon juice, hibiscus-mint syrup, lime juice, ginger beer",17.00,disney-springs/enzos-hideaway
2026-09-05,Enzo's Hideaway,Disney Springs,Cured Meats & Artisan Cheeses (serves two),Dolce Vita  ,Dinner,prosciutto di parma • mortadella • salame calabrese piccante • 24 mo. parmigiano-reggiano • gorgonzola dolce • moliterno • marinated olives • local honey • pickled peppers • grissini (serves two people),36.00,disney-springs/enzos-hideaway
2026-09-05,Enzo's Hideaway,Disney Springs,Calamari,Piccoli Piatti ,Dinner,"hot cherry peppers, spicy marinara, garlic aïoli",19.00,disney-springs/enzos-hideaway
2026-09-05,Enzo's Hideaway,Disney Springs,Burrata Caprese,Piccoli Piatti ,Dinner,"tomatoes, basil pesto, sea salt, ciabatta crostini",19.00,disney-springs/enzos-hideaway
2026-09-05,Enzo's Hideaway,Disney Springs,Polpettine,Piccoli Piatti ,Dinner,"classic braised meatballs, whipped ricotta, parmigiano",19.00,disney-springs/enzos-hideaway
2026-09-05,Enzo's Hideaway,Disney Springs,Spaghetti e Polpette,Primi & Secondi  ,Dinner,"marinara, meatballs, parmigiano, basil",29.50,disney-springs/enzos-hideaway
2026-09-05,Enzo's Hideaway,Disney Springs,Campanelle,Primi & Secondi  ,Dinner,"house-made pasta, italian sausage, broccoli rabe, cipollini, white wine, roasted garlic, calabrian chili, butter, pecorino romano",29.00,disney-springs/enzos-hideaway
2026-09-05,Enzo's Hideaway,Disney Springs,Paccheri,Primi & Secondi  ,Dinner,"house-made pasta, cauliflower ragù, lemon extra virgin olive oil, pecorino romano",29.00,disney-springs/enzos-hideaway
2026-09-05,Enzo's Hideaway,Disney Springs,Pasta Della Nonna,Primi & Secondi  ,Dinner,"house-made fusilli, red-wine-braised short rib, meatball, sausage, salsa rosa, parmigiano",38.00,disney-springs/enzos-hideaway
2026-09-05,Enzo's Hideaway,Disney Springs,Cannelloni Al Quattro Formaggi,Primi & Secondi  ,Dinner,"fresh egg pasta, spinach, ricotta, fontina, parmigiano, pecorino, toasted breadcrumbs, marinara",32.00,disney-springs/enzos-hideaway
2026-09-05,Enzo's Hideaway,Disney Springs,Pollo Milanese Alla Primavera,Primi & Secondi  ,Dinner,"lightly breaded chicken cutlet, arugula, pickled red onion, toy box tomatoes, red wine vinaigrette, 24 mo. parmigiano-reggiano",33.00,disney-springs/enzos-hideaway
2026-09-05,Enzo's Hideaway,Disney Springs,Eggplant Parmigiana,Primi & Secondi  ,Dinner,"thin layers of eggplant, tomato sauce, fior di latte mozzarella, parmigiano, basil, penne pomodoro",29.50,disney-springs/enzos-hideaway
2026-09-05,Enzo's Hideaway,Disney Springs,Ravioli Al Formaggi,Primi & Secondi  ,Dinner,"fresh egg pasta, cheese filling, pomodoro sauce, basil, pesto",29.00,disney-springs/enzos-hideaway
2026-09-05,Enzo's Hideaway,Disney Springs,Salmon Alla Griglia,Primi & Secondi  ,Dinner,"parmigiano potatoes, roasted baby carrots, green beans, salsa verde",37.00,disney-springs/enzos-hideaway
2026-09-05,Enzo's Hideaway,Disney Springs,Bistecca Alla Plancia*,Primi & Secondi  ,Dinner,"14 oz. ny strip, roasted asparagus, parmigiano potatoes, 12 yr balsamic, extra virgin olive oil",56.00,disney-springs/enzos-hideaway
2026-09-05,Enzo's Hideaway,Disney Springs,Risotto Al Funghi,Primi & Secondi  ,Dinner,"vialone nano rice, roasted mushrooms, white wine, porcini brodo, extra virgin olive oil, pecorino romano",29.50,disney-springs/enzos-hideaway
2026-09-05,Enzo's Hideaway,Disney Springs,Branzino Al Forno,Primi & Secondi  ,Dinner,"parmigiano potatoes, broccoli rabe, castelvetrano salmoriglio",39.00,disney-springs/enzos-hideaway
2026-09-05,Enzo's Hideaway,Disney Springs,Enzo's Cosmopolitan,Martinis,Dinner,"Absolut Citron, Cointreau, Pomegranate Juice",17.50,disney-springs/enzos-hideaway
2026-09-05,Enzo's Hideaway,Disney Springs,Botanic Sun,Martinis,Dinner,"Aplós Arise, mint, simple syrup, lime juice, pineapple juice",17.00,disney-springs/enzos-hideaway
2026-09-05,Enzo's Hideaway,Disney Springs,Crimson Bloom,Martinis,Dinner,"Aplós Ease, salted watermelon juice, hibiscus-mint syrup, lime juice, ginger beer",17.00,disney-springs/enzos-hideaway
2026-09-05,Enzo's Hideaway,Disney Springs,Enzo's Fedora,Signature Alcoholic Beverages,Dinner,"Buffalo Trace single-barrel bourbon, Amaro Lucano Riserva, Enzo’s house bitters, demerara, orange",17.00,disney-springs/enzos-hideaway
2026-09-05,Enzo's Hideaway,Disney Springs,The Rum Runner,Signature Alcoholic Beverages,Dinner,"Planteray 3 Stars rum, Planteray OFTD, Giffard Banane du Brésil, ChaTraMue, pineapple, lime",19.00,disney-springs/enzos-hideaway
2026-09-05,Enzo's Hideaway,Disney Springs,Fluffy Mai Tai*,Signature Alcoholic Beverages,Dinner,"Rhum J.M. Blanc, Pierre Ferrand dry curaçao, pistachio-infused orgeat, lime, passionfruit rum foam",18.00,disney-springs/enzos-hideaway
2026-09-05,Enzo's Hideaway,Disney Springs,Key West Daiquri,Signature Alcoholic Beverages,Dinner,"Planteray Pineapple, Diplomatico Planas, demerara, pineapple, lime",16.00,disney-springs/enzos-hideaway
2026-09-05,Enzo's Hideaway,Disney Springs,The Night Flight,Signature Alcoholic Beverages,Dinner,"nitro-infused espresso martini with SKYY espresso vodka, Borghetti espresso liqueur, cold brew",17.00,disney-springs/enzos-hideaway
2026-09-05,Enzo's Hideaway,Disney Springs,Escape Hatch,Signature Alcoholic Beverages,Dinner,"Hendrick’s gin, Chareau Aloe, Aperol, lemon, Fee Foam",20.00,disney-springs/enzos-hideaway
2026-09-05,Enzo's Hideaway,Disney Springs,Give 'Em the Slip,Signature Alcoholic Beverages,Dinner,"Espolòn Blanco tequila, Cointreau, blood orange, lime, vanilla-basil-agave syrup, gunpowder salt rim",17.00,disney-springs/enzos-hideaway
2026-09-05,Enzo's Hideaway,Disney Springs,Hinky Mule,Signature Alcoholic Beverages,Dinner,"Absolut Citron, raspberry, peach bitters, lime, Fever-Tree ginger beer",16.00,disney-springs/enzos-hideaway
2026-09-05,Enzo's Hideaway,Disney Springs,Luciano Spritz,Signature Alcoholic Beverages,Dinner,"Solerno Blood Orange, Aperol, Blood Orange Juice, Prosecco",16.00,disney-springs/enzos-hideaway
2026-09-05,Enzo's Hideaway,Disney Springs,Hidden Negroni,Signature Alcoholic Beverages,Dinner,"Fords Gin, Dolin Blanc vermouth, Italicus, grapefruit bitters, castelvetrano olives",18.00,disney-springs/enzos-hideaway
2026-09-05,Erin McKenna's Bakery NYC,Disney Springs,Cinnamon Rolls,Breads,Snack,Puff pastry filled with cinnamon sugar and topped with a vanilla coconut icing,12.45,disney-springs/erin-mckennas-bakery-nyc
2026-09-05,Erin McKenna's Bakery NYC,Disney Springs,Monkey Bread,Breads,Snack,Bite size pieces of puff pastry coated with cinnamon sugar and topped with vanilla coconut icing.,12.45,disney-springs/erin-mckennas-bakery-nyc
2026-09-05,Erin McKenna's Bakery NYC,Disney Springs,Apple Cinnamon Rolls,Breads,Snack,Puff pastry filled with cinnamon apple jam and topped with vanilla coconut icing and a cinnamon coconut icing drizzle.,12.45,disney-springs/erin-mckennas-bakery-nyc
2026-09-05,Erin McKenna's Bakery NYC,Disney Springs,Coffee Crumb Cake,Cakes,Snack,Vanilla cake with cinnamon crumb topping and donut dip drizzle,12.95,disney-springs/erin-mckennas-bakery-nyc
2026-09-05,Erin McKenna's Bakery NYC,Disney Springs,Double Chocolate Crumb Cake,Cakes,Snack,"Chocolate agave cake, chocolate agave crumb, agave drizzle",12.95,disney-springs/erin-mckennas-bakery-nyc
2026-09-05,Erin McKenna's Bakery NYC,Disney Springs,Brownie Bite,Bites,Snack,,3.75,disney-springs/erin-mckennas-bakery-nyc
2026-09-05,Erin McKenna's Bakery NYC,Disney Springs,Blondie Bite,Bites,Snack,,3.75,disney-springs/erin-mckennas-bakery-nyc
2026-09-05,Erin McKenna's Bakery NYC,Disney Springs,Cookie Dough Cake Pop,Bites,Snack,Chocolate chip cookie dough coated with semi-sweet chocolate and finished with cookie crumbs.,8.75,disney-springs/erin-mckennas-bakery-nyc
2026-09-05,Erin McKenna's Bakery NYC,Disney Springs,Vanilla Cake Pop,Bites,Snack,Vanilla cake mixed with vegan vanilla buttercream coated with white chocolate and finished with sprinkles.,8.75,disney-springs/erin-mckennas-bakery-nyc
2026-09-05,Erin McKenna's Bakery NYC,Disney Springs,Vanilla Donut,Donuts,Snack,Vanilla donut dipped in a vanilla coconut icing and finished with sprinkles,6.50,disney-springs/erin-mckennas-bakery-nyc
2026-09-05,Erin McKenna's Bakery NYC,Disney Springs,Chocolate Crunch Donut,Donuts,Snack,Chocolate donut dipped in a chocolate coconut icing and finished with brownie crumb.,6.50,disney-springs/erin-mckennas-bakery-nyc
2026-09-05,Erin McKenna's Bakery NYC,Disney Springs,Cinnamon Sugar Donut,Donuts,Snack,Vanilla Donut tossed with cinnamon sugar,5.95,disney-springs/erin-mckennas-bakery-nyc
2026-09-05,Erin McKenna's Bakery NYC,Disney Springs,Lemon,Tea Cakes,Snack,,9.45,disney-springs/erin-mckennas-bakery-nyc
2026-09-05,Erin McKenna's Bakery NYC,Disney Springs,Banana Chocolate Chip,Tea Cakes,Snack,,9.45,disney-springs/erin-mckennas-bakery-nyc
2026-09-05,Erin McKenna's Bakery NYC,Disney Springs,Sugar Cookie,Cookies,Snack,Classic sugar cookie topped with vegan royal icing. *decoration may vary*,8.50,disney-springs/erin-mckennas-bakery-nyc
2026-09-05,Erin McKenna's Bakery NYC,Disney Springs,Chocolate Chip Cookie,Cookies,Snack,Chewy chocolate chip cookies,4.25,disney-springs/erin-mckennas-bakery-nyc
2026-09-05,Erin McKenna's Bakery NYC,Disney Springs,Dipped Chocolate Chip Cookie,Cookies,Snack,Chewy chocolate chip cookies dipped in semi-sweet vegan chocolate and finished with sprinkles,6.25,disney-springs/erin-mckennas-bakery-nyc
2026-09-05,Erin McKenna's Bakery NYC,Disney Springs,Coconut Mounds,Cookies,Snack,Coconut patty dipped in semi-sweet vegan chocolate,5.75,disney-springs/erin-mckennas-bakery-nyc
2026-09-05,Erin McKenna's Bakery NYC,Disney Springs,Cookie Sandwiches,Cookies,Snack,Two chewy chocolate chip cookies sandwiched with vegan vanilla buttercream,13.75,disney-springs/erin-mckennas-bakery-nyc
2026-09-05,Erin McKenna's Bakery NYC,Disney Springs,Dipped Cookie Sandwiches,Cookies,Snack,"Two chewy chocolate chip cookies sandwiched with vegan vanilla buttercream, dipped in semi-sweet vegan chocolate and finished with sprinkles",16.45,disney-springs/erin-mckennas-bakery-nyc
2026-09-05,Erin McKenna's Bakery NYC,Disney Springs,Thin Mints,Cookies,Snack,"Thin and crisp chocolate cookie coated in a semi-sweet, vegan, mint chocolate",7.45,disney-springs/erin-mckennas-bakery-nyc
2026-09-05,Erin McKenna's Bakery NYC,Disney Springs,Thick Mint Cookie Sandwich,Cookies,Snack,"Two thin and crisp chocolate cookies coated in a semi-sweet, vegan, mint chocolate and sandwiched with vegan mint buttercream",15.45,disney-springs/erin-mckennas-bakery-nyc
2026-09-05,Erin McKenna's Bakery NYC,Disney Springs,Classic Brownie Whoopie Pies,Cookies,Snack,Brownie cake sandwiched with vegan vanilla buttercream and finished with a semi-sweet vegan chocolate drizzle,14.95,disney-springs/erin-mckennas-bakery-nyc
2026-09-05,Erin McKenna's Bakery NYC,Disney Springs,Vanilla Cupcake,Cupcakes,Snack,Vanilla cupcake topped with vegan vanilla buttercream and finished with rainbow sprinkles,8.75,disney-springs/erin-mckennas-bakery-nyc
2026-09-05,Erin McKenna's Bakery NYC,Disney Springs,Gansito Cupcake,Cupcakes,Snack,"Brownie cupcake filled with vegan chocolate ganache, topped with vegan marshmallow buttercream, graham cracker crumb, and half a toasted vegan marshmallow.",9.25,disney-springs/erin-mckennas-bakery-nyc
2026-09-05,Erin McKenna's Bakery NYC,Disney Springs,Dulce De Leche Cupcake,Cupcakes,Snack,"Vanilla cupcake filled with caramel sauce, topped with vegan vanilla buttercream and a cinnamon sugar rim, finished with a drizzle of caramel",8.75,disney-springs/erin-mckennas-bakery-nyc
2026-09-05,Erin McKenna's Bakery NYC,Disney Springs,Brownie Lava Cupcake,Cupcakes,Snack,"Brownie cupcake filled with vegan vanilla buttercream, topped with vegan chocolate buttercream, brownie crumbs, and half a brownie bite, finished with a semi-sweet vegan chocolate drizzle",11.25,disney-springs/erin-mckennas-bakery-nyc
2026-09-05,Erin McKenna's Bakery NYC,Disney Springs,Rainbow Twinkies,Specialty Sweets (Subject to Availability),Snack,Vanilla cake filled with vegan vanilla buttercream and topped with rainbow royal icing drizzle.,9.60,disney-springs/erin-mckennas-bakery-nyc
2026-09-05,Erin McKenna's Bakery NYC,Disney Springs,Trippy Cosmic Bar,Specialty Sweets (Subject to Availability),Snack,Brownie bar topped with chocolate agave sauce and finished with candy coated chocolate chips.,14.95,disney-springs/erin-mckennas-bakery-nyc
2026-09-05,The Front Porch at House of Blues,Disney Springs,Jambalaya,Entrées,Bar – Lounge,"Chicken, Andouille Sausage, Onion, Bell Pepper, Celery and Cajun Rice",15.00,disney-springs/front-porch-bar-at-house-of-blues-restaurant
2026-09-05,The Front Porch at House of Blues,Disney Springs,BBQ Brisket Sandwich,Entrées,Bar – Lounge,served with House-made slaw and Baked Beans. Get it Gooey $3.,16.00,disney-springs/front-porch-bar-at-house-of-blues-restaurant
2026-09-05,The Front Porch at House of Blues,Disney Springs,Classic Corn Dog,Entrées,Bar – Lounge,100% Beef,12.00,disney-springs/front-porch-bar-at-house-of-blues-restaurant
2026-09-05,The Front Porch at House of Blues,Disney Springs,Smokehouse Nachos,Entrées,Bar – Lounge,"Tortilla Chips, Cheddar Cheese, Avocado, Corn Salsa, Red Onion and Cotija Cheese. Add Pulled Pork $5 | BBQ Brisket $6",13.00,disney-springs/front-porch-bar-at-house-of-blues-restaurant
2026-09-05,The Front Porch at House of Blues,Disney Springs,Pulled Pork Sandwich,Entrées,Bar – Lounge,served with House-made Slaw and Baked Beans,15.00,disney-springs/front-porch-bar-at-house-of-blues-restaurant
2026-09-05,The Front Porch at House of Blues,Disney Springs,Street Corn Dog,Entrées,Bar – Lounge,"Chipotle Aioli, Cotija Cheese, Cilantro, Crema, Tajín and 100% Beef",14.00,disney-springs/front-porch-bar-at-house-of-blues-restaurant
2026-09-05,The Front Porch at House of Blues,Disney Springs,Mac & Cheese,Entrées,Bar – Lounge,BBQ Brisket $6 | Pulled Pork $5,11.00,disney-springs/front-porch-bar-at-house-of-blues-restaurant
2026-09-05,The Front Porch at House of Blues,Disney Springs,Smoked Turkey Leg,Entrées,Bar – Lounge,,14.00,disney-springs/front-porch-bar-at-house-of-blues-restaurant
2026-09-05,The Front Porch at House of Blues,Disney Springs,BBQ Nacho Corn Dog,Entrées,Bar – Lounge,"Nacho Cheese, Tortilla Crumble, Pickled Jalapeño, BBQ Sauce, 100% Beef",14.00,disney-springs/front-porch-bar-at-house-of-blues-restaurant
2026-09-05,The Front Porch at House of Blues,Disney Springs,BBQ Chicken Salad,Entrées,Bar – Lounge,"Romaine, Cabbage, Black Beans, Corn, Tomato, BBQ Ranch Dressing and crisp Onion",14.00,disney-springs/front-porch-bar-at-house-of-blues-restaurant
2026-09-05,The Front Porch at House of Blues,Disney Springs,Giant Pretzel,Entrées,Bar – Lounge,Classic or Chocolate Churro,10.00,disney-springs/front-porch-bar-at-house-of-blues-restaurant
2026-09-05,The Front Porch at House of Blues,Disney Springs,Jumbo Footlong Hot Dog,Entrées,Bar – Lounge,100% Beef,12.00,disney-springs/front-porch-bar-at-house-of-blues-restaurant
2026-09-05,The Front Porch at House of Blues,Disney Springs,Coleslaw,Snacks and Sides,Bar – Lounge,,4.00,disney-springs/front-porch-bar-at-house-of-blues-restaurant
2026-09-05,The Front Porch at House of Blues,Disney Springs,Baked Beans,Snacks and Sides,Bar – Lounge,,4.00,disney-springs/front-porch-bar-at-house-of-blues-restaurant
2026-09-05,The Front Porch at House of Blues,Disney Springs,Chips,Snacks and Sides,Bar – Lounge,,3.00,disney-springs/front-porch-bar-at-house-of-blues-restaurant
2026-09-05,The Front Porch at House of Blues,Disney Springs,Nacho Cheese Sauce,Snacks and Sides,Bar – Lounge,,2.00,disney-springs/front-porch-bar-at-house-of-blues-restaurant
2026-09-05,The Front Porch at House of Blues,Disney Springs,Chocolate Churro Sauce,Snacks and Sides,Bar – Lounge,,2.00,disney-springs/front-porch-bar-at-house-of-blues-restaurant
2026-09-05,The Front Porch at House of Blues,Disney Springs,Assorted Candy,Sweets,Bar – Lounge,,3.00,disney-springs/front-porch-bar-at-house-of-blues-restaurant
2026-09-05,The Front Porch at House of Blues,Disney Springs,Cookies,Sweets,Bar – Lounge,,3.00,disney-springs/front-porch-bar-at-house-of-blues-restaurant
2026-09-05,The Front Porch at House of Blues,Disney Springs,Brownie,Sweets,Bar – Lounge,,3.00,disney-springs/front-porch-bar-at-house-of-blues-restaurant
2026-09-05,The Front Porch at House of Blues,Disney Springs,Hot Dog,Kids' Meals,Bar – Lounge,"served with choice of chips, apple sauce and a drink",8.00,disney-springs/front-porch-bar-at-house-of-blues-restaurant
2026-09-05,The Front Porch at House of Blues,Disney Springs,Chicken Tenders,Kids' Meals,Bar – Lounge,"served with choice of chips, apple sauce and a drink",8.00,disney-springs/front-porch-bar-at-house-of-blues-restaurant
2026-09-05,The Front Porch at House of Blues,Disney Springs,Coca-Cola® Fountain Drinks,Beverages,Bar – Lounge,,5.00,disney-springs/front-porch-bar-at-house-of-blues-restaurant
2026-09-05,The Front Porch at House of Blues,Disney Springs,DASANI® Bottled Water,Beverages,Bar – Lounge,,5.00,disney-springs/front-porch-bar-at-house-of-blues-restaurant
2026-09-05,The Front Porch at House of Blues,Disney Springs,Energy Drink,Beverages,Bar – Lounge,,6.00,disney-springs/front-porch-bar-at-house-of-blues-restaurant
2026-09-05,The Front Porch at House of Blues,Disney Springs,Cigar City Jai Alai,Beer,Bar – Lounge,"Tampa, FL | India Pale Ale | 16oz Can",12.00,disney-springs/front-porch-bar-at-house-of-blues-restaurant
2026-09-05,The Front Porch at House of Blues,Disney Springs,Crooked Can High Stepper,Beer,Bar – Lounge,"Winter Garden, FL | American IPA | 16oz Can",12.00,disney-springs/front-porch-bar-at-house-of-blues-restaurant
2026-09-05,The Front Porch at House of Blues,Disney Springs,Crooked Can Florida Sunshine,Beer,Bar – Lounge,"Winter Garden, FL | Lager | 16oz Can",12.00,disney-springs/front-porch-bar-at-house-of-blues-restaurant
2026-09-05,The Front Porch at House of Blues,Disney Springs,Prison Palls Hakuna Matata,Beer,Bar – Lounge,"Dorla, FL | Tropical IPA | 16oz Can",12.00,disney-springs/front-porch-bar-at-house-of-blues-restaurant
2026-09-05,The Front Porch at House of Blues,Disney Springs,"Brew Bus You're My Boy, Blue!",Beer,Bar – Lounge,"Tampa, FL | Blueberry Wheat Ale | 16oz Can",12.00,disney-springs/front-porch-bar-at-house-of-blues-restaurant
2026-09-05,The Front Porch at House of Blues,Disney Springs,Kona Big Wave,Beer,Bar – Lounge,"Kailua Kona, HI | Golden Ale | 16oz Can",12.00,disney-springs/front-porch-bar-at-house-of-blues-restaurant
2026-09-05,The Front Porch at House of Blues,Disney Springs,Blue Moon,Beer,Bar – Lounge,,8.00,disney-springs/front-porch-bar-at-house-of-blues-restaurant
2026-09-05,The Front Porch at House of Blues,Disney Springs,Corona Extra,Beer,Bar – Lounge,,8.00,disney-springs/front-porch-bar-at-house-of-blues-restaurant
2026-09-05,The Front Porch at House of Blues,Disney Springs,Stella Artois,Beer,Bar – Lounge,,8.00,disney-springs/front-porch-bar-at-house-of-blues-restaurant
2026-09-05,The Front Porch at House of Blues,Disney Springs,Modelo Especial,Beer,Bar – Lounge,,8.00,disney-springs/front-porch-bar-at-house-of-blues-restaurant
2026-09-05,The Front Porch at House of Blues,Disney Springs,Lagunitas,Beer,Bar – Lounge,,8.00,disney-springs/front-porch-bar-at-house-of-blues-restaurant
2026-09-05,The Front Porch at House of Blues,Disney Springs,Bud Light,Beer,Bar – Lounge,,7.00,disney-springs/front-porch-bar-at-house-of-blues-restaurant
2026-09-05,The Front Porch at House of Blues,Disney Springs,Miller Lite,Beer,Bar – Lounge,,7.00,disney-springs/front-porch-bar-at-house-of-blues-restaurant
2026-09-05,The Front Porch at House of Blues,Disney Springs,Michelob Ultra,Beer,Bar – Lounge,,7.00,disney-springs/front-porch-bar-at-house-of-blues-restaurant
2026-09-05,The Front Porch at House of Blues,Disney Springs,Yuengling,Beer,Bar – Lounge,,7.00,disney-springs/front-porch-bar-at-house-of-blues-restaurant
2026-09-05,The Front Porch at House of Blues,Disney Springs,Angry Orchard Crisp Apple Hard Cider,Beer,Bar – Lounge,,8.00,disney-springs/front-porch-bar-at-house-of-blues-restaurant
2026-09-05,The Front Porch at House of Blues,Disney Springs,White Claw Hard Seltzer,Beer,Bar – Lounge,,8.00,disney-springs/front-porch-bar-at-house-of-blues-restaurant
2026-09-05,The Front Porch at House of Blues,Disney Springs,Budweiser Zero Non-Alcoholic,Beer,Bar – Lounge,,7.00,disney-springs/front-porch-bar-at-house-of-blues-restaurant
2026-09-05,The Front Porch at House of Blues,Disney Springs,High Noon Seltzer,Beer,Bar – Lounge,,10.00,disney-springs/front-porch-bar-at-house-of-blues-restaurant
2026-09-05,The Front Porch at House of Blues,Disney Springs,Strawberry Ginger Lemonade,Cocktails,Bar – Lounge,"Tito's Handmade Vodka, Lemonade, Ginger and Strawberry",15.00,disney-springs/front-porch-bar-at-house-of-blues-restaurant
2026-09-05,The Front Porch at House of Blues,Disney Springs,Hurricane,Cocktails,Bar – Lounge,"Selvarey White Rum, Cointreau, Pineapple and Orange Juices, Grenadine, Passion Fruit and Myers's Dark Rum Floater",15.00,disney-springs/front-porch-bar-at-house-of-blues-restaurant
2026-09-05,The Front Porch at House of Blues,Disney Springs,Crossroads Cadillac Margarita,Cocktails,Bar – Lounge,"Teremana Small Batch Blanco Tequila, Triple Sec, Sweet & Sour, topped with Grand Marnier",15.00,disney-springs/front-porch-bar-at-house-of-blues-restaurant
2026-09-05,The Front Porch at House of Blues,Disney Springs,Memphis Blues Sangria,Cocktails,Bar – Lounge,"Red Wine, Brandy, Fresh Fruits and Juices",15.00,disney-springs/front-porch-bar-at-house-of-blues-restaurant
2026-09-05,The Front Porch at House of Blues,Disney Springs,Rock and Rye Old Fashioned,Cocktails,Bar – Lounge,Hochstadter's Slow & Low Rock and Rye served on the rocks (2.5 oz),15.00,disney-springs/front-porch-bar-at-house-of-blues-restaurant
2026-09-05,The Front Porch at House of Blues,Disney Springs,Green Gator,Cocktails,Bar – Lounge,"A Florida Favorite - Siesta Key Toasted Coconut rum, Melon, Simple Syrup and Pineapple Juice",15.00,disney-springs/front-porch-bar-at-house-of-blues-restaurant
2026-09-05,The Front Porch at House of Blues,Disney Springs,Front Porch Punch,Cocktails,Bar – Lounge,"Southern Comfort, Peach Schnapps, Blackberry Brandy, Crème de Banana, fresh Orange Juice and Pineapple",15.00,disney-springs/front-porch-bar-at-house-of-blues-restaurant
2026-09-05,The Front Porch at House of Blues,Disney Springs,Electric Lemonade,Cocktails,Bar – Lounge,"Absolut Citron, Blue Curacao, Sweet & Sour, topped with Sprite",15.00,disney-springs/front-porch-bar-at-house-of-blues-restaurant
2026-09-05,The Front Porch at House of Blues,Disney Springs,"Red Blend, Chardonnay or Sparkling Rose",House Wine,Bar – Lounge,8 oz can,16.00,disney-springs/front-porch-bar-at-house-of-blues-restaurant
2026-09-05,Frontera Cocina,Disney Springs,Chilaquiles*,Brunch Entrées (Available from 11:00am to 3:00pm Saturday and Sunday),Lunch,"Poblano rajas, cotija and chihuahua cheese, creama, black beans, cilantro, onion, tortilla strips, fried egg. Choice of salsa roja or salsa verde (contains dairy, egg)",18.00,disney-springs/frontera-cocina
2026-09-05,Frontera Cocina,Disney Springs,Huevos Rancheros*,Brunch Entrées (Available from 11:00am to 3:00pm Saturday and Sunday),Lunch,"Sunny-side eggs, roasted tomato sauce, serrano + onion, warm corn tortillas, avocado, black beans refritos, queso fresco, garden greens (contains dairy, pork, eggs)",18.00,disney-springs/frontera-cocina
2026-09-05,Frontera Cocina,Disney Springs,Huevos Motuleños*,Brunch Entrées (Available from 11:00am to 3:00pm Saturday and Sunday),Lunch,"Two fried eggs on a crispy tostada with roasted tomatoes, spicy habanero, country ham, peas, sweet fried plantains, queso fresco, white onion, cilantro, black beans refritos (contains dairy, pork, eggs)",19.00,disney-springs/frontera-cocina
2026-09-05,Frontera Cocina,Disney Springs,Huevos a la Mexicana*,Brunch Entrées (Available from 11:00am to 3:00pm Saturday and Sunday),Lunch,"Eggs scrambled with roasted tomato pico de gallo (serrano, cilatnro, onion), garden greens and avocado. Served with black beans refritos, salsa verde, warm corn tortillas (contains dairy, egg)",17.00,disney-springs/frontera-cocina
2026-09-05,Frontera Cocina,Disney Springs,Cochinita Pibil Enchiladas,Brunch Entrées (Available from 11:00am to 3:00pm Saturday and Sunday),Lunch,"Just-made corn tortillas filled with slow-roasted, achiote-marinated pork, black bean refritos, Yucatecan chilomate sauce (fire-roasted tomatoes, habaneros, onion), añejo cheese, pickled red onions, cilatnro leaves (contains dairy, pork)",29.00,disney-springs/frontera-cocina
2026-09-05,Frontera Cocina,Disney Springs,Camarones al Coco,Brunch Entrées (Available from 11:00am to 3:00pm Saturday and Sunday),Lunch,"Grilled Florida Pink Shrimp, creamy coconut sauce studded with roasted white onion, jalapeño & sundried tomatoes, yuca al mojo (slow cooked garlic, olive oil, lime) and green chile adobo (cilantro, parsley, green chile, garlic, olive oil) - (contains shellfish)",38.00,disney-springs/frontera-cocina
2026-09-05,Frontera Cocina,Disney Springs,Carne Asada*,Brunch Entrées (Available from 11:00am to 3:00pm Saturday and Sunday),Lunch,"Garlic and red chile-marinated Creekstone Natural 16oz Black Angus Bone-In Ribeye, black bean refritos with queso fresco, caramelized plantains with crema and Cotija cheese, tomatillo salsa, warm corn tortillas (contains dairy, pork) | Add mojo garlic grilled shrimp to your steak +14",62.00,disney-springs/frontera-cocina
2026-09-05,Frontera Cocina,Disney Springs,"Grilled Chicken ""Al Pastor""",Brunch Entrées (Available from 11:00am to 3:00pm Saturday and Sunday),Lunch,"Marinated chicken thighs (ancho chile, garlic, oregano, achiote), smoky pineapple-serrano salsa, cilantro, black bean refritos, queso fresco, chipotle salsa (contains dairy, pork).",28.00,disney-springs/frontera-cocina
2026-09-05,Frontera Cocina,Disney Springs,Carne Asada Tacos*,Brunch Entrées (Available from 11:00am to 3:00pm Saturday and Sunday),Lunch,"Grilled steak, poblano rajas, black bean refritos with queso fresco, salsa verde, guacamole, (contains pork, dairy)",32.00,disney-springs/frontera-cocina
2026-09-05,Frontera Cocina,Disney Springs,"Shrimp ""Dorados Style""",Brunch Entrées (Available from 11:00am to 3:00pm Saturday and Sunday),Lunch,"Three fried tacos stuffed with shrimp and chihuahua cheese, topped with salsa diabla, crema, slaw, cilantro, onion (contains shellfish and dairy)",29.00,disney-springs/frontera-cocina
2026-09-05,Frontera Cocina,Disney Springs,Crispy Cauliflower,Brunch Entrées (Available from 11:00am to 3:00pm Saturday and Sunday),Lunch,"Crispy, tender beef shortrib, guacamole, black bean refritos with fresco cheese, salsa verde, pickled white onion & habanero chiles, cilantro, warm corn tortillas (contains dairy, pork)",24.00,disney-springs/frontera-cocina
2026-09-05,Frontera Cocina,Disney Springs,Carnitas,Brunch Entrées (Available from 11:00am to 3:00pm Saturday and Sunday),Lunch,"Gunthorp Farms slow-cooked pork shoulder with garlic and lime, black bean refritos with fresco cheese, guacamole, pickled red onions, salsa verde (contains dairy,)",29.00,disney-springs/frontera-cocina
2026-09-05,Frontera Cocina,Disney Springs,Pancakes,Brunch Sides (Available from 11:00am to 3:00pm Saturday and Sunday),Lunch,"Mini cornmeal pancakes with butter and maple syrup (contains gluten, dairy, egg)",10.00,disney-springs/frontera-cocina
2026-09-05,Frontera Cocina,Disney Springs,Nueske's Applewood smoked bacon,Brunch Sides (Available from 11:00am to 3:00pm Saturday and Sunday),Lunch,,8.00,disney-springs/frontera-cocina
2026-09-05,Frontera Cocina,Disney Springs,Lake Meadow Eggs*,Brunch Sides (Available from 11:00am to 3:00pm Saturday and Sunday),Lunch,Sunny-side or scrambled (contains dairy),5.00,disney-springs/frontera-cocina
2026-09-05,Frontera Cocina,Disney Springs,Grilled Chicken Breast,Add a Protein (Available from 11:00am to 3:00pm Saturday and Sunday),Lunch,,10.00,disney-springs/frontera-cocina
2026-09-05,Frontera Cocina,Disney Springs,Mojo Garlic Grilled Shrimp,Add a Protein (Available from 11:00am to 3:00pm Saturday and Sunday),Lunch,,14.00,disney-springs/frontera-cocina
2026-09-05,Frontera Cocina,Disney Springs,Creekstone Natural Carne Asada*,Add a Protein (Available from 11:00am to 3:00pm Saturday and Sunday),Lunch,,17.00,disney-springs/frontera-cocina
2026-09-05,Frontera Cocina,Disney Springs,Gunthorp Farms Chorizo,Add a Protein (Available from 11:00am to 3:00pm Saturday and Sunday),Lunch,,3.00,disney-springs/frontera-cocina
2026-09-05,Frontera Cocina,Disney Springs,Jalisco Sunset Mimosa,Brunch Cocktails (Available from 11:00am to 3:00pm Saturday and Sunday),Lunch,"Lalo blanco tequila, cold press Florida orange juice, pomegranate cordial, topped with El Bajio Mexican sparkling wine.",12.00,disney-springs/frontera-cocina
2026-09-05,Frontera Cocina,Disney Springs,Tres Amigos,Brunch Cocktails (Available from 11:00am to 3:00pm Saturday and Sunday),Lunch,"Choose 3 of the following: Como La Flor, Viva La Vida, El Dios Chinola, Frontera or Play with Fire.",32.00,disney-springs/frontera-cocina
2026-09-05,Frontera Cocina,Disney Springs,Midnight in Mexico,Brunch Cocktails (Available from 11:00am to 3:00pm Saturday and Sunday),Lunch,"Weber Ranch Vodka, Cafeto Coffee Liquor, espresso",17.00,disney-springs/frontera-cocina
2026-09-05,Frontera Cocina,Disney Springs,Para Todos,Brunch Cocktails (Available from 11:00am to 3:00pm Saturday and Sunday),Lunch,": Choice of Classic lime margarita, Rojita or La Pasión sangria | Serves 6",58.00,disney-springs/frontera-cocina
2026-09-05,Frontera Cocina,Disney Springs,Chorizo Tlayuda (tlie-you-duh)!,Starters,Lunch; Dinner,"14-inch gigantic corn masa tostada imported from Oaxaca, Applewood smoked bacon, roasted mushrooms with garlic mojo, roasted poblanos, chihuahua cheese, cotija cheese, cilantro cream, tomatillo salsa verde (contains Dairy, Pork). Add a protein: Grilled Chicken breast +10, Mojo garlic grilled shrimp +14 or Creekstone Natural carne asada +17",28.00,disney-springs/frontera-cocina
2026-09-05,Frontera Cocina,Disney Springs,Tortilla Soup,Starters,Lunch; Dinner,"Red chile vegetable broth, shredded chicken, avocado, Chihuahua cheese, tortilla strips, cilantro and onions, lime (contains dairy)",12.00,disney-springs/frontera-cocina
2026-09-05,Frontera Cocina,Disney Springs,Chipotle Chicken Flautas,Starters,Lunch; Dinner,"Crispy chipotle chicken tortilla flautas, Chihuahua cheese, red garlicky beans, roasted tomatillo-avocado salsa, garnished with crema, Cotija cheese, fresh herbs (contains dairy)",16.00,disney-springs/frontera-cocina
2026-09-05,Frontera Cocina,Disney Springs,Queso Fundido,Starters,Lunch; Dinner,"Queso Chihuahua melted with roasted poblanos and caramelized onions, warm corn tortillas (contains dairy) | Add Gunthrop Farms Chorizo +3",16.00,disney-springs/frontera-cocina
2026-09-05,Frontera Cocina,Disney Springs,Classic Fontera Ceviche,Starters,Lunch; Dinner,"Pickled morita chile mayo, avocado, tomato, jicama, cilantro, red onion, charred corn, chives (contains eggs, shellfish)",21.00,disney-springs/frontera-cocina
2026-09-05,Frontera Cocina,Disney Springs,Chips & Salsa,Starters,Lunch; Dinner,"Smoky chipotle, herby salsa verde",6.00,disney-springs/frontera-cocina
2026-09-05,Frontera Cocina,Disney Springs,"Chips & Toasted Pumpkin Seed ""Hummus""",Starters,Lunch; Dinner,"Creamy Yucatecan pumpkin seed-habanero dip, crispy cucumber and jícama (contains seeds)",16.00,disney-springs/frontera-cocina
2026-09-05,Frontera Cocina,Disney Springs,Chips & Guacamole - Verde,Starters,Lunch; Dinner,"Roasted poblanos, roasted tomatillo, toasted pepitas, cilantro and onions (contains seeds)",15.00,disney-springs/frontera-cocina
2026-09-05,Frontera Cocina,Disney Springs,Chips & Guacamole - Fully Dressed,Starters,Lunch; Dinner,"topped with cilantro, onion, bacon, serrano peppers, cotija cheese, pepitas, tomatoes (contains pork, seeds, dairy).",16.00,disney-springs/frontera-cocina
2026-09-05,Frontera Cocina,Disney Springs,The Half & Half,Starters,Lunch; Dinner,"Half guacamole verde, half toasted pumpkin seed “Hummus”, jícama, cucumber (contains seeds)",17.00,disney-springs/frontera-cocina
2026-09-05,Frontera Cocina,Disney Springs,Guacamole Cobb,Salads,Lunch; Dinner,"Romaine and arugula, Applewood smoked bacon, roasted corn, black bean salsa, tomatoes, poblano rajas, queso fresco, chipotle ranch dressing (contains dairy, eggs)",18.00,disney-springs/frontera-cocina
2026-09-05,Frontera Cocina,Disney Springs,Cocina Ensalad,Salads,Lunch; Dinner,"Romaine and arugula, avocado, black beans, radishes, poblano rajas, cilantro, tortilla strips, green chile citrus vinaigrette.",16.00,disney-springs/frontera-cocina
2026-09-05,Frontera Cocina,Disney Springs,Add Grilled Chicken Breast to your Ensalada,Salads,Lunch; Dinner,,10.00,disney-springs/frontera-cocina
2026-09-05,Frontera Cocina,Disney Springs,Add Mojo Garlic Grilled Shrimp to your Ensalada,Salads,Lunch; Dinner,,14.00,disney-springs/frontera-cocina
2026-09-05,Frontera Cocina,Disney Springs,Add Creekstone Natural Carne Asada* to your Ensalada,Salads,Lunch; Dinner,,17.00,disney-springs/frontera-cocina
2026-09-05,Frontera Cocina,Disney Springs,"Grilled Chicken ""Al Pastor""",Tacos,Lunch; Dinner,"Marinated chicken thighs (ancho chile, garlic, oregano, achiote), smoky pineapple-serrano salsa, cilantro, black bean refritos, queso fresco, chipotle salsa (contains dairy, pork).",28.00,disney-springs/frontera-cocina
2026-09-05,Frontera Cocina,Disney Springs,Carne Asada Tacos*,Tacos,Lunch; Dinner,"Grilled steak, poblano rajas, black bean refritos with queso fresco, salsa verde, guacamole, (contains pork, dairy)",32.00,disney-springs/frontera-cocina
2026-09-05,Frontera Cocina,Disney Springs,Three-Chile Agave Glazed Pork Belly,Tacos,Lunch; Dinner,"Shredded chicken in a tangy morita chile and onion sauce, black bean refritos with queso fresco, guacamole, cilantro leaves (contains pork, dairy)",29.00,disney-springs/frontera-cocina
2026-09-05,Frontera Cocina,Disney Springs,Crispy Cauliflower,Tacos,Lunch; Dinner,"Crispy, tender beef shortrib, guacamole, black bean refritos with fresco cheese, salsa verde, pickled white onion & habanero chiles, cilantro, warm corn tortillas (contains dairy, pork)",24.00,disney-springs/frontera-cocina
2026-09-05,Frontera Cocina,Disney Springs,"Shrimp ""Dorados Style""",Tacos,Lunch; Dinner,"Three fried tacos stuffed with shrimp and chihuahua cheese, topped with salsa diabla, crema, slaw, cilantro, onion (contains shellfish and dairy)",29.00,disney-springs/frontera-cocina
2026-09-05,Frontera Cocina,Disney Springs,Carnitas,Tacos,Lunch; Dinner,"Gunthorp Farms slow-cooked pork shoulder with garlic and lime, black bean refritos with fresco cheese, guacamole, pickled red onions, salsa verde (contains dairy,)",29.00,disney-springs/frontera-cocina
2026-09-05,Frontera Cocina,Disney Springs,Spicy Mango-Habanero Chicken,Entrées,Lunch; Dinner,"Crispy half chicken, mango-habanero sauce, plantain rice, pickled habanero and white onions, cilantro (contains dairy)",36.00,disney-springs/frontera-cocina
2026-09-05,Frontera Cocina,Disney Springs,Grilled Red Snapper,Entrées,Lunch; Dinner,"Red Snapper brushed with a passion fruit-agave glaze, tropical fruit pico de gallo (passion fruit, red onion, tomato, cilantro, lime, serrano chili). Served with plantain rice and fresh made tortillas.",39.00,disney-springs/frontera-cocina
2026-09-05,Frontera Cocina,Disney Springs,"Beef Shortrib, Ancho BBQ*",Entrées,Lunch; Dinner,"Creekstone boneless shortrib slow-cooked with toasted ancho chiles, tangy fire-roasted tomatoes & carmelized onions, garlicky red bean refritos & herb salad (pea tendrils, arugula, radish, parsley, and cilantro",43.00,disney-springs/frontera-cocina
2026-09-05,Frontera Cocina,Disney Springs,Cochinita Pibil Enchiladas,Entrées,Lunch; Dinner,"Just-made corn tortillas filled with slow-roasted, achiote-marinated pork, black bean refritos, Yucatecan chilomate sauce (fire-roasted tomatoes, habaneros, onion), añejo cheese, pickled red onions, cilatnro leaves (contains dairy, pork)",29.00,disney-springs/frontera-cocina
2026-09-05,Frontera Cocina,Disney Springs,Carne Asada*,Entrées,Lunch; Dinner,"Garlic and red chile-marinated Creekstone Natural 16oz Black Angus Bone-In Ribeye, black bean refritos with queso fresco, caramelized plantains with crema and Cotija cheese, tomatillo salsa, warm corn tortillas (contains dairy, pork) | Add mojo garlic grilled shrimp to your steak +14",62.00,disney-springs/frontera-cocina
2026-09-05,Frontera Cocina,Disney Springs,Camarones al Coco,Entrées,Lunch; Dinner,"Grilled Florida Pink Shrimp, creamy coconut sauce studded with roasted white onion, jalapeño & sundried tomatoes, yuca al mojo (slow cooked garlic, olive oil, lime) and green chile adobo (cilantro, parsley, green chile, garlic, olive oil) - (contains shellfish)",38.00,disney-springs/frontera-cocina
2026-09-05,Frontera Cocina,Disney Springs,Beef Barbacoa Quesadillas,Entrées,Lunch; Dinner,"Three crispy corn tortilla quesadillas with beef barbacoa, Chihuahua cheese, roasted red onions, topped with cilantro and onions, black bean refritos, queso fresco, chipotle salsa, guacamole, lime (contains pork, dairy).",29.00,disney-springs/frontera-cocina
2026-09-05,Frontera Cocina,Disney Springs,Creamy Chicken Enchiladas Suiza,Entrées,Lunch; Dinner,"Just-made corn tortillas, chicken and poblano rajas filling, tomatillo-cream sauce, Queso Chihuahua, sliced red onion, cilantro leaves (contains dairy)",28.00,disney-springs/frontera-cocina
2026-09-05,Frontera Cocina,Disney Springs,Esquites,Sides,Lunch; Dinner,"Local Florida corn, queso fresco, mayo, chipotle, tajin, lime (contains dairy, eggs)",8.00,disney-springs/frontera-cocina
2026-09-05,Frontera Cocina,Disney Springs,Papas Rancheras,Sides,Lunch; Dinner,"Crispy""smashed""potatoes, spicy chipotle salsa,cilantro crema, añejo cheese (contains dairy)",8.00,disney-springs/frontera-cocina
2026-09-05,Frontera Cocina,Disney Springs,Yuca al Mojo,Sides,Lunch; Dinner,"Fried yuca with roasted garlic mojo, green chile adobo, lime, cilantro",8.00,disney-springs/frontera-cocina
2026-09-05,Frontera Cocina,Disney Springs,Garlicky Red Bean Refritos,Sides,Lunch; Dinner,Creamy garlic and chipotle mashed red beans,8.00,disney-springs/frontera-cocina
2026-09-05,Frontera Cocina,Disney Springs,Fried Plantains,Sides,Lunch; Dinner,"with crema and Cotija cheese, cilantro (contains dairy)",8.00,disney-springs/frontera-cocina
2026-09-05,Frontera Cocina,Disney Springs,Arroz con Plantains,Sides,Lunch; Dinner,White rice studded with plantains and cilantro,8.00,disney-springs/frontera-cocina
2026-09-05,Frontera Cocina,Disney Springs,Cuatro Leches,Desserts,Lunch; Dinner,"Tender cake infused with four milks (coconut, condensed, evaporated, whole) topped with whipped cream, toasted coconut, strawberries & lime zest (contains gluten, dairy, seeds)",12.00,disney-springs/frontera-cocina
2026-09-05,Frontera Cocina,Disney Springs,Flan de Queso,Desserts,Lunch; Dinner,"Cheesecake flan, guayaba-piloncillo caramel, guava paste, fresh orange (contains dairy)",11.00,disney-springs/frontera-cocina
2026-09-05,Frontera Cocina,Disney Springs,Ice Cream & Sorbet,Desserts,Lunch; Dinner,Seasonal selections of ice cream and sorbet.,10.00,disney-springs/frontera-cocina
2026-09-05,Frontera Cocina,Disney Springs,Chocoflan - AKA Pastel Imposible,Desserts,Lunch; Dinner,"Chocolate cake with a rich creamy flan on top, cajeta caramel (contains gluten, dairy, egg).",13.00,disney-springs/frontera-cocina
2026-09-05,Frontera Cocina,Disney Springs,Quesadillas,Kids' Meals,Lunch; Dinner,"warm flour tortillas, Chihuahua cheese served with plantain rice, black bean refritos and queso fresco. Add $3 for Chicken / Add $7 for Barbacoa",9.50,disney-springs/frontera-cocina
2026-09-05,Frontera Cocina,Disney Springs,Kids' Tacos,Kids' Meals,Lunch; Dinner,"(2) flour tortillas with chicken, Chihuahua cheese, served with plantain rice, black bean refritos and queso fresco. Substitute Barbacoa +$4.",12.50,disney-springs/frontera-cocina
2026-09-05,Frontera Cocina,Disney Springs,Shredded Chicken,Kids' Meals,Lunch; Dinner,Served with plantain rice and black bean refritos (contains pork),12.50,disney-springs/frontera-cocina
2026-09-05,Frontera Cocina,Disney Springs,Ice Cream & Sorbet,Kid's Dessert,Lunch; Dinner,"Vanilla, Chocolate or Seasonal.",4.00,disney-springs/frontera-cocina
2026-09-05,Frontera Cocina,Disney Springs,Como La Flor,Margaritas,Lunch; Dinner,"Pastore blanco tequila, hibiscus flower tea, cucumber juice, Cappelletti, Lejay cassis, lime juice, pink pepper corns, hibiscus salt rim (contains tree nuts)",18.00,disney-springs/frontera-cocina
2026-09-05,Frontera Cocina,Disney Springs,Topolo,Margaritas,Lunch; Dinner,"Pasote reposado tequila, Alma Finca orange liqueur, housemade limonada. Served straight up table side",21.00,disney-springs/frontera-cocina
2026-09-05,Frontera Cocina,Disney Springs,Frida,Margaritas,Lunch; Dinner,"Mijenta reposado tequila, rose petal liqueur, lemon juice, pomegranate, served with a rose petal salt rim",24.00,disney-springs/frontera-cocina
2026-09-05,Frontera Cocina,Disney Springs,Malumita,Margaritas,Lunch; Dinner,"Contraluz mezcal, peach-pineapple juice, Ancho Reyes liqueur, ginger, Italicus, tortilla ash rim",25.00,disney-springs/frontera-cocina
2026-09-05,Frontera Cocina,Disney Springs,Viva La Vida,Margaritas,Lunch; Dinner,"Dos Hombres mezcal, watermelon juice, agave, Ancho Reyes verde liqueur, tajin chile powder rim.",19.00,disney-springs/frontera-cocina
2026-09-05,Frontera Cocina,Disney Springs,La Paloma,Margaritas,Lunch; Dinner,"Fever-Tree pink grapefruit sparkling soda, fresh lime, Tajín chile-lime powder rim. Choice of Ilegal espadín reposado mezcal or Mijenta blanco tequila",20.00,disney-springs/frontera-cocina
2026-09-05,Frontera Cocina,Disney Springs,Frontera,Margaritas,Lunch; Dinner,"Tepozan blanco tequila, Ancho Reyes liqueur, lime juice, Alma Finca orange liqueur. / Topped with El Bajio Sparkling wine +$3",17.00,disney-springs/frontera-cocina
2026-09-05,Frontera Cocina,Disney Springs,La Cava Avocado,Margaritas,Lunch; Dinner,"Tesoro Azul blanco tequila, melon-orange liqueur, fresh avocado and lime juice, hibiscus salt rim. Served Frozen.",19.00,disney-springs/frontera-cocina
2026-09-05,Frontera Cocina,Disney Springs,Play With Fire,Margaritas,Lunch; Dinner,"Fresh lime juice, Spiced nectar, cucumber-jalapeño juice, hibiscus salt rim. Served frozen",19.00,disney-springs/frontera-cocina
2026-09-05,Frontera Cocina,Disney Springs,Three Amigos,Margaritas,Lunch; Dinner,"Choose 3 of the following: Como La Flor, Viva La Vida, El Dios Chinola, Frontera or Play with Fire.",32.00,disney-springs/frontera-cocina
2026-09-05,Frontera Cocina,Disney Springs,El Dios Chinola,Cocktails,Lunch; Dinner,"Las Californias gin, Chinola passion fruit liqueur, lime juice, Tajin chile powder rim",20.00,disney-springs/frontera-cocina
2026-09-05,Frontera Cocina,Disney Springs,The Aretha,Cocktails,Lunch; Dinner,"Age tobacco infused Row 94 bourbon, Ilegal reposado Caribbean cask mezcal, Flecha Azul anejo tequila, Ancho Reyes Barrica liquor, house-made coffee and mole reduction.",21.00,disney-springs/frontera-cocina
2026-09-05,Frontera Cocina,Disney Springs,Cucumber Negroni,Cocktails,Lunch; Dinner,"Flecha Azul anejo tequila, Italicus liqueur, Carpano Antica Vermouth.",18.00,disney-springs/frontera-cocina
2026-09-05,Frontera Cocina,Disney Springs,Mentirosa,Mocktails,Lunch; Dinner,"Almave, watermelon & lime juice, raspberry agave, herbal hint, hibiscus salt rim",15.00,disney-springs/frontera-cocina
2026-09-05,Frontera Cocina,Disney Springs,Pina Prix,Mocktails,Lunch; Dinner,"Almave, pineapple-guava juice, orgeat coconut infused agave",15.00,disney-springs/frontera-cocina
2026-09-05,Frontera Cocina,Disney Springs,Non-Alcoholic Play with Fire,Mocktails,Lunch; Dinner,Play with Fire with Almave non-alcoholic spirit,16.00,disney-springs/frontera-cocina
2026-09-05,Frontera Cocina,Disney Springs,Non-Alcoholic La Paloma,Mocktails,Lunch; Dinner,La Paloma with Almave non-alcoholic spirit,16.00,disney-springs/frontera-cocina
2026-09-05,Frontera Cocina,Disney Springs,Tulum Craft,Beers,Lunch; Dinner,,8.00,disney-springs/frontera-cocina
2026-09-05,Frontera Cocina,Disney Springs,Coors Light,Beers,Lunch; Dinner,,9.00,disney-springs/frontera-cocina
2026-09-05,Frontera Cocina,Disney Springs,"City Beautiful IPA Orange Blossom Brewery | Orlando, FL",Beers,Lunch; Dinner,,9.50,disney-springs/frontera-cocina
2026-09-05,Frontera Cocina,Disney Springs,"Crooked Can Seasonal Draft | Winter Garden, Fl",Beers,Lunch; Dinner,,13.50,disney-springs/frontera-cocina
2026-09-05,Frontera Cocina,Disney Springs,"Florida Avenue Luminescence Tropical IPA | Tampa, FL",Beers,Lunch; Dinner,,9.50,disney-springs/frontera-cocina
2026-09-05,Frontera Cocina,Disney Springs,"Orange Crush American Wheat | Tampa, FL",Beers,Lunch; Dinner,,9.50,disney-springs/frontera-cocina
2026-09-05,Frontera Cocina,Disney Springs,Corona Non-Alcoholic (Bottle),Beers,Lunch; Dinner,,8.00,disney-springs/frontera-cocina
2026-09-05,Frontera Cocina,Disney Springs,Corona,Beers,Lunch; Dinner,,9.00,disney-springs/frontera-cocina
2026-09-05,Frontera Cocina,Disney Springs,Hércules - Lägermaiz,Beers,Lunch; Dinner,,13.00,disney-springs/frontera-cocina
2026-09-05,Frontera Cocina,Disney Springs,Modelo Negra,Beers,Lunch; Dinner,,11.00,disney-springs/frontera-cocina
2026-09-05,Frontera Cocina,Disney Springs,Dos Equis Lager,Beers,Lunch; Dinner,,11.00,disney-springs/frontera-cocina
2026-09-05,Frontera Cocina,Disney Springs,Pacífico American-style Lager,Beers,Lunch; Dinner,,11.00,disney-springs/frontera-cocina
2026-09-05,Frontera Cocina,Disney Springs,Dos Equis Amber,Beers,Lunch; Dinner,,11.00,disney-springs/frontera-cocina
2026-09-05,Frontera Cocina,Disney Springs,Modelo Especial,Beers,Lunch; Dinner,,11.00,disney-springs/frontera-cocina
2026-09-05,Frontera Cocina,Disney Springs,Calenda joven,Mezcal,Lunch; Dinner,Served with grasshoppers and an orange wedge in a traditional “Veladora”,14.00,disney-springs/frontera-cocina
2026-09-05,Frontera Cocina,Disney Springs,Dos Hombres espadín,Mezcal,Lunch; Dinner,Served with grasshoppers and an orange wedge in a traditional “Veladora”,15.00,disney-springs/frontera-cocina
2026-09-05,Frontera Cocina,Disney Springs,Ilegal espadín,Mezcal,Lunch; Dinner,Served with grasshoppers and an orange wedge in a traditional “Veladora”,15.00,disney-springs/frontera-cocina
2026-09-05,Frontera Cocina,Disney Springs,Montelobos pechuga,Mezcal,Lunch; Dinner,Served with grasshoppers and an orange wedge in a traditional “Veladora”,15.00,disney-springs/frontera-cocina
2026-09-05,Frontera Cocina,Disney Springs,Montelobos ensamble,Mezcal,Lunch; Dinner,Served with grasshoppers and an orange wedge in a traditional “Veladora”,17.00,disney-springs/frontera-cocina
2026-09-05,Frontera Cocina,Disney Springs,Ilegal espadín reposado,Mezcal,Lunch; Dinner,Served with grasshoppers and an orange wedge in a traditional “Veladora”,16.00,disney-springs/frontera-cocina
2026-09-05,Frontera Cocina,Disney Springs,Dos Hombres tobala,Mezcal,Lunch; Dinner,Served with grasshoppers and an orange wedge in a traditional “Veladora”,45.00,disney-springs/frontera-cocina
2026-09-05,Frontera Cocina,Disney Springs,Mezcal,Tequila Flights,Lunch; Dinner,"Dos Hombres espadin, Montelobos, Ilegal espadin reposado.",23.00,disney-springs/frontera-cocina
2026-09-05,Frontera Cocina,Disney Springs,Tradicional,Tequila Flights,Lunch; Dinner,"Lalo Blanco, 7 Leguas reposado, Tromba anejo",23.00,disney-springs/frontera-cocina
2026-09-05,Frontera Cocina,Disney Springs,Premium,Tequila Flights,Lunch; Dinner,"Casa Obsidiana blanco, Arette artesanal reposado, Tromba extra anejo",40.00,disney-springs/frontera-cocina
2026-09-05,Frontera Cocina,Disney Springs,7 Leguas reposado,Tequila,Lunch; Dinner,,19.00,disney-springs/frontera-cocina
2026-09-05,Frontera Cocina,Disney Springs,Arette artesanal reposado,Tequila,Lunch; Dinner,,20.00,disney-springs/frontera-cocina
2026-09-05,Frontera Cocina,Disney Springs,Clase Azul Reposado,Tequila,Lunch; Dinner,,40.00,disney-springs/frontera-cocina
2026-09-05,Frontera Cocina,Disney Springs,Mijenta reposado,Tequila,Lunch; Dinner,,19.00,disney-springs/frontera-cocina
2026-09-05,Frontera Cocina,Disney Springs,Pasote reposado,Tequila,Lunch; Dinner,,16.00,disney-springs/frontera-cocina
2026-09-05,Frontera Cocina,Disney Springs,Tesoro Azul reposado,Tequila,Lunch; Dinner,,15.00,disney-springs/frontera-cocina
2026-09-05,Frontera Cocina,Disney Springs,Tromba reposado,Tequila,Lunch; Dinner,,17.00,disney-springs/frontera-cocina
2026-09-05,Frontera Cocina,Disney Springs,Arette blanco,Tequila,Lunch; Dinner,,11.00,disney-springs/frontera-cocina
2026-09-05,Frontera Cocina,Disney Springs,Dos Hombres blanco,Tequila,Lunch; Dinner,,15.00,disney-springs/frontera-cocina
2026-09-05,Frontera Cocina,Disney Springs,El Tequileño platinum,Tequila,Lunch; Dinner,,20.00,disney-springs/frontera-cocina
2026-09-05,Frontera Cocina,Disney Springs,Lalo blanco,Tequila,Lunch; Dinner,,16.00,disney-springs/frontera-cocina
2026-09-05,Frontera Cocina,Disney Springs,Mijenta blanco,Tequila,Lunch; Dinner,,17.00,disney-springs/frontera-cocina
2026-09-05,Frontera Cocina,Disney Springs,Pasote blanco,Tequila,Lunch; Dinner,,15.00,disney-springs/frontera-cocina
2026-09-05,Frontera Cocina,Disney Springs,Tesoro Azul blanco,Tequila,Lunch; Dinner,,14.00,disney-springs/frontera-cocina
2026-09-05,Frontera Cocina,Disney Springs,Tepozan blanco,Tequila,Lunch; Dinner,,15.00,disney-springs/frontera-cocina
2026-09-05,Frontera Cocina,Disney Springs,El Tesoro añejo,Tequila,Lunch; Dinner,,24.00,disney-springs/frontera-cocina
2026-09-05,Frontera Cocina,Disney Springs,Flecha Azul añejo,Tequila,Lunch; Dinner,,23.00,disney-springs/frontera-cocina
2026-09-05,Frontera Cocina,Disney Springs,Mijenta añejo,Tequila,Lunch; Dinner,,50.00,disney-springs/frontera-cocina
2026-09-05,Frontera Cocina,Disney Springs,Pasote añejo,Tequila,Lunch; Dinner,,18.00,disney-springs/frontera-cocina
2026-09-05,Frontera Cocina,Disney Springs,Tromba añejo,Tequila,Lunch; Dinner,,18.00,disney-springs/frontera-cocina
2026-09-05,Frontera Cocina,Disney Springs,Tromba extra añejo  La Cava,Tequila,Lunch; Dinner,,35.00,disney-springs/frontera-cocina
2026-09-05,Frontera Cocina,Disney Springs,Arette Gran Clase extra añejo,Tequila,Lunch; Dinner,,35.00,disney-springs/frontera-cocina
2026-09-05,Frontera Cocina,Disney Springs,Herradura Selección Suprema extra añejo,Tequila,Lunch; Dinner,,61.00,disney-springs/frontera-cocina
2026-09-05,Frontera Cocina,Disney Springs,Rojita,Sangria,Lunch; Dinner,"Bold red wine, orange liqueur, hibiscus flower tea, housemade limonada",15.00,disney-springs/frontera-cocina
2026-09-05,Frontera Cocina,Disney Springs,La Pasión Sangria,Sangria,Lunch; Dinner,A refreshing blend of premium Spanish white wine with natural essences of Medi-terranean fruits and Chinola passion fruit liqueur,16.00,disney-springs/frontera-cocina
2026-09-05,Frontera Cocina,Disney Springs,"El Bajio Vino Espumoso, Mexico",Sparkling Wine,Lunch; Dinner,,48.00,disney-springs/frontera-cocina
2026-09-05,Frontera Cocina,Disney Springs,"Moët Brut, Champagne, France",Sparkling Wine,Lunch; Dinner,,90.00,disney-springs/frontera-cocina
2026-09-05,Frontera Cocina,Disney Springs,"Chalk Hill Chardonnay, Sonoma, Ca.",White Wine,Lunch; Dinner,,47.00,disney-springs/frontera-cocina
2026-09-05,Frontera Cocina,Disney Springs,"Emmolo Sauvignon Blanc, Napa, CA",White Wine,Lunch; Dinner,,48.00,disney-springs/frontera-cocina
2026-09-05,Frontera Cocina,Disney Springs,"Terra Alpina by Alois Lageder Pinot Grigio, Italy",White Wine,Lunch; Dinner,,44.00,disney-springs/frontera-cocina
2026-09-05,Frontera Cocina,Disney Springs,"Peju Cabernet Sauvignon, Napa, CA",Red Wine,Lunch; Dinner,,70.00,disney-springs/frontera-cocina
2026-09-05,Frontera Cocina,Disney Springs,"The Walking Fool Red Blend, Suisun Valley, CA",Red Wine,Lunch; Dinner,,56.00,disney-springs/frontera-cocina
2026-09-05,Frontera Cocina,Disney Springs,Agua de Jamaica,Non-Alcoholic Beverages,Lunch; Dinner,Tangy hibiscus flower tea (no refills),6.00,disney-springs/frontera-cocina
2026-09-05,Frontera Cocina,Disney Springs,Mango-Lime Agua Fresca (no refills),Non-Alcoholic Beverages,Lunch; Dinner,,6.00,disney-springs/frontera-cocina
2026-09-05,Frontera Cocina,Disney Springs,Fiesta Mexicana Iced Tea,Non-Alcoholic Beverages,Lunch; Dinner,"Black tea flavored with mango, melon and papaya",4.50,disney-springs/frontera-cocina
2026-09-05,Frontera Cocina,Disney Springs,Mineragua Sparkling Water (355mL),Non-Alcoholic Beverages,Lunch; Dinner,,4.00,disney-springs/frontera-cocina
2026-09-05,Frontera Cocina,Disney Springs,Acqua Panna Natural Spring Water (1L),Non-Alcoholic Beverages,Lunch; Dinner,,6.00,disney-springs/frontera-cocina
2026-09-05,Frontera Cocina,Disney Springs,Assorted Fountain Beverages,Non-Alcoholic Beverages,Lunch; Dinner,Coca-Cola • Diet Coke • Coke Zero • Sprite,4.50,disney-springs/frontera-cocina
2026-09-05,Frontera Cocina,Disney Springs,Specialty Margaritas,Happy Hour (Available from 3:00pm to 6:00pm Monday thru Thursday),Lunch; Dinner,"Arette blanco tequila, freshly squeezed lime juice, orange liqueur, topped with Sparkling Torre Oria Cava",12.00,disney-springs/frontera-cocina
2026-09-05,Frontera Cocina,Disney Springs,Wines by the Glass,Happy Hour (Available from 3:00pm to 6:00pm Monday thru Thursday),Lunch; Dinner,"Emmolo, The Walking Fool",10.00,disney-springs/frontera-cocina
2026-09-05,Frontera Cocina,Disney Springs,Featured Agave Spirits,Happy Hour (Available from 3:00pm to 6:00pm Monday thru Thursday),Lunch; Dinner,"Calenda mezcal, Arette blanco tequila",7.00,disney-springs/frontera-cocina
2026-09-05,Frontera Cocina,Disney Springs,Draft Beer,Happy Hour (Available from 3:00pm to 6:00pm Monday thru Thursday),Lunch; Dinner,Dos Equis - Amber or Lager,7.00,disney-springs/frontera-cocina
2026-09-05,Frontera Cocina,Disney Springs,Classic Margarita,Happy Hour (Available from 3:00pm to 6:00pm Monday thru Thursday),Lunch; Dinner,,10.00,disney-springs/frontera-cocina
2026-09-05,Ghirardelli® Soda Fountain & Chocolate Shop,Disney Springs,World Famous Hot Fudge Sundae,Specialty Sundaes,Snack,"Vanilla ice cream with hot fudge, whipped cream, diced almonds, a cherry, and one of our Milk Chocolate Caramel SQUARES®.",19.50,disney-springs/ghirardelli-soda-fountain
2026-09-05,Ghirardelli® Soda Fountain & Chocolate Shop,Disney Springs,Magical Hot Fudge Sundae,Specialty Sundaes,Snack,"Vanilla ice cream and hot fudge topped with whipped cream, sprinkles, and dipped waffle ears.",22.50,disney-springs/ghirardelli-soda-fountain
2026-09-05,Ghirardelli® Soda Fountain & Chocolate Shop,Disney Springs,Ocean Beach Sea Salt Caramel Sundae,Specialty Sundaes,Snack,"Caramel sauce, vanilla ice cream, milk or dark chocolate hot fudge, whipped cream, sea salt, and one of our Milk or Dark Chocolate Sea Salt Caramel SQUARES®",19.50,disney-springs/ghirardelli-soda-fountain
2026-09-05,Ghirardelli® Soda Fountain & Chocolate Shop,Disney Springs,Chocolate Lover's Hot Fudge Sundae,Specialty Sundaes,Snack,"Chocolate ice cream, hot fudge, whipped cream, mini chocolate chips, chocolate sauce, and one of our Milk Chocolate SQUARES® .",19.50,disney-springs/ghirardelli-soda-fountain
2026-09-05,Ghirardelli® Soda Fountain & Chocolate Shop,Disney Springs,Gold Rush Caramel Almond Sundae,Specialty Sundaes,Snack,"Vanilla ice cream with caramel sauce, whipped cream, diced almonds, and one of our White Chocolate Caramel SQUARES®.",19.50,disney-springs/ghirardelli-soda-fountain
2026-09-05,Ghirardelli® Soda Fountain & Chocolate Shop,Disney Springs,Mint Bliss Hot Fudge Sundae,Specialty Sundaes,Snack,"Mint chocolate chip and chocolate ice cream with hot fudge, whipped cream, and one of our Dark Chocolate Mint SQUARES®",19.50,disney-springs/ghirardelli-soda-fountain
2026-09-05,Ghirardelli® Soda Fountain & Chocolate Shop,Disney Springs,Strawberry Passion Hot Fudge Sundae,Specialty Sundaes,Snack,"Strawberry and vanilla ice cream, sweetened strawberries, and hot fudge with whipped cream and a dipped strawberry.",22.50,disney-springs/ghirardelli-soda-fountain
2026-09-05,Ghirardelli® Soda Fountain & Chocolate Shop,Disney Springs,Non-Dairy Hot Fudge Sundae,Specialty Sundaes,Snack,"Layers of non-dairy hot fudge, vanilla coconut scoops, and whipped topping with diced almonds, a cherry, and one of our 72% Cacao Dark Chocolate SQUARES®",23.50,disney-springs/ghirardelli-soda-fountain
2026-09-05,Ghirardelli® Soda Fountain & Chocolate Shop,Disney Springs,Cookie Crumble Hot Fudge Sundae,Specialty Sundaes,Snack,"Cookie dough, cookies ‘n cream, and vanilla ice cream with hot fudge, whipped cream, mini chocolate chips, and cookie crumbles.",25.50,disney-springs/ghirardelli-soda-fountain
2026-09-05,Ghirardelli® Soda Fountain & Chocolate Shop,Disney Springs,Lands End Salted Caramel Brownie Sundae,Specialty Sundaes,Snack,"A warm brownie on vanilla ice cream with hot fudge, sea salt, caramel sauce, whipped cream, and a cherry.",25.50,disney-springs/ghirardelli-soda-fountain
2026-09-05,Ghirardelli® Soda Fountain & Chocolate Shop,Disney Springs,Golden Gate Banana Split,Specialty Sundaes,Snack,"Vanilla, strawberry, and chocolate ice cream with crushed pineapple, sweetened strawberries, and hot fudge on a banana with whipped cream, diced almonds, and a cherry.",25.50,disney-springs/ghirardelli-soda-fountain
2026-09-05,Ghirardelli® Soda Fountain & Chocolate Shop,Disney Springs,Waffle Bowl Hot Fudge Sundae,Specialty Sundaes,Snack,Our world famous hot fudge sundae in a handmade dipped waffle bowl.,23.50,disney-springs/ghirardelli-soda-fountain
2026-09-05,Ghirardelli® Soda Fountain & Chocolate Shop,Disney Springs,Treasure Island Warm Brownie Sundae,Specialty Sundaes,Snack,"A warm brownie half, vanilla ice cream, and hot fudge with whipped cream, diced almonds, and a cherry.",22.50,disney-springs/ghirardelli-soda-fountain
2026-09-05,Ghirardelli® Soda Fountain & Chocolate Shop,Disney Springs,Waffle Cone Mini Hot Fudge Sundae,Specialty Sundaes,Snack,Our mini hot fudge sundae in a handmade dipped waffle cone.,20.50,disney-springs/ghirardelli-soda-fountain
2026-09-05,Ghirardelli® Soda Fountain & Chocolate Shop,Disney Springs,Mini Hot Fudge Sundae,Specialty Sundaes,Snack,"A scoop of vanilla ice cream and hot fudge topped with whipped cream, diced almonds, a cherry, and one of our Milk Chocolate Caramel SQUARES® .",16.50,disney-springs/ghirardelli-soda-fountain
2026-09-05,Ghirardelli® Soda Fountain & Chocolate Shop,Disney Springs,Frozen Hot Cocoa,Shakes,Snack,"Hot cocoa mix blended with milk and ice, topped with whipped cream and mini chocolate chips.",14.50,disney-springs/ghirardelli-soda-fountain
2026-09-05,Ghirardelli® Soda Fountain & Chocolate Shop,Disney Springs,Nob Hill Chill,Shakes,Snack,"Vanilla ice cream blended with milk, ice, and hot fudge topped with mini chocolate chips.",14.50,disney-springs/ghirardelli-soda-fountain
2026-09-05,Ghirardelli® Soda Fountain & Chocolate Shop,Disney Springs,Caramel Quake Shake,Shakes,Snack,"A vanilla milkshake blended with three Milk Chocolate Caramel SQUARES® , topped with whipped cream and caramel sauce.",14.50,disney-springs/ghirardelli-soda-fountain
2026-09-05,Ghirardelli® Soda Fountain & Chocolate Shop,Disney Springs,Thick Shake - Small,Shakes,Snack,"Thick, cold, and creamy. Vanilla, Strawberry, or Chocolate Lover's",14.50,disney-springs/ghirardelli-soda-fountain
2026-09-05,Ghirardelli® Soda Fountain & Chocolate Shop,Disney Springs,Thick Shake - Medium,Shakes,Snack,"Thick, cold, and creamy. Vanilla, Strawberry, or Chocolate Lover's",15.50,disney-springs/ghirardelli-soda-fountain
2026-09-05,Ghirardelli® Soda Fountain & Chocolate Shop,Disney Springs,Thick Shake - Large,Shakes,Snack,"Thick, cold, and creamy. Vanilla, Strawberry, or Chocolate Lover's",16.50,disney-springs/ghirardelli-soda-fountain
2026-09-05,Ghirardelli® Soda Fountain & Chocolate Shop,Disney Springs,Classic Hot Cocoa - Small,Hot Cocoa,Snack,A luxuriously deep chocolate flavor comes through in our hot cocoa topped with whipped cream and dusted with cocoa powder. Served with one of our Milk Chocolate Caramel SQUARES®.,8.75,disney-springs/ghirardelli-soda-fountain
2026-09-05,Ghirardelli® Soda Fountain & Chocolate Shop,Disney Springs,Classic Hot Cocoa - Medium,Hot Cocoa,Snack,A luxuriously deep chocolate flavor comes through in our hot cocoa topped with whipped cream and dusted with cocoa powder. Served with one of our Milk Chocolate Caramel SQUARES®.,9.50,disney-springs/ghirardelli-soda-fountain
2026-09-05,Ghirardelli® Soda Fountain & Chocolate Shop,Disney Springs,Classic Hot Cocoa - Large,Hot Cocoa,Snack,A luxuriously deep chocolate flavor comes through in our hot cocoa topped with whipped cream and dusted with cocoa powder. Served with one of our Milk Chocolate Caramel SQUARES®.,9.95,disney-springs/ghirardelli-soda-fountain
2026-09-05,Ghirardelli® Soda Fountain & Chocolate Shop,Disney Springs,Sea Salt Caramel Hot Cocoa - Small,Hot Cocoa,Snack,"Our classic hot cocoa with the added creaminess of caramel, topped with whipped cream, sea salt, and caramel sauce. Served with one of our Dark Chocolate Sea Salt Caramel SQUARES®.",8.75,disney-springs/ghirardelli-soda-fountain
2026-09-05,Ghirardelli® Soda Fountain & Chocolate Shop,Disney Springs,Sea Salt Caramel Hot Cocoa - Medium,Hot Cocoa,Snack,"Our classic hot cocoa with the added creaminess of caramel, topped with whipped cream, sea salt, and caramel sauce. Served with one of our Dark Chocolate Sea Salt Caramel SQUARES®.",9.50,disney-springs/ghirardelli-soda-fountain
2026-09-05,Ghirardelli® Soda Fountain & Chocolate Shop,Disney Springs,Sea Salt Caramel Hot Cocoa - Large,Hot Cocoa,Snack,"Our classic hot cocoa with the added creaminess of caramel, topped with whipped cream, sea salt, and caramel sauce. Served with one of our Dark Chocolate Sea Salt Caramel SQUARES®.",9.95,disney-springs/ghirardelli-soda-fountain
2026-09-05,Ghirardelli® Soda Fountain & Chocolate Shop,Disney Springs,Chocolate Brownie,Sweet Treats,Snack,,6.95,disney-springs/ghirardelli-soda-fountain
2026-09-05,Ghirardelli® Soda Fountain & Chocolate Shop,Disney Springs,Chocolate Chip Cookie,Sweet Treats,Snack,,6.95,disney-springs/ghirardelli-soda-fountain
2026-09-05,Ghirardelli® Soda Fountain & Chocolate Shop,Disney Springs,Dipped Strawberry,Sweet Treats,Snack,,6.95,disney-springs/ghirardelli-soda-fountain
2026-09-05,Ghirardelli® Soda Fountain & Chocolate Shop,Disney Springs,Frozen Mocha - Medium,Coffee & More,Snack,"Chocolate frappé mix, chocolate sauce, espresso, and milk blended with ice, topped with whipped cream and mini chocolate chips.",12.95,disney-springs/ghirardelli-soda-fountain
2026-09-05,Ghirardelli® Soda Fountain & Chocolate Shop,Disney Springs,Frozen Mocha - Large,Coffee & More,Snack,"Chocolate frappé mix, chocolate sauce, espresso, and milk blended with ice, topped with whipped cream and mini chocolate chips.",13.95,disney-springs/ghirardelli-soda-fountain
2026-09-05,Ghirardelli® Soda Fountain & Chocolate Shop,Disney Springs,Frozen Vanilla Caramel Latte - Medium,Coffee & More,Snack,"Vanilla frappé mix, caramel sauce, espresso, and milk blended with ice, topped with whipped cream and caramel sauce.",12.95,disney-springs/ghirardelli-soda-fountain
2026-09-05,Ghirardelli® Soda Fountain & Chocolate Shop,Disney Springs,Frozen Vanilla Caramel Latte - Large,Coffee & More,Snack,"Vanilla frappé mix, caramel sauce, espresso, and milk blended with ice, topped with whipped cream and caramel sauce.",13.95,disney-springs/ghirardelli-soda-fountain
2026-09-05,Ghirardelli® Soda Fountain & Chocolate Shop,Disney Springs,Mocha - Small,Coffee & More,Snack,(hot or iced),8.95,disney-springs/ghirardelli-soda-fountain
2026-09-05,Ghirardelli® Soda Fountain & Chocolate Shop,Disney Springs,Mocha - Medium,Coffee & More,Snack,(hot or iced),9.75,disney-springs/ghirardelli-soda-fountain
2026-09-05,Ghirardelli® Soda Fountain & Chocolate Shop,Disney Springs,Mocha - Large,Coffee & More,Snack,(hot or iced),10.25,disney-springs/ghirardelli-soda-fountain
2026-09-05,Ghirardelli® Soda Fountain & Chocolate Shop,Disney Springs,Latte - Small,Coffee & More,Snack,(hot or iced) Flavor Options: Caramel or Vanilla +$1.00; Non-Dairy Milk +$1.00,7.95,disney-springs/ghirardelli-soda-fountain
2026-09-05,Ghirardelli® Soda Fountain & Chocolate Shop,Disney Springs,Latte - Medium,Coffee & More,Snack,(hot or iced) Flavor Options: Caramel or Vanilla +$1.00; Non-Dairy Milk +$1.00,8.75,disney-springs/ghirardelli-soda-fountain
2026-09-05,Ghirardelli® Soda Fountain & Chocolate Shop,Disney Springs,Latte - Large,Coffee & More,Snack,(hot or iced) Flavor Options: Caramel or Vanilla +$1.00; Non-Dairy Milk +$1.00,9.25,disney-springs/ghirardelli-soda-fountain
2026-09-05,Ghirardelli® Soda Fountain & Chocolate Shop,Disney Springs,Americano - Small,Coffee & More,Snack,(hot or iced),5.95,disney-springs/ghirardelli-soda-fountain
2026-09-05,Ghirardelli® Soda Fountain & Chocolate Shop,Disney Springs,Americano - Medium,Coffee & More,Snack,(hot or iced),6.50,disney-springs/ghirardelli-soda-fountain
2026-09-05,Ghirardelli® Soda Fountain & Chocolate Shop,Disney Springs,Americano - Large,Coffee & More,Snack,(hot or iced),6.95,disney-springs/ghirardelli-soda-fountain
2026-09-05,Ghirardelli® Soda Fountain & Chocolate Shop,Disney Springs,Sodas - Small,Coffee & More,Snack,,5.50,disney-springs/ghirardelli-soda-fountain
2026-09-05,Ghirardelli® Soda Fountain & Chocolate Shop,Disney Springs,Sodas - Medium,Coffee & More,Snack,,5.95,disney-springs/ghirardelli-soda-fountain
2026-09-05,Ghirardelli® Soda Fountain & Chocolate Shop,Disney Springs,Sodas - Large,Coffee & More,Snack,,6.50,disney-springs/ghirardelli-soda-fountain
2026-09-05,Ghirardelli® Soda Fountain & Chocolate Shop,Disney Springs,Bottled Water,Coffee & More,Snack,,5.50,disney-springs/ghirardelli-soda-fountain
2026-09-05,Ghirardelli® Soda Fountain & Chocolate Shop,Disney Springs,Sparkling Bottled Water,Coffee & More,Snack,,6.50,disney-springs/ghirardelli-soda-fountain
2026-09-05,Häagen-Dazs®,Disney Springs,Ice Cream Cup/Cone - Mini,Ice Cream,Snack,,6.75,disney-springs/haagen-dazs-west-side
2026-09-05,Häagen-Dazs®,Disney Springs,Ice Cream Cup/Cone - Small,Ice Cream,Snack,,7.75,disney-springs/haagen-dazs-west-side
2026-09-05,Häagen-Dazs®,Disney Springs,Ice Cream Cup/Cone - Regular,Ice Cream,Snack,,8.75,disney-springs/haagen-dazs-west-side
2026-09-05,Häagen-Dazs®,Disney Springs,Dazzler Sundae - Small,Ice Cream,Snack,Banana Split ∙ Cookies & Cream ∙ Dulce de Leche ∙ Rocky Road ∙ Midnight Cookies & Cream ∙ Mint Chip,9.75,disney-springs/haagen-dazs-west-side
2026-09-05,Häagen-Dazs®,Disney Springs,Dazzler Sundae - Regular,Ice Cream,Snack,Banana Split ∙ Cookies & Cream ∙ Dulce de Leche ∙ Rocky Road ∙ Midnight Cookies & Cream ∙ Mint Chip,10.75,disney-springs/haagen-dazs-west-side
2026-09-05,Häagen-Dazs®,Disney Springs,Build-Your-Own-Sundae - Small,Ice Cream,Snack,Choose any ice cream flavor and 1-2 toppings,9.25,disney-springs/haagen-dazs-west-side
2026-09-05,Häagen-Dazs®,Disney Springs,Build-Your-Own-Sundae - Regular,Ice Cream,Snack,Choose any ice cream flavor and 1-2 toppings,10.25,disney-springs/haagen-dazs-west-side
2026-09-05,Häagen-Dazs®,Disney Springs,Shakes with Toppings - Small,Ice Cream,Snack,Belgian Chocolate ∙ Caramel Cone ∙ Coffee Chip ∙ Cookies & Cream ∙ Dulce de Leche ∙ Irish Cream,9.75,disney-springs/haagen-dazs-west-side
2026-09-05,Häagen-Dazs®,Disney Springs,Shakes with Toppings - Regular,Ice Cream,Snack,Belgian Chocolate ∙ Caramel Cone ∙ Coffee Chip ∙ Cookies & Cream ∙ Dulce de Leche ∙ Irish Cream,10.75,disney-springs/haagen-dazs-west-side
2026-09-05,Häagen-Dazs®,Disney Springs,Build Your Own Shake - Small,Ice Cream,Snack,Choose any ice cream flavor,9.19,disney-springs/haagen-dazs-west-side
2026-09-05,Häagen-Dazs®,Disney Springs,Build Your Own Shake - Regular,Ice Cream,Snack,Choose any ice cream flavor,9.99,disney-springs/haagen-dazs-west-side
2026-09-05,Häagen-Dazs®,Disney Springs,Assorted Ice Cream Bars,Ice Cream,Snack,,5.25,disney-springs/haagen-dazs-west-side
2026-09-05,Häagen-Dazs®,Disney Springs,Waffle Cone,Additional Offerings,Snack,,2.75,disney-springs/haagen-dazs-west-side
2026-09-05,Häagen-Dazs®,Disney Springs,Dipped Waffle Cone,Additional Offerings,Snack,,3.25,disney-springs/haagen-dazs-west-side
2026-09-05,Häagen-Dazs®,Disney Springs,Toppings - Sauces,Additional Offerings,Snack,Hot Fudge ∙ Caramel ∙ Fruit ∙ Homemade Whipped Cream,2.25,disney-springs/haagen-dazs-west-side
2026-09-05,Häagen-Dazs®,Disney Springs,Toppings,Additional Offerings,Snack,Nuts ∙ Cookie Pieces ∙ Sprinkles,1.50,disney-springs/haagen-dazs-west-side
2026-09-05,Häagen-Dazs®,Disney Springs,Coffee Frappe - Small,Frozen Beverages,Snack,Coffee ∙ Dulce ∙ Mocha,9.25,disney-springs/haagen-dazs-west-side
2026-09-05,Häagen-Dazs®,Disney Springs,Coffee Frappe - Regular,Frozen Beverages,Snack,Coffee ∙ Dulce ∙ Mocha,10.25,disney-springs/haagen-dazs-west-side
2026-09-05,Häagen-Dazs®,Disney Springs,Smoothie - Small,Frozen Beverages,Snack,Aloha Mango ∙ Strawberry Mango ∙ Strawberry Banana ∙ Wildberry ∙ Pomegranate Berry,9.75,disney-springs/haagen-dazs-west-side
2026-09-05,Häagen-Dazs®,Disney Springs,Smoothie - Regular,Frozen Beverages,Snack,Aloha Mango ∙ Strawberry Mango ∙ Strawberry Banana ∙ Wildberry ∙ Pomegranate Berry,10.75,disney-springs/haagen-dazs-west-side
2026-09-05,Häagen-Dazs®,Disney Springs,Bottled Drinks,Beverages,Snack,,5.00,disney-springs/haagen-dazs-west-side
2026-09-05,Häagen-Dazs®,Disney Springs,Bottled Water,Beverages,Snack,,4.20,disney-springs/haagen-dazs-west-side
2026-09-05,House of Blues® Restaurant & Bar,Disney Springs,Breakfast Burrito,Brunch Offerings (available Saturday & Sunday / 10am-2pm; Full Menu after 12pm),Brunch,"Flour tortilla, breakfast potatoes, onion, pork sausage, scrambled eggs, bell pepper, avocado, pickled red onion, cilantro crema, roasted tomato cream salsa, cotija & cheddar cheddar cheese",19.00,disney-springs/house-of-blues-restaurant
2026-09-05,House of Blues® Restaurant & Bar,Disney Springs,Breakfast Sandwich,Brunch Offerings (available Saturday & Sunday / 10am-2pm; Full Menu after 12pm),Brunch,"Everything seasoned bun, fried egg, cheddar cheese, maple pork sausage, thick-cut bacon, pickled red onion, seasoned mayo, breakfast potatoes",19.00,disney-springs/house-of-blues-restaurant
2026-09-05,House of Blues® Restaurant & Bar,Disney Springs,Farmhouse Breakfast,Brunch Offerings (available Saturday & Sunday / 10am-2pm; Full Menu after 12pm),Brunch,"Three farm-fresh eggs, breakfast potatoes, choice of sausage or bacon, white or wheat toast. Add Biscuit & Gravy for $8.",19.00,disney-springs/house-of-blues-restaurant
2026-09-05,House of Blues® Restaurant & Bar,Disney Springs,Chicken Biscuits & Gravy,Brunch Offerings (available Saturday & Sunday / 10am-2pm; Full Menu after 12pm),Brunch,"Two biscuits, country gravy, buttermilk fried chicken",19.00,disney-springs/house-of-blues-restaurant
2026-09-05,House of Blues® Restaurant & Bar,Disney Springs,Pig Grits & Shrimp,Brunch Offerings (available Saturday & Sunday / 10am-2pm; Full Menu after 12pm),Brunch,"cheddar & bacon grits, seared shrimp, chimichurri, basil pesto, tomato, crispy bacon",19.00,disney-springs/house-of-blues-restaurant
2026-09-05,House of Blues® Restaurant & Bar,Disney Springs,Chicken 'n' Donuts,Brunch Offerings (available Saturday & Sunday / 10am-2pm; Full Menu after 12pm),Brunch,"Buttermilk fried chicken, maple bacon donuts, bourbon maple syrup, honey sriracha sauce, powdered sugar, chives",20.00,disney-springs/house-of-blues-restaurant
2026-09-05,House of Blues® Restaurant & Bar,Disney Springs,Tennessee Toast,Brunch Offerings (available Saturday & Sunday / 10am-2pm; Full Menu after 12pm),Brunch,"Country Toast, avocado smash, roasted corn salsa, clover honey, sea salt. Add bacon or sausage $4 | Add two eggs $3",15.00,disney-springs/house-of-blues-restaurant
2026-09-05,House of Blues® Restaurant & Bar,Disney Springs,Breakfast Brisket Hash,Brunch Offerings (available Saturday & Sunday / 10am-2pm; Full Menu after 12pm),Brunch,"Breakfast potatoes, smoked brisket, two sunny side up eggs, pickled onion, cilantro crema, cotija cheese",21.00,disney-springs/house-of-blues-restaurant
2026-09-05,House of Blues® Restaurant & Bar,Disney Springs,French Toast,Brunch Offerings (available Saturday & Sunday / 10am-2pm; Full Menu after 12pm),Brunch,"Three thick cut brioche slices, maple syrup, macerated berries, powdered sugar, bourbon butter. Add bacon or sausage $4 | Add two eggs $3",17.00,disney-springs/house-of-blues-restaurant
2026-09-05,House of Blues® Restaurant & Bar,Disney Springs,Bourbon Berry Pancakes,Brunch Offerings (available Saturday & Sunday / 10am-2pm; Full Menu after 12pm),Brunch,"Three huge pancakes, macerated berries, powdered sugar, bourbon butter. Add bacon or sausage $4 | Add two eggs $3",17.00,disney-springs/house-of-blues-restaurant
2026-09-05,House of Blues® Restaurant & Bar,Disney Springs,Yogurt Parfait,Brunch Offerings (available Saturday & Sunday / 10am-2pm; Full Menu after 12pm),Brunch,"Vanilla Greek yogurt, macerated berries, crunchy granola, honey",14.00,disney-springs/house-of-blues-restaurant
2026-09-05,House of Blues® Restaurant & Bar,Disney Springs,Breakfast Pizza,Brunch Offerings (available Saturday & Sunday / 10am-2pm; Full Menu after 12pm),Brunch,"Sausage gravy, cheddar cheese, scrambled eggs, bacon bits",17.00,disney-springs/house-of-blues-restaurant
2026-09-05,House of Blues® Restaurant & Bar,Disney Springs,BBQ Nachos,Lunch Offerings - Appetizers (available Saturday & Sunday / 10am-2pm; Full Menu after 12pm),Brunch,"Four cheese sauce, avocado, roasted corn salsa, pickled red onion, tomato, Memphis BBQ sauce, cilantro crema, cotija cheese. Add Grilled Chicken or Pulled Pork $5. Add Brisket $6.",16.00,disney-springs/house-of-blues-restaurant
2026-09-05,House of Blues® Restaurant & Bar,Disney Springs,Crispy Fried Tenders,Lunch Offerings - Appetizers (available Saturday & Sunday / 10am-2pm; Full Menu after 12pm),Brunch,"choose a style: Hot Honey or Charred Lemon & Garlic (crispy onions, ranch dressing)",16.00,disney-springs/house-of-blues-restaurant
2026-09-05,House of Blues® Restaurant & Bar,Disney Springs,Spinach Artichoke Dip,Lunch Offerings - Appetizers (available Saturday & Sunday / 10am-2pm; Full Menu after 12pm),Brunch,"Blistered tomato, Cajun-spiced tortilla chips",15.00,disney-springs/house-of-blues-restaurant
2026-09-05,House of Blues® Restaurant & Bar,Disney Springs,Mac & Cheese Skillet,Lunch Offerings - Appetizers (available Saturday & Sunday / 10am-2pm; Full Menu after 12pm),Brunch,"four cheese sauce, topped with toasted breadcrumbs. Add Pulled Pork $5, Brisket $6, or Cajun Shrimp $7",12.00,disney-springs/house-of-blues-restaurant
2026-09-05,House of Blues® Restaurant & Bar,Disney Springs,Chicken Caesar Salad,Lunch Offerings - Greens (available Saturday & Sunday / 10am-2pm; Full Menu after 12pm),Brunch,"grilled chicken, romaine, Parmesan, cornbread croutons, Caesar dressing. Add USDA Prime Steak* $12 | Salmon* $15 | Chicken Breast $6 | Cajun Shrimp $7",18.00,disney-springs/house-of-blues-restaurant
2026-09-05,House of Blues® Restaurant & Bar,Disney Springs,Cobb Salad,Lunch Offerings - Greens (available Saturday & Sunday / 10am-2pm; Full Menu after 12pm),Brunch,"romaine, grilled chicken, avocado, tomato, blue cheese crumble, bacon, hard-boiled egg, blue cheese dressing. Add USDA Prime Steak* $12 | Salmon* $15 | Chicken Breast $6 | Cajun Shrimp $7",20.00,disney-springs/house-of-blues-restaurant
2026-09-05,House of Blues® Restaurant & Bar,Disney Springs,HOB Smash Burger*,Lunch Offerings - Sandwiches and Burgers (available Saturday & Sunday / 10am-2pm; Full Menu after 12pm),Brunch,"double patty, brioche bun, American cheese, lettuce, tomato, garlic aioli, red onion, dill pickle chips. Served with French fries. Add Cotija Garlic or Cajun, or a fried egg $2",19.00,disney-springs/house-of-blues-restaurant
2026-09-05,House of Blues® Restaurant & Bar,Disney Springs,BBQ Bacon Smash Burger*,Lunch Offerings - Sandwiches and Burgers (available Saturday & Sunday / 10am-2pm; Full Menu after 12pm),Brunch,"double patty, brioche bun, cheddar cheese, applewood bacon, crispy onions, Memphis BBQ sauce. Served with French fries. Add Cotija Garlic or Cajun, or a fried egg $2",21.00,disney-springs/house-of-blues-restaurant
2026-09-05,House of Blues® Restaurant & Bar,Disney Springs,The Yardbird,Lunch Offerings - Sandwiches and Burgers (available Saturday & Sunday / 10am-2pm; Full Menu after 12pm),Brunch,"bourbon-butter-brushed fried chicken breast, brioche bun, house-made slaw, seasoned mayo, dill pickle chips (available simply grilled). Served with French fries. Add Cotija Garlic or Cajun, or a fried egg $2",18.00,disney-springs/house-of-blues-restaurant
2026-09-05,House of Blues® Restaurant & Bar,Disney Springs,Smoked Brisket Sandwich,Lunch Offerings - Sandwiches and Burgers (available Saturday & Sunday / 10am-2pm; Full Menu after 12pm),Brunch,"roasted garlic & herb aioli, crispy onions, garlic butter, brioche bun. Served with French fries. Add Cotija Garlic or Cajun, or a fried egg $2",19.00,disney-springs/house-of-blues-restaurant
2026-09-05,House of Blues® Restaurant & Bar,Disney Springs,Jambalaya,Lunch Offerings - Mains (available Saturday & Sunday / 10am-2pm; Full Menu after 12pm),Brunch,"sautéed chicken, andouille sausage, onion, bell pepper, celery, cajun rice. Add Cajun Shrimp $8 | Cup of gumbo $7 |, side Caesar or southern salad $6.",25.00,disney-springs/house-of-blues-restaurant
2026-09-05,House of Blues® Restaurant & Bar,Disney Springs,Cajun Chicken Pasta,Lunch Offerings - Mains (available Saturday & Sunday / 10am-2pm; Full Menu after 12pm),Brunch,"blackened chicken, penne pasta, Cajun cream sauce, bell pepper, tomato, red onion, basil, parmesan. Add Cajun Shrimp $8 | Cup of gumbo $7 |, side Caesar or southern salad $6.",26.00,disney-springs/house-of-blues-restaurant
2026-09-05,House of Blues® Restaurant & Bar,Disney Springs,Pancakes,Kids' Meals,Brunch,"Three pancakes, maple syrup, seasonal fruit",11.00,disney-springs/house-of-blues-restaurant
2026-09-05,House of Blues® Restaurant & Bar,Disney Springs,Kids Farmhouse Breakfast,Kids' Meals,Brunch,"Scrambled Eggs, sausage links or bacon, seasonal fruit",11.00,disney-springs/house-of-blues-restaurant
2026-09-05,House of Blues® Restaurant & Bar,Disney Springs,French Toast,Kids' Meals,Brunch,"Two slices of French Toast, seasonal fruit",11.00,disney-springs/house-of-blues-restaurant
2026-09-05,House of Blues® Restaurant & Bar,Disney Springs,Two Eggs,Sides,Brunch,,5.00,disney-springs/house-of-blues-restaurant
2026-09-05,House of Blues® Restaurant & Bar,Disney Springs,Applewood Bacon,Sides,Brunch,,6.00,disney-springs/house-of-blues-restaurant
2026-09-05,House of Blues® Restaurant & Bar,Disney Springs,Sausage Patty or Links,Sides,Brunch,,6.00,disney-springs/house-of-blues-restaurant
2026-09-05,House of Blues® Restaurant & Bar,Disney Springs,Seasonal Fruit,Sides,Brunch,,5.00,disney-springs/house-of-blues-restaurant
2026-09-05,House of Blues® Restaurant & Bar,Disney Springs,Biscuit & Gravy,Sides,Brunch,,8.00,disney-springs/house-of-blues-restaurant
2026-09-05,House of Blues® Restaurant & Bar,Disney Springs,Breakfast Potatoes,Sides,Brunch,,5.00,disney-springs/house-of-blues-restaurant
2026-09-05,House of Blues® Restaurant & Bar,Disney Springs,Maple Bacon Donuts,Sides,Brunch,,8.00,disney-springs/house-of-blues-restaurant
2026-09-05,House of Blues® Restaurant & Bar,Disney Springs,Cheddar & Bacon Grits,Sides,Brunch,,5.00,disney-springs/house-of-blues-restaurant
2026-09-05,House of Blues® Restaurant & Bar,Disney Springs,Coffee,Refreshers,Brunch,,5.00,disney-springs/house-of-blues-restaurant
2026-09-05,House of Blues® Restaurant & Bar,Disney Springs,Numi Premium Organic Hot Teas,Refreshers,Brunch; Lunch; Dinner,,5.00,disney-springs/house-of-blues-restaurant
2026-09-05,House of Blues® Restaurant & Bar,Disney Springs,Dasani Bottled Water 20 oz.,Refreshers,Brunch; Lunch; Dinner,,5.00,disney-springs/house-of-blues-restaurant
2026-09-05,House of Blues® Restaurant & Bar,Disney Springs,San Pellegrino Sparkling Water 16.9 oz.,Refreshers,Brunch; Lunch; Dinner,,6.00,disney-springs/house-of-blues-restaurant
2026-09-05,House of Blues® Restaurant & Bar,Disney Springs,Owen's Espresso Martini Mix 8oz,Refreshers,Brunch; Lunch; Dinner,,6.00,disney-springs/house-of-blues-restaurant
2026-09-05,House of Blues® Restaurant & Bar,Disney Springs,Energy Drink,Refreshers,Brunch; Lunch; Dinner,"Regular, Sugar Free, or Red (Watermelon)",7.00,disney-springs/house-of-blues-restaurant
2026-09-05,House of Blues® Restaurant & Bar,Disney Springs,Milkshakes,Refreshers,Brunch,"Chocolate, Cookies & Cream, Strawberry, or Vanilla. Add a Shot of Tito's, Jack Daniels, Malibu, or Bailey's for $5.",10.00,disney-springs/house-of-blues-restaurant
2026-09-05,House of Blues® Restaurant & Bar,Disney Springs,Iced Tea or Lemonade,Refreshers,Brunch; Lunch; Dinner,,5.00,disney-springs/house-of-blues-restaurant
2026-09-05,House of Blues® Restaurant & Bar,Disney Springs,Fountain Drinks,Refreshers,Brunch; Lunch; Dinner,,5.00,disney-springs/house-of-blues-restaurant
2026-09-05,House of Blues® Restaurant & Bar,Disney Springs,Bottomless Mimosas & Bloody Marys,Cocktails,Brunch,22.00 per person,22.00,disney-springs/house-of-blues-restaurant
2026-09-05,House of Blues® Restaurant & Bar,Disney Springs,Morning Mule,Cocktails,Brunch,"Tito's handmade vodka, orange, ginger beer",15.00,disney-springs/house-of-blues-restaurant
2026-09-05,House of Blues® Restaurant & Bar,Disney Springs,Barrel Aged,Cocktails,Brunch; Lunch; Dinner,"Old Forester 86 bourbon, espresso-infused Carpano Antica Formula and Giffard Vanille de Madagascar, aged in American oak barrels",17.00,disney-springs/house-of-blues-restaurant
2026-09-05,House of Blues® Restaurant & Bar,Disney Springs,Havana Twist Mojito,Cocktails,Brunch; Lunch; Dinner,"Cruzan aged light rum, mint, raspberry, blackberry, lime",16.00,disney-springs/house-of-blues-restaurant
2026-09-05,House of Blues® Restaurant & Bar,Disney Springs,Aperol Spritz,Cocktails,Brunch,"Aperol, sparkling wine, lime",15.00,disney-springs/house-of-blues-restaurant
2026-09-05,House of Blues® Restaurant & Bar,Disney Springs,Bellini Bliss,Cocktails,Brunch,"sparkling wine, passion fruit",15.00,disney-springs/house-of-blues-restaurant
2026-09-05,House of Blues® Restaurant & Bar,Disney Springs,#INEEDCOFFEE,Cocktails,Brunch,"Ron Centenario 9 yr rum, chocolate bitters, Owen’s Espresso Martini Mix",16.00,disney-springs/house-of-blues-restaurant
2026-09-05,House of Blues® Restaurant & Bar,Disney Springs,Memphis Blues Sangria,Cocktails,Brunch; Lunch; Dinner,"red or white wine, brandy, fresh fruits and juices",46.00,disney-springs/house-of-blues-restaurant
2026-09-05,House of Blues® Restaurant & Bar,Disney Springs,Raspberry Paradise,Cocktails,Brunch,"Raspberry, strawberry, lime & lemon (Non-Alcoholic)",10.00,disney-springs/house-of-blues-restaurant
2026-09-05,House of Blues® Restaurant & Bar,Disney Springs,Cigar City Jai Alai,Beer,Brunch,"Tampa, FL | India Pale Ale | 16oz Can",12.00,disney-springs/house-of-blues-restaurant
2026-09-05,House of Blues® Restaurant & Bar,Disney Springs,Crooked Can High Stepper,Beer,Brunch,"Winter Garden, FL | American IPA | 16oz Can",12.00,disney-springs/house-of-blues-restaurant
2026-09-05,House of Blues® Restaurant & Bar,Disney Springs,Crooked Can Florida Sunshine,Beer,Brunch,"Winter Garden, FL | Lager | 16oz Can",12.00,disney-springs/house-of-blues-restaurant
2026-09-05,House of Blues® Restaurant & Bar,Disney Springs,"Brew Bus You’re My Boy, Blue!",Beer,Brunch,"Tampa, FL | Blueberry Wheat Ale | 16oz Can",12.00,disney-springs/house-of-blues-restaurant
2026-09-05,House of Blues® Restaurant & Bar,Disney Springs,Kona Big Wave,Beer,Brunch,"Kailua Kona, HI | Golden Ale | 16oz Can",12.00,disney-springs/house-of-blues-restaurant
2026-09-05,House of Blues® Restaurant & Bar,Disney Springs,Blue Moon,Beer,Brunch; Lunch; Dinner,,9.00,disney-springs/house-of-blues-restaurant
2026-09-05,House of Blues® Restaurant & Bar,Disney Springs,Corona Extra,Beer,Brunch; Lunch; Dinner,,9.00,disney-springs/house-of-blues-restaurant
2026-09-05,House of Blues® Restaurant & Bar,Disney Springs,Modelo Especial,Beer,Brunch; Lunch; Dinner,,9.00,disney-springs/house-of-blues-restaurant
2026-09-05,House of Blues® Restaurant & Bar,Disney Springs,Stella Artois,Beer,Brunch; Lunch; Dinner,,9.00,disney-springs/house-of-blues-restaurant
2026-09-05,House of Blues® Restaurant & Bar,Disney Springs,Samuel Adams Seasonal,Beer,Brunch,,9.00,disney-springs/house-of-blues-restaurant
2026-09-05,House of Blues® Restaurant & Bar,Disney Springs,Bud Light,Beer,Brunch; Lunch; Dinner,,8.00,disney-springs/house-of-blues-restaurant
2026-09-05,House of Blues® Restaurant & Bar,Disney Springs,Miller Lite,Beer,Brunch; Lunch; Dinner,,8.00,disney-springs/house-of-blues-restaurant
2026-09-05,House of Blues® Restaurant & Bar,Disney Springs,Michelob Ultra,Beer,Brunch; Lunch; Dinner,,8.00,disney-springs/house-of-blues-restaurant
2026-09-05,House of Blues® Restaurant & Bar,Disney Springs,Dogfish Head Grateful Dead Juicy Pale Ale,Beer,Brunch,,11.00,disney-springs/house-of-blues-restaurant
2026-09-05,House of Blues® Restaurant & Bar,Disney Springs,Yuengling,Beer,Brunch; Lunch; Dinner,,8.00,disney-springs/house-of-blues-restaurant
2026-09-05,House of Blues® Restaurant & Bar,Disney Springs,Angry Orchard Crisp Apple Hard Cider,Beer,Brunch,,8.00,disney-springs/house-of-blues-restaurant
2026-09-05,House of Blues® Restaurant & Bar,Disney Springs,Sun Cruiser Iced Tea,Beer,Brunch,,11.00,disney-springs/house-of-blues-restaurant
2026-09-05,House of Blues® Restaurant & Bar,Disney Springs,Voodoo Ranger IPA,Beer,Brunch,,11.00,disney-springs/house-of-blues-restaurant
2026-09-05,House of Blues® Restaurant & Bar,Disney Springs,Truly Hard Seltzer,Beer,Brunch,,9.00,disney-springs/house-of-blues-restaurant
2026-09-05,House of Blues® Restaurant & Bar,Disney Springs,High Noon Hard Seltzer,Beer,Brunch; Lunch; Dinner,,11.00,disney-springs/house-of-blues-restaurant
2026-09-05,House of Blues® Restaurant & Bar,Disney Springs,Athletic Brewing Co. Atletica Mexican-Style NA Copper,Beer,Brunch,,9.00,disney-springs/house-of-blues-restaurant
2026-09-05,House of Blues® Restaurant & Bar,Disney Springs,Mionetto - Prosecco (Split),Wine,Brunch,,12.00,disney-springs/house-of-blues-restaurant
2026-09-05,House of Blues® Restaurant & Bar,Disney Springs,LEOS - Rosé,Wine,Brunch,,39.00,disney-springs/house-of-blues-restaurant
2026-09-05,House of Blues® Restaurant & Bar,Disney Springs,Justin - Sauvignon Blanc,Wine,Brunch,,39.00,disney-springs/house-of-blues-restaurant
2026-09-05,House of Blues® Restaurant & Bar,Disney Springs,Line 39 - Chardonnay,Wine,Brunch,,34.00,disney-springs/house-of-blues-restaurant
2026-09-05,House of Blues® Restaurant & Bar,Disney Springs,Ferrari-Carano - Chardonnay,Wine,Brunch,,39.00,disney-springs/house-of-blues-restaurant
2026-09-05,House of Blues® Restaurant & Bar,Disney Springs,Banshee - Pinot Noir,Wine,Brunch,,39.00,disney-springs/house-of-blues-restaurant
2026-09-05,House of Blues® Restaurant & Bar,Disney Springs,Line 39 - Red Blend,Wine,Brunch,,34.00,disney-springs/house-of-blues-restaurant
2026-09-05,House of Blues® Restaurant & Bar,Disney Springs,LVE (By John Legend) - Red Blend,Wine,Brunch,,56.00,disney-springs/house-of-blues-restaurant
2026-09-05,House of Blues® Restaurant & Bar,Disney Springs,Decoy by Duckhorn - Cabernet Sauvignon,Wine,Brunch,,42.00,disney-springs/house-of-blues-restaurant
2026-09-05,House of Blues® Restaurant & Bar,Disney Springs,"Beatbox Blueberry Lemonade, Fruit Punch",Wine,Brunch,,23.00,disney-springs/house-of-blues-restaurant
2026-09-05,House of Blues® Restaurant & Bar,Disney Springs,"Bonanza, Cabernet Sauvignon",Wine,Brunch,,39.00,disney-springs/house-of-blues-restaurant
2026-09-05,House of Blues® Restaurant & Bar,Disney Springs,"Coppola Diamond Collection Prosecco (Split), California",Wine,Brunch,,12.00,disney-springs/house-of-blues-restaurant
2026-09-05,House of Blues® Restaurant & Bar,Disney Springs,BBQ Nachos,Appetizers,Lunch; Dinner,"Four cheese sauce, avocado, roasted corn salsa, pickled red onion, tomato, Memphis BBQ sauce, cilantro crema, cotija cheese. Add Pulled Pork $5. Add Grilled Chicken or Brisket $6.",16.00,disney-springs/house-of-blues-restaurant
2026-09-05,House of Blues® Restaurant & Bar,Disney Springs,Smoked Buffalo Wings,Appetizers,Lunch; Dinner,"chives, blue cheese dressing",18.00,disney-springs/house-of-blues-restaurant
2026-09-05,House of Blues® Restaurant & Bar,Disney Springs,Crispy Fried Tenders,Appetizers,Lunch; Dinner,"choose a style: Hot Honey or Charred Lemon & Garlic (crispy onions, ranch dressing)",16.00,disney-springs/house-of-blues-restaurant
2026-09-05,House of Blues® Restaurant & Bar,Disney Springs,Voodoo Shrimp,Appetizers,Lunch; Dinner,"Sautéed shrimp, tomato, jalapeño-cheese cornbread, Abita Amber beer reduction, scallion",20.00,disney-springs/house-of-blues-restaurant
2026-09-05,House of Blues® Restaurant & Bar,Disney Springs,Spinach Artichoke Dip,Appetizers,Lunch; Dinner,"Blistered tomato, Cajun-spiced tortilla chips",15.00,disney-springs/house-of-blues-restaurant
2026-09-05,House of Blues® Restaurant & Bar,Disney Springs,Mac & Cheese Skillet,Appetizers,Lunch; Dinner,"four cheese sauce, topped with toasted breadcrumbs. Add Pulled Pork $5, Brisket $6, or Cajun Shrimp $7",12.00,disney-springs/house-of-blues-restaurant
2026-09-05,House of Blues® Restaurant & Bar,Disney Springs,Loaded Fries,Appetizers,Lunch; Dinner,"Jalapeño-Bacon, four cheese sauce, red onion, cilantro crema, cotija cheese. Add Grilled Chicken or Pulled Pork $5 | Brisket $6.",16.00,disney-springs/house-of-blues-restaurant
2026-09-05,House of Blues® Restaurant & Bar,Disney Springs,Gumbo,Appetizers,Lunch; Dinner,"andouille sausage, chicken, onion, bell pepper, celery, Cajun rice. Add Cajun Shrimp $8.",10.00,disney-springs/house-of-blues-restaurant
2026-09-05,House of Blues® Restaurant & Bar,Disney Springs,Jalapeño Cornbread,Appetizers,Lunch; Dinner,"asiago cheese, bourbon butter",11.00,disney-springs/house-of-blues-restaurant
2026-09-05,House of Blues® Restaurant & Bar,Disney Springs,Southern Salad,Greens,Lunch; Dinner,"mixed field greens, Fuji apple, fennel, white cheddar cheese, toasted pecans, with champagne vinaigrette. Add USDA Prime Steak* $13 | Salmon* $15 | Chicken Breast $6 | Cajun Shrimp $8",15.00,disney-springs/house-of-blues-restaurant
2026-09-05,House of Blues® Restaurant & Bar,Disney Springs,Chicken Caesar Salad,Greens,Lunch; Dinner,"grilled chicken, romaine, Parmesan, cornbread croutons, Caesar dressing. Add USDA Prime Steak* $13 | Salmon* $15 | Chicken Breast $6 | Cajun Shrimp $8",18.00,disney-springs/house-of-blues-restaurant
2026-09-05,House of Blues® Restaurant & Bar,Disney Springs,Steak Salad*,Greens,Lunch; Dinner,"mixed field greens, cherry tomatoes, toasted almonds, blue cheese crumbles, red onion, cucumber, balsamic vinaigrette* | add Salmon* $15 | Chicken Breast $6 | Cajun Shrimp $8",24.00,disney-springs/house-of-blues-restaurant
2026-09-05,House of Blues® Restaurant & Bar,Disney Springs,Cobb Salad,Greens,Lunch; Dinner,"romaine, grilled chicken, avocado, tomato, blue cheese crumble, bacon, hard-boiled egg, blue cheese dressing. Add USDA Prime Steak* $13 | Salmon* $15 | Chicken Breast $6 | Cajun Shrimp $8",21.00,disney-springs/house-of-blues-restaurant
2026-09-05,House of Blues® Restaurant & Bar,Disney Springs,Crispy Buffalo Chicken Salad,Greens,Lunch; Dinner,"romaine, tomato, red onion, corn salsa, red beans, chives, ranch dressing. Add USDA Prime Steak* $13 | Salmon* $15 | Chicken Breast $6 | Cajun Shrimp $8",19.00,disney-springs/house-of-blues-restaurant
2026-09-05,House of Blues® Restaurant & Bar,Disney Springs,Jambalaya,Mains,Lunch; Dinner,"sautéed chicken, andouille sausage, onion, bell pepper, celery, cajun rice. Add Cajun Shrimp $8 | Cup of gumbo $7 |, side Caesar or southern salad $6.",25.00,disney-springs/house-of-blues-restaurant
2026-09-05,House of Blues® Restaurant & Bar,Disney Springs,Bluesville Hot Chicken,Mains,Lunch; Dinner,"Two crispy-fried chicken breasts, Nashville rub, house-made slaw, French fries, dill pickle, honey on the side (available plain). Add Cup of Gumbo $7 | Side Caesar or Southern Salad $6.",24.00,disney-springs/house-of-blues-restaurant
2026-09-05,House of Blues® Restaurant & Bar,Disney Springs,Blackened Salmon*,Mains,Lunch; Dinner,"Cajun rice, seasonal vegetables, blistered tomato, charred lemon. Add Cup of Gumbo $7 | Side Caesar or Southern Salad $6.",33.00,disney-springs/house-of-blues-restaurant
2026-09-05,House of Blues® Restaurant & Bar,Disney Springs,Shrimp N' Grits,Mains,Lunch; Dinner,"sauteed shrimp, chipotle cream sauce, chives, crispy cotija cheese grit cake. Add Andouille Sausage $3 | Add Cup of Gumbo $7 | Side Caesar or Southern Salad $6.",26.00,disney-springs/house-of-blues-restaurant
2026-09-05,House of Blues® Restaurant & Bar,Disney Springs,Cajun Chicken Pasta,Mains,Lunch; Dinner,"blackened chicken, penne pasta, Cajun cream sauce, bell pepper, tomato, red onion, basil, parmesan. Add Cajun Shrimp $8 | Cup of Gumbo $7 | Side Caesar or Southern Salad $6.",26.00,disney-springs/house-of-blues-restaurant
2026-09-05,House of Blues® Restaurant & Bar,Disney Springs,HOB Smash Burger*,Sandwiches and Burgers,Lunch; Dinner,"double patty, brioche bun, American cheese, lettuce, tomato, garlic aioli, red onion, dill pickle. Served with French fries (Add Cotija Garlic or Cajun $2).",19.00,disney-springs/house-of-blues-restaurant
2026-09-05,House of Blues® Restaurant & Bar,Disney Springs,BBQ Bacon Smash Burger*,Sandwiches and Burgers,Lunch; Dinner,"double patty, brioche bun, cheddar cheese, applewood bacon, crispy onions, Memphis BBQ sauce. Served with French fries (Add Cotija Garlic or Cajun $2).",21.00,disney-springs/house-of-blues-restaurant
2026-09-05,House of Blues® Restaurant & Bar,Disney Springs,Impossible Burger™,Sandwiches and Burgers,Lunch; Dinner,"built 100% vegan - Impossible™ burger patty, American cheese, shredded romaine, secret sauce, dill pickle. Served with French fries (Add Cotija Garlic or Cajun $2). Make your burger a double $5.",19.00,disney-springs/house-of-blues-restaurant
2026-09-05,House of Blues® Restaurant & Bar,Disney Springs,Shrimp Po'Boy,Sandwiches and Burgers,Lunch; Dinner,"fried Cajun shrimp, French bread, spiced remoulade, lettuce, dill pickle, tomato. Served with French fries (Add Cotija Garlic or Cajun $2).",21.00,disney-springs/house-of-blues-restaurant
2026-09-05,House of Blues® Restaurant & Bar,Disney Springs,Market Fish Sandwich,Sandwiches and Burgers,Lunch; Dinner,"Brioche bun, spiced remoulade, red onion, charred lemon & garlic slaw, pickle (available blackened, fried, simply grilled)*. Served with French fries (Add Cotija Garlic or Cajun $2).",21.00,disney-springs/house-of-blues-restaurant
2026-09-05,House of Blues® Restaurant & Bar,Disney Springs,The Yardbird,Sandwiches and Burgers,Lunch; Dinner,"bourbon-butter-brushed fried chicken breast, brioche bun, house-made slaw, seasoned mayo, dill pickle (available simply grilled). Served with French fries (Add Cotija Garlic or Cajun $2).",19.00,disney-springs/house-of-blues-restaurant
2026-09-05,House of Blues® Restaurant & Bar,Disney Springs,Smoked Brisket Sandwich,Sandwiches and Burgers,Lunch; Dinner,"roasted garlic & herb aioli, crispy onions, garlic butter, brioche bun. Served with French fries (Add Cotija Garlic or Cajun $2)",19.00,disney-springs/house-of-blues-restaurant
2026-09-05,House of Blues® Restaurant & Bar,Disney Springs,Pulled Pork Sandwich,Sandwiches and Burgers,Lunch; Dinner,"Memphis BBQ sauce, house-made slaw, dill pickle, brioche bun. Served with French fries (Add Cotija Garlic or Cajun $2).",18.00,disney-springs/house-of-blues-restaurant
2026-09-05,House of Blues® Restaurant & Bar,Disney Springs,Roasted Garlic Mashed Potatoes,Sides,Lunch; Dinner,,7.00,disney-springs/house-of-blues-restaurant
2026-09-05,House of Blues® Restaurant & Bar,Disney Springs,Cajun Rice,Sides,Lunch; Dinner,,6.00,disney-springs/house-of-blues-restaurant
2026-09-05,House of Blues® Restaurant & Bar,Disney Springs,Seasonal Vegetables,Sides,Lunch; Dinner,,9.00,disney-springs/house-of-blues-restaurant
2026-09-05,House of Blues® Restaurant & Bar,Disney Springs,French Fries,Sides,Lunch; Dinner,Cotija Garlic or Cajun $2,5.00,disney-springs/house-of-blues-restaurant
2026-09-05,House of Blues® Restaurant & Bar,Disney Springs,Mac & Cheese,Sides,Lunch; Dinner,,6.00,disney-springs/house-of-blues-restaurant
2026-09-05,House of Blues® Restaurant & Bar,Disney Springs,Key Lime Pie,Desserts,Lunch; Dinner,"coconut graham cracker crust, whipped cream, lime zest, shaved coconut",10.00,disney-springs/house-of-blues-restaurant
2026-09-05,House of Blues® Restaurant & Bar,Disney Springs,Bread Pudding,Desserts,Lunch; Dinner,with bourbon butter and toffee sauce (serves two),16.00,disney-springs/house-of-blues-restaurant
2026-09-05,House of Blues® Restaurant & Bar,Disney Springs,House of Chocolate Cake,Desserts,Lunch; Dinner,"buttercream, berries, vanilla",14.00,disney-springs/house-of-blues-restaurant
2026-09-05,House of Blues® Restaurant & Bar,Disney Springs,Milkshakes,Desserts,Lunch; Dinner,"Chocolate, Cookies & Cream, Strawberry, or Vanilla. Add a Shot of Tito's, Jack Daniels, Malibu, or Bailey's for $5.",10.00,disney-springs/house-of-blues-restaurant
2026-09-05,House of Blues® Restaurant & Bar,Disney Springs,Cheese Pizza or Pepperoni Pizza,Kids' Meals,Lunch; Dinner,served with a side of fresh fruit,10.00,disney-springs/house-of-blues-restaurant
2026-09-05,House of Blues® Restaurant & Bar,Disney Springs,Chicken Tenders,Kids' Meals,Lunch; Dinner,served with a side of fresh fruit,10.00,disney-springs/house-of-blues-restaurant
2026-09-05,House of Blues® Restaurant & Bar,Disney Springs,Cheeseburger,Kids' Meals,Lunch; Dinner,served with a side of fresh fruit,10.00,disney-springs/house-of-blues-restaurant
2026-09-05,House of Blues® Restaurant & Bar,Disney Springs,Hot Dog,Kids' Meals,Lunch; Dinner,served with a side of fresh fruit,10.00,disney-springs/house-of-blues-restaurant
2026-09-05,House of Blues® Restaurant & Bar,Disney Springs,Mac & Cheese,Kids' Meals,Lunch; Dinner,served with a side of fresh fruit,10.00,disney-springs/house-of-blues-restaurant
2026-09-05,House of Blues® Restaurant & Bar,Disney Springs,Scoop of Ice Cream,Kids' Meals,Lunch; Dinner,,2.00,disney-springs/house-of-blues-restaurant
2026-09-05,House of Blues® Restaurant & Bar,Disney Springs,Ice Cream Sundae,Kids' Meals,Lunch; Dinner,,3.50,disney-springs/house-of-blues-restaurant
2026-09-05,House of Blues® Restaurant & Bar,Disney Springs,Chocolate Chip Cookies,Kids' Meals,Lunch; Dinner,,2.00,disney-springs/house-of-blues-restaurant
2026-09-05,House of Blues® Restaurant & Bar,Disney Springs,Espresso Martini,Cocktails,Lunch; Dinner,"Belvedere vodka, Giffard Vanille de Madagascar, Kahlúa, Owen’s Espresso Martini Mix",17.00,disney-springs/house-of-blues-restaurant
2026-09-05,House of Blues® Restaurant & Bar,Disney Springs,Beast of Bourbon,Cocktails,Lunch; Dinner,"Knob Creek bourbon, maple syrup, chocolate bitters, orange",17.00,disney-springs/house-of-blues-restaurant
2026-09-05,House of Blues® Restaurant & Bar,Disney Springs,Crossroads Cadillac Margarita,Cocktails,Lunch; Dinner,"Espolòn reposado tequila, triple sec, sweet & sour, Grand Marnier",17.00,disney-springs/house-of-blues-restaurant
2026-09-05,House of Blues® Restaurant & Bar,Disney Springs,Fire Arrow Margarita,Cocktails,Lunch; Dinner,"Flecha Azul blanco, Bittermens Hellfire, Cointreau, passion fruit, lime, agave",16.00,disney-springs/house-of-blues-restaurant
2026-09-05,House of Blues® Restaurant & Bar,Disney Springs,Strawberry Fields,Cocktails,Lunch; Dinner,"Captain Morgan spiced rum, Disaronno amaretto, strawberry, passion fruit, mint, lime",16.00,disney-springs/house-of-blues-restaurant
2026-09-05,House of Blues® Restaurant & Bar,Disney Springs,Rock Me Hurricane,Cocktails,Lunch; Dinner,"Cruzan aged light and spiced rums, orange, lime, passion fruit, pomegranate, Myers’s dark rum",17.00,disney-springs/house-of-blues-restaurant
2026-09-05,House of Blues® Restaurant & Bar,Disney Springs,Hound Dog Mule,Cocktails,Lunch; Dinner,"Wheatley vodka, Owen’s ginger beer & grapefruit, lime",16.00,disney-springs/house-of-blues-restaurant
2026-09-05,House of Blues® Restaurant & Bar,Disney Springs,Green Gator,Cocktails,Lunch; Dinner,"Siesta Key Toasted Coconut rum, Midori melon liqueur, pineapple",16.00,disney-springs/house-of-blues-restaurant
2026-09-05,House of Blues® Restaurant & Bar,Disney Springs,Mionetto - Prosecco (Split),Sparkling Wine,Lunch; Dinner,,12.00,disney-springs/house-of-blues-restaurant
2026-09-05,House of Blues® Restaurant & Bar,Disney Springs,Santa Margherita - Pinot Grigio,White / Rosé Wines,Lunch; Dinner,,44.00,disney-springs/house-of-blues-restaurant
2026-09-05,House of Blues® Restaurant & Bar,Disney Springs,LEOS - Rosé,White / Rosé Wines,Lunch; Dinner,,39.00,disney-springs/house-of-blues-restaurant
2026-09-05,House of Blues® Restaurant & Bar,Disney Springs,Justin - Sauvignon Blanc,White / Rosé Wines,Lunch; Dinner,,39.00,disney-springs/house-of-blues-restaurant
2026-09-05,House of Blues® Restaurant & Bar,Disney Springs,Line 39 - Chardonnay,White / Rosé Wines,Lunch; Dinner,,34.00,disney-springs/house-of-blues-restaurant
2026-09-05,House of Blues® Restaurant & Bar,Disney Springs,Ferrari-Carano - Chardonnay,White / Rosé Wines,Lunch; Dinner,,39.00,disney-springs/house-of-blues-restaurant
2026-09-05,House of Blues® Restaurant & Bar,Disney Springs,Banshee - Pinot Noir,Red Wine,Lunch; Dinner,,39.00,disney-springs/house-of-blues-restaurant
2026-09-05,House of Blues® Restaurant & Bar,Disney Springs,Line 39 - Red Blend,Red Wine,Lunch; Dinner,,34.00,disney-springs/house-of-blues-restaurant
2026-09-05,House of Blues® Restaurant & Bar,Disney Springs,LVE (By John Legend) - Red Blend,Red Wine,Lunch; Dinner,,56.00,disney-springs/house-of-blues-restaurant
2026-09-05,House of Blues® Restaurant & Bar,Disney Springs,J. Lohr - Cabernet Sauvignon,Red Wine,Lunch; Dinner,,39.00,disney-springs/house-of-blues-restaurant
2026-09-05,House of Blues® Restaurant & Bar,Disney Springs,Decoy by Duckhorn - Cabernet Sauvignon,Red Wine,Lunch; Dinner,,42.00,disney-springs/house-of-blues-restaurant
2026-09-05,House of Blues® Restaurant & Bar,Disney Springs,Cigar City Jai Alai,Beer,Lunch; Dinner,"Tampa, FL | India Pale Ale | 16oz Can",13.00,disney-springs/house-of-blues-restaurant
2026-09-05,House of Blues® Restaurant & Bar,Disney Springs,Crooked Can High Stepper,Beer,Lunch; Dinner,"Winter Garden, FL | American IPA | 16oz Can",13.00,disney-springs/house-of-blues-restaurant
2026-09-05,House of Blues® Restaurant & Bar,Disney Springs,Crooked Can Florida Sunshine,Beer,Lunch; Dinner,"Winter Garden, FL | Lager | 16oz Can",13.00,disney-springs/house-of-blues-restaurant
2026-09-05,House of Blues® Restaurant & Bar,Disney Springs,"Brew Bus You’re My Boy, Blue!",Beer,Lunch; Dinner,"Tampa, FL | Blueberry Wheat Ale | 16oz Can",13.00,disney-springs/house-of-blues-restaurant
2026-09-05,House of Blues® Restaurant & Bar,Disney Springs,D9 Hakuna Matata,Beer,Lunch; Dinner,"Doral, FL | Tropical IPA | 16oz Can",13.00,disney-springs/house-of-blues-restaurant
2026-09-05,House of Blues® Restaurant & Bar,Disney Springs,Kona Big Wave,Beer,Lunch; Dinner,"Kailua Kona, HI | Golden Ale | 16oz Can",13.00,disney-springs/house-of-blues-restaurant
2026-09-05,House of Blues® Restaurant & Bar,Disney Springs,Golden Road Mango Cart,Beer,Lunch; Dinner,"Los Angeles, California | Mango Wheat Ale | 16 oz Can",13.00,disney-springs/house-of-blues-restaurant
2026-09-05,House of Blues® Restaurant & Bar,Disney Springs,Sam Seasonal by Samuel Adams,Beer,Lunch; Dinner,,9.00,disney-springs/house-of-blues-restaurant
2026-09-05,House of Blues® Restaurant & Bar,Disney Springs,Angry Orchard Crisp Apple Cider,Beer,Lunch; Dinner,,8.00,disney-springs/house-of-blues-restaurant
2026-09-05,House of Blues® Restaurant & Bar,Disney Springs,Voodoo Ranger IPA,Beer,Lunch; Dinner,,10.00,disney-springs/house-of-blues-restaurant
2026-09-05,House of Blues® Restaurant & Bar,Disney Springs,White Claw Hard Seltzer,Beer,Lunch; Dinner,,9.00,disney-springs/house-of-blues-restaurant
2026-09-05,House of Blues® Restaurant & Bar,Disney Springs,Athletic Mexican-Style Copper (non-alcoholic),Beer,Lunch; Dinner,,8.00,disney-springs/house-of-blues-restaurant
2026-09-05,House of Blues® Restaurant & Bar,Disney Springs,Budweiser Zero (non-alcoholic),Beer,Lunch; Dinner,,8.00,disney-springs/house-of-blues-restaurant
2026-09-05,Jaleo® by José Andrés,Disney Springs,Pan con tomate,¡BUEN PROVECHO!,Lunch; Dinner,Toasted slices of crispy bread brushed with fresh tomato,15.00,disney-springs/jaleo
2026-09-05,Jaleo® by José Andrés,Disney Springs,Plato de queso Manchego,¡BUEN PROVECHO!,Lunch; Dinner,"Unpasteurized sheep’s milk cheese. Nutty with a tangy, lingering flavor.",16.00,disney-springs/jaleo
2026-09-05,Jaleo® by José Andrés,Disney Springs,Gazpacho estilo Algeciras,¡BUEN PROVECHO!,Lunch,"The classic chilled Spanish soup with tomatoes, green bell peppers and cucumber",6.00,disney-springs/jaleo
2026-09-05,Jaleo® by José Andrés,Disney Springs,Jamón Serrano,¡BUEN PROVECHO!,Lunch,24-month cured Serrano ham,17.00,disney-springs/jaleo
2026-09-05,Jaleo® by José Andrés,Disney Springs,Selección de embutidos,¡BUEN PROVECHO!,Lunch,"A selection of ibérico cured meats with chorizo, salchichon and paletilla",44.00,disney-springs/jaleo
2026-09-05,Jaleo® by José Andrés,Disney Springs,Ensalada de aguacate y mojo verde “Spanish Diner”,Ensaladas Y Vegetales (Salads & Vegetables),Lunch,"Avocado, mojo verde and goat cheese salad",14.00,disney-springs/jaleo
2026-09-05,Jaleo® by José Andrés,Disney Springs,Ensalada verde,Ensaladas Y Vegetales (Salads & Vegetables),Lunch,"Mixed greens with tomatoes, onions and olives with sherry dressing | Add Chicken or Salmon +6",12.00,disney-springs/jaleo
2026-09-05,Jaleo® by José Andrés,Disney Springs,Tortilla de patatas,Ensaladas Y Vegetales (Salads & Vegetables),Lunch,Spanish omelet with potato and onions,15.00,disney-springs/jaleo
2026-09-05,Jaleo® by José Andrés,Disney Springs,Pimientos del piquillo rellenos con queso Caña de cabra,Ensaladas Y Vegetales (Salads & Vegetables),Lunch,Seared piquillo peppers filled with goat cheese,14.00,disney-springs/jaleo
2026-09-05,Jaleo® by José Andrés,Disney Springs,Croquetas de pollo,Frituras (Fried Items),Lunch; Dinner,Traditional chicken fritters,14.00,disney-springs/jaleo
2026-09-05,Jaleo® by José Andrés,Disney Springs,Patatas bravas**,Frituras (Fried Items),Lunch; Dinner,A Jaleo favorite: fried potatoes with spicy tomato sauce and alioli,15.00,disney-springs/jaleo
2026-09-05,Jaleo® by José Andrés,Disney Springs,Carne asada con piquillos confitados*,Carnes Y Mariscos (Meats & Seafood),Lunch,Josper grilled 6 oz prime flat iron beef steak with confit piquillo peppers,39.00,disney-springs/jaleo
2026-09-05,Jaleo® by José Andrés,Disney Springs,Gambas al ajillo,Carnes Y Mariscos (Meats & Seafood),Lunch,"The very, very famous tapa of shrimp sautéed with garlic",19.00,disney-springs/jaleo
2026-09-05,Jaleo® by José Andrés,Disney Springs,Buñuleos de bacalao,Carnes Y Mariscos (Meats & Seafood),Lunch,Fried cod and potato fritters with honey alioli,15.00,disney-springs/jaleo
2026-09-05,Jaleo® by José Andrés,Disney Springs,Bikini de jamón y queso,Bocatas (Sandwiches),Lunch,"Pressed sandwich of Serrano and Sweet ham with Manchego cheese. All bocatas and flautas are served with your choice of Gazpacho, Fresh Fruit, Mixed Green Salad, or José Andrés Potato Chips.",17.00,disney-springs/jaleo
2026-09-05,Jaleo® by José Andrés,Disney Springs,Bocata de Jamón Serrano,Bocatas (Sandwiches),Lunch,"Flauta with queso manchego, grated tomato and serrano ham. All bocatas and flautas are served with your choice of Gazpacho, Fresh Fruit, Mixed Green Salad, or José Andrés Potato Chips.",20.00,disney-springs/jaleo
2026-09-05,Jaleo® by José Andrés,Disney Springs,Bocata de Chorizo,Bocatas (Sandwiches),Lunch,"Flauta with queso manchego, grated tomato and Chorizo Iberico de bellota. All bocatas and flautas are served with your choice of Gazpacho, Fresh Fruit, Mixed Green Salad, or José Andrés Potato Chips.",22.00,disney-springs/jaleo
2026-09-05,Jaleo® by José Andrés,Disney Springs,Bocata de Salchichón,Bocatas (Sandwiches),Lunch,"Flauta with queso manchego, grated tomato and Salchichón Iberico de bellota. All bocatas and flautas are served with your choice of Gazpacho, Fresh Fruit, Mixed Green Salad, or José Andrés Potato Chips.",22.00,disney-springs/jaleo
2026-09-05,Jaleo® by José Andrés,Disney Springs,"""BELT""",Bocatas (Sandwiches),Lunch,"Bacon, egg, lettuce and tomato on a mollete bun. All bocatas and flautas are served with your choice of Gazpacho, Fresh Fruit, Mixed Green Salad, or José Andrés Potato Chips.",17.00,disney-springs/jaleo
2026-09-05,Jaleo® by José Andrés,Disney Springs,Txuleburger,Bocatas (Sandwiches),Lunch,"Grassfed, Ribeye Burger, American Cheese, Secret Sauce, Piparra Peppers. All bocatas and flautas are served with your choice of Gazpacho, Fresh Fruit, Mixed Green Salad, or José Andrés Potato Chips.",24.00,disney-springs/jaleo
2026-09-05,Jaleo® by José Andrés,Disney Springs,Futbol Club Barcelona,Bocatas (Sandwiches),Lunch,"Fried chicken breast, bacon, lettuce, tomato and ""mayo-mustard"". All bocatas and flautas are served with your choice of Gazpacho, Fresh Fruit, Mixed Green Salad, or José Andrés Potato Chips.",17.00,disney-springs/jaleo
2026-09-05,Jaleo® by José Andrés,Disney Springs,Jose's Tuna Salad Bocata,Bocatas (Sandwiches),Lunch,"Tuna salad with cornichons, romaine lettuce, tomato, red onion on a mollete bun. All bocatas and flautas are served with your choice of Gazpacho, Fresh Fruit, Mixed Green Salad, or José Andrés Potato Chips.",17.00,disney-springs/jaleo
2026-09-05,Jaleo® by José Andrés,Disney Springs,"""Pepito"" Steak Sandwich",Bocatas (Sandwiches),Lunch,"Shaved ribeye steak, caramelized onions, shredded Manchego cheese, roasted green peppers and mayomustard sauce. All bocatas and flautas are served with your choice of Gazpacho, Fresh Fruit, Mixed Green Salad or José Andrés Potato Chips.",21.00,disney-springs/jaleo
2026-09-05,Jaleo® by José Andrés,Disney Springs,Jaleo Tableside Dessert Experience,Postres (Desserts),Lunch; Dinner,"Indulge in the ultimate dessert expeience, prepared tableside! Made to share for 2-3 people Chocolate Sphere | Basque Cheesecake | Chocolate Key Lime Tart | Brioche Ice Cream | Chocolate Membrillo Creme",49.00,disney-springs/jaleo
2026-09-05,Jaleo® by José Andrés,Disney Springs,Pan con chocolate,Postres (Desserts),Lunch; Dinner,"Chocolate custard with caramelized bread, olive oil and brioche ice cream",12.00,disney-springs/jaleo
2026-09-05,Jaleo® by José Andrés,Disney Springs,Flan al estilo tradicional de mamá Marisa con espuma de crema catalana,Postres (Desserts),Lunch; Dinner,A classic Spanish custard with ‘espuma’ of Catalan cream,12.00,disney-springs/jaleo
2026-09-05,Jaleo® by José Andrés,Disney Springs,Tarta de Queso Vasca,Postres (Desserts),Lunch; Dinner,“Burnt” Basque-style cheesecake made with goat cheese | pair with fresh strawberry sherbert +3,15.00,disney-springs/jaleo
2026-09-05,Jaleo® by José Andrés,Disney Springs,Helados y Sorbetes Caseros,Postres (Desserts),Lunch; Dinner,Daily selections of sorbets,9.00,disney-springs/jaleo
2026-09-05,Jaleo® by José Andrés,Disney Springs,"La Menorquina Spanish ""Sherbet""",Postres (Desserts),Lunch; Dinner,Choice of Pineapple or Orange,11.00,disney-springs/jaleo
2026-09-05,Jaleo® by José Andrés,Disney Springs,Smashburger w/cheese,Kids' Offerings,Lunch; Dinner,"Comes with French Fries and choice of apple juice, lemonade, or milk",14.00,disney-springs/jaleo
2026-09-05,Jaleo® by José Andrés,Disney Springs,Hot Dog,Kids' Offerings,Lunch; Dinner,"Comes with French Fries and choice of apple juice, lemonade, or milk",14.00,disney-springs/jaleo
2026-09-05,Jaleo® by José Andrés,Disney Springs,3-piece Chicken Tenders,Kids' Offerings,Lunch; Dinner,"Comes with French Fries and choice of apple juice, lemonade, or milk",14.00,disney-springs/jaleo
2026-09-05,Jaleo® by José Andrés,Disney Springs,"Ancestral Can Sumoi, Montònega, 2023",Wines by the Glass,Lunch; Dinner,,18.00,disney-springs/jaleo
2026-09-05,Jaleo® by José Andrés,Disney Springs,"Cuvée Jose Raventós i Blanc, Xarel·lo, Macabeo, Parellada",Wines by the Glass,Lunch; Dinner,,18.00,disney-springs/jaleo
2026-09-05,Jaleo® by José Andrés,Disney Springs,"De Nit Rosé Raventós i Blanc, Monastrell, (Blend)",Wines by the Glass,Lunch; Dinner,,20.00,disney-springs/jaleo
2026-09-05,Jaleo® by José Andrés,Disney Springs,"House White, España",Wines by the Glass,Lunch; Dinner,,15.00,disney-springs/jaleo
2026-09-05,Jaleo® by José Andrés,Disney Springs,"Nisia Old Vines, Verdejo 2024",Wines by the Glass,Lunch; Dinner,,16.00,disney-springs/jaleo
2026-09-05,Jaleo® by José Andrés,Disney Springs,"Kaori Bodegas Ontañón, Viura 2023",Wines by the Glass,Lunch; Dinner,,17.00,disney-springs/jaleo
2026-09-05,Jaleo® by José Andrés,Disney Springs,"Viña Mein Castes Branches, Godella Treixadura, Albariño 2022",Wines by the Glass,Lunch; Dinner,,17.00,disney-springs/jaleo
2026-09-05,Jaleo® by José Andrés,Disney Springs,"Gaintza Txakonlina, Hondarrabi Zuri, (Gros Manseng) 2024",Wines by the Glass,Lunch; Dinner,,18.00,disney-springs/jaleo
2026-09-05,Jaleo® by José Andrés,Disney Springs,"Esencia Divina Gran Vinum, Albariño 2024",Wines by the Glass,Lunch; Dinner,,20.00,disney-springs/jaleo
2026-09-05,Jaleo® by José Andrés,Disney Springs,"House Rosé, España",Wines by the Glass,Lunch; Dinner,,15.00,disney-springs/jaleo
2026-09-05,Jaleo® by José Andrés,Disney Springs,"Liquid Geography CVA, Garnacha",Wines by the Glass,Lunch; Dinner,,16.00,disney-springs/jaleo
2026-09-05,Jaleo® by José Andrés,Disney Springs,"La Rosa Can Sumoi, Sumoll, Xarel-lo, 2024",Wines by the Glass,Lunch; Dinner,,18.00,disney-springs/jaleo
2026-09-05,Jaleo® by José Andrés,Disney Springs,"House Red, España",Wines by the Glass,Lunch; Dinner,,16.00,disney-springs/jaleo
2026-09-05,Jaleo® by José Andrés,Disney Springs,"Bardos Viñedos de Altura, Tempranillo 2022",Wines by the Glass,Lunch; Dinner,,17.00,disney-springs/jaleo
2026-09-05,Jaleo® by José Andrés,Disney Springs,"Ultreia St. Jaques Raúl Pérez, Mencia 2022",Wines by the Glass,Lunch; Dinner,,19.00,disney-springs/jaleo
2026-09-05,Jaleo® by José Andrés,Disney Springs,Citius Alta Pavina Pinot Noir 2019,Wines by the Glass,Lunch; Dinner,,20.00,disney-springs/jaleo
2026-09-05,Jaleo® by José Andrés,Disney Springs,"Marqués De Murrieta Reserva, Tempranillo, (Garnacha, Graciano) 2021",Wines by the Glass,Lunch; Dinner,,23.00,disney-springs/jaleo
2026-09-05,Jaleo® by José Andrés,Disney Springs,"Emilio Moro, Cosecha, Tempranillo 2022",Wines by the Glass,Lunch; Dinner,,24.00,disney-springs/jaleo
2026-09-05,Jaleo® by José Andrés,Disney Springs,"Brega Jorge Ordóñez, Garnacah 2020",Wines by the Glass,Lunch; Dinner,,25.00,disney-springs/jaleo
2026-09-05,Jaleo® by José Andrés,Disney Springs,"Gran Caus Can Ràfols dels Caus, Bordeux Blend 2022",Wines by the Glass,Lunch; Dinner,,26.00,disney-springs/jaleo
2026-09-05,Jaleo® by José Andrés,Disney Springs,"White Flight: Gaintza, Nisia, Escencia Divina",Wines by the Glass,Lunch; Dinner,,30.00,disney-springs/jaleo
2026-09-05,Jaleo® by José Andrés,Disney Springs,"Red Flight: Brega, Bardos, Citius",Wines by the Glass,Lunch; Dinner,,32.00,disney-springs/jaleo
2026-09-05,Jaleo® by José Andrés,Disney Springs,"Sparkling Flight: Cuvée José, De Nit, Montònega Ancentral",Wines by the Glass,Lunch; Dinner,,32.00,disney-springs/jaleo
2026-09-05,Jaleo® by José Andrés,Disney Springs,Jaleo Experience,Chef's Tasting Menu,Dinner,A tasting of the most iconic and classic tapas from both Spain and the original Jaleo in Washington D.C. 75pp,75.00,disney-springs/jaleo
2026-09-05,Jaleo® by José Andrés,Disney Springs,Spanish Sips,Chef's Tasting Menu,Dinner,Add a pairing of specially selected Spanish wines and beverages | 49 per person,49.00,disney-springs/jaleo
2026-09-05,Jaleo® by José Andrés,Disney Springs,¡Eat Like José!,Chef's Tasting Menu,Dinner,Embrace the sophisticated side of Spain with José’s favorite dishes. You will enjoy a selection of our classic flavors along with our most luxurious bites. For two or more guests | 125 per person,125.00,disney-springs/jaleo
2026-09-05,Jaleo® by José Andrés,Disney Springs,¡Drink Like José!,Chef's Tasting Menu,Dinner,Enjoy sommelier-selected Spanish wines to pair perfectly with Jose’s favorite tapas | 65 per person,65.00,disney-springs/jaleo
2026-09-05,Jaleo® by José Andrés,Disney Springs,Paletilla ibérica,¡BUEN PROVECHO!,Dinner,"36-month cured ham shoulder from the legendary free range, acorn-fed, black-footed ibérico pigs of Spain",35.00,disney-springs/jaleo
2026-09-05,Jaleo® by José Andrés,Disney Springs,JALEO Tower - Great to Share!,¡BUEN PROVECHO!,Dinner,"Selection of 6 cheeses, selection of Ibérico cured meats, liquid olives and stuffed olives",86.00,disney-springs/jaleo
2026-09-05,Jaleo® by José Andrés,Disney Springs,Bocata de Jamón,¡BUEN PROVECHO!,Dinner,"Perfect to share! Cristal bread brushed with tomato and extra virgin olive oil, topped with paletilla ibérica de bellota | Add Manchego cheese 3",23.00,disney-springs/jaleo
2026-09-05,Jaleo® by José Andrés,Disney Springs,Plato de queso Azul “Mamá Marisa”,¡BUEN PROVECHO!,Dinner,"(D.O Asturias) A rich, creamy blue cheese paired with fresh apples, membrillo, fig marmalade and pan de cristal",25.00,disney-springs/jaleo
2026-09-05,Jaleo® by José Andrés,Disney Springs,Chorizo ibérico de bellota,Embutidos (Cured Meats),Dinner,"Cured pork chorizo from the legendary free range, acorn-fed, black-footed ibérico pigs of Spain",19.00,disney-springs/jaleo
2026-09-05,Jaleo® by José Andrés,Disney Springs,Salchichon ibérico de bellota,Embutidos (Cured Meats),Dinner,Cured acorn-fed pork sausage,18.00,disney-springs/jaleo
2026-09-05,Jaleo® by José Andrés,Disney Springs,Jamón Serrano,Embutidos (Cured Meats),Dinner,24-month cured Serrano ham,17.00,disney-springs/jaleo
2026-09-05,Jaleo® by José Andrés,Disney Springs,Selección de embutidos,Embutidos (Cured Meats),Dinner,"A selection of ibérico cured meats with chorizo, salchichón and paletilla",44.00,disney-springs/jaleo
2026-09-05,Jaleo® by José Andrés,Disney Springs,Endivias con queso de cabra y naranjas,Verduras (Vegetables),Dinner,"Endives with goat cheese, oranges and almonds",14.00,disney-springs/jaleo
2026-09-05,Jaleo® by José Andrés,Disney Springs,Pimientos del piquillo rellenos con queso Caña de cabra,Verduras (Vegetables),Dinner,Seared piquillo peppers filled with goat cheese,14.00,disney-springs/jaleo
2026-09-05,Jaleo® by José Andrés,Disney Springs,Espinacas a la catalana,Verduras (Vegetables),Dinner,"Sautéed spinach with pine nuts, raisins and apples",15.00,disney-springs/jaleo
2026-09-05,Jaleo® by José Andrés,Disney Springs,Tortilla de patatas,Verduras (Vegetables),Dinner,Spanish omelet with potato and onions,15.00,disney-springs/jaleo
2026-09-05,Jaleo® by José Andrés,Disney Springs,Alcachofa con Romesco,Verduras (Vegetables),Dinner,Josper grilled confit artichoke with Romesco Sauce,11.00,disney-springs/jaleo
2026-09-05,Jaleo® by José Andrés,Disney Springs,Gazpacho estilo Algeciras,Sopas Y Ensaladas (Soups & Salads),Dinner,"The classic chilled Spanish soup with tomatoes, green bell peppers and cucumber",10.00,disney-springs/jaleo
2026-09-05,Jaleo® by José Andrés,Disney Springs,Ensalada de aguacate y mojo verde “Spanish Diner”,Sopas Y Ensaladas (Soups & Salads),Dinner,"Avocado, mojo verde and goat cheese salad",14.00,disney-springs/jaleo
2026-09-05,Jaleo® by José Andrés,Disney Springs,Ensalada verde,Sopas Y Ensaladas (Soups & Salads),Dinner,"Mixed greens with tomatoes, onions and olives with sherry dressing | Add Chicken or Salmon +6",12.00,disney-springs/jaleo
2026-09-05,Jaleo® by José Andrés,Disney Springs,Manzanas con hinojo y queso Manchego,Sopas Y Ensaladas (Soups & Salads),Dinner,"Sliced apple and fennel salad with Manchego cheese, walnuts and sherry dressing",15.00,disney-springs/jaleo
2026-09-05,Jaleo® by José Andrés,Disney Springs,Buñuleos de bacalao,Frituras (Fried Items),Dinner,Fried cod and potato fritters with honey alioli,15.00,disney-springs/jaleo
2026-09-05,Jaleo® by José Andrés,Disney Springs,Calamares a la Romana,Frituras (Fried Items),Dinner,Fried calamari with bravaioli,16.00,disney-springs/jaleo
2026-09-05,Jaleo® by José Andrés,Disney Springs,Cono de Mero Crudo y Escalivada*,José's Way (The Only Way!),Dinner,Cone of salmon tartar with trout roe | 7 each,7.00,disney-springs/jaleo
2026-09-05,Jaleo® by José Andrés,Disney Springs,Cono de atún y aguacate,José's Way (The Only Way!),Dinner,"Cone of Tuna tartare, avocado mousse and sesame seeds",6.00,disney-springs/jaleo
2026-09-05,Jaleo® by José Andrés,Disney Springs,Cono de queso de cabra con membrillo y nueces,José's Way (The Only Way!),Dinner,"Quince marmalade, goat cheese and walnut dust cone | 5 each",5.00,disney-springs/jaleo
2026-09-05,Jaleo® by José Andrés,Disney Springs,José’s taco*,José's Way (The Only Way!),Dinner,Jamón ibérico de bellota and Royal Ossetra caviar | 24 each,24.00,disney-springs/jaleo
2026-09-05,Jaleo® by José Andrés,Disney Springs,Aceitunas clásicas y modernas,José's Way (The Only Way!),Dinner,‘Ferran Adrià’ liquid olives and stuffed olives with piquillo pepper and anchovy,14.00,disney-springs/jaleo
2026-09-05,Jaleo® by José Andrés,Disney Springs,Bikini de jamón con queso Manchego,José's Way (The Only Way!),Dinner,Pressed sandwich of Serrano and Sweet ham with Manchego cheese,15.00,disney-springs/jaleo
2026-09-05,Jaleo® by José Andrés,Disney Springs,1 oz de caviar Royal Ossetra,José's Way (The Only Way!),Dinner,"Add 1 oz of royal Ossetra caviar with José Andrés chips, or to add to your favorite dish or for caviar bombs",95.00,disney-springs/jaleo
2026-09-05,Jaleo® by José Andrés,Disney Springs,Atún crudo con piparras*,Pescados y Mariscos (Seafood),Dinner,Thinly sliced tuna with piparra dressing and fresh lemon,21.00,disney-springs/jaleo
2026-09-05,Jaleo® by José Andrés,Disney Springs,Salmon con pisto manchego,Pescados y Mariscos (Seafood),Dinner,Seared salmon with traditional stewed vegetables and mojo verde,19.00,disney-springs/jaleo
2026-09-05,Jaleo® by José Andrés,Disney Springs,‘Rossejat Negra’*,Pescados y Mariscos (Seafood),Dinner,"Traditional toasted-pasta paella with head-on shrimp, squid ink, calamari sofrito and alioli",32.00,disney-springs/jaleo
2026-09-05,Jaleo® by José Andrés,Disney Springs,Gambas al ajillo,Pescados y Mariscos (Seafood),Dinner,"The very, very famous tapa of shrimp sautéed with garlic",19.00,disney-springs/jaleo
2026-09-05,Jaleo® by José Andrés,Disney Springs,Gambas a la Zahara,Pescados y Mariscos (Seafood),Dinner,"Head-on shrimp, with garlic and extra virgin olive oil prepared as José does in summer",30.00,disney-springs/jaleo
2026-09-05,Jaleo® by José Andrés,Disney Springs,Butifarra casera con mongetes**,Carnes (Meats),Dinner,Josper-grilled pork sausage served with sauteéd white beans,16.00,disney-springs/jaleo
2026-09-05,Jaleo® by José Andrés,Disney Springs,Carne asada con piquillos confitados*,Carnes (Meats),Dinner,Josper grilled 6 oz prime flat iron beef steak with confit piquillo peppers,39.00,disney-springs/jaleo
2026-09-05,Jaleo® by José Andrés,Disney Springs,Pollo con pisto Manchego,Carnes (Meats),Dinner,Josper grilled Bell & Evans chicken thigh with a traditional vegetable stew,21.00,disney-springs/jaleo
2026-09-05,Jaleo® by José Andrés,Disney Springs,Chorizo casero con puré de patatas al aceite de oliva,Carnes (Meats),Dinner,House-made traditional chorizo with olive oil mashed potatoes,17.00,disney-springs/jaleo
2026-09-05,Jaleo® by José Andrés,Disney Springs,JALEO Burger,Carnes (Meats),Dinner,Ribeye patty. American cheese and Secret Sauce | Add Iberian Ham 8,24.00,disney-springs/jaleo
2026-09-05,Jaleo® by José Andrés,Disney Springs,Prime Ribeye,"José Makes Large Plates, Too",Dinner,"22 oz, Bone In, 30 Day Dry-Aged, Ribeye",145.00,disney-springs/jaleo
2026-09-05,Jaleo® by José Andrés,Disney Springs,Chuletas de cordero con alioli de miel y salsa de romero*,"José Makes Large Plates, Too",Dinner,Josper grilled 16 oz full rack of New Zealand lamb with rosemary sauce and honey alioli,98.00,disney-springs/jaleo
2026-09-05,Jaleo® by José Andrés,Disney Springs,Costillas de Cerdo,"José Makes Large Plates, Too",Dinner,"Half rack of Josper grilled pork ribs with ""salmorejo"" barbecue sauce",35.00,disney-springs/jaleo
2026-09-05,Jaleo® by José Andrés,Disney Springs,Secreto ibérico de bellota,"José Makes Large Plates, Too",Dinner,Secreto ibérico cooked on the basque grill and served with pan con tomate,105.00,disney-springs/jaleo
2026-09-05,Jaleo® by José Andrés,Disney Springs,Lubina a la pobre,"José Makes Large Plates, Too",Dinner,Mediterranean Seabass cooked in the Josper with a traditional Basque sauce,68.00,disney-springs/jaleo
2026-09-05,Jaleo® by José Andrés,Disney Springs,Arroz con pollo y verduras,Paella y Arroces (Paella & Rice),Dinner,"Rice with chicken, vegetables and mushrooms | Small (2-4 ppl) - 75 | Regular (5-8 ppl) - 145",145.00,disney-springs/jaleo
2026-09-05,Jaleo® by José Andrés,Disney Springs,Arroz a banda con gambas,Paella y Arroces (Paella & Rice),Dinner,Rice with cuddlefish sofrito and head-on shrimp | Regular (5-8 ppl),165.00,disney-springs/jaleo
2026-09-05,Jaleo® by José Andrés,Disney Springs,Arroz con venduras,Paella y Arroces (Paella & Rice),Dinner,Paella of seasonal vegetables | Regular (5-8 ppl),130.00,disney-springs/jaleo
2026-09-05,Jaleo® by José Andrés,Disney Springs,Arroz con venduras,Paella y Arroces (Paella & Rice),Dinner,"Rice with Wild Mushrooms, Artichokes, and a 22 oz Josper Grilled , Dry Aged Ribeye | Small (2-4 ppl)",195.00,disney-springs/jaleo
2026-09-05,Jaleo® by José Andrés,Disney Springs,Arroz Meloso de Mariscos,Paella y Arroces (Paella & Rice),Dinner,"Mellow rice with monkfish, mussels, shrimp, and cuddlefish sofrito | Small (2-4 ppl)",69.00,disney-springs/jaleo
2026-09-05,Jaleo® by José Andrés,Disney Springs,Tomato Bread,Kids' Snacks to Start,Dinner,Toasted slices of uniquely crispy and ethereal bread brushed with fresh tomato,6.00,disney-springs/jaleo
2026-09-05,Jaleo® by José Andrés,Disney Springs,Manchego cheese,Kids' Snacks to Start,Dinner,"Raw sheep’s milk cheese, handmade from an ancient recipe. Nutty with a tangy, lingering flavor",6.00,disney-springs/jaleo
2026-09-05,Jaleo® by José Andrés,Disney Springs,Serrano Ham,Kids' Snacks to Start,Dinner,24-month cured serrano ham,6.00,disney-springs/jaleo
2026-09-05,Jaleo® by José Andrés,Disney Springs,"Chicken ""croquetas""",Kids' Fried Fun,Dinner,Traditional chicken fritters,8.00,disney-springs/jaleo
2026-09-05,Jaleo® by José Andrés,Disney Springs,Patatas bravas*,Kids' Fried Fun,Dinner,A Jaleo favorite:fried potatoes with spicy tomato sauce and alioli,8.00,disney-springs/jaleo
2026-09-05,Jaleo® by José Andrés,Disney Springs,French Fries,Kids' Fried Fun,Dinner,Crispy french style fries,6.00,disney-springs/jaleo
2026-09-05,Jaleo® by José Andrés,Disney Springs,Bowl of fruit,Kids' Vegetables and More,Dinner,Seasonal fruits,6.00,disney-springs/jaleo
2026-09-05,Jaleo® by José Andrés,Disney Springs,Mixed greens salad,Kids' Vegetables and More,Dinner,"Mixed greens,tomato, sherry dressing",10.00,disney-springs/jaleo
2026-09-05,Jaleo® by José Andrés,Disney Springs,"""Pisto manchego"" with fried egg",Kids' Vegetables and More,Dinner,Stewed vegetables with a fried egg and crispy bread,10.00,disney-springs/jaleo
2026-09-05,Jaleo® by José Andrés,Disney Springs,Macaroni with Jose's Tomato Sauce,Kids' Vegetables and More,Dinner,Baked Macaroni with Jose's Tomato sauce and Manchego Cheese | Add Chicken 4 | Add Chorizo 4,10.00,disney-springs/jaleo
2026-09-05,Jaleo® by José Andrés,Disney Springs,Classic Tortilla,Kids' Vegetables and More,Dinner,Spanish omelette with potatoes and onions,10.00,disney-springs/jaleo
2026-09-05,Jaleo® by José Andrés,Disney Springs,Grilled Cheese,Kids' Offerings,Dinner,Served with French Fries,14.00,disney-springs/jaleo
2026-09-05,Jaleo® by José Andrés,Disney Springs,Grilled Chicken Breast,Kids' Offerings,Dinner,"served with your choice of mashed potatoes, rice or traditional Spanish tomato and Served with your choice of mashed potatoes, French Fries, white rice or traditional Spanish tomato and vegetable stewvegetable stew",14.00,disney-springs/jaleo
2026-09-05,Jaleo® by José Andrés,Disney Springs,Grilled flat iron steak,Kids' Offerings,Dinner,"Served with your choice of mashed potatoes, French Fries, white rice or traditional Spanish tomato and vegetable stew",14.00,disney-springs/jaleo
2026-09-05,Jaleo® by José Andrés,Disney Springs,Seared Atlantic Salmon,Kids' Offerings,Dinner,"served with your choice of mashed potatoes, rice or traditional Spanish tomato and Served with your choice of mashed potatoes, French Fries, white rice or traditional Spanish tomato and vegetable stewvegetable stew",14.00,disney-springs/jaleo
2026-09-05,Jaleo® by José Andrés,Disney Springs,Mexican Coke,Non-Alcoholic,Dinner,Mexican Coke | Mexican Sprite | Mexican Fanta,8.00,disney-springs/jaleo
2026-09-05,Jaleo® by José Andrés,Disney Springs,Apple & Safron,Non-Alcoholic,Dinner,"Seedlip Garden, apple juice, lemon, saffron, Fever-Tree club soda",12.00,disney-springs/jaleo
2026-09-05,Jaleo® by José Andrés,Disney Springs,Grapefruit & Honey,Non-Alcoholic,Dinner,Regular and Decaf,12.00,disney-springs/jaleo
2026-09-05,Jaleo® by José Andrés,Disney Springs,Sangria Refillable Tumbler, Sangria Drink like a Spaniard!,Dinner,"Unlock all-day Sangria-Hour pricing with our refillable souvenir tumbler! Choose our fruity and spiced ""La Sueca"" Red Sangria - iced or frozen | Refills 8",28.00,disney-springs/jaleo
2026-09-05,Jaleo® by José Andrés,Disney Springs,Sangria roja La Sueca, Sangria Drink like a Spaniard!,Dinner,"Fruity, spiced, macerated wine on tap glass. Half Pitcher 38 | Pitcher 65 | Try it Frozen! Glass 14",14.00,disney-springs/jaleo
2026-09-05,Jaleo® by José Andrés,Disney Springs,Sangria de Cava, Sangria Drink like a Spaniard!,Dinner,"Cava, gin, vermouth, seasonal fruit, citrus | Half pitcher 45 | Pitcher 75",16.00,disney-springs/jaleo
2026-09-05,Jaleo® by José Andrés,Disney Springs,Rosé Sangria, Sangria Drink like a Spaniard!,Dinner,"Protocolo rose, gin, vernouth, seasonal fruit, citrus | Half Pitcher 45 | Pitcher 75",16.00,disney-springs/jaleo
2026-09-05,Jaleo® by José Andrés,Disney Springs,Sangria de Lujo tinto, Sangria Drink like a Spaniard!,Dinner,"Prepared tableside, a bold, fruity red wine sangria with our recipe of spiced wine, gin, brandy, citrus",75.00,disney-springs/jaleo
2026-09-05,Jaleo® by José Andrés,Disney Springs,Salt Air Margarita,Cocktails,Dinner,"Milagro Blanco tequila, Combier L’Original, lime, salt air",18.00,disney-springs/jaleo
2026-09-05,Jaleo® by José Andrés,Disney Springs,Margarita Donostiarra,Cocktails,Dinner,"Chile de arbol infused tequila, Del Maguey Vida mezcal, lime, laurel, piparra brine, sherry salt",18.00,disney-springs/jaleo
2026-09-05,Jaleo® by José Andrés,Disney Springs,Rum Sour,Cocktails,Dinner,"Barbancourt 8, lime, sugar, bitters",16.00,disney-springs/jaleo
2026-09-05,Jaleo® by José Andrés,Disney Springs,Castaway Old Cuban,Cocktails,Dinner,"Pineapple rum, lime, sherry vinegar, Cava, mint",16.00,disney-springs/jaleo
2026-09-05,Jaleo® by José Andrés,Disney Springs,Inside Out,Cocktails,Dinner,"Spanish sweet vermouth, Penedés brandy, bourbon, Angostura bitters",18.00,disney-springs/jaleo
2026-09-05,Jaleo® by José Andrés,Disney Springs,Cropping Rope,Cocktails,Dinner,"Crop Cucumber vodka, Lillet Blanc, Green Chartreuse, lime, soda",16.00,disney-springs/jaleo
2026-09-05,Jaleo® by José Andrés,Disney Springs,Jerez Old Fashion,Cocktails,Dinner,"Contradiction bourbon, Spanish Solera brandy, cinnamon, fernet",20.00,disney-springs/jaleo
2026-09-05,Jaleo® by José Andrés,Disney Springs,Espresso Martini,Cocktails,Dinner,"Vodka, Rum, Galiano Coffee liqueur, espresso",18.00,disney-springs/jaleo
2026-09-05,Jaleo® by José Andrés,Disney Springs,Ultimate,Gin & Tonics,Dinner,"Hendrick's gin, Fever-Tree Indian Tonic, juniper, lemon, lime",18.00,disney-springs/jaleo
2026-09-05,Jaleo® by José Andrés,Disney Springs,Mediterranean,Gin & Tonics,Dinner,"Gin Mare gin, sweet and dry vermouths, Fever-Tree Mediterranean tonic, lemon, lime, thyme",18.00,disney-springs/jaleo
2026-09-05,Jaleo® by José Andrés,Disney Springs,Cadiz,Gin & Tonics,Dinner,"Aczu Gin, Fever-Tree Indian tonic water, lemon, orange",16.00,disney-springs/jaleo
2026-09-05,Jaleo® by José Andrés,Disney Springs,Clara,Beer,Dinner,,10.00,disney-springs/jaleo
2026-09-05,Jaleo® by José Andrés,Disney Springs,Estrella Galicia,Beer,Dinner,,10.00,disney-springs/jaleo
2026-09-05,Jaleo® by José Andrés,Disney Springs,"Estrella Dramm Lager, Spain",Beer,Dinner,,8.00,disney-springs/jaleo
2026-09-05,Jaleo® by José Andrés,Disney Springs,"Mahou Lager, Spain",Beer,Dinner,,8.00,disney-springs/jaleo
2026-09-05,Jaleo® by José Andrés,Disney Springs,"Crooken Can The Workaholic American Pale Ale, Florida",Beer,Dinner,,10.00,disney-springs/jaleo
2026-09-05,Jaleo® by José Andrés,Disney Springs,Michelob Ultra,Beer,Dinner,"Saint Louis (Missouri), American Lager (4.2%)",10.00,disney-springs/jaleo
2026-09-05,Jaleo® by José Andrés,Disney Springs,Angry Pecan Hard Cider,Beer,Dinner,"24oz Angry Orchard hard cider, served in our copper chalice with a cinnamon stick and candied pecans",18.00,disney-springs/jaleo
2026-09-05,Jock Lindsey's Hangar Bar,Disney Springs,Alien Invader Sliders,Limited Time Offerings,Bar – Lounge,"Crispy Nashville Hot Fried Chicken, Sliced Provolone, Dill Pickle Slices, Cheddar-Chive Biscuit and Queen Olives",16.00,disney-springs/jock-lindseys-hangar-bar
2026-09-05,Jock Lindsey's Hangar Bar,Disney Springs,Candelabra Eggs,Limited Time Offerings,Bar – Lounge,"Deviled Egg with Crispy Fried Chicken, Sweet-and-Tart Pepper Sauce, and Aji Amarillo Custard",18.00,disney-springs/jock-lindseys-hangar-bar
2026-09-05,Jock Lindsey's Hangar Bar,Disney Springs,Dark Forest Dip,Limited Time Offerings,Bar – Lounge,"Roasted Mixed Mushrooms, Baby Rainbow Carrots, Hummus, Toasted Pumpkin Seeds, and Pita",12.00,disney-springs/jock-lindseys-hangar-bar
2026-09-05,Jock Lindsey's Hangar Bar,Disney Springs,Skull of the Dead Dip,Limited Time Offerings,Bar – Lounge,"Barbacoa Beef, Cheddar Sauce, Spicy Fried Onion Straws, and Plantain Chips",14.00,disney-springs/jock-lindseys-hangar-bar
2026-09-05,Jock Lindsey's Hangar Bar,Disney Springs,Midnight Mayhem Popcorn Chicken,Limited Time Offerings,Bar – Lounge,"Crispy Fried Chicken, Candied Bacon, Spiced Walnuts, Popcorn, and Hot Honey Sauce",15.00,disney-springs/jock-lindseys-hangar-bar
2026-09-05,Jock Lindsey's Hangar Bar,Disney Springs,Bone Kebabs,Limited Time Offerings,Bar – Lounge,"Duck Confit, Goat Cheese, Roasted Red Pepper Coulis and Kalamata Olives",17.00,disney-springs/jock-lindseys-hangar-bar
2026-09-05,Jock Lindsey's Hangar Bar,Disney Springs,Fright of the Espresso,Limited Time Offerings,Bar – Lounge,"Cold Brew and Pumpkin Spice Liqueur garnished with Pumpkin Spice | Cold Brew, Kahlúa Liqueur, Tito's Handmade Vodka, Bailey's Original Irish Cream Liqueur, and Salted Caramel Syrup garnished with Caramel Popcorn | Cold Brew, Kahlúa Liqueur, Tito's Handmade Vodka, and Toasted Marshmallow Syrup garnished with Candy Corn Marshmallows",29.00,disney-springs/jock-lindseys-hangar-bar
2026-09-05,Jock Lindsey's Hangar Bar,Disney Springs,Midnight Relic,Limited Time Offerings,Bar – Lounge,"Tito's Handmade Vodka, Ube Syrup, Cream of Coconut, Lemon Juice and a pinch of Edible Glitter",18.00,disney-springs/jock-lindseys-hangar-bar
2026-09-05,Jock Lindsey's Hangar Bar,Disney Springs,Skull and Sour,Limited Time Offerings,Bar – Lounge,"Jameson Irish Whiskey, Bols Peach Schnapps Liqueur, Lemon Juice, and Pumpkin Spice Syrup topped with Green Apple Juice-filled Pearls and Gummy Strands",19.00,disney-springs/jock-lindseys-hangar-bar
2026-09-05,Jock Lindsey's Hangar Bar,Disney Springs,Temple of Doom Margarita,Limited Time Offerings,Bar – Lounge,"Patrón Silver Tequila, Bols Blackberry Brandy, Blackberry Purée, Habanero-Lime Syrup, and Lime Juice topped with a Black Sugar Rim, Blackberries, and Cherries",20.00,disney-springs/jock-lindseys-hangar-bar
2026-09-05,Jock Lindsey's Hangar Bar,Disney Springs,Viper's Nest,Limited Time Offerings,Bar – Lounge,"DOLE® Pineapple Juice, White Cranberry Juice, Green Apple Syrup, Blue Curacao Syrup, Sprite®, and Butterfly Pea Extract topped with Green Apple Juice-filled Pearls and Gummy Candy",7.00,disney-springs/jock-lindseys-hangar-bar
2026-09-05,Jock Lindsey's Hangar Bar,Disney Springs,Bread Dip Pyramid,Light Bites,Bar – Lounge,"Brazilian Cheese Bread, Creamy Tomato, and Chorizo Dip",13.00,disney-springs/jock-lindseys-hangar-bar
2026-09-05,Jock Lindsey's Hangar Bar,Disney Springs,Air Pirate's Cargo Loaded Pretzel,Light Bites,Bar – Lounge,"Prosciutto, Sliced Brats, Artisan Salami, Smoked Cheddar, Black Diamond Cheddar, Caraway Pickles, Spicy Mustard, and Beer Cheese Fondue",25.00,disney-springs/jock-lindseys-hangar-bar
2026-09-05,Jock Lindsey's Hangar Bar,Disney Springs,Jumbo Chicken Wings,Light Bites,Bar – Lounge,Choice of Asian Barbecue or Spicy Bird's Eye Chili Sauce served with Garlic Ranch Dipping Sauce,17.00,disney-springs/jock-lindseys-hangar-bar
2026-09-05,Jock Lindsey's Hangar Bar,Disney Springs,Three All-Beef Sliders,Light Bites,Bar – Lounge,"with Special-blend All-Beef Patties, Tomato-Bacon Jam, House-made Pickles, Lettuce, and Munster Cheese on a House-made Bun",17.00,disney-springs/jock-lindseys-hangar-bar
2026-09-05,Jock Lindsey's Hangar Bar,Disney Springs,Margherita Flatbread,Light Bites,Bar – Lounge,"Roasted Tomato, Caramelized Onion, Basil, Mozzarella, and Balsamic Syrup",10.00,disney-springs/jock-lindseys-hangar-bar
2026-09-05,Jock Lindsey's Hangar Bar,Disney Springs,Gulf White Shrimp Fritters,Light Bites,Bar – Lounge,"Sunshine Stroll Orange Pilsner-battered Shrimp Fritter, Grilled Sweet Peppers, and Datil Pepper Aïoli",14.00,disney-springs/jock-lindseys-hangar-bar
2026-09-05,Jock Lindsey's Hangar Bar,Disney Springs,Antidote,Signature Libations (Non-Alcoholic),Bar – Lounge,Sprite® and Maraschino Cherry Juice,5.50,disney-springs/jock-lindseys-hangar-bar
2026-09-05,Jock Lindsey's Hangar Bar,Disney Springs,Diving Bell,Signature Libations (Non-Alcoholic),Bar – Lounge,Simply® Lemonade and Watermelon,6.00,disney-springs/jock-lindseys-hangar-bar
2026-09-05,Jock Lindsey's Hangar Bar,Disney Springs,Poisonless Dart,Signature Libations (Non-Alcoholic),Bar – Lounge,"Soda Water with Mint, Simple Syrup, and fresh Lime Juice",6.00,disney-springs/jock-lindseys-hangar-bar
2026-09-05,Jock Lindsey's Hangar Bar,Disney Springs,Teddy's Tea,Signature Libations (Non-Alcoholic),Bar – Lounge,Green Tea with Mint and Tangerine,5.00,disney-springs/jock-lindseys-hangar-bar
2026-09-05,Jock Lindsey's Hangar Bar,Disney Springs,Pancho's Margarita,Signature Libations (Alcoholic),Bar – Lounge,"818 Blanco Tequila, Cointreau Liqueur, and Sweet-and-Sour",18.50,disney-springs/jock-lindseys-hangar-bar
2026-09-05,Jock Lindsey's Hangar Bar,Disney Springs,Air Pirate's Mule,Signature Libations (Alcoholic),Bar – Lounge,"Knob Creek Disney Select Single Barrel Reserve Bourbon, Lime Juice, and Fever-Tree Ginger Beer",19.50,disney-springs/jock-lindseys-hangar-bar
2026-09-05,Jock Lindsey's Hangar Bar,Disney Springs,Bedtime Story,Signature Libations (Alcoholic),Bar – Lounge,"Absolut Mandrin Vodka, Domaine de Canton Ginger Liqueur, Hibiscus Syrup, fresh Lemon Juice, and Iced Tea",17.50,disney-springs/jock-lindseys-hangar-bar
2026-09-05,Jock Lindsey's Hangar Bar,Disney Springs,Cool-headed Monkey,Signature Libations (Alcoholic),Bar – Lounge,"STARR African Rum, Cointreau Liqueur, Lime Juice, Tangerine, Watermelon, and Pineapple Juice",17.50,disney-springs/jock-lindseys-hangar-bar
2026-09-05,Jock Lindsey's Hangar Bar,Disney Springs,Jock’s Old Fashioned,Signature Libations (Alcoholic),Bar – Lounge,"Knob Creek Disney Single Barrel Bourbon, Cointreau Liqueur, Simple Syrup, and Angostura Orange Bitters",19.50,disney-springs/jock-lindseys-hangar-bar
2026-09-05,Jock Lindsey's Hangar Bar,Disney Springs,Safari Sangria,Signature Libations (Alcoholic),Bar – Lounge,South African Red Wine with Cointreau Liqueur and Tangerine Flavor,16.00,disney-springs/jock-lindseys-hangar-bar
2026-09-05,Jock Lindsey's Hangar Bar,Disney Springs,Reggie's Revenge,Signature Libations (Alcoholic),Bar – Lounge,"Florida Cane 'Orlando Orange' Vodka, Midori Melon Liqueur, White Cranberry Juice, and fresh Lime Juice",17.50,disney-springs/jock-lindseys-hangar-bar
2026-09-05,Jock Lindsey's Hangar Bar,Disney Springs,Hovito Mojito,Signature Libations (Alcoholic),Bar – Lounge,"Barson Quebranta Pisco, fresh Lime Juice, Mint, and Simple Syrup topped with Soda Water",17.50,disney-springs/jock-lindseys-hangar-bar
2026-09-05,Jock Lindsey's Hangar Bar,Disney Springs,Hail Marty,Signature Libations (Alcoholic),Bar – Lounge,Colonel E.H. Taylor and Jr. Small Batch Straight Kentucky Bourbon Whisky Bottled in Bond served with an Ice Sphere,22.50,disney-springs/jock-lindseys-hangar-bar
2026-09-05,Jock Lindsey's Hangar Bar,Disney Springs,Wrong Island!,Signature Libations (Alcoholic),Bar – Lounge,"Siesta Key Silver Rum, Tito's Handmade Vodka, St. Augustine Gin, Tippler's Orange Liqueur, and Sweet-and-Sour with a splash of Coca-Cola®",16.50,disney-springs/jock-lindseys-hangar-bar
2026-09-05,Jock Lindsey's Hangar Bar,Disney Springs,Shorty's Singapore Sling,Signature Libations (Alcoholic),Bar – Lounge,"Plymouth Gin, Heering Cherry Liqueur, Bénédictine, Cointreau, fresh Lime Juice, Pineapple Juice, and Grenadine",17.50,disney-springs/jock-lindseys-hangar-bar
2026-09-05,Jock Lindsey's Hangar Bar,Disney Springs,Florida Mule,Signature Libations (Alcoholic),Bar – Lounge,"Florida cane vodka, ginger beer, orange juice and simple syrup",17.50,disney-springs/jock-lindseys-hangar-bar
2026-09-05,Jock Lindsey's Hangar Bar,Disney Springs,The Mayor's Reserve,Signature Libations (Alcoholic),Bar – Lounge,"Woodford Reserve Bourbon, Bols Blackberry Brandy, Simple Syrup, and Lemon Juice",19.50,disney-springs/jock-lindseys-hangar-bar
2026-09-05,Jock Lindsey's Hangar Bar,Disney Springs,The Scottish Professor,Signature Libations (Alcoholic),Bar – Lounge,"Monkey Shoulder Blended malt Scotch Whiskey, Hendrick's Gin, Pear Nectar, Simple Syrup, and fresh Lemon Juice",17.50,disney-springs/jock-lindseys-hangar-bar
2026-09-05,Jock Lindsey's Hangar Bar,Disney Springs,Fountain of Youth,Signature Libations (Alcoholic),Bar – Lounge,"St. Augustine Florida Cane Vodka, Bols Blue Curaçao, White Cranberry Juice, and Sweet-and-Sour",17.50,disney-springs/jock-lindseys-hangar-bar
2026-09-05,Jock Lindsey's Hangar Bar,Disney Springs,"Blue Moon Belgian White - Golden, CO",Bottled or Can Beer & Hard Cider,Bar – Lounge,,10.25,disney-springs/jock-lindseys-hangar-bar
2026-09-05,Jock Lindsey's Hangar Bar,Disney Springs,Schöfferhoffer Grapefruit Hefeweizen - Germany,Bottled or Can Beer & Hard Cider,Bar – Lounge,,12.00,disney-springs/jock-lindseys-hangar-bar
2026-09-05,Jock Lindsey's Hangar Bar,Disney Springs,Corona Extra – Mexico,Bottled or Can Beer & Hard Cider,Bar – Lounge,,10.50,disney-springs/jock-lindseys-hangar-bar
2026-09-05,Jock Lindsey's Hangar Bar,Disney Springs,Rekorderlig Pear Hard Cider,Bottled or Can Beer & Hard Cider,Bar – Lounge,,12.75,disney-springs/jock-lindseys-hangar-bar
2026-09-05,Jock Lindsey's Hangar Bar,Disney Springs,"Cigar City Jai Alai IPA - Tampa, FL",Bottled or Can Beer & Hard Cider,Bar – Lounge,,12.50,disney-springs/jock-lindseys-hangar-bar
2026-09-05,Jock Lindsey's Hangar Bar,Disney Springs,Guinness Draught - Ireland,Bottled or Can Beer & Hard Cider,Bar – Lounge,,10.50,disney-springs/jock-lindseys-hangar-bar
2026-09-05,Jock Lindsey's Hangar Bar,Disney Springs,Kirin Ichiban Lager - Japan,Bottled or Can Beer & Hard Cider,Bar – Lounge,,9.75,disney-springs/jock-lindseys-hangar-bar
2026-09-05,Jock Lindsey's Hangar Bar,Disney Springs,Michelob Ultra Lager,Bottled or Can Beer & Hard Cider,Bar – Lounge,,10.25,disney-springs/jock-lindseys-hangar-bar
2026-09-05,Jock Lindsey's Hangar Bar,Disney Springs,3 Daughters Brewing Rosé Hard Cider,Bottled or Can Beer & Hard Cider,Bar – Lounge,,11.00,disney-springs/jock-lindseys-hangar-bar
2026-09-05,Jock Lindsey's Hangar Bar,Disney Springs,"Athletic Brewing Co Run Wild Non-Alcoholic IPA - Milford, CT",Bottled or Can Beer & Hard Cider,Bar – Lounge,,8.50,disney-springs/jock-lindseys-hangar-bar
2026-09-05,Jock Lindsey's Hangar Bar,Disney Springs,"North Coast Brewing Co. Red Seal Ale - Fort Bragg, CA",Bottled or Can Beer & Hard Cider,Bar – Lounge,,11.75,disney-springs/jock-lindseys-hangar-bar
2026-09-05,Jock Lindsey's Hangar Bar,Disney Springs,Sunshine Stroll Orange Pilsner Draft,Draft Beers,Bar – Lounge,"Our light golden Pilsner is crafted perfectly for Florida. Brewed locally with a slight haze and touch of citrus from all natural Florida oranges, Sunshine Stroll is the best combination of a light, refreshing, crisp and balanced beer to enjoy exclusively at Disney Springs!",11.75,disney-springs/jock-lindseys-hangar-bar
2026-09-05,Jock Lindsey's Hangar Bar,Disney Springs,"Bud Light Draft - St. Louis, MO",Draft Beers,Bar – Lounge,,9.25,disney-springs/jock-lindseys-hangar-bar
2026-09-05,Jock Lindsey's Hangar Bar,Disney Springs,Modelo Especial – Mexico,Draft Beers,Bar – Lounge,,10.00,disney-springs/jock-lindseys-hangar-bar
2026-09-05,Jock Lindsey's Hangar Bar,Disney Springs,Stella Artois – Belgium,Draft Beers,Bar – Lounge,,11.25,disney-springs/jock-lindseys-hangar-bar
2026-09-05,Jock Lindsey's Hangar Bar,Disney Springs,"Sierra Nevada Hazy Little Thing – Chico, California",Draft Beers,Bar – Lounge,,11.75,disney-springs/jock-lindseys-hangar-bar
2026-09-05,Jock Lindsey's Hangar Bar,Disney Springs,3 Daughters Brewing Rosé Hard Cider,Draft Beers,Bar – Lounge,Our Rosé Cider is light pink in color with hints of berry and citrus. It is refreshing yet crisp for the perfect Florida drink. Naturally Gluten Free.,13.00,disney-springs/jock-lindseys-hangar-bar
2026-09-05,Jock Lindsey's Hangar Bar,Disney Springs,"Nino Franco Rustico Prosecco di Valdobbiadene, Veneto",Sparkling Wine,Bar – Lounge,,56.00,disney-springs/jock-lindseys-hangar-bar
2026-09-05,Jock Lindsey's Hangar Bar,Disney Springs,"Kendall-Jackson Estate Chardonnay, Santa Maria Valley",White Wines,Bar – Lounge,,62.00,disney-springs/jock-lindseys-hangar-bar
2026-09-05,Jock Lindsey's Hangar Bar,Disney Springs,"Selbach-Oster Riesling Kabinet, Mosel",White Wines,Bar – Lounge,,74.00,disney-springs/jock-lindseys-hangar-bar
2026-09-05,Jock Lindsey's Hangar Bar,Disney Springs,"Montes Limited Selection Sauvignon Blanc, Leyda Valley",White Wines,Bar – Lounge,,52.00,disney-springs/jock-lindseys-hangar-bar
2026-09-05,Jock Lindsey's Hangar Bar,Disney Springs,"Coppo Moncalvina Moscato d'Asti, Piedmont",White Wines,Bar – Lounge,,56.00,disney-springs/jock-lindseys-hangar-bar
2026-09-05,Jock Lindsey's Hangar Bar,Disney Springs,"Château Miraval Rosé, Provence",Red & Rosé Wines,Bar – Lounge,,85.00,disney-springs/jock-lindseys-hangar-bar
2026-09-05,Jock Lindsey's Hangar Bar,Disney Springs,"Black Pearl Oro Shiraz, South Africa",Red & Rosé Wines,Bar – Lounge,,62.00,disney-springs/jock-lindseys-hangar-bar
2026-09-05,Jock Lindsey's Hangar Bar,Disney Springs,Don Miguel Gascón Malbec,Red & Rosé Wines,Bar – Lounge,,59.00,disney-springs/jock-lindseys-hangar-bar
2026-09-05,Jock Lindsey's Hangar Bar,Disney Springs,"Concha Y Toro Cabernet Sauvignon, Maipo Valley",Red & Rosé Wines,Bar – Lounge,,74.00,disney-springs/jock-lindseys-hangar-bar
2026-09-05,Jock Lindsey's Hangar Bar,Disney Springs,"Meiomi Pinot Noir, California",Red & Rosé Wines,Bar – Lounge,,74.00,disney-springs/jock-lindseys-hangar-bar
2026-09-05,Jock Lindsey's Hangar Bar,Disney Springs,"Santa Ema Reserve Merlot, Maipo Valley",Red & Rosé Wines,Bar – Lounge,,62.00,disney-springs/jock-lindseys-hangar-bar
2026-09-05,Jock Lindsey's Hangar Bar,Disney Springs,"Jam Jar Sweet Shiraz, Western Cape",Red & Rosé Wines,Bar – Lounge,,52.00,disney-springs/jock-lindseys-hangar-bar
2026-09-05,Jock Lindsey's Hangar Bar,Disney Springs,"Graham’s 20 yr Tawny Port, Portugal",Dessert Wines,Bar – Lounge,,64.00,disney-springs/jock-lindseys-hangar-bar
2026-09-05,Jock Lindsey's Hangar Bar,Disney Springs,Aviator's Flight,Flights,Bar – Lounge,"¾-oz pour of each Single Malt Scotch Whisky - The Macallan 12 yr Speyside, Highland Park 12 yr Orkney Islands, and Bowmore 12 yr Islay",20.00,disney-springs/jock-lindseys-hangar-bar
2026-09-05,Jock Lindsey's Hangar Bar,Disney Springs,Beer Flight,Flights,Bar – Lounge,Jock's Brews,12.00,disney-springs/jock-lindseys-hangar-bar
2026-09-05,Joffrey's Coffee & Tea Company® at The Landing at Disney Springs,Disney Springs,Walt Disney World Resort Blend Coffee,Coffee,Snack,,3.99,disney-springs/joffreys-coffee-tea-company
2026-09-05,Joffrey's Coffee & Tea Company® at The Landing at Disney Springs,Disney Springs,Double Espresso,Coffee,Snack,,4.29,disney-springs/joffreys-coffee-tea-company
2026-09-05,Joffrey's Coffee & Tea Company® at The Landing at Disney Springs,Disney Springs,Cappuccino,Coffee,Snack,,5.99,disney-springs/joffreys-coffee-tea-company
2026-09-05,Joffrey's Coffee & Tea Company® at The Landing at Disney Springs,Disney Springs,Café Latte,Coffee,Snack,,5.99,disney-springs/joffreys-coffee-tea-company
2026-09-05,Joffrey's Coffee & Tea Company® at The Landing at Disney Springs,Disney Springs,Mocha Latte,Coffee,Snack,,6.79,disney-springs/joffreys-coffee-tea-company
2026-09-05,Joffrey's Coffee & Tea Company® at The Landing at Disney Springs,Disney Springs,Flavored Latte,Coffee,Snack,"Vanilla, Caramel, Hazelnut, or Irish Cream",6.79,disney-springs/joffreys-coffee-tea-company
2026-09-05,Joffrey's Coffee & Tea Company® at The Landing at Disney Springs,Disney Springs,Shakin’ Jamaican™ Cold Brew,Coffee,Snack,,6.49,disney-springs/joffreys-coffee-tea-company
2026-09-05,Joffrey's Coffee & Tea Company® at The Landing at Disney Springs,Disney Springs,Loose-Leaf Hot Teas,Tea,Snack,,3.69,disney-springs/joffreys-coffee-tea-company
2026-09-05,Joffrey's Coffee & Tea Company® at The Landing at Disney Springs,Disney Springs,Peach Iced Tea,Tea,Snack,,4.49,disney-springs/joffreys-coffee-tea-company
2026-09-05,Joffrey's Coffee & Tea Company® at The Landing at Disney Springs,Disney Springs,Iced Tea,Tea,Snack,,3.79,disney-springs/joffreys-coffee-tea-company
2026-09-05,Joffrey's Coffee & Tea Company® at The Landing at Disney Springs,Disney Springs,Iced Chai Latte,Tea,Snack,,5.39,disney-springs/joffreys-coffee-tea-company
2026-09-05,Joffrey's Coffee & Tea Company® at The Landing at Disney Springs,Disney Springs,Chai Latte,Tea,Snack,,5.39,disney-springs/joffreys-coffee-tea-company
2026-09-05,Joffrey's Coffee & Tea Company® at The Landing at Disney Springs,Disney Springs,Tea Latte,Tea,Snack,"Honey Vanilla, Masala Chai, African Celebration",6.09,disney-springs/joffreys-coffee-tea-company
2026-09-05,Joffrey's Coffee & Tea Company® at The Landing at Disney Springs,Disney Springs,Frozen Cappuccino Dream,Frozen Drinks,Snack,,6.99,disney-springs/joffreys-coffee-tea-company
2026-09-05,Joffrey's Coffee & Tea Company® at The Landing at Disney Springs,Disney Springs,Signature Frozen Lemonade,Frozen Drinks,Snack,,6.49,disney-springs/joffreys-coffee-tea-company
2026-09-05,Joffrey's Coffee & Tea Company® at The Landing at Disney Springs,Disney Springs,Frozen Foolish Mocha,Frozen Drinks,Snack,A frozen caffeinated ghoulish delight with flavors of chocolate and coconut.,7.99,disney-springs/joffreys-coffee-tea-company
2026-09-05,Joffrey's Coffee & Tea Company® at The Landing at Disney Springs,Disney Springs,Pastries,Pastries,Snack,,6.49,disney-springs/joffreys-coffee-tea-company
2026-09-05,Joffrey's Coffee & Tea Company® at The Landing at Disney Springs,Disney Springs,Spirited Beverages,Alcoholic Beverages,Snack,"Add Irish Crème, Irish Whiskey, Vodka or Coffee Liqueur",14.99,disney-springs/joffreys-coffee-tea-company
2026-09-05,Joffrey's Coffee & Tea Company® at The Landing at Disney Springs,Disney Springs,Signature Cocktails,Alcoholic Beverages,Snack,Chai Latte | Joffrey's Espresso Martini | Strawberry Lemon Sunset | Tea Breeze | Twisted Blackberry,14.99,disney-springs/joffreys-coffee-tea-company
2026-09-05,Joffrey’s™ Handcrafted Smoothies at Disney Springs Marketplace,Disney Springs,Banana Split,Smoothies,Snack,"Pineapple Juice, Strawberries, Bananas, Chocolate and Yogurt",7.99,disney-springs/joffreys-coffee-tea-smoothie
2026-09-05,Joffrey’s™ Handcrafted Smoothies at Disney Springs Marketplace,Disney Springs,Flyin Hawaiian,Smoothies,Snack,"Passion Fruit Juice, Pineapples, Coconut Cream and Yogurt",7.99,disney-springs/joffreys-coffee-tea-smoothie
2026-09-05,Joffrey’s™ Handcrafted Smoothies at Disney Springs Marketplace,Disney Springs,Mango Tango,Smoothies,Snack,"Passion Fruit Juice, Pineapples, Mango, Papaya, Coconut Cream and Yogurt",7.99,disney-springs/joffreys-coffee-tea-smoothie
2026-09-05,Joffrey’s™ Handcrafted Smoothies at Disney Springs Marketplace,Disney Springs,Purple Piñata,Smoothies,Snack,"Apple Juice, Strawberries, Raspberries, Blueberries and Yogurt",7.99,disney-springs/joffreys-coffee-tea-smoothie
2026-09-05,Joffrey’s™ Handcrafted Smoothies at Disney Springs Marketplace,Disney Springs,Tropical Sunset,Smoothies,Snack,"Orange Juice, Strawberries, Bananas and Yogurt",7.99,disney-springs/joffreys-coffee-tea-smoothie
2026-09-05,Joffrey’s™ Handcrafted Smoothies at Disney Springs Marketplace,Disney Springs,Walt Disney World Resort Blend Coffee,Specialty Beverages,Snack,,3.99,disney-springs/joffreys-coffee-tea-smoothie
2026-09-05,Joffrey’s™ Handcrafted Smoothies at Disney Springs Marketplace,Disney Springs,Shakin’ Jamaican™ Cold Brew,Specialty Beverages,Snack,,6.49,disney-springs/joffreys-coffee-tea-smoothie
2026-09-05,Joffrey’s™ Handcrafted Smoothies at Disney Springs Marketplace,Disney Springs,Hot Tea,Specialty Beverages,Snack,,3.69,disney-springs/joffreys-coffee-tea-smoothie
2026-09-05,Joffrey’s™ Handcrafted Smoothies at Disney Springs Marketplace,Disney Springs,Peach or Mango Iced Tea,Specialty Beverages,Snack,,4.59,disney-springs/joffreys-coffee-tea-smoothie
2026-09-05,Joffrey’s™ Handcrafted Smoothies at Disney Springs Marketplace,Disney Springs,Hot Chocolate,Specialty Beverages,Snack,,4.19,disney-springs/joffreys-coffee-tea-smoothie
2026-09-05,Joffrey’s™ Handcrafted Smoothies at Disney Springs Marketplace,Disney Springs,Frozen Cappuccino Dream,Specialty Beverages,Snack,,6.99,disney-springs/joffreys-coffee-tea-smoothie
2026-09-05,Joffrey’s™ Handcrafted Smoothies at Disney Springs Marketplace,Disney Springs,Chai Latte,Specialty Beverages,Snack,,5.39,disney-springs/joffreys-coffee-tea-smoothie
2026-09-05,Joffrey’s™ Handcrafted Smoothies at Disney Springs Marketplace,Disney Springs,Spirited Beverage,Spirited Beverages,Snack,,15.99,disney-springs/joffreys-coffee-tea-smoothie
2026-09-05,Lava Lounge at Rainforest Café®,Disney Springs,Awesome Appetizer Adventure (For Four),Appetizers,Bar – Lounge,"Chimi-Cha-Chas, Spinach & Artichoke Dip, Cheese Sticks, Chicken Strips. Add a side of St. Louis style Pork Spareribs $11.99",27.79,disney-springs/lava-lounge
2026-09-05,Lava Lounge at Rainforest Café®,Disney Springs,Chicken Quesadillas,Appetizers,Bar – Lounge,"Cajun chicken, cheddar and Monterey Jack cheese, pico de gallo",16.49,disney-springs/lava-lounge
2026-09-05,Lava Lounge at Rainforest Café®,Disney Springs,Spinach & Artichoke Dip,Appetizers,Bar – Lounge,,14.49,disney-springs/lava-lounge
2026-09-05,Lava Lounge at Rainforest Café®,Disney Springs,Amazon Bruschetta,Appetizers,Bar – Lounge,"Herbed focaccia, tomatoes, garlic, basil, mozzarella cheese, balsamic reduction",14.49,disney-springs/lava-lounge
2026-09-05,Lava Lounge at Rainforest Café®,Disney Springs,Mozzarella Flatbread with Arugula,Appetizers,Bar – Lounge,"Marinara sauce and mozzarella cheese topped with arugula, tomato & parmesan salad, balsamic reduction",17.49,disney-springs/lava-lounge
2026-09-05,Lava Lounge at Rainforest Café®,Disney Springs,Beef Lava Nachos (For Two),Appetizers,Bar – Lounge,"Peppers, onions, black bean chili, Monterey Jack cheese, cheddar cheese, Chili Con Queso, green onions, sour cream, pico de gallo, salsa",23.79,disney-springs/lava-lounge
2026-09-05,Lava Lounge at Rainforest Café®,Disney Springs,Cheese Sticks,Appetizers,Bar – Lounge,,14.99,disney-springs/lava-lounge
2026-09-05,Lava Lounge at Rainforest Café®,Disney Springs,Korean Spicy Stir-Fry Chicken Lettuce Wraps,Appetizers,Bar – Lounge,"Hand-battered chicken tossed in Gochujang sauce, Asian slaw, topped with pineapple salsa, served with crisp lettuce cups",19.49,disney-springs/lava-lounge
2026-09-05,Lava Lounge at Rainforest Café®,Disney Springs,Soup of the Day,Soups and Salads,Bar – Lounge,,10.99,disney-springs/lava-lounge
2026-09-05,Lava Lounge at Rainforest Café®,Disney Springs,Paradise House Salad,Soups and Salads,Bar – Lounge,"Mixed Greens, Tomatoes, Carrots, Cucumbers, Croutons, choice of Dressing",10.49,disney-springs/lava-lounge
2026-09-05,Lava Lounge at Rainforest Café®,Disney Springs,Volcanic Cobb Salad,Soups and Salads,Bar – Lounge,"Grilled chicken, blue cheese, black olives, tomatoes, eggs, cucumbers, bacon, green onions, balsamic vinaigrette",25.79,disney-springs/lava-lounge
2026-09-05,Lava Lounge at Rainforest Café®,Disney Springs,Big Island Caesar Salad,Soups and Salads,Bar – Lounge,,20.79,disney-springs/lava-lounge
2026-09-05,Lava Lounge at Rainforest Café®,Disney Springs,Big Islander Chicken Caesar Salad,Soups and Salads,Bar – Lounge,,24.79,disney-springs/lava-lounge
2026-09-05,Lava Lounge at Rainforest Café®,Disney Springs,Big Islander Shrimp Caesar Salad,Soups and Salads,Bar – Lounge,,26.79,disney-springs/lava-lounge
2026-09-05,Lava Lounge at Rainforest Café®,Disney Springs,Big Islander Salmon Caesar Salad,Soups and Salads,Bar – Lounge,,29.79,disney-springs/lava-lounge
2026-09-05,Lava Lounge at Rainforest Café®,Disney Springs,Jungle Chopped Salad,Soups and Salads,Bar – Lounge,"Grilled chicken, black olives, red onions, cucumbers, tomatoes, mozzarella and parmesan cheese, zesty vinaigrette",24.79,disney-springs/lava-lounge
2026-09-05,Lava Lounge at Rainforest Café®,Disney Springs,China Island Chicken Salad,Soups and Salads,Bar – Lounge,"Grilled chicken, mixed greens, Mandarin oranges, sesame seeds, carrots, rice noodles, green onions, wonton strips, China Island dressing",25.79,disney-springs/lava-lounge
2026-09-05,Lava Lounge at Rainforest Café®,Disney Springs,Amazon Rainforest Burger*,Sandwiches & Burgers,Bar – Lounge,"American cheese, lettuce, tomato, onion, pickle | Sub Beyond Burger® patty $3.00.",20.49,disney-springs/lava-lounge
2026-09-05,Lava Lounge at Rainforest Café®,Disney Springs,BBQ Bacon Cheeseburger*,Sandwiches & Burgers,Bar – Lounge,"Smokin’ Mojo BBQ sauce, cheddar cheese, bacon, lettuce, tomato, onion, pickle",23.79,disney-springs/lava-lounge
2026-09-05,Lava Lounge at Rainforest Café®,Disney Springs,The Beastly Burger*,Sandwiches & Burgers,Bar – Lounge,"Two patties, American cheese, lettuce, tomato, onion, pickle",24.79,disney-springs/lava-lounge
2026-09-05,Lava Lounge at Rainforest Café®,Disney Springs,Bimini Chicken Sandwich,Sandwiches & Burgers,Bar – Lounge,"Caribbean fried chicken, hot honey drizzle, topped with coconut curry tropical slaw",21.49,disney-springs/lava-lounge
2026-09-05,Lava Lounge at Rainforest Café®,Disney Springs,Turkey Club Panini,Sandwiches & Burgers,Bar – Lounge,"Roasted turkey, lettuce, tomato, bacon, Swiss cheese, pesto aioli, panini bread",20.99,disney-springs/lava-lounge
2026-09-05,Lava Lounge at Rainforest Café®,Disney Springs,Bamba's Beef Dip,Sandwiches & Burgers,Bar – Lounge,"Slow roasted beef, caramelized onions, sautéed mushrooms, Swiss cheese, horseradish sauce, au jus",22.99,disney-springs/lava-lounge
2026-09-05,Lava Lounge at Rainforest Café®,Disney Springs,Blue Mountain Chicken Caprese Sandwich,Sandwiches & Burgers,Bar – Lounge,"Grilled lemon chicken, arugula, tomatoes, fresh mozzarella cheese, basil, herb aioli, balsamic reduction",23.49,disney-springs/lava-lounge
2026-09-05,Lava Lounge at Rainforest Café®,Disney Springs,Anaconda Pasta,Pastas,Bar – Lounge,"Gluten sensitive pasta, local garden vegetables, mushrooms, basil, parmesan cheese, red pepper flakes, white wine tomato sauce.",22.99,disney-springs/lava-lounge
2026-09-05,Lava Lounge at Rainforest Café®,Disney Springs,Anaconda Pasta with Chicken,Pastas,Bar – Lounge,"Gluten sensitive pasta, local garden vegetables, mushrooms, basil, parmesan cheese, red pepper flakes, white wine tomato sauce",26.99,disney-springs/lava-lounge
2026-09-05,Lava Lounge at Rainforest Café®,Disney Springs,Anaconda Pasta with Shrimp,Pastas,Bar – Lounge,"Gluten sensitive pasta, local garden vegetables, mushrooms, basil, parmesan cheese, red pepper flakes, white wine tomato sauce",28.99,disney-springs/lava-lounge
2026-09-05,Lava Lounge at Rainforest Café®,Disney Springs,Creole Mac & Cheese,Pastas,Bar – Lounge,"Gluten sensitive pasta, local garden vegetables, mushrooms, basil, parmesan cheese, red pepper flakes, white wine tomato sauce",31.99,disney-springs/lava-lounge
2026-09-05,Lava Lounge at Rainforest Café®,Disney Springs,Python Pasta,Pastas,Bar – Lounge,"Grilled chicken breast, Alfredo sauce, tomatoes, green onions, penne pasta, shaved parmesan. Substitute Shrimp add $5.00",25.79,disney-springs/lava-lounge
2026-09-05,Lava Lounge at Rainforest Café®,Disney Springs,Jerk Chicken & Shrimp Pasta,Pastas,Bar – Lounge,"Grilled jerk chicken, shrimp, peppers, red onions, alfredo sauce, cavatappi pasta, parmesan cheese",27.79,disney-springs/lava-lounge
2026-09-05,Lava Lounge at Rainforest Café®,Disney Springs,Ancient Grain Bowl,Pastas,Bar – Lounge,"Ancient grains, roasted vegetables, citrus vinaigrette, pico de gallo",21.99,disney-springs/lava-lounge
2026-09-05,Lava Lounge at Rainforest Café®,Disney Springs,Ancient Grain Bowl with Chicken,Pastas,Bar – Lounge,"Ancient grains, roasted vegetables, citrus vinaigrette, pico de gallo",25.99,disney-springs/lava-lounge
2026-09-05,Lava Lounge at Rainforest Café®,Disney Springs,Ancient Grain Bowl with Shrimp,Pastas,Bar – Lounge,"Ancient grains, roasted vegetables, citrus vinaigrette, pico de gallo",27.99,disney-springs/lava-lounge
2026-09-05,Lava Lounge at Rainforest Café®,Disney Springs,Ancient Grain Bowl with Salmon,Pastas,Bar – Lounge,"Ancient grains, roasted vegetables, citrus vinaigrette, pico de gallo",30.99,disney-springs/lava-lounge
2026-09-05,Lava Lounge at Rainforest Café®,Disney Springs,Rasta Pasta,Pastas,Bar – Lounge,"Italian sausage, ground beef, spinach, basil, mozzarella & parmesan cheese",27.29,disney-springs/lava-lounge
2026-09-05,Lava Lounge at Rainforest Café®,Disney Springs,Pastalaya (Spicy),Pastas,Bar – Lounge,"Shrimp, Sautéed Chicken, Bell Peppers, Onions, Tomatoes, Andouille Sausage, Hot and Spicy Cajun Sauce, Linguini",27.79,disney-springs/lava-lounge
2026-09-05,Lava Lounge at Rainforest Café®,Disney Springs,Tropical Salmon & Coconut Shrimp* (34.99),Seafood,Bar – Lounge,"Rum glazed jerk salmon, Caribbean Coconut Shrimp, island rice, seasonal vegetables",34.99,disney-springs/lava-lounge
2026-09-05,Lava Lounge at Rainforest Café®,Disney Springs,Shrimp Sampler Platter,Seafood,Bar – Lounge,"Bourbon BBQ glazed shrimp, Caribbean Coconut Shrimp, Fried Shrimp, Shrimp Scampi, Island rice",31.79,disney-springs/lava-lounge
2026-09-05,Lava Lounge at Rainforest Café®,Disney Springs,Blackened Fish Tacos,Seafood,Bar – Lounge,"Jalapeño ranch, red cabbage, citrus vinaigrette, pico de gallo, black beans, Jasmine rice",23.79,disney-springs/lava-lounge
2026-09-05,Lava Lounge at Rainforest Café®,Disney Springs,Fish-n-Chips,Seafood,Bar – Lounge,"Served English-style, coconut curry tropical slaw, Safari fries",25.79,disney-springs/lava-lounge
2026-09-05,Lava Lounge at Rainforest Café®,Disney Springs,Caribbean Coconut Fried Shrimp,Seafood,Bar – Lounge,"Island rice, seasonal vegetables, coconut curry tropical slaw",28.79,disney-springs/lava-lounge
2026-09-05,Lava Lounge at Rainforest Café®,Disney Springs,Taste of the Islands,Seafood,Bar – Lounge,"Caribbean Coconut Shrimp, mango habanero glazed shrimp, jerk-seasoned tilapia topped with pineapple salsa, island rice, seasonal vegetables",35.99,disney-springs/lava-lounge
2026-09-05,Lava Lounge at Rainforest Café®,Disney Springs,Korean Spicy Stir-Fry,Seafood,Bar – Lounge,"Gochujang sauce, peppers, crispy wontons, green onions, sesame seeds, Jasmine rice",27.79,disney-springs/lava-lounge
2026-09-05,Lava Lounge at Rainforest Café®,Disney Springs,Mojo Bones,"Beef, Pork & Chicken",Bar – Lounge,"Half rack of St. Louis style pork spareribs, Smokin’ Mojo BBQ sauce, coconut curry tropical slaw, Safari fries. Add an additional Half Rack of Ribs $16.49",31.79,disney-springs/lava-lounge
2026-09-05,Lava Lounge at Rainforest Café®,Disney Springs,Bourbon Grilled Meatloaf,"Beef, Pork & Chicken",Bar – Lounge,"Bourbon BBQ glazed grilled meatloaf, caramelized onions, mashed potato casserole, seasonal vegetables, crispy onions",32.99,disney-springs/lava-lounge
2026-09-05,Lava Lounge at Rainforest Café®,Disney Springs,"Ribs, Steak & Shrimp Trio*","Beef, Pork & Chicken",Bar – Lounge,"Mojo Bone Ribs, sirloin steak, Caribbean Coconut Shrimp, coconut curry tropical slaw, Safari fries",40.99,disney-springs/lava-lounge
2026-09-05,Lava Lounge at Rainforest Café®,Disney Springs,Pot Roast,"Beef, Pork & Chicken",Bar – Lounge,"Slow roasted pot roast, baby potatoes, roasted carrots, celery and red onions, au jus, crispy onions",30.99,disney-springs/lava-lounge
2026-09-05,Lava Lounge at Rainforest Café®,Disney Springs,Treetop Filet*,"Beef, Pork & Chicken",Bar – Lounge,"8 oz. filet, red wine demi glace, mashed potatoes, seasonal vegetables",51.29,disney-springs/lava-lounge
2026-09-05,Lava Lounge at Rainforest Café®,Disney Springs,Bimini Chicken,"Beef, Pork & Chicken",Bar – Lounge,"Caribbean fried chicken, hot honey sauce, island rice, seasonal vegetables, coconut curry tropical slaw",28.79,disney-springs/lava-lounge
2026-09-05,Lava Lounge at Rainforest Café®,Disney Springs,Crispy Bruschetta Chicken,"Beef, Pork & Chicken",Bar – Lounge,"Panko-parmesan coated chicken breast, mozzarella cheese, bruschetta tomato topping, balsamic reduction, shrimp scampi, pasta alfredo",27.99,disney-springs/lava-lounge
2026-09-05,Lava Lounge at Rainforest Café®,Disney Springs,Primal Steak*,"Beef, Pork & Chicken",Bar – Lounge,"Aged USDA Choice center-cut NY strip steak, char-broiled, red skinned mashed potatoes, seasonal vegetables",46.29,disney-springs/lava-lounge
2026-09-05,Lava Lounge at Rainforest Café®,Disney Springs,Jungle Steak and Shrimp*,"Beef, Pork & Chicken",Bar – Lounge,"Sirloin steak, Shrimp Scampi, Caribbean Coconut Shrimp, seasonal vegetables",38.99,disney-springs/lava-lounge
2026-09-05,Lava Lounge at Rainforest Café®,Disney Springs,Seasonal Vegetables,Sides,Bar – Lounge,,5.99,disney-springs/lava-lounge
2026-09-05,Lava Lounge at Rainforest Café®,Disney Springs,Island Rice,Sides,Bar – Lounge,,5.99,disney-springs/lava-lounge
2026-09-05,Lava Lounge at Rainforest Café®,Disney Springs,Safari Fries,Sides,Bar – Lounge,,5.99,disney-springs/lava-lounge
2026-09-05,Lava Lounge at Rainforest Café®,Disney Springs,Coconut Curry Tropical Slaw,Sides,Bar – Lounge,,5.99,disney-springs/lava-lounge
2026-09-05,Lava Lounge at Rainforest Café®,Disney Springs,Red Skinned Mashed Potatoes,Sides,Bar – Lounge,,5.99,disney-springs/lava-lounge
2026-09-05,Lava Lounge at Rainforest Café®,Disney Springs,"Ecco Domani Pinot Grigio, Italy",Beer & Wine,Bar – Lounge,,30.00,disney-springs/lava-lounge
2026-09-05,Lava Lounge at Rainforest Café®,Disney Springs,"Rodney Strong Chardonnay, Sonoma",Beer & Wine,Bar – Lounge,,37.00,disney-springs/lava-lounge
2026-09-05,Lava Lounge at Rainforest Café®,Disney Springs,"Beringer White Zinfandel, California",Beer & Wine,Bar – Lounge,,27.00,disney-springs/lava-lounge
2026-09-05,Lava Lounge at Rainforest Café®,Disney Springs,"A to Z Pinot Noir, Oregon",Beer & Wine,Bar – Lounge,,51.00,disney-springs/lava-lounge
2026-09-05,Lava Lounge at Rainforest Café®,Disney Springs,"Brancott Estate Sauvignon Blanc, New Zealand",Beer & Wine,Bar – Lounge,,36.00,disney-springs/lava-lounge
2026-09-05,Lava Lounge at Rainforest Café®,Disney Springs,"Rodney Strong Sonoma County Merlot, California",Beer & Wine,Bar – Lounge,,36.00,disney-springs/lava-lounge
2026-09-05,Maria & Enzo's Ristorante,Disney Springs,Salumi e Formaggi (serves two),Antipasti (Appetizers),Lunch,"prosciutto di parma, mortadella, salame calabrese piccante, 24-mo. parmigiano-reggiano, gorgonzola dolce, moliterno, local honey, marinated olives, pickled peppers, grissini",33.00,disney-springs/maria-enzo
2026-09-05,Maria & Enzo's Ristorante,Disney Springs,Focaccia della Casa,Antipasti (Appetizers),Lunch; Dinner,"house-made rosemary-lemon focaccia, whipped ricotta, lemon extra virgin olive oil, sea salt, cracked pepper (serves four)",9.50,disney-springs/maria-enzo
2026-09-05,Maria & Enzo's Ristorante,Disney Springs,Marinated Olives,Antipasti (Appetizers),Lunch; Dinner,"garlic, citrus & herb marinated olives",9.50,disney-springs/maria-enzo
2026-09-05,Maria & Enzo's Ristorante,Disney Springs,Calamari Fritti,Antipasti (Appetizers),Lunch,"hot cherry peppers, spicy marinara, garlic aioli",16.00,disney-springs/maria-enzo
2026-09-05,Maria & Enzo's Ristorante,Disney Springs,Polpette,Antipasti (Appetizers),Lunch,"classic braised meatballs, whipped ricotta, parmigiano",16.00,disney-springs/maria-enzo
2026-09-05,Maria & Enzo's Ristorante,Disney Springs,Prosciutto e Melone,Antipasti (Appetizers),Lunch; Dinner,"prosciutto di parma, melon, aged balsamic, baby arugula, extra virgin olive oil",17.00,disney-springs/maria-enzo
2026-09-05,Maria & Enzo's Ristorante,Disney Springs,Burrata Caprese,Antipasti (Appetizers),Lunch,"tomatoes, basil pesto, sea salt, ciabatta crostini",16.00,disney-springs/maria-enzo
2026-09-05,Maria & Enzo's Ristorante,Disney Springs,Enzo's Caesar*,Insalate (Salads),Lunch; Dinner,"romaine lettuce, parmigiano, toasted ciabatta breadcrumbs. Add Chicken $9 or Shrimp $10.",17.00,disney-springs/maria-enzo
2026-09-05,Maria & Enzo's Ristorante,Disney Springs,Rucola,Insalate (Salads),Lunch; Dinner,"baby arugula, radicchio, gorgonzola dolce, honeycrisp apple, candied walnuts, aged balsamic, extra virgin olive oil. Add Chicken $9 or Shrimp $10.",17.00,disney-springs/maria-enzo
2026-09-05,Maria & Enzo's Ristorante,Disney Springs,Della Casa,Insalate (Salads),Lunch; Dinner,"mixed organic greens, cucumbers, pickled peppers, tomatoes, olives, ricotta salata. Add Chicken $9 or Shrimp $10.",16.00,disney-springs/maria-enzo
2026-09-05,Maria & Enzo's Ristorante,Disney Springs,Pollo alla Parmigiana,Panini (Toasted Cibatta Sandwiches),Lunch,"lightly breaded chicken cutlet, marinara, fior di latte mozzarella, parmigiano",18.00,disney-springs/maria-enzo
2026-09-05,Maria & Enzo's Ristorante,Disney Springs,Verdure,Panini (Toasted Cibatta Sandwiches),Lunch,"roasted eggplant, zucchini, red peppers, portobello mushroom, baby arugula, salsa verde",17.00,disney-springs/maria-enzo
2026-09-05,Maria & Enzo's Ristorante,Disney Springs,Salsiccia,Panini (Toasted Cibatta Sandwiches),Lunch,"sweet italian sausage, roasted peppers, onions, marinara, provolone, parmigiano",18.00,disney-springs/maria-enzo
2026-09-05,Maria & Enzo's Ristorante,Disney Springs,Mortadella E Burrata,Panini (Toasted Cibatta Sandwiches),Lunch,"basil pesto, baby arugula",18.00,disney-springs/maria-enzo
2026-09-05,Maria & Enzo's Ristorante,Disney Springs,Porchetta,Panini (Toasted Cibatta Sandwiches),Lunch,"roman-style roasted pork belly, baby arugula, grana padano, extra virgin olive oil",18.00,disney-springs/maria-enzo
2026-09-05,Maria & Enzo's Ristorante,Disney Springs,Roast Beef,Panini (Toasted Cibatta Sandwiches),Lunch,"slow-roasted ny strip, caramelized onion, cherry peppers, garlic aioli, baby arugula",18.50,disney-springs/maria-enzo
2026-09-05,Maria & Enzo's Ristorante,Disney Springs,Spaghetti e Polpette,Pasta,Lunch,"marinara, meatballs, parmigiano, basil",23.50,disney-springs/maria-enzo
2026-09-05,Maria & Enzo's Ristorante,Disney Springs,Paccheri,Pasta,Lunch,"house-made pasta, cauliflower ragù, lemon extra virgin olive oil, pecorino romano",22.00,disney-springs/maria-enzo
2026-09-05,Maria & Enzo's Ristorante,Disney Springs,Campanelle,Pasta,Lunch,"house-made pasta, italian sausage, broccoli rabe, cipollini, white wine, roasted garlic, calabrian chili, butter, pecorino romano",23.00,disney-springs/maria-enzo
2026-09-05,Maria & Enzo's Ristorante,Disney Springs,Rigatoni alla Bolognese,Pasta,Lunch,"house-made pasta, veal, beef & pork ragù, ricotta, parmigiano, extra virgin olive oil",23.50,disney-springs/maria-enzo
2026-09-05,Maria & Enzo's Ristorante,Disney Springs,Ravioli Al Formaggi,Pasta,Lunch,"fresh egg pasta, cheese filling, pomodoro, pecorino, basil pesto",23.00,disney-springs/maria-enzo
2026-09-05,Maria & Enzo's Ristorante,Disney Springs,Carbonara Americana,Pasta,Lunch,"spaghetti, parmigiano, applewood bacon, soft-poached egg",25.00,disney-springs/maria-enzo
2026-09-05,Maria & Enzo's Ristorante,Disney Springs,KM - Spaghetti & Meatball,Kids' Entrees,Lunch; Dinner,"Choice of one Starter, Entrée, Dessert, and Beverage",16.00,disney-springs/maria-enzo
2026-09-05,Maria & Enzo's Ristorante,Disney Springs,Slice of Cheese Pizza,Kids' Entrees,Lunch; Dinner,,16.00,disney-springs/maria-enzo
2026-09-05,Maria & Enzo's Ristorante,Disney Springs,Chicken Tenders and Fries,Kids' Entrees,Lunch; Dinner,"Choice of one Starter, Entrée, Dessert, and Beverage",16.00,disney-springs/maria-enzo
2026-09-05,Maria & Enzo's Ristorante,Disney Springs,Quattro Mini Cannoli,Dolci,Lunch; Dinner,"Sweet Ricotta, Chocolate Chips, Candied Orange",16.00,disney-springs/maria-enzo
2026-09-05,Maria & Enzo's Ristorante,Disney Springs,Coppa di Maria,Dolci,Lunch; Dinner,"house vanilla. chocolate & pistachio gelato, amaretti & pizzelle cookies, amarena cherries",15.00,disney-springs/maria-enzo
2026-09-05,Maria & Enzo's Ristorante,Disney Springs,Torta all' Olio di Limone,Dolci,Lunch; Dinner,"lemon olive oil cake, whipped mascarpone, lemon curd, fresh strawberries",15.00,disney-springs/maria-enzo
2026-09-05,Maria & Enzo's Ristorante,Disney Springs,Tiramisu,Dolci,Lunch; Dinner,"Ladyfinger Cookies, Mascarpone Cheese, Coffee, Cocoa Powder",16.00,disney-springs/maria-enzo
2026-09-05,Maria & Enzo's Ristorante,Disney Springs,Gelato,Dolci,Lunch; Dinner,Two Scoops: Chocolate or Crema,12.00,disney-springs/maria-enzo
2026-09-05,Maria & Enzo's Ristorante,Disney Springs,Sorbetto,Dolci,Lunch; Dinner,strawberry or lemon,12.00,disney-springs/maria-enzo
2026-09-05,Maria & Enzo's Ristorante,Disney Springs,Acqua Panna,Non-Alcoholic Beverages,Lunch; Dinner,"still, 1L",8.00,disney-springs/maria-enzo
2026-09-05,Maria & Enzo's Ristorante,Disney Springs,San Pellegrino,Non-Alcoholic Beverages,Lunch; Dinner,"sparkling, 1L",8.00,disney-springs/maria-enzo
2026-09-05,Maria & Enzo's Ristorante,Disney Springs,Soda,Non-Alcoholic Beverages,Lunch; Dinner,Coke | Diet Coke | Sprite | Lemonade | Ginger Ale | Root Beer | Fanta Orange,5.50,disney-springs/maria-enzo
2026-09-05,Maria & Enzo's Ristorante,Disney Springs,Juice,Non-Alcoholic Beverages,Lunch; Dinner,Orange | Cranberry | Pineapple | Apple,7.00,disney-springs/maria-enzo
2026-09-05,Maria & Enzo's Ristorante,Disney Springs,Z + T, Zero Proof,Lunch; Dinner,"Lucano NA Amaro, Jack Rudy tonic, Fee Brothers cardamom bitters, soda",13.00,disney-springs/maria-enzo
2026-09-05,Maria & Enzo's Ristorante,Disney Springs,Pink Paradise, Zero Proof,Lunch; Dinner,"strawberry purée, lime juice, lemonade, Sprite",10.00,disney-springs/maria-enzo
2026-09-05,Maria & Enzo's Ristorante,Disney Springs,Floridays, Zero Proof,Lunch; Dinner,"pineapple juice, peach purée, florida orange juice, cherry juice",10.00,disney-springs/maria-enzo
2026-09-05,Maria & Enzo's Ristorante,Disney Springs,Botanic Sun,Functional Cocktails,Lunch; Dinner,"Aplós Arise, mint, simple syrup, lime juice, pineapple juice",17.00,disney-springs/maria-enzo
2026-09-05,Maria & Enzo's Ristorante,Disney Springs,Crimson Bloom,Functional Cocktails,Lunch; Dinner,"Aplós Ease, salted watermelon juice, hibiscus-mint syrup, lime juice, ginger beer",17.00,disney-springs/maria-enzo
2026-09-05,Maria & Enzo's Ristorante,Disney Springs,First-Class Ticket,Cocktails,Lunch; Dinner,"Enzo’s Eagle Rare 10 yr. bourbon, Amaro Nonino, Aperol, lemon",26.00,disney-springs/maria-enzo
2026-09-05,Maria & Enzo's Ristorante,Disney Springs,Blood Moon Mule,Cocktails,Lunch; Dinner,"Skyy Blood Orange, Solerno Blood Orange liqueur, cold-pressed blood orange juice, lime, ginger beer, lime wheel",17.00,disney-springs/maria-enzo
2026-09-05,Maria & Enzo's Ristorante,Disney Springs,Enzo's Fedora,Cocktails,Lunch; Dinner,"Buffalo Trace, Lucano Anniversario Amaro, demerara, Enzo’s bitters blend, expressed orange. substitute Enzo’s Eagle Rare for $5.",17.00,disney-springs/maria-enzo
2026-09-05,Maria & Enzo's Ristorante,Disney Springs,Strawbarb Mojito,Cocktails,Lunch; Dinner,"Diplomático Planas, Giffard Rhubarb Liqueur, strawberry purée, mint, lime, mint sprig, strawberry",17.00,disney-springs/maria-enzo
2026-09-05,Maria & Enzo's Ristorante,Disney Springs,Seasonal Spritz,Cocktails,Lunch; Dinner,Ask your server about our seasonal spritz,17.00,disney-springs/maria-enzo
2026-09-05,Maria & Enzo's Ristorante,Disney Springs,N2 Bean Martini,Cocktails,Lunch; Dinner,"Grey Goose, Caffè Borghetti espresso liqueur, cold brew, espresso beans",17.00,disney-springs/maria-enzo
2026-09-05,Maria & Enzo's Ristorante,Disney Springs,Italian Margherita,Cocktails,Lunch; Dinner,"Espolòn Blanco, Amaretto Lazzaroni, florida orange liqueur, lime juice, florida orange juice, lime wedge, salt half rim",17.00,disney-springs/maria-enzo
2026-09-05,Maria & Enzo's Ristorante,Disney Springs,C'est La Viellini,Cocktails,Lunch; Dinner,"Combier de Pêche, Boiron white peach purée, prosecco, raspberry",17.00,disney-springs/maria-enzo
2026-09-05,Maria & Enzo's Ristorante,Disney Springs,Hidden Negroni,Cocktails,Lunch; Dinner,"Fords Gin, Dolin Blanc vermouth, Italicus, grapefruit bitters, castelvetrano olives",18.00,disney-springs/maria-enzo
2026-09-05,Maria & Enzo's Ristorante,Disney Springs,Gran Riserva Margarita,Cocktails,Lunch; Dinner,"Casamigos Reposado, Disaronno, Grand Marnier, lime, florida orange juice, dehydrated lime wheel, volcanic black salt half rim",25.00,disney-springs/maria-enzo
2026-09-05,Maria & Enzo's Ristorante,Disney Springs,Margarita Flight,Cocktails,Lunch; Dinner,"2 oz. pours of our Italian, Coconut and Pomegranate margaritas",28.00,disney-springs/maria-enzo
2026-09-05,Maria & Enzo's Ristorante,Disney Springs,Cello Flight,Cocktails,Lunch; Dinner,"2 oz. pours of our Limoncello, Orangecello, and Raspicello",25.00,disney-springs/maria-enzo
2026-09-05,Maria & Enzo's Ristorante,Disney Springs,"Prosecco - Mionetto Avantgarde, Treviso DOC",Featured Wines,Lunch; Dinner,,52.00,disney-springs/maria-enzo
2026-09-05,Maria & Enzo's Ristorante,Disney Springs,"Lambrusco Amabile - La Colombara, Emilia-Romagna Italy",Featured Wines,Lunch; Dinner,,56.00,disney-springs/maria-enzo
2026-09-05,Maria & Enzo's Ristorante,Disney Springs,"Moscato - La Perlina, Veneto, Italy",Featured Wines,Lunch; Dinner,,64.00,disney-springs/maria-enzo
2026-09-05,Maria & Enzo's Ristorante,Disney Springs,"Rose - Impero Mon Amour, Abruzzo Italy",Featured Wines,Lunch; Dinner,,56.00,disney-springs/maria-enzo
2026-09-05,Maria & Enzo's Ristorante,Disney Springs,"Soave - Gambellara, Veneto",Featured Wines,Lunch; Dinner,,56.00,disney-springs/maria-enzo
2026-09-05,Maria & Enzo's Ristorante,Disney Springs,"Pinot Grigio - Terredirai, Delle Venezie, Italy",Featured Wines,Lunch; Dinner,,56.00,disney-springs/maria-enzo
2026-09-05,Maria & Enzo's Ristorante,Disney Springs,"Sauvignon Blanc - Frenzy, Marlborough, NZ",Featured Wines,Lunch; Dinner,,65.00,disney-springs/maria-enzo
2026-09-05,Maria & Enzo's Ristorante,Disney Springs,"Verdicchio - Velenosi, Quercia Antica, Marche",Featured Wines,Lunch; Dinner,,68.00,disney-springs/maria-enzo
2026-09-05,Maria & Enzo's Ristorante,Disney Springs,"Chardonnay - Tormaresca, Puglia",Featured Wines,Lunch; Dinner,,18.00,disney-springs/maria-enzo
2026-09-05,Maria & Enzo's Ristorante,Disney Springs,"Barbera - Ca Montebello, Oltrepò Pavese, Italy",Featured Wines,Lunch; Dinner,,67.00,disney-springs/maria-enzo
2026-09-05,Maria & Enzo's Ristorante,Disney Springs,"Nero D'Avola - Stemmari, Sicilia",Featured Wines,Lunch; Dinner,,52.00,disney-springs/maria-enzo
2026-09-05,Maria & Enzo's Ristorante,Disney Springs,"Pinot Noir - Linea Margherita, Toscana",Featured Wines,Lunch; Dinner,,62.00,disney-springs/maria-enzo
2026-09-05,Maria & Enzo's Ristorante,Disney Springs,"Chianti - Codirosso, Toscana",Featured Wines,Lunch; Dinner,,76.00,disney-springs/maria-enzo
2026-09-05,Maria & Enzo's Ristorante,Disney Springs,"Montepulciano d'Abruzzo - Terre di Poggio, Abruzzo",Featured Wines,Lunch; Dinner,,68.00,disney-springs/maria-enzo
2026-09-05,Maria & Enzo's Ristorante,Disney Springs,"Super Tuscan - Tenuta Lucente, Toscana",Featured Wines,Lunch; Dinner,,23.00,disney-springs/maria-enzo
2026-09-05,Maria & Enzo's Ristorante,Disney Springs,"Cabernet Sauvignon - Salus, Abruzzo",Featured Wines,Lunch; Dinner,,16.00,disney-springs/maria-enzo
2026-09-05,Maria & Enzo's Ristorante,Disney Springs,"Sangue di Guida - Ca’Montebello, Lombardia",Featured Wines,Lunch; Dinner,,56.00,disney-springs/maria-enzo
2026-09-05,Maria & Enzo's Ristorante,Disney Springs,Wine Flight - Bianco,Featured Wines,Lunch; Dinner,"Soave - Gamberalla, Veneto | Chardonnay - Tormaresca, Puglia | Pinot Grigio - Terredirai, Delle Venezie",21.00,disney-springs/maria-enzo
2026-09-05,Maria & Enzo's Ristorante,Disney Springs,Wine Flight - Rosso,Featured Wines,Lunch; Dinner,"Montepulciano D'Abruzzo - Terre di Poggio, Abruzzo | Nero D'Avola - Stemmari, Sicilia | Cabernet Sauvignon - Salus, Abruzzo",22.00,disney-springs/maria-enzo
2026-09-05,Maria & Enzo's Ristorante,Disney Springs,Wine Flight - Frizzante,Featured Wines,Lunch; Dinner,"Prosecco - Mionetto Avantgarde, Treviso | Moscato - La Perlina, Veneto | Lambrusco - La Colombara, Emilia-Romagna",20.00,disney-springs/maria-enzo
2026-09-05,Maria & Enzo's Ristorante,Disney Springs,"Arneis - Roero Batasiolo, medium bodied",Wines by the Bottle,Lunch; Dinner,,79.00,disney-springs/maria-enzo
2026-09-05,Maria & Enzo's Ristorante,Disney Springs,"Chardonnay - Antinori Bramito, light bodied",Wines by the Bottle,Lunch; Dinner,,95.00,disney-springs/maria-enzo
2026-09-05,Maria & Enzo's Ristorante,Disney Springs,"Pinot Grigio - Jermann, light bodied",Wines by the Bottle,Lunch; Dinner,,80.00,disney-springs/maria-enzo
2026-09-05,Maria & Enzo's Ristorante,Disney Springs,"Sauvignon Blanc - Livio Felluga, medium bodied",Wines by the Bottle,Lunch; Dinner,,120.00,disney-springs/maria-enzo
2026-09-05,Maria & Enzo's Ristorante,Disney Springs,"Soave Classico - Pieropan, full bodied",Wines by the Bottle,Lunch; Dinner,,65.00,disney-springs/maria-enzo
2026-09-05,Maria & Enzo's Ristorante,Disney Springs,"Friulano - Tocai Italico, Schiopetto, full bodied",Wines by the Bottle,Lunch; Dinner,,85.00,disney-springs/maria-enzo
2026-09-05,Maria & Enzo's Ristorante,Disney Springs,"Greco di Tufo - Feudi di San Gregorio, medium bodied",Wines by the Bottle,Lunch; Dinner,,90.00,disney-springs/maria-enzo
2026-09-05,Maria & Enzo's Ristorante,Disney Springs,"Barbaresco - Prunotto, full bodied",Wines by the Bottle,Lunch; Dinner,,140.00,disney-springs/maria-enzo
2026-09-05,Maria & Enzo's Ristorante,Disney Springs,"Barbera D'Asti Superiore - Pico Maccario, medium bodied",Wines by the Bottle,Lunch; Dinner,,64.00,disney-springs/maria-enzo
2026-09-05,Maria & Enzo's Ristorante,Disney Springs,"Nebbiolo - Renato Ratti, medium bodied",Wines by the Bottle,Lunch; Dinner,,82.00,disney-springs/maria-enzo
2026-09-05,Maria & Enzo's Ristorante,Disney Springs,"Rafael Valpolicella Classico - Tommasi, medium bodied",Wines by the Bottle,Lunch; Dinner,,80.00,disney-springs/maria-enzo
2026-09-05,Maria & Enzo's Ristorante,Disney Springs,"Amarone Della Valpolicella - Classico, Masi, full bodied",Wines by the Bottle,Lunch; Dinner,,195.00,disney-springs/maria-enzo
2026-09-05,Maria & Enzo's Ristorante,Disney Springs,"Chianti Classico - Borgo Scopeto, medium bodied",Wines by the Bottle,Lunch; Dinner,,90.00,disney-springs/maria-enzo
2026-09-05,Maria & Enzo's Ristorante,Disney Springs,"Chianti Classico - Il Poggio, Castello di Monsanto, medium bodied",Wines by the Bottle,Lunch; Dinner,,230.00,disney-springs/maria-enzo
2026-09-05,Maria & Enzo's Ristorante,Disney Springs,"Belnero - Banfi, medium bodied",Wines by the Bottle,Lunch; Dinner,,95.00,disney-springs/maria-enzo
2026-09-05,Maria & Enzo's Ristorante,Disney Springs,"Rosso di Montalcino - San Polo, full bodied",Wines by the Bottle,Lunch; Dinner,,110.00,disney-springs/maria-enzo
2026-09-05,Maria & Enzo's Ristorante,Disney Springs,"Ca'Marcanda - Promis, Gaja, medium bodied",Wines by the Bottle,Lunch; Dinner,,185.00,disney-springs/maria-enzo
2026-09-05,Maria & Enzo's Ristorante,Disney Springs,"Brunello di Montalcino - Banfi, full bodied",Wines by the Bottle,Lunch; Dinner,,240.00,disney-springs/maria-enzo
2026-09-05,Maria & Enzo's Ristorante,Disney Springs,"Brunello di Montalcino - Col d’Orcia, full bodied",Wines by the Bottle,Lunch; Dinner,,175.00,disney-springs/maria-enzo
2026-09-05,Maria & Enzo's Ristorante,Disney Springs,"Super Tuscan - Tre Brancaia, medium bodied",Wines by the Bottle,Lunch; Dinner,,75.00,disney-springs/maria-enzo
2026-09-05,Maria & Enzo's Ristorante,Disney Springs,"Merlot Blend - La Segreta Rosso, Planeta, medium bodied",Wines by the Bottle,Lunch; Dinner,,58.00,disney-springs/maria-enzo
2026-09-05,Maria & Enzo's Ristorante,Disney Springs,"Cannonau - Riserva, Sella & Mosca, medium bodied",Wines by the Bottle,Lunch; Dinner,,68.00,disney-springs/maria-enzo
2026-09-05,Maria & Enzo's Ristorante,Disney Springs,"Cabernet Sauvignon - Overture by Opus One, Napa Valley, full bodied",Wines by the Bottle,Lunch; Dinner,,320.00,disney-springs/maria-enzo
2026-09-05,Maria & Enzo's Ristorante,Disney Springs,Rosa,Sangria,Lunch; Dinner,"cabernet, malbec, peach & apricot brandy, seasonal fruits, spiced cinnamon simple syrup",39.00,disney-springs/maria-enzo
2026-09-05,Maria & Enzo's Ristorante,Disney Springs,Bianca,Sangria,Lunch; Dinner,"pinot grigio, orange liqueur, seasonal fruits, fresh fruit juice",39.00,disney-springs/maria-enzo
2026-09-05,Maria & Enzo's Ristorante,Disney Springs,Bud Light,Birra,Lunch; Dinner,,10.00,disney-springs/maria-enzo
2026-09-05,Maria & Enzo's Ristorante,Disney Springs,Michelob Ultra,Birra,Lunch; Dinner,,10.00,disney-springs/maria-enzo
2026-09-05,Maria & Enzo's Ristorante,Disney Springs,Blue Moon,Birra,Lunch; Dinner,,11.00,disney-springs/maria-enzo
2026-09-05,Maria & Enzo's Ristorante,Disney Springs,Peroni,Birra,Lunch; Dinner,,12.00,disney-springs/maria-enzo
2026-09-05,Maria & Enzo's Ristorante,Disney Springs,Ravenous Pig Seasonal Draft,Birra,Lunch; Dinner,,12.00,disney-springs/maria-enzo
2026-09-05,Maria & Enzo's Ristorante,Disney Springs,Suncreek Squishy IPA,Birra,Lunch; Dinner,,12.00,disney-springs/maria-enzo
2026-09-05,Maria & Enzo's Ristorante,Disney Springs,Angry Orchard Crisp Apple Cider,Birra,Lunch; Dinner,,12.00,disney-springs/maria-enzo
2026-09-05,Maria & Enzo's Ristorante,Disney Springs,Corona Extra,Birra,Lunch; Dinner,,12.00,disney-springs/maria-enzo
2026-09-05,Maria & Enzo's Ristorante,Disney Springs,Heineken 0.0,Birra,Lunch; Dinner,,12.00,disney-springs/maria-enzo
2026-09-05,Maria & Enzo's Ristorante,Disney Springs,Sierra Nevada Hazy IPA,Birra,Lunch; Dinner,,12.00,disney-springs/maria-enzo
2026-09-05,Maria & Enzo's Ristorante,Disney Springs,Stella,Birra,Lunch; Dinner,,12.00,disney-springs/maria-enzo
2026-09-05,Maria & Enzo's Ristorante,Disney Springs,Destihl Seasonal Sour,Birra,Lunch; Dinner,,14.00,disney-springs/maria-enzo
2026-09-05,Maria & Enzo's Ristorante,Disney Springs,Menebrea Blonde,Birra,Lunch; Dinner,,14.00,disney-springs/maria-enzo
2026-09-05,Maria & Enzo's Ristorante,Disney Springs,Menebrea Amber,Birra,Lunch; Dinner,,15.00,disney-springs/maria-enzo
2026-09-05,Maria & Enzo's Ristorante,Disney Springs,Salumi e Formaggi (serves two),Antipasti (Appetizers),Dinner,"prosciutto di parma, mortadella, salame calabrese piccante, 24-mo. parmigiano-reggiano, gorgonzola dolce, moliterno, local honey, marinated olives, pickled peppers, grissini",36.00,disney-springs/maria-enzo
2026-09-05,Maria & Enzo's Ristorante,Disney Springs,Calamari Fritti,Antipasti (Appetizers),Dinner,"hot cherry peppers, spicy marinara, garlic aioli",19.00,disney-springs/maria-enzo
2026-09-05,Maria & Enzo's Ristorante,Disney Springs,Polpette,Antipasti (Appetizers),Dinner,"classic braised meatballs, whipped ricotta, parmigiano",19.00,disney-springs/maria-enzo
2026-09-05,Maria & Enzo's Ristorante,Disney Springs,Burrata Caprese,Antipasti (Appetizers),Dinner,"tomatoes, basil pesto, sea salt, ciabatta crostini",19.00,disney-springs/maria-enzo
2026-09-05,Maria & Enzo's Ristorante,Disney Springs,Pollo alla Parmigiana,Secondi & Pasta,Dinner,"lightly breaded chicken breast, marinara, fior di latte mozzarella, parmigiano, penne pomodoro",33.00,disney-springs/maria-enzo
2026-09-05,Maria & Enzo's Ristorante,Disney Springs,Branzino Al Forno,Secondi & Pasta,Dinner,"parmigiano potatoes, broccoli rabe, castelvetrano salmoriglio",39.00,disney-springs/maria-enzo
2026-09-05,Maria & Enzo's Ristorante,Disney Springs,Costina Di Manzo,Secondi & Pasta,Dinner,"braised beef short rib, creamy polenta, roasted carrots, cipollini onions",39.00,disney-springs/maria-enzo
2026-09-05,Maria & Enzo's Ristorante,Disney Springs,Salmone Alla Griglia*,Secondi & Pasta,Dinner,"parmigiano potatoes, roasted baby carrots, green beans, salsa verde",37.00,disney-springs/maria-enzo
2026-09-05,Maria & Enzo's Ristorante,Disney Springs,Bistecca Alla Plancia,Secondi & Pasta,Dinner,"14 oz. ny strip, roasted asparagus, parmigiano potatoes, 12 yr balsamic, extra virgin olive oil",56.00,disney-springs/maria-enzo
2026-09-05,Maria & Enzo's Ristorante,Disney Springs,Spaghetti E Polpette,Secondi & Pasta,Dinner,"marinara, meatballs, parmigiano, basil",29.50,disney-springs/maria-enzo
2026-09-05,Maria & Enzo's Ristorante,Disney Springs,Rigatoni alla Bolognese,Secondi & Pasta,Dinner,"house-made pasta, veal, beef & pork ragù, ricotta, parmigiano, extra virgin olive oil",31.00,disney-springs/maria-enzo
2026-09-05,Maria & Enzo's Ristorante,Disney Springs,Ravioli ai Formaggi,Secondi & Pasta,Dinner,"fresh egg pasta, cheese filling, pomodoro, pecorino, basil pesto",29.00,disney-springs/maria-enzo
2026-09-05,Maria & Enzo's Ristorante,Disney Springs,Campanelle,Secondi & Pasta,Dinner,"house-made pasta, italian sausage, broccoli rabe, cipollini, white wine, roasted garlic, calabrian chili, butter, pecorino romano",29.00,disney-springs/maria-enzo
2026-09-05,Maria & Enzo's Ristorante,Disney Springs,Paccheri,Secondi & Pasta,Dinner,"house-made pasta, cauliflower ragù, lemon extra virgin olive oil, pecorino romano",29.00,disney-springs/maria-enzo
2026-09-05,Maria & Enzo's Ristorante,Disney Springs,Rosetta Di Lasagna,Secondi & Pasta,Dinner,"limited availability. fresh egg pasta, ricotta, mozzarella, fontina, besciamella, short rib & pork ragù, pomodoro, parmigiano-reggiano",31.00,disney-springs/maria-enzo
2026-09-05,Morimoto Asia™,Disney Springs,Edamame,"Weekend Brunch - Small Plates & Dim Sum (Available Saturday and Sunday, Starting at Noon)",Lunch,Maldon sea salt,10.00,disney-springs/morimoto-asia
2026-09-05,Morimoto Asia™,Disney Springs,Blistered Shishito Peppers,"Weekend Brunch - Small Plates & Dim Sum (Available Saturday and Sunday, Starting at Noon)",Lunch,"flash fried shishito pepper, maldon sea salt and wasabi crème fraiche",14.00,disney-springs/morimoto-asia
2026-09-05,Morimoto Asia™,Disney Springs,Miso Soup,"Weekend Brunch - Small Plates & Dim Sum (Available Saturday and Sunday, Starting at Noon)",Lunch,"miso broth, silken tofu, and scallions",10.00,disney-springs/morimoto-asia
2026-09-05,Morimoto Asia™,Disney Springs,Hot & Sour Soup,"Weekend Brunch - Small Plates & Dim Sum (Available Saturday and Sunday, Starting at Noon)",Lunch,"Duck broth, bamboo, mushroom, tofu, egg, scallion and chili oil",10.00,disney-springs/morimoto-asia
2026-09-05,Morimoto Asia™,Disney Springs,Crispy Popcorn Shrimp,"Weekend Brunch - Small Plates & Dim Sum (Available Saturday and Sunday, Starting at Noon)",Lunch,"signature tempura shrimp, spicy gochujang aioli",18.00,disney-springs/morimoto-asia
2026-09-05,Morimoto Asia™,Disney Springs,Berkshire Lettuce Wraps,"Weekend Brunch - Small Plates & Dim Sum (Available Saturday and Sunday, Starting at Noon)",Lunch,"ground berkshire pork, shiitake mushroom, bamboo, water chestnut and hoisin sauce",17.00,disney-springs/morimoto-asia
2026-09-05,Morimoto Asia™,Disney Springs,Pork Dumplings - 4 pieces,"Weekend Brunch - Small Plates & Dim Sum (Available Saturday and Sunday, Starting at Noon)",Lunch,"pork, napa cabbage, and scallion",16.00,disney-springs/morimoto-asia
2026-09-05,Morimoto Asia™,Disney Springs,Lemongrass Chicken Dumplings - 4 pieces,"Weekend Brunch - Small Plates & Dim Sum (Available Saturday and Sunday, Starting at Noon)",Lunch,"Chicken, sweet corn, onion, scallion and lemongrass",16.00,disney-springs/morimoto-asia
2026-09-05,Morimoto Asia™,Disney Springs,Vegetable Dumplings - 4 pcs,"Weekend Brunch - Small Plates & Dim Sum (Available Saturday and Sunday, Starting at Noon)",Lunch,"Cabbage, soybean, red pepper and garlic",12.00,disney-springs/morimoto-asia
2026-09-05,Morimoto Asia™,Disney Springs,Spicy Vegetable Wontons - 4 pieces,"Weekend Brunch - Small Plates & Dim Sum (Available Saturday and Sunday, Starting at Noon)",Lunch,"Spicy sesame sauce, garlic chili oil, cabbage, soybean, red pepper and garlic",15.00,disney-springs/morimoto-asia
2026-09-05,Morimoto Asia™,Disney Springs,Pork Egg Roll - 2 pieces,"Weekend Brunch - Small Plates & Dim Sum (Available Saturday and Sunday, Starting at Noon)",Lunch,"pork, cabbage, apricot sweet chili sauce",15.00,disney-springs/morimoto-asia
2026-09-05,Morimoto Asia™,Disney Springs,Shumai - 4 pieces,"Weekend Brunch - Small Plates & Dim Sum (Available Saturday and Sunday, Starting at Noon)",Lunch,"pork, napa cabbage, scallion",17.00,disney-springs/morimoto-asia
2026-09-05,Morimoto Asia™,Disney Springs,California*,"Weekend Brunch - Sushi Rolls (Available Saturday and Sunday, Starting at Noon)",Lunch,"blue crab meat, avocado, cucumber",17.00,disney-springs/morimoto-asia
2026-09-05,Morimoto Asia™,Disney Springs,Spider*,"Weekend Brunch - Sushi Rolls (Available Saturday and Sunday, Starting at Noon)",Lunch,"tempura soft shell crab, spicy mayo, cucumber and asparagus",19.00,disney-springs/morimoto-asia
2026-09-05,Morimoto Asia™,Disney Springs,Kanikama Roll*,"Weekend Brunch - Sushi Rolls (Available Saturday and Sunday, Starting at Noon)",Lunch,"Kanikama, cucumber, avocado",12.00,disney-springs/morimoto-asia
2026-09-05,Morimoto Asia™,Disney Springs,Shrimp Tempura*,"Weekend Brunch - Sushi Rolls (Available Saturday and Sunday, Starting at Noon)",Lunch,"asparagus, spicy mayo",16.00,disney-springs/morimoto-asia
2026-09-05,Morimoto Asia™,Disney Springs,Eel & Avocado*,"Weekend Brunch - Sushi Rolls (Available Saturday and Sunday, Starting at Noon)",Lunch,"bbq eel, avocado and kabayaki sauce",16.00,disney-springs/morimoto-asia
2026-09-05,Morimoto Asia™,Disney Springs,Spicy Tuna*,"Weekend Brunch - Sushi Rolls (Available Saturday and Sunday, Starting at Noon)",Lunch,"tuna, spicy mayo, and scallion",19.00,disney-springs/morimoto-asia
2026-09-05,Morimoto Asia™,Disney Springs,Spicy Yellowtail*,"Weekend Brunch - Sushi Rolls (Available Saturday and Sunday, Starting at Noon)",Lunch,"japanese yellowtail, jalapeño, scallion",18.00,disney-springs/morimoto-asia
2026-09-05,Morimoto Asia™,Disney Springs,Spicy Salmon*,"Weekend Brunch - Sushi Rolls (Available Saturday and Sunday, Starting at Noon)",Lunch,"faroe island salmon, spicy mayo, scallion",17.00,disney-springs/morimoto-asia
2026-09-05,Morimoto Asia™,Disney Springs,Morimoto Gomoku Fried Rice,"Weekend Brunch - Noodles & Rice (Available Saturday and Sunday, Starting at Noon)",Lunch,"peking duck, chicken, berkshire pork, shrimp, vegetables, spicy house sambal",33.00,disney-springs/morimoto-asia
2026-09-05,Morimoto Asia™,Disney Springs,"Morimoto ""Buri-Bop""","Weekend Brunch - Noodles & Rice (Available Saturday and Sunday, Starting at Noon)",Lunch,"korean style yellowtail rice bowl, served in a hot clay pot and prepared tableside with egg yolk",37.00,disney-springs/morimoto-asia
2026-09-05,Morimoto Asia™,Disney Springs,Tonkotsu Ramen,"Weekend Brunch - Noodles & Rice (Available Saturday and Sunday, Starting at Noon)",Lunch,"rich pork bone broth, wheat noodles, roasted pork belly, mushroom, pickled ginger, scallion and soy marinated egg",21.00,disney-springs/morimoto-asia
2026-09-05,Morimoto Asia™,Disney Springs,Duck Ramen,"Weekend Brunch - Noodles & Rice (Available Saturday and Sunday, Starting at Noon)",Lunch,"peking duck broth, wheat noodles, duck meat, scallion, cilantro and soy marinated egg",20.00,disney-springs/morimoto-asia
2026-09-05,Morimoto Asia™,Disney Springs,Orange Chicken,"Weekend Brunch - Meat & Poultry (Available Saturday and Sunday, Starting at Noon)",Lunch,"tempura chicken, Chinese broccoli, wok-tossed with a sweet Florida orange sauce",32.00,disney-springs/morimoto-asia
2026-09-05,Morimoto Asia™,Disney Springs,"Morimoto Spare Ribs, Appetizer, 3-rib","Weekend Brunch - Meat & Poultry (Available Saturday and Sunday, Starting at Noon)",Lunch,"pork ribs, cilantro and hoisin sweet chili glaze",19.00,disney-springs/morimoto-asia
2026-09-05,Morimoto Asia™,Disney Springs,"Morimoto Spare Ribs, Half-Rack, 6-rib","Weekend Brunch - Meat & Poultry (Available Saturday and Sunday, Starting at Noon)",Lunch,"pork ribs, cilantro, hoisin sweet chili glaze",35.00,disney-springs/morimoto-asia
2026-09-05,Morimoto Asia™,Disney Springs,Morimoto Peking Duck*,"Weekend Brunch - Meat & Poultry (Available Saturday and Sunday, Starting at Noon)",Lunch,"carved house-roasted whole duck, served with steamed flour tortillas, apricot sweet chili, hoisin miso, scallion, cucumber and choice of steamed white or brown rice. Choice of four flour tortillas | bao buns | lettuce cups. Additional hand helds $5.00",85.00,disney-springs/morimoto-asia
2026-09-05,Morimoto Asia™,Disney Springs,Kung Pao Cauliflower,"Weekend Brunch - Vegetables (Available Saturday and Sunday, Starting at Noon)",Lunch,"Flash Fried Cauliflower Florets, Peppers, Carrots, Mushroom and Tobanjan Chili",16.00,disney-springs/morimoto-asia
2026-09-05,Morimoto Asia™,Disney Springs,Wok Sautéed Chinese Vegetables,"Weekend Brunch - Vegetables (Available Saturday and Sunday, Starting at Noon)",Lunch,"Chinese broccoli, bok choy, mushroom, carrot, green bean, garlic and shiodare sauce",17.00,disney-springs/morimoto-asia
2026-09-05,Morimoto Asia™,Disney Springs,Stir-fried Tofu Medley,"Weekend Brunch - Vegetables (Available Saturday and Sunday, Starting at Noon)",Lunch,"flash fried tofu, bell peppers, onions, carrots, sweet soy sauce",21.00,disney-springs/morimoto-asia
2026-09-05,Morimoto Asia™,Disney Springs,California*,Rolls,Lunch,"blue crab meat, avocado, cucumber",17.00,disney-springs/morimoto-asia
2026-09-05,Morimoto Asia™,Disney Springs,Spider*,Rolls,Lunch,"tempura soft shell crab, spicy mayo, cucumber and asparagus",19.00,disney-springs/morimoto-asia
2026-09-05,Morimoto Asia™,Disney Springs,Kanikama Roll*,Rolls,Lunch,"Kanikama, cucumber, avocado",12.00,disney-springs/morimoto-asia
2026-09-05,Morimoto Asia™,Disney Springs,Shrimp Tempura*,Rolls,Lunch,"asparagus, spicy mayo",16.00,disney-springs/morimoto-asia
2026-09-05,Morimoto Asia™,Disney Springs,Eel & Avocado*,Rolls,Lunch,"bbq eel, avocado and kabayaki sauce",16.00,disney-springs/morimoto-asia
2026-09-05,Morimoto Asia™,Disney Springs,Spicy Tuna*,Rolls,Lunch,"tuna, spicy mayo, and scallion",19.00,disney-springs/morimoto-asia
2026-09-05,Morimoto Asia™,Disney Springs,Spicy Salmon*,Rolls,Lunch,"faroe island salmon, spicy mayo, scallion",17.00,disney-springs/morimoto-asia
2026-09-05,Morimoto Asia™,Disney Springs,Spicy Yellowtail*,Rolls,Lunch,"japanese yellowtail, jalapeño, scallion",18.00,disney-springs/morimoto-asia
2026-09-05,Morimoto Asia™,Disney Springs,Edamame,Small Plates and Soups,Lunch,Maldon sea salt,10.00,disney-springs/morimoto-asia
2026-09-05,Morimoto Asia™,Disney Springs,Blistered Shishito Peppers,Small Plates and Soups,Lunch,"flash fried shishito pepper, maldon sea salt and wasabi crème fraiche",14.00,disney-springs/morimoto-asia
2026-09-05,Morimoto Asia™,Disney Springs,Miso Soup,Small Plates and Soups,Lunch,"miso broth, silken tofu, and scallions",10.00,disney-springs/morimoto-asia
2026-09-05,Morimoto Asia™,Disney Springs,Hot & Sour Soup,Small Plates and Soups,Lunch,"Duck broth, bamboo, mushroom, tofu, egg, scallion and chili oil",10.00,disney-springs/morimoto-asia
2026-09-05,Morimoto Asia™,Disney Springs,Crispy Popcorn Shrimp,Small Plates and Soups,Lunch,"signature tempura shrimp, spicy gochujang aioli",18.00,disney-springs/morimoto-asia
2026-09-05,Morimoto Asia™,Disney Springs,Berkshire Lettuce Wraps,Small Plates and Soups,Lunch,"ground berkshire pork, shiitake mushroom, bamboo, water chestnut and hoisin sauce",17.00,disney-springs/morimoto-asia
2026-09-05,Morimoto Asia™,Disney Springs,Pork Dumplings - 4 pieces,Dim Sum,Lunch,"pork, napa cabbage, and scallion",16.00,disney-springs/morimoto-asia
2026-09-05,Morimoto Asia™,Disney Springs,Lemongrass Chicken Dumplings - 4 pieces,Dim Sum,Lunch,"Chicken, sweet corn, onion, scallion and lemongrass",16.00,disney-springs/morimoto-asia
2026-09-05,Morimoto Asia™,Disney Springs,Vegetable Dumplings - 4 pcs,Dim Sum,Lunch,"Cabbage, soybean, red pepper and garlic",12.00,disney-springs/morimoto-asia
2026-09-05,Morimoto Asia™,Disney Springs,Spicy Vegetable Wontons - 4 pieces,Dim Sum,Lunch,"Spicy sesame sauce, garlic chili oil, cabbage, soybean, red pepper and garlic",15.00,disney-springs/morimoto-asia
2026-09-05,Morimoto Asia™,Disney Springs,Pork Egg Roll - 2 pieces,Dim Sum,Lunch,"pork, cabbage, apricot sweet chili sauce",15.00,disney-springs/morimoto-asia
2026-09-05,Morimoto Asia™,Disney Springs,Shumai - 4 pieces,Dim Sum,Lunch,"purse shaped dumpling filled with pork, shrimp, mushroom, tobiko caviar",17.00,disney-springs/morimoto-asia
2026-09-05,Morimoto Asia™,Disney Springs,Kung Pao Cauliflower,Vegetables,Lunch; Dinner,"Flash Fried Cauliflower Florets, Peppers, Carrots, Mushroom and Tobanjan Chili",16.00,disney-springs/morimoto-asia
2026-09-05,Morimoto Asia™,Disney Springs,Wok Sautéed Chinese Vegetables,Vegetables,Lunch; Dinner,"Chinese broccoli, bok choy, mushroom, carrot, green bean, garlic and shiodare sauce",17.00,disney-springs/morimoto-asia
2026-09-05,Morimoto Asia™,Disney Springs,Stir-fried Tofu Medley,Vegetables,Lunch; Dinner,"flash fried tofu, bell peppers, onions, carrots, sweet soy sauce",21.00,disney-springs/morimoto-asia
2026-09-05,Morimoto Asia™,Disney Springs,Morimoto Gomoku Fried Rice,Noodles & Rice,Lunch; Dinner,"peking duck, chicken, berkshire pork, shrimp, vegetables, spicy house sambal",33.00,disney-springs/morimoto-asia
2026-09-05,Morimoto Asia™,Disney Springs,"Morimoto ""Buri-Bop""",Noodles & Rice,Lunch; Dinner,"korean style yellowtail rice bowl, served in a hot clay pot and prepared tableside with egg yolk",37.00,disney-springs/morimoto-asia
2026-09-05,Morimoto Asia™,Disney Springs,Tonkotsu Ramen,Noodles & Rice,Lunch; Dinner,"rich pork bone broth, wheat noodles, roasted pork belly, mushroom, pickled ginger, scallion and soy marinated egg",21.00,disney-springs/morimoto-asia
2026-09-05,Morimoto Asia™,Disney Springs,Duck Ramen,Noodles & Rice,Lunch; Dinner,"peking duck broth, wheat noodles, duck meat, scallion, cilantro and soy marinated egg",20.00,disney-springs/morimoto-asia
2026-09-05,Morimoto Asia™,Disney Springs,Lobster Singapore Noodles,Noodles & Rice,Lunch; Dinner,"Grilled half lobster, soy marinated egg, lettuce, scallion, fried wonton, crispy shallot, coconut curry broth with a choice of rice noodle or wheat noodle",38.00,disney-springs/morimoto-asia
2026-09-05,Morimoto Asia™,Disney Springs,Orange Chicken,Meat & Poultry,Lunch; Dinner,"tempura chicken, Chinese broccoli, wok-tossed with a sweet Florida orange sauce",32.00,disney-springs/morimoto-asia
2026-09-05,Morimoto Asia™,Disney Springs,"Morimoto Spare Ribs, Appetizer, 3-rib",Meat & Poultry,Lunch; Dinner,"pork ribs, cilantro and hoisin sweet chili glaze",19.00,disney-springs/morimoto-asia
2026-09-05,Morimoto Asia™,Disney Springs,"Morimoto Spare Ribs, Half-Rack, 6-rib",Meat & Poultry,Lunch; Dinner,"pork ribs, cilantro, hoisin sweet chili glaze",35.00,disney-springs/morimoto-asia
2026-09-05,Morimoto Asia™,Disney Springs,Morimoto Peking Duck*,Meat & Poultry,Lunch; Dinner,"carved house-roasted whole duck, served with steamed flour tortillas, apricot sweet chili, hoisin miso, scallion, cucumber and choice of steamed white or brown rice. Choice of four flour tortillas | bao buns | lettuce cups. Additional hand helds $5.00",85.00,disney-springs/morimoto-asia
2026-09-05,Morimoto Asia™,Disney Springs,Soda,Non-Alcoholic Drinks,Lunch; Dinner,,5.00,disney-springs/morimoto-asia
2026-09-05,Morimoto Asia™,Disney Springs,Bruce Cost Unfiltered Ginger Ale,Non-Alcoholic Drinks,Lunch; Dinner,original or blood orange,7.00,disney-springs/morimoto-asia
2026-09-05,Morimoto Asia™,Disney Springs,Kimino Yuzu Soda,Non-Alcoholic Drinks,Lunch; Dinner,,6.00,disney-springs/morimoto-asia
2026-09-05,Morimoto Asia™,Disney Springs,Ramune,Non-Alcoholic Drinks,Lunch; Dinner,,6.50,disney-springs/morimoto-asia
2026-09-05,Morimoto Asia™,Disney Springs,Unsweetened Iced Tea,Non-Alcoholic Drinks,Lunch; Dinner,organic green or black tea,4.50,disney-springs/morimoto-asia
2026-09-05,Morimoto Asia™,Disney Springs,Assorted Hot Tea,Non-Alcoholic Drinks,Lunch; Dinner,,5.00,disney-springs/morimoto-asia
2026-09-05,Morimoto Asia™,Disney Springs,Thai Tea,Non-Alcoholic Drinks,Lunch; Dinner,,7.00,disney-springs/morimoto-asia
2026-09-05,Morimoto Asia™,Disney Springs,Bottled Water,Non-Alcoholic Drinks,Lunch; Dinner,Sparkling or Still (1L),8.00,disney-springs/morimoto-asia
2026-09-05,Morimoto Asia™,Disney Springs,Pearadise Tea,Non-Alcoholic Drinks,Lunch; Dinner,"Housemade Iced Green Tea, Monin Pear, Monin Desert Pear, Lime Juice and Simple Syrup",10.00,disney-springs/morimoto-asia
2026-09-05,Morimoto Asia™,Disney Springs,Mangogo,Non-Alcoholic Drinks,Lunch; Dinner,"Mango juice, lime, agave and ginger beer. Add liquor $8",10.00,disney-springs/morimoto-asia
2026-09-05,Morimoto Asia™,Disney Springs,Blushing Dragon,Non-Alcoholic Drinks,Lunch; Dinner,"grapefruit, calpico and club soda. Add liquor $8",10.00,disney-springs/morimoto-asia
2026-09-05,Morimoto Asia™,Disney Springs,Lychee Lemon Soda,Non-Alcoholic Drinks,Lunch; Dinner,"house made lychee concentrate, lemon and club soda. Add liquor $8",10.00,disney-springs/morimoto-asia
2026-09-05,Morimoto Asia™,Disney Springs,Cappuccino,Non-Alcoholic Drinks,Lunch; Dinner,,5.00,disney-springs/morimoto-asia
2026-09-05,Morimoto Asia™,Disney Springs,Espresso,Non-Alcoholic Drinks,Lunch; Dinner,,3.00,disney-springs/morimoto-asia
2026-09-05,Morimoto Asia™,Disney Springs,Shirayuri (White Lily),Cocktails,Lunch; Dinner,"sudachi shochu, calpico, and yuzu served with a twist",17.00,disney-springs/morimoto-asia
2026-09-05,Morimoto Asia™,Disney Springs,Sake Sangria,Cocktails,Lunch; Dinner,"sake, light white wine, plum wine, asian pears, apple, tangerine juice",18.00,disney-springs/morimoto-asia
2026-09-05,Morimoto Asia™,Disney Springs,Sleepless in Sapporo,Cocktails,Lunch; Dinner,"absolut vodka, kahlua coffee liqueur, cold brew and light dust of 5 spices",19.00,disney-springs/morimoto-asia
2026-09-05,Morimoto Asia™,Disney Springs,Morimoto Mai Tai,Cocktails,Lunch; Dinner,"cruzan coconut rum, orgeat, pineapple, lime, peychaud bitters, dark rum floater",18.00,disney-springs/morimoto-asia
2026-09-05,Morimoto Asia™,Disney Springs,East Meets West,Cocktails,Lunch; Dinner,"dos hombres mezcal, orange liqueur, togarashi, pear, lime and togarashi rim",19.00,disney-springs/morimoto-asia
2026-09-05,Morimoto Asia™,Disney Springs,Japanesne Old Fashion,Cocktails,Lunch; Dinner,"suntory toki whisky, simple, angostura bitters",19.00,disney-springs/morimoto-asia
2026-09-05,Morimoto Asia™,Disney Springs,Lychee Martini,Cocktails,Lunch; Dinner,"absolut, supasawa, whole luchee, housemade lychee concentrate",18.00,disney-springs/morimoto-asia
2026-09-05,Morimoto Asia™,Disney Springs,Forbidden Highball,Cocktails,Lunch; Dinner,"suntory toki whisky, the best sparkling water in the world",16.00,disney-springs/morimoto-asia
2026-09-05,Morimoto Asia™,Disney Springs,Kokuto Old Fashioned,Cocktails,Lunch; Dinner,"mars shinshu iwaijapanese whiskey, okinawan brown sugar, 5 spice bitters",21.00,disney-springs/morimoto-asia
2026-09-05,Morimoto Asia™,Disney Springs,Matcha Raku,Cocktails,Lunch; Dinner,"absolut vanilla vodka, oat milk, lavendar, matcha, lemon bitters",16.00,disney-springs/morimoto-asia
2026-09-05,Morimoto Asia™,Disney Springs,R.E.I. Spritz,Cocktails,Lunch; Dinner,"lyre's italian spritz, kiwi, lemon, the best sparkling water in the world",16.00,disney-springs/morimoto-asia
2026-09-05,Morimoto Asia™,Disney Springs,Yuzu Margarita,Cocktails,Lunch; Dinner,"cazcabel blanco tequila, cold pressed non-gmo yuzu, lime, organic agave, togarashi salt rim",17.00,disney-springs/morimoto-asia
2026-09-05,Morimoto Asia™,Disney Springs,Takabarako,Cocktails,Lunch; Dinner,"A5 wagyu fat-washed angels envy bourbon, angostura amaro, demerara and morimoto barrel-aged bitters blend. Presented tableside on a smoke box.",34.00,disney-springs/morimoto-asia
2026-09-05,Morimoto Asia™,Disney Springs,Mango Sticky Rice,Cocktails,Lunch; Dinner,"cruzan light rum, mango, rumchata, toasted sesame seed rim",17.00,disney-springs/morimoto-asia
2026-09-05,Morimoto Asia™,Disney Springs,Yamazaki 25 Year,Cocktails,Lunch; Dinner,"suntory’s flagship single malt whisky, from Japan's first and oldest malt distillery. a range of yamazaki reserve to 12, 18, and 25 years old, all carefully blended components aged in American, Spanish, and Japanese mizunara oak. ounce",440.00,disney-springs/morimoto-asia
2026-09-05,Morimoto Asia™,Disney Springs,10x10,Cocktails,Lunch; Dinner,"Knob creek 10 year anniversary barrel, Aperol, Montenegro, yuzu, peach puree, lemon juice fee foam, saline",20.00,disney-springs/morimoto-asia
2026-09-05,Morimoto Asia™,Disney Springs,Courvoisier VS,After Dinner Drinks,Lunch; Dinner,VSOP $23,15.00,disney-springs/morimoto-asia
2026-09-05,Morimoto Asia™,Disney Springs,Martell,After Dinner Drinks,Lunch; Dinner,,19.00,disney-springs/morimoto-asia
2026-09-05,Morimoto Asia™,Disney Springs,Remy Martin VSOP,After Dinner Drinks,Lunch; Dinner,,20.00,disney-springs/morimoto-asia
2026-09-05,Morimoto Asia™,Disney Springs,Hennessy VS,After Dinner Drinks,Lunch; Dinner,VSOP $26 | XO $50,19.00,disney-springs/morimoto-asia
2026-09-05,Morimoto Asia™,Disney Springs,"Morimoto Soba Ale, USA",Draft Beer,Lunch; Dinner,,14.00,disney-springs/morimoto-asia
2026-09-05,Morimoto Asia™,Disney Springs,"Blue Moon Belgian Style Wheat, USA",Draft Beer,Lunch; Dinner,,12.00,disney-springs/morimoto-asia
2026-09-05,Morimoto Asia™,Disney Springs,"Joyland IPA, Ivanhoe Park Brewery, Orlando",Draft Beer,Lunch; Dinner,,14.00,disney-springs/morimoto-asia
2026-09-05,Morimoto Asia™,Disney Springs,"Sapporo Lager, Japan",Draft Beer,Lunch; Dinner,,13.00,disney-springs/morimoto-asia
2026-09-05,Morimoto Asia™,Disney Springs,"Singha, Thailand",Draft Beer,Lunch; Dinner,,13.00,disney-springs/morimoto-asia
2026-09-05,Morimoto Asia™,Disney Springs,"Bud Light, USA",Draft Beer,Lunch; Dinner,,10.00,disney-springs/morimoto-asia
2026-09-05,Morimoto Asia™,Disney Springs,"Sam Adams Seasonal, USA",Draft Beer,Lunch; Dinner,,12.00,disney-springs/morimoto-asia
2026-09-05,Morimoto Asia™,Disney Springs,"Cider Boys: Pineapple Cider, Wisconsin",Bottles and Cans,Lunch; Dinner,,12.00,disney-springs/morimoto-asia
2026-09-05,Morimoto Asia™,Disney Springs,"Tupac Shaporter, Ivanhoe PArk Brewery, Orlando",Bottles and Cans,Lunch; Dinner,,14.00,disney-springs/morimoto-asia
2026-09-05,Morimoto Asia™,Disney Springs,"Urayasu, Orlando",Bottles and Cans,Lunch; Dinner,,15.00,disney-springs/morimoto-asia
2026-09-05,Morimoto Asia™,Disney Springs,Local Market Beer,Bottles and Cans,Lunch; Dinner,Ask your server about our monthly feature,15.00,disney-springs/morimoto-asia
2026-09-05,Morimoto Asia™,Disney Springs,Matsurika,Bottles and Cans,Lunch; Dinner,"pilsner with Jasmine flower, japas cervesjaria, Brazil",15.00,disney-springs/morimoto-asia
2026-09-05,Morimoto Asia™,Disney Springs,"Echigo, Japan",Bottles and Cans,Lunch; Dinner,,16.00,disney-springs/morimoto-asia
2026-09-05,Morimoto Asia™,Disney Springs,"Far Yeast, Japan",Bottles and Cans,Lunch; Dinner,,15.00,disney-springs/morimoto-asia
2026-09-05,Morimoto Asia™,Disney Springs,"Stella, Germany",Bottles and Cans,Lunch; Dinner,,12.00,disney-springs/morimoto-asia
2026-09-05,Morimoto Asia™,Disney Springs,"Asahi Dry Zero, Japan",Bottles and Cans,Lunch; Dinner,,11.00,disney-springs/morimoto-asia
2026-09-05,Morimoto Asia™,Disney Springs,OISHII,Bottles and Cans,Lunch; Dinner,,15.00,disney-springs/morimoto-asia
2026-09-05,Morimoto Asia™,Disney Springs,Jyo Sushi Combo,Sushi and Sashimi,Dinner,"chef's daily selection of 9 pcs nigiri, 1 roll",62.00,disney-springs/morimoto-asia
2026-09-05,Morimoto Asia™,Disney Springs,Toku-Jyo Sushi Platter,Sushi and Sashimi,Dinner,"18 pieces of nigiri, 2 sushi rolls",115.00,disney-springs/morimoto-asia
2026-09-05,Morimoto Asia™,Disney Springs,Jyo Sashimi Combo,Sushi and Sashimi,Dinner,"chef's daily selection of 7 different fish, 2 pcs each",72.00,disney-springs/morimoto-asia
2026-09-05,Morimoto Asia™,Disney Springs,Toku-Jyo Sashimi Platter,Sushi and Sashimi,Dinner,"10 different varieties fish, 3 pieces of each",130.00,disney-springs/morimoto-asia
2026-09-05,Morimoto Asia™,Disney Springs,California*,Sushi Rolls,Dinner,"blue crab meat, avocado, cucumber",17.00,disney-springs/morimoto-asia
2026-09-05,Morimoto Asia™,Disney Springs,Spider*,Sushi Rolls,Dinner,"tempura soft shell crab, spicy mayo, cucumber and asparagus",19.00,disney-springs/morimoto-asia
2026-09-05,Morimoto Asia™,Disney Springs,Kanikama Roll*,Sushi Rolls,Dinner,"Kanikama, cucumber, avocado",12.00,disney-springs/morimoto-asia
2026-09-05,Morimoto Asia™,Disney Springs,Shrimp Tempura*,Sushi Rolls,Dinner,"asparagus, spicy mayo",16.00,disney-springs/morimoto-asia
2026-09-05,Morimoto Asia™,Disney Springs,Eel & Avocado*,Sushi Rolls,Dinner,"bbq eel, avocado and kabayaki sauce",16.00,disney-springs/morimoto-asia
2026-09-05,Morimoto Asia™,Disney Springs,Spicy Tuna*,Sushi Rolls,Dinner,"tuna, spicy mayo, and scallion",19.00,disney-springs/morimoto-asia
2026-09-05,Morimoto Asia™,Disney Springs,Spicy Salmon*,Sushi Rolls,Dinner,"faroe island salmon, spicy mayo, scallion",17.00,disney-springs/morimoto-asia
2026-09-05,Morimoto Asia™,Disney Springs,Spicy Yellowtail*,Sushi Rolls,Dinner,"japanese yellowtail, jalapeño, scallion",18.00,disney-springs/morimoto-asia
2026-09-05,Morimoto Asia™,Disney Springs,Sushi and Sashimi Pagoda,Towers,Dinner,"5 pieces nigiri, 1 maki, 4 types of sashimi, 1 whole lobster, 6 pieces of oysters and 2 pieces shrimp cocktail",130.00,disney-springs/morimoto-asia
2026-09-05,Morimoto Asia™,Disney Springs,Sushi and Sashimi,Towers,Dinner,"chilled whole lobster, alaskan king crab, 8 oysters, 4 shrimp cocktail, 9 pcs nigiri, 14 pcs sashimi",240.00,disney-springs/morimoto-asia
2026-09-05,Morimoto Asia™,Disney Springs,Edamame,Small Plates & Dim Sum,Dinner,Maldon sea salt,10.00,disney-springs/morimoto-asia
2026-09-05,Morimoto Asia™,Disney Springs,Blistered Shishito Peppers,Small Plates & Dim Sum,Dinner,"flash fried shishito pepper, maldon sea salt and wasabi crème fraiche",14.00,disney-springs/morimoto-asia
2026-09-05,Morimoto Asia™,Disney Springs,Miso Soup,Small Plates & Dim Sum,Dinner,"miso broth, silken tofu, and scallions",10.00,disney-springs/morimoto-asia
2026-09-05,Morimoto Asia™,Disney Springs,Tartare*,Small Plates & Dim Sum,Dinner,"Dashi Soy, avocado, chive, shallot, wasabi and crème fraîche hamachi. Toro 21",18.00,disney-springs/morimoto-asia
2026-09-05,Morimoto Asia™,Disney Springs,Crispy Popcorn Shrimp,Small Plates & Dim Sum,Dinner,"signature tempura shrimp, spicy gochujang aioli",18.00,disney-springs/morimoto-asia
2026-09-05,Morimoto Asia™,Disney Springs,Pork Dumplings - 4 pieces,Small Plates & Dim Sum,Dinner,"pork, napa cabbage, and scallion",16.00,disney-springs/morimoto-asia
2026-09-05,Morimoto Asia™,Disney Springs,Pork Egg Roll - 2 pieces,Small Plates & Dim Sum,Dinner,"pork, cabbage, apricot sweet chili sauce",15.00,disney-springs/morimoto-asia
2026-09-05,Morimoto Asia™,Disney Springs,Shumai - 4 pieces,Small Plates & Dim Sum,Dinner,"purse shaped dumpling filled with pork, shrimp, mushroom, tobiko caviar",17.00,disney-springs/morimoto-asia
2026-09-05,Morimoto Asia™,Disney Springs,Mongolian Filet Mignon,Meat & Poultry,Dinner,"Certified angus beef tenderloin, wok sautéed scallion, bean sprout, mixed mushroom and sweet szechuan sauce poured tableside.",62.00,disney-springs/morimoto-asia
2026-09-05,Morimoto Asia™,Disney Springs,Orange Chicken,Kids' Meals (includes dessert),Dinner,"crisp white meat tenders, orange sauce, served with white or brown rice",17.00,disney-springs/morimoto-asia
2026-09-05,Morimoto Asia™,Disney Springs,Lo Mein,Kids' Meals (includes dessert),Dinner,"cantonese noodles, tossed in lo mein sauce, served with broccoli and carrots. Add shrimp, chicken or beef.",17.00,disney-springs/morimoto-asia
2026-09-05,Morimoto Asia™,Disney Springs,Mini Ramen,Kids' Meals (includes dessert),Dinner,"soy broth, egg noodles, and sesame | add pork or chicken |",17.00,disney-springs/morimoto-asia
2026-09-05,Morimoto Asia™,Disney Springs,Egg Fried Rice,Kids' Meals (includes dessert),Dinner,"egg, scallions, sesame, soy. Add Shrimp, Chicken or Pork",17.00,disney-springs/morimoto-asia
2026-09-05,Morimoto Asia™ Street Food,Disney Springs,Bulkogi Kimuchi Ramen,Noodles,Lunch And Dinner,"Thin-sliced sweet soy-marinated beef, Aromatic duck broth, House-pickled kimchi, Gochujang sauce, Scallion Soy-marinated egg | Allergy: Wheat, Soy, Gluten, Sesame, Fish, Egg",18.00,disney-springs/morimoto-asia-street-food
2026-09-05,Morimoto Asia™ Street Food,Disney Springs,Onigiri (Teriyaki Salmon),Bites,Lunch And Dinner,"Teriyaki-glazed salmon, House-polished short grain rice, Nori | Allergy: Wheat, Egg, Shellfish, Sesame, Soy",5.00,disney-springs/morimoto-asia-street-food
2026-09-05,Morimoto Asia™ Street Food,Disney Springs,Onigiri (Spam Teriyaki Mayo),Bites,Lunch And Dinner,"Teriyaki glazed Spam, House-polished short grain rice, Nori l Allergy: Soy, Egg",5.00,disney-springs/morimoto-asia-street-food
2026-09-05,Morimoto Asia™ Street Food,Disney Springs,Egg Roll,Bites,Lunch And Dinner,"Pork, Cabbage | Allergy: Wheat, Egg, Soy, Sesame, Mushroom",6.00,disney-springs/morimoto-asia-street-food
2026-09-05,Morimoto Asia™ Street Food,Disney Springs,Lemongrass Chicken dumplings,Bites,Lunch And Dinner,"Chicken, Corn, Onion, Scallion | Allergy: Wheat, Soy, Fish",3.00,disney-springs/morimoto-asia-street-food
2026-09-05,Morimoto Asia™ Street Food,Disney Springs,BBQ Pork Bao,Bites,Lunch And Dinner,"Braised pork, Soft steamed bun | Allergy: Wheat, Soy, Shellfish",6.00,disney-springs/morimoto-asia-street-food
2026-09-05,Morimoto Asia™ Street Food,Disney Springs,Asian Spice Karaage Skewers,Bites,Lunch And Dinner,"5 Spice, clove, Chicken Karaage, seaweed, and lime I Allergy: Wheat Soy",8.00,disney-springs/morimoto-asia-street-food
2026-09-05,Morimoto Asia™ Street Food,Disney Springs,Japanese Curry Naan Panini,Bites,Lunch And Dinner,"Tenderloin & Wagyu beef curry, cheese melt panini I Allergy: Wheat, Dairy, Soy",8.00,disney-springs/morimoto-asia-street-food
2026-09-05,Morimoto Asia™ Street Food,Disney Springs,Crunchy Spare Rib,Bites,Lunch And Dinner,"Morimoto Spareribs, Hoisin chili sauce, Rice cracker bits I Allergy: Wheat, Fish, Sesame, Soy",15.00,disney-springs/morimoto-asia-street-food
2026-09-05,Morimoto Asia™ Street Food,Disney Springs,Dandan Nachos,Bites,Lunch And Dinner,"Fried thick wonton, ground pork, Mayonnaise, Gochujang sauce, scallion I Allergy: Wheat, Soy, Egg, Sesame",15.00,disney-springs/morimoto-asia-street-food
2026-09-05,Morimoto Asia™ Street Food,Disney Springs,Vegetable,Sushi Rolls,Lunch And Dinner,Allergy: Sesame,9.75,disney-springs/morimoto-asia-street-food
2026-09-05,Morimoto Asia™ Street Food,Disney Springs,Kanikama,Sushi Rolls,Lunch And Dinner,"Allergy: Wheat, Fish, Shellfish, Egg, Soy, Sesame",10.75,disney-springs/morimoto-asia-street-food
2026-09-05,Morimoto Asia™ Street Food,Disney Springs,Shrimp tempura,Sushi Rolls,Lunch And Dinner,"Allergy: Wheat, Soy, Shellfish",11.75,disney-springs/morimoto-asia-street-food
2026-09-05,Morimoto Asia™ Street Food,Disney Springs,Soda,Beverages,Lunch And Dinner,,5.50,disney-springs/morimoto-asia-street-food
2026-09-05,Morimoto Asia™ Street Food,Disney Springs,Popping Boba Soda,Beverages,Lunch And Dinner,Choice of soda,7.00,disney-springs/morimoto-asia-street-food
2026-09-05,Morimoto Asia™ Street Food,Disney Springs,Frozen Mango-Moto with Popping Pearls,Beverages,Lunch And Dinner,,9.50,disney-springs/morimoto-asia-street-food
2026-09-05,Morimoto Asia™ Street Food,Disney Springs,Frozen Ube Pina-Colada,Beverages,Lunch And Dinner,,9.50,disney-springs/morimoto-asia-street-food
2026-09-05,Morimoto Asia™ Street Food,Disney Springs,Bubble Tea with Tapioca Pearls,Beverages,Lunch And Dinner,Brown Sugar or Taro,7.00,disney-springs/morimoto-asia-street-food
2026-09-05,Morimoto Asia™ Street Food,Disney Springs,Bottled Water,Beverages,Lunch And Dinner,,5.00,disney-springs/morimoto-asia-street-food
2026-09-05,Morimoto Asia™ Street Food,Disney Springs,Craft and Canned Beer,Alcoholic Beverages,Lunch And Dinner,,14.00,disney-springs/morimoto-asia-street-food
2026-09-05,Morimoto Asia™ Street Food,Disney Springs,Draft Beer,Alcoholic Beverages,Lunch And Dinner,Sapporo Lager or Bud Light,14.00,disney-springs/morimoto-asia-street-food
2026-09-05,Morimoto Asia™ Street Food,Disney Springs,Specialty Sakes,Alcoholic Beverages,Lunch And Dinner,,14.00,disney-springs/morimoto-asia-street-food
2026-09-05,Paddlefish,Disney Springs,Crab Cake,Starters,Lunch; Dinner,"Maque choux, fried green tomato, remoulade",20.00,disney-springs/paddlefish
2026-09-05,Paddlefish,Disney Springs,Beef Skewers,Starters,Lunch; Dinner,"House Steak Sauce, Pickled Onions",19.00,disney-springs/paddlefish
2026-09-05,Paddlefish,Disney Springs,Calamari,Starters,Lunch; Dinner,"Shishito, Peppadew Piri Piri Sauce",19.00,disney-springs/paddlefish
2026-09-05,Paddlefish,Disney Springs,Hokkaido Scallops,Starters,Lunch; Dinner,"Cauliflower puree, brown butter, aged balsamic, crispy caper",21.00,disney-springs/paddlefish
2026-09-05,Paddlefish,Disney Springs,Fried Green Tomatoes,Starters,Lunch; Dinner,"Elote, Queso Fresco, Rémoulade",15.00,disney-springs/paddlefish
2026-09-05,Paddlefish,Disney Springs,PEI Mussels,Starters,Lunch; Dinner,"Nduja, white wine, garlic, grilled bread",20.00,disney-springs/paddlefish
2026-09-05,Paddlefish,Disney Springs,Crispy Shrimp,Starters,Lunch; Dinner,"Cornmeal breaded shrimp, crispy pepperroncini, sweet chili aioli",18.00,disney-springs/paddlefish
2026-09-05,Paddlefish,Disney Springs,Crab Boursin Spread,Spreads,Lunch; Dinner,"Blue crab, creamy Boursin cheese, green onion, sesame crackers",14.00,disney-springs/paddlefish
2026-09-05,Paddlefish,Disney Springs,Piquillo Pepper Hummus,Spreads,Lunch; Dinner,"Chick pea, roasted pepper, tahini, lemon, pita",14.00,disney-springs/paddlefish
2026-09-05,Paddlefish,Disney Springs,Hoagie,Spreads,Lunch; Dinner,"Salami, ham, asiago, pepperoncini, cream cheese, onion, tomato, baguette",14.00,disney-springs/paddlefish
2026-09-05,Paddlefish,Disney Springs,Pick Two,Spreads,Lunch; Dinner,"White wine, garlic, lemon butter",22.00,disney-springs/paddlefish
2026-09-05,Paddlefish,Disney Springs,New England Clam Chowder,Soup & Salad,Lunch; Dinner,"Bacon, Potatoes, Cream",10.00,disney-springs/paddlefish
2026-09-05,Paddlefish,Disney Springs,Green Salad - Full (GF),Soup & Salad,Lunch; Dinner,"Baby greens, radish, romaine, radicchio, cucumber, grape tomato, crispy wonton, red onion, roasted shallot vinaigrette",14.00,disney-springs/paddlefish
2026-09-05,Paddlefish,Disney Springs,Green Salad - Side (GF),Soup & Salad,Lunch; Dinner,"Baby greens, radish, romaine, radicchio, cucumber, grape tomato, crispy wonton, red onion, roasted shallot vinaigrette",9.00,disney-springs/paddlefish
2026-09-05,Paddlefish,Disney Springs,Caesar Salad - Full,Soup & Salad,Lunch; Dinner,"Romaine hearts, garlic herb croutons, shaved asiago",14.00,disney-springs/paddlefish
2026-09-05,Paddlefish,Disney Springs,Caesar Salad - Side,Soup & Salad,Lunch; Dinner,"Romaine hearts, garlic herb croutons, shaved asiago",9.00,disney-springs/paddlefish
2026-09-05,Paddlefish,Disney Springs,Wedge Salad (GF),Soup & Salad,Lunch; Dinner,"Iceberg, grape tomatoes, red onions, bacon lardon, blue cheese dressing",14.00,disney-springs/paddlefish
2026-09-05,Paddlefish,Disney Springs,Burrata Panzanella,Soup & Salad,Lunch; Dinner,"Cherry tomatoes, Kalamata olives, cucumbers, toasted bread, basil",20.00,disney-springs/paddlefish
2026-09-05,Paddlefish,Disney Springs,Add Chicken to your Salad,Soup & Salad,Lunch; Dinner,,9.00,disney-springs/paddlefish
2026-09-05,Paddlefish,Disney Springs,Add Shrimp to your Salad,Soup & Salad,Lunch; Dinner,,10.00,disney-springs/paddlefish
2026-09-05,Paddlefish,Disney Springs,Add Salmon to your Salad*,Soup & Salad,Lunch; Dinner,,12.00,disney-springs/paddlefish
2026-09-05,Paddlefish,Disney Springs,Crab (GF),From The Steamer,Lunch; Dinner,served with Corn and New Potatoes,60.00,disney-springs/paddlefish
2026-09-05,Paddlefish,Disney Springs,Whole Maine Lobster (GF),From The Steamer,Lunch; Dinner,served with Corn and New Potatoes,70.00,disney-springs/paddlefish
2026-09-05,Paddlefish,Disney Springs,Peel & Eat Key West Pink Shrimp (GF),From The Steamer,Lunch; Dinner,served with Corn and New Potatoes,39.00,disney-springs/paddlefish
2026-09-05,Paddlefish,Disney Springs,Ahi Poke,Chilled & Raw Seafood,Lunch; Dinner,"Sweet black soy, avocado, cucumber pickle, tortilla chips",19.00,disney-springs/paddlefish
2026-09-05,Paddlefish,Disney Springs,Shrimp Cocktail (GF),Chilled & Raw Seafood,Lunch; Dinner,"Jumbo shrimp, classic cocktail sauce",20.00,disney-springs/paddlefish
2026-09-05,Paddlefish,Disney Springs,Crab Ceviche (GF),Chilled & Raw Seafood,Lunch; Dinner,"Blue Crab, Avocado, Bell Pepper, Jalapeno, Cilantro, Lime, Tortilla Chips",19.00,disney-springs/paddlefish
2026-09-05,Paddlefish,Disney Springs,Crab Guacamole (GF),Chilled & Raw Seafood,Lunch; Dinner,"Blue Crab, Onion, Tomato, Jalapeño, Cilantro, Lime, Avocado, Tajin Tortilla Chips (Serves 4)",38.00,disney-springs/paddlefish
2026-09-05,Paddlefish,Disney Springs,Chilled Seafood Tower,Chilled & Raw Seafood,Lunch; Dinner,"Crab Ceviche, Tune Poke, 6 oysters, 8 shrimp, Mignonette & cocktail sauces and chips (serves 4). With chilled Snow Crab $99",75.00,disney-springs/paddlefish
2026-09-05,Paddlefish,Disney Springs,Linguine & Clams,Pastas,Lunch; Dinner,"Linguine, Florida Littleneck clams, garlic, anchovy, miso, white wine",32.00,disney-springs/paddlefish
2026-09-05,Paddlefish,Disney Springs,Shrimp Pasta,Pastas,Lunch; Dinner,"Linguine, shrimp, asparagus, tomato, crab broth",28.00,disney-springs/paddlefish
2026-09-05,Paddlefish,Disney Springs,Shrimp Pasta,Pastas,Lunch; Dinner,"Linguine, fresh cherry tomato sauce, burrata, basil",25.00,disney-springs/paddlefish
2026-09-05,Paddlefish,Disney Springs,Stuffed Cod,Main,Lunch,"Shrimp and Scallop Corn Bread Stuffing, Asparagus, Red Potato, Mustard Cream Sauce",39.00,disney-springs/paddlefish
2026-09-05,Paddlefish,Disney Springs,Catfish,Main,Lunch,"Cornmeal Crust, Edamame-smoked Bacon Succotash, Baby Kale, Tomatoes, Creole Mustard",27.00,disney-springs/paddlefish
2026-09-05,Paddlefish,Disney Springs,Crispy Shrimp,Main,Lunch,"Flash-fried, Cocktail Sauce, Skin-on Fries",24.00,disney-springs/paddlefish
2026-09-05,Paddlefish,Disney Springs,Salmon,Main,Lunch,"Miso vinaigrette, vegetable stir fry, wasabi mash, crimini bacon",35.00,disney-springs/paddlefish
2026-09-05,Paddlefish,Disney Springs,Chicken Breast (GF),Main,Lunch,"Carolina Mop Sauce, Edamame-smoked Bacon Succotash, baby kale, tomatoes",27.00,disney-springs/paddlefish
2026-09-05,Paddlefish,Disney Springs,Pork Chop,Main,Lunch,"Herb roasted potatoes, marinated peppers, chimichurri",33.00,disney-springs/paddlefish
2026-09-05,Paddlefish,Disney Springs,Filet Mignon (GF),Main,Lunch,"8 ounce, Mashed Potatoes, Asparagus, House Steak Sauce",54.00,disney-springs/paddlefish
2026-09-05,Paddlefish,Disney Springs,Blackened Catfish Sandwich,Sandwiches,Lunch,"Lettuce, tomato, onion, rémoulade, brioche",19.00,disney-springs/paddlefish
2026-09-05,Paddlefish,Disney Springs,Chicken Caesar Wrap,Sandwiches,Lunch,"Romaine, Parmesan, Tomato, Whole-Wheat Wrap",15.00,disney-springs/paddlefish
2026-09-05,Paddlefish,Disney Springs,Lobster Roll,Sandwiches,Lunch,"Maine Lobster, celery, lemon mayo, New England split roll",35.00,disney-springs/paddlefish
2026-09-05,Paddlefish,Disney Springs,Crispy Chicken,Sandwiches,Lunch,"Southern fried thigh, house pickle, avocado, romaine, gochujang ranch, brioche roll",17.00,disney-springs/paddlefish
2026-09-05,Paddlefish,Disney Springs,"Crab Cake ""BLT""",Sandwiches,Lunch,"Bacon, Avocado, Cheddar, Lettuce, Beefsteak Tomato, Rémoulade, Ciabatta",23.00,disney-springs/paddlefish
2026-09-05,Paddlefish,Disney Springs,The Burger,Sandwiches,Lunch,"9 ounce proprietary blend, house-made pickles, red onion, pimento cheese, brioche",21.00,disney-springs/paddlefish
2026-09-05,Paddlefish,Disney Springs,Beef & Mushroom Burger*,Sandwiches,Lunch,"75/25 beef & mushroom patty, house made pickles, lettuce, tomato, onion, brioche",18.00,disney-springs/paddlefish
2026-09-05,Paddlefish,Disney Springs,Fish Tacos,Sandwiches,Lunch,"Market Catch, Cabbage Slaw, Sweet Chili Aïoli",23.00,disney-springs/paddlefish
2026-09-05,Paddlefish,Disney Springs,Shrimp Po-Boy,Sandwiches,Lunch,"Crispy shrimp, Crab Remoulade, Lettuce, Tomato, Pickle",22.00,disney-springs/paddlefish
2026-09-05,Paddlefish,Disney Springs,Muffuletta Hoagie,Sandwiches,Lunch,"Mortadella, Salami, Ham, Provolone, Asiago, Olive salad and Baguette",18.00,disney-springs/paddlefish
2026-09-05,Paddlefish,Disney Springs,Soup & Salad,Half & Half Combinations,Lunch,New England Clam Chowder any side salad,17.00,disney-springs/paddlefish
2026-09-05,Paddlefish,Disney Springs,Half Chicken Caesar Wrap,Half & Half Combinations,Lunch,Choose either New England Clam Chowder or any side salad paired with half a Chicken Caesar Wrap,18.00,disney-springs/paddlefish
2026-09-05,Paddlefish,Disney Springs,Asparagus (GF) (V),Sides to Share,Lunch; Dinner,,10.00,disney-springs/paddlefish
2026-09-05,Paddlefish,Disney Springs,Edamame Bacon Succotash (GF),Sides to Share,Lunch; Dinner,,12.00,disney-springs/paddlefish
2026-09-05,Paddlefish,Disney Springs,Maque Choux (GF),Sides to Share,Lunch; Dinner,,10.00,disney-springs/paddlefish
2026-09-05,Paddlefish,Disney Springs,Blistered Green Beans (GF) (V),Sides to Share,Lunch; Dinner,,9.00,disney-springs/paddlefish
2026-09-05,Paddlefish,Disney Springs,Skin-on Fries,Sides to Share,Lunch; Dinner,,7.00,disney-springs/paddlefish
2026-09-05,Paddlefish,Disney Springs,Red Bliss Potatoes (GF),Sides to Share,Lunch; Dinner,,8.00,disney-springs/paddlefish
2026-09-05,Paddlefish,Disney Springs,Herbed Parmesan Fries,Sides to Share,Lunch; Dinner,,10.00,disney-springs/paddlefish
2026-09-05,Paddlefish,Disney Springs,Chocolate Mousse Cake,Desserts,Lunch; Dinner,berries with whipped cream,12.00,disney-springs/paddlefish
2026-09-05,Paddlefish,Disney Springs,Chocolate Cookie Sundae,Desserts,Lunch; Dinner,chocolate cookies with vanilla ice cream,12.00,disney-springs/paddlefish
2026-09-05,Paddlefish,Disney Springs,New York-style Cheesecake,Desserts,Lunch; Dinner,Farm fresh strawberry compote,12.00,disney-springs/paddlefish
2026-09-05,Paddlefish,Disney Springs,Key Lime Pie,Desserts,Lunch; Dinner,"graham cracker crust, torched meringue",12.00,disney-springs/paddlefish
2026-09-05,Paddlefish,Disney Springs,Flan,Desserts,Lunch; Dinner,rum infused caramel custard,12.00,disney-springs/paddlefish
2026-09-05,Paddlefish,Disney Springs,Kid's Salad,Kids' Appetizers,Lunch; Dinner,"Romaine, cherry tomato, carrots, croutons, ranch",4.00,disney-springs/paddlefish
2026-09-05,Paddlefish,Disney Springs,Seasonal Fruit Cup and Berries,Kids' Appetizers,Lunch; Dinner,,4.00,disney-springs/paddlefish
2026-09-05,Paddlefish,Disney Springs,Cup of Soup,Kids' Appetizers,Lunch; Dinner,,4.00,disney-springs/paddlefish
2026-09-05,Paddlefish,Disney Springs,Filet Skewers*,Kids' Entrees,Lunch; Dinner,served with mashed potatoes and green beans,17.00,disney-springs/paddlefish
2026-09-05,Paddlefish,Disney Springs,Grilled Chicken,Kids' Entrees,Lunch; Dinner,served with mashed potatoes,10.00,disney-springs/paddlefish
2026-09-05,Paddlefish,Disney Springs,Chicken Fingers,Kids' Entrees,Lunch; Dinner,french fries,10.00,disney-springs/paddlefish
2026-09-05,Paddlefish,Disney Springs,Linguine,Kids' Entrees,Lunch; Dinner,with Marinara or Parmesean Cream,8.00,disney-springs/paddlefish
2026-09-05,Paddlefish,Disney Springs,Chicken Linguine,Kids' Entrees,Lunch; Dinner,with Marinara or Parmesean Cream,10.00,disney-springs/paddlefish
2026-09-05,Paddlefish,Disney Springs,Shrimp Linguine,Kids' Entrees,Lunch; Dinner,with Marinara or Parmesean Cream,12.00,disney-springs/paddlefish
2026-09-05,Paddlefish,Disney Springs,All-Beef Hot Dog,Kids' Entrees,Lunch; Dinner,,10.00,disney-springs/paddlefish
2026-09-05,Paddlefish,Disney Springs,The Kid's Cheeseburger,Kids' Entrees,Lunch; Dinner,"Proprietary blend, mild cheddar, brioche bun, french fries",10.00,disney-springs/paddlefish
2026-09-05,Paddlefish,Disney Springs,Peel & Eat Key West Shrimp,Kids' Entrees,Lunch; Dinner,served with Corn on the Cob and Red Potatoes,16.00,disney-springs/paddlefish
2026-09-05,Paddlefish,Disney Springs,Fish of the Day,Kids' Entrees,Lunch; Dinner,served with Green Beans,15.00,disney-springs/paddlefish
2026-09-05,Paddlefish,Disney Springs,Crispy Shrimp,Kids' Entrees,Lunch; Dinner,"French fries, Classic Cocktail Sauce",14.00,disney-springs/paddlefish
2026-09-05,Paddlefish,Disney Springs,Hot Fudge Brownie Sundae,Kids' Desserts,Lunch; Dinner,"Vanilla bean ice cream, whipped cream, cherry on top",5.00,disney-springs/paddlefish
2026-09-05,Paddlefish,Disney Springs,Cookies and Milk,Kids' Desserts,Lunch; Dinner,"Warm chocolate chip cookies, ice cold milk",5.00,disney-springs/paddlefish
2026-09-05,Paddlefish,Disney Springs,Fruit Skewers,Kids' Desserts,Lunch; Dinner,Seasonal Fruit and Berries,4.00,disney-springs/paddlefish
2026-09-05,Paddlefish,Disney Springs,Lili's Sideboat,Libations & Rocks,Lunch; Dinner,"Bacardi 8 yr, Triple Sec, simple syrup, lemon juice, sugar rim, orange peel",17.00,disney-springs/paddlefish
2026-09-05,Paddlefish,Disney Springs,Orange Paradise,Libations & Rocks,Lunch; Dinner,"Wicked Dolphin Vanilla Rum, Orange Juice, Simple Syrup",17.00,disney-springs/paddlefish
2026-09-05,Paddlefish,Disney Springs,Not Everyone's Margarita,Libations & Rocks,Lunch; Dinner,"Amaras Mezcal, Cuervo Traditional Plata tequila, Jalapeño, Creme de Mure, house sour, black salt",17.00,disney-springs/paddlefish
2026-09-05,Paddlefish,Disney Springs,Captain Handsome,Libations & Rocks,Lunch; Dinner,"Cathead vodka, fresh raspberries, framboise, thyme house sour",18.00,disney-springs/paddlefish
2026-09-05,Paddlefish,Disney Springs,Hawaiian Shipmate,Libations & Rocks,Lunch; Dinner,"Islamorada Hibiscus Gin, Pineapple Juice, Orgeat, Lemon Juice",17.00,disney-springs/paddlefish
2026-09-05,Paddlefish,Disney Springs,Bourbon Smash,Libations & Rocks,Lunch; Dinner,"Woodford Reserve bourbon, Agave, Fresh Raspberries and Blackberries",18.00,disney-springs/paddlefish
2026-09-05,Paddlefish,Disney Springs,House-made Red/White Sangria,Sunset,Lunch; Dinner,"Assorted premium fruity liquors, juices, white or red wine, seltzer, seasonal fruit",16.00,disney-springs/paddlefish
2026-09-05,Paddlefish,Disney Springs,Steven's Old Fashioned,Sunset,Lunch; Dinner,"G & W Bourbon, Angostura bitters, splash black cherry juice | Sub Paddlefish Knob Creek single barrel 8",18.00,disney-springs/paddlefish
2026-09-05,Paddlefish,Disney Springs,Twisted Spritz,Sunset,Lunch; Dinner,"Aperol, Cathead Bitter Orange Vodka, Mas Fi Cava, fresh orange and strawberry, Sprite",18.00,disney-springs/paddlefish
2026-09-05,Paddlefish,Disney Springs,The Bloody Mary,Sunset,Lunch; Dinner,"Grainger’s Deluxe Organic vodka, shrimp, shishito pepper, lime, olive, mini tabasco bottle. Gluten free & Organic",20.00,disney-springs/paddlefish
2026-09-05,Paddlefish,Disney Springs,Classic Margarita,Sunset,Lunch; Dinner,"Cuervo Traditional Plata Tequila, Agave Nectar, Fresh Lime Juice, Black Salt | Sub Paddlefish Dobel Diamante Private Select 8",16.00,disney-springs/paddlefish
2026-09-05,Paddlefish,Disney Springs,Freddy's Avocado Lime,Sunset,Lunch; Dinner,"Bacardi Limon, Midori, avocado, lime juice, agave nectar",18.00,disney-springs/paddlefish
2026-09-05,Paddlefish,Disney Springs,Florida Mule,Sunset,Lunch; Dinner,"50 States vodka, lime juice, ginger beer",18.00,disney-springs/paddlefish
2026-09-05,Paddlefish,Disney Springs,Key Lime Spritz,Sunset,Lunch; Dinner,"50 States vodka, JF Hayden’s Key Lime, amaretto, lime juice, sprite",18.00,disney-springs/paddlefish
2026-09-05,Paddlefish,Disney Springs,Espresso Martini,Sunset,Lunch; Dinner,"Hoodoo Espresso, amaretto",18.00,disney-springs/paddlefish
2026-09-05,Paddlefish,Disney Springs,Strawberry Basil Lemonade,Mocktails,Lunch; Dinner,"Fresh strawberries, basil, lemonade, sprite",11.00,disney-springs/paddlefish
2026-09-05,Paddlefish,Disney Springs,Cucumber Sipper,Mocktails,Lunch; Dinner,"Cucumber, simple syrup, fresh lime juice, lemonade | Make it a cocktail by adding your favorite liquor 8",11.00,disney-springs/paddlefish
2026-09-05,Paddlefish,Disney Springs,Paddlefish - Blonde,Draft,Lunch; Dinner,,9.00,disney-springs/paddlefish
2026-09-05,Paddlefish,Disney Springs,Sailfish Tag & Release - Amber Ale,Draft,Lunch; Dinner,,9.00,disney-springs/paddlefish
2026-09-05,Paddlefish,Disney Springs,Blue Moon,Draft,Lunch; Dinner,,9.00,disney-springs/paddlefish
2026-09-05,Paddlefish,Disney Springs,Stone Delicious - IPA,Draft,Lunch; Dinner,,9.00,disney-springs/paddlefish
2026-09-05,Paddlefish,Disney Springs,Yuengling - Amber Lager,Draft,Lunch; Dinner,,9.00,disney-springs/paddlefish
2026-09-05,Paddlefish,Disney Springs,Stone Buenaveza - Salt & Lime,Draft,Lunch; Dinner,,9.00,disney-springs/paddlefish
2026-09-05,Paddlefish,Disney Springs,BitBurger - German Pilsner,Draft,Lunch; Dinner,,9.00,disney-springs/paddlefish
2026-09-05,Paddlefish,Disney Springs,Fat Tire - Belgian-style Ale,American Craft Beers,Lunch; Dinner,,9.00,disney-springs/paddlefish
2026-09-05,Paddlefish,Disney Springs,Sierra Nevada Hazy Little Thing IPA,American Craft Beers,Lunch; Dinner,,9.00,disney-springs/paddlefish
2026-09-05,Paddlefish,Disney Springs,Islamorada - Citrus Ale,American Craft Beers,Lunch; Dinner,"A refreshing, fruit-forward and citrusy Island Ale from the Islamorada Beer Company",9.00,disney-springs/paddlefish
2026-09-05,Paddlefish,Disney Springs,Lagunitas - IPA,American Craft Beers,Lunch; Dinner,,9.00,disney-springs/paddlefish
2026-09-05,Paddlefish,Disney Springs,Lost Coast PB Chocolate Milk Stout,American Craft Beers,Lunch; Dinner,,9.00,disney-springs/paddlefish
2026-09-05,Paddlefish,Disney Springs,Seasonal Cider,American Craft Beers,Lunch; Dinner,,12.00,disney-springs/paddlefish
2026-09-05,Paddlefish,Disney Springs,Corona,Imported & Domestic,Lunch; Dinner,,9.00,disney-springs/paddlefish
2026-09-05,Paddlefish,Disney Springs,Guinness,Imported & Domestic,Lunch; Dinner,,9.00,disney-springs/paddlefish
2026-09-05,Paddlefish,Disney Springs,Heineken,Imported & Domestic,Lunch; Dinner,,9.00,disney-springs/paddlefish
2026-09-05,Paddlefish,Disney Springs,Modelo Especial,Imported & Domestic,Lunch; Dinner,,9.00,disney-springs/paddlefish
2026-09-05,Paddlefish,Disney Springs,Stella Artois – Pilsner,Imported & Domestic,Lunch; Dinner,,9.00,disney-springs/paddlefish
2026-09-05,Paddlefish,Disney Springs,Michelob Ultra,Imported & Domestic,Lunch; Dinner,,8.00,disney-springs/paddlefish
2026-09-05,Paddlefish,Disney Springs,Budweiser,Imported & Domestic,Lunch; Dinner,,8.00,disney-springs/paddlefish
2026-09-05,Paddlefish,Disney Springs,Red Bridge (Gluten-free),Imported & Domestic,Lunch; Dinner,,8.00,disney-springs/paddlefish
2026-09-05,Paddlefish,Disney Springs,Bud Light,Imported & Domestic,Lunch; Dinner,,8.00,disney-springs/paddlefish
2026-09-05,Paddlefish,Disney Springs,O'Doul's (Non-Alcoholic),Imported & Domestic,Lunch; Dinner,,8.00,disney-springs/paddlefish
2026-09-05,Paddlefish,Disney Springs,D3 Binny's Brew,Imported & Domestic,Lunch; Dinner,,9.00,disney-springs/paddlefish
2026-09-05,Paddlefish,Disney Springs,"Paddlefish White, Ribolla Gialla, Friuli, Italy",White Wines by the Glass,Lunch; Dinner,,16.00,disney-springs/paddlefish
2026-09-05,Paddlefish,Disney Springs,"Moscato d'Asti, Tintero",White Wines by the Glass,Lunch; Dinner,,14.00,disney-springs/paddlefish
2026-09-05,Paddlefish,Disney Springs,"Sparkling, Luna Nuda, Prosecco, Italy",White Wines by the Glass,Lunch; Dinner,,14.00,disney-springs/paddlefish
2026-09-05,Paddlefish,Disney Springs,"Sparkling, Laurent Perrier, Brut, Champagne",White Wines by the Glass,Lunch; Dinner,,25.00,disney-springs/paddlefish
2026-09-05,Paddlefish,Disney Springs,"Pinot Grigio, Zenato, Italy",White Wines by the Glass,Lunch; Dinner,,14.00,disney-springs/paddlefish
2026-09-05,Paddlefish,Disney Springs,"Albariño, Burgans Val de Salnes, Rias Baixas",White Wines by the Glass,Lunch; Dinner,,15.00,disney-springs/paddlefish
2026-09-05,Paddlefish,Disney Springs,"Riesling, J Lohr, “Bay Mist”, Monterey County",White Wines by the Glass,Lunch; Dinner,,14.00,disney-springs/paddlefish
2026-09-05,Paddlefish,Disney Springs,"Sauvignon Blanc, Groth, Napa Valley",White Wines by the Glass,Lunch; Dinner,,18.00,disney-springs/paddlefish
2026-09-05,Paddlefish,Disney Springs,"Sauvignon Blanc, Fire Road, Marlborough",White Wines by the Glass,Lunch; Dinner,,15.00,disney-springs/paddlefish
2026-09-05,Paddlefish,Disney Springs,"Chardonnay, Textbook, Napa Valley",White Wines by the Glass,Lunch; Dinner,,16.00,disney-springs/paddlefish
2026-09-05,Paddlefish,Disney Springs,"Chardonnay, Sonoma Cutrer, Sonoma Valley",White Wines by the Glass,Lunch; Dinner,,16.00,disney-springs/paddlefish
2026-09-05,Paddlefish,Disney Springs,"Rose 83, Cotes de Provence",White Wines by the Glass,Lunch; Dinner,,13.00,disney-springs/paddlefish
2026-09-05,Paddlefish,Disney Springs,"Paddlefish Red Blend, Friuli, Italy",Red Wines by the Glass,Lunch; Dinner,,18.00,disney-springs/paddlefish
2026-09-05,Paddlefish,Disney Springs,"Pinot Noir, “J”, California",Red Wines by the Glass,Lunch; Dinner,,16.00,disney-springs/paddlefish
2026-09-05,Paddlefish,Disney Springs,"Pinot Noir, Willamette Valley, Oregon",Red Wines by the Glass,Lunch; Dinner,,17.00,disney-springs/paddlefish
2026-09-05,Paddlefish,Disney Springs,"Merlot, Alexander Valley, California",Red Wines by the Glass,Lunch; Dinner,,17.00,disney-springs/paddlefish
2026-09-05,Paddlefish,Disney Springs,"Tempranillo, Paso a Paso, Rioja",Red Wines by the Glass,Lunch; Dinner,,14.00,disney-springs/paddlefish
2026-09-05,Paddlefish,Disney Springs,"Malbec Zuccardi, Mendoza",Red Wines by the Glass,Lunch; Dinner,,15.00,disney-springs/paddlefish
2026-09-05,Paddlefish,Disney Springs,"Cabernet Sauvignon, Quilt, Napa Valley",Red Wines by the Glass,Lunch; Dinner,,24.00,disney-springs/paddlefish
2026-09-05,Paddlefish,Disney Springs,"Cabernet Sauvignon, Felino, Mendoza",Red Wines by the Glass,Lunch; Dinner,,16.00,disney-springs/paddlefish
2026-09-05,Paddlefish,Disney Springs,"Red Blend, The Prisoner, Napa Valley",Red Wines by the Glass,Lunch; Dinner,,25.00,disney-springs/paddlefish
2026-09-05,Paddlefish,Disney Springs,"Red Blend, Orin Swift Advice, John Merlot Blend, California",Red Wines by the Glass,Lunch; Dinner,,24.00,disney-springs/paddlefish
2026-09-05,Paddlefish,Disney Springs,Old Forester,Bourbon Flight,Lunch; Dinner,"1870 Original Batch, 1897 Bottled in Bond, 1910 Old Fine Whisky | Add a shot of Old Forester 1920 Prohibition Style 7",22.00,disney-springs/paddlefish
2026-09-05,Paddlefish,Disney Springs,Knob Creek,Bourbon Flight,Lunch; Dinner,"Knob Creek, Knob Creek Rye, Knob Creek Single Barrel | Add a shot of Paddlefish Knob Creek 7",23.00,disney-springs/paddlefish
2026-09-05,Paddlefish,Disney Springs,High West,Bourbon Flight,Lunch; Dinner,"High West Bourbon, High West Double Rye, High West Campfire | Add a shot of High West Rendezvous 10",25.00,disney-springs/paddlefish
2026-09-05,Paddlefish,Disney Springs,Herradura,Bourbon Flight,Lunch; Dinner,"Herradura Silver, Herradura Reposado, Herradura Añejo | Add a shot of Herradura Ultra Cristalino Añejo 7",22.00,disney-springs/paddlefish
2026-09-05,Paddlefish,Disney Springs,Whiskey Flight from Around the World,Bourbon Flight,Lunch; Dinner,"Johnny’s Smoking Gun, Mars Iwai Japanese Whiskey, Ha’Penny four cask Irish whiskey",25.00,disney-springs/paddlefish
2026-09-05,Paddlefish,Disney Springs,Stuffed Cod,From the Port,Dinner,"Shrimp and Scallop Corn Bread Stuffing, Asparagus, Red Potato, Mustard Cream Sauce",39.00,disney-springs/paddlefish
2026-09-05,Paddlefish,Disney Springs,Catfish,From the Port,Dinner,"Cornmeal Crust, Edamame-smoked Bacon Succotash, Baby Kale, Tomatoes, Creole Mustard",27.00,disney-springs/paddlefish
2026-09-05,Paddlefish,Disney Springs,Crispy Shrimp,From the Port,Dinner,"Flash-fried, Cocktail Sauce, Skin-on Fries",24.00,disney-springs/paddlefish
2026-09-05,Paddlefish,Disney Springs,Salmon,From the Port,Dinner,"Miso vinaigrette, vegetable stir fry, wasabi mash, crimini bacon",35.00,disney-springs/paddlefish
2026-09-05,Paddlefish,Disney Springs,Mahi,From the Port,Dinner,"Caponata, salsa verde, herb roasted potatoes",32.00,disney-springs/paddlefish
2026-09-05,Paddlefish,Disney Springs,Shrimp & Grits,From the Port,Dinner,"Stone ground grits, black pepper butter sauce",33.00,disney-springs/paddlefish
2026-09-05,Paddlefish,Disney Springs,Swordfish,From the Port,Dinner,"Grilled swordfish, cauliflower, pinenuts, salsa verde, lemon",40.00,disney-springs/paddlefish
2026-09-05,Paddlefish,Disney Springs,Florida Grouper,From the Port,Dinner,"Pan seared grouper, artichokes, cherry tomatoes, Kalamata olives, lemon",48.00,disney-springs/paddlefish
2026-09-05,Paddlefish,Disney Springs,Rib-Eye*,From the Land,Dinner,"Porcini rubbed grilled 16 ounce ribeye, watercress, parmesan fries, aged balsamic vinegar",58.00,disney-springs/paddlefish
2026-09-05,Paddlefish,Disney Springs,Filet Mignon (GF),From the Land,Dinner,"8 ounce, Mashed Potatoes, Asparagus, House Steak Sauce",54.00,disney-springs/paddlefish
2026-09-05,Paddlefish,Disney Springs,Chicken Breast (GF),From the Land,Dinner,"Carolina Mop Sauce, Edamame-smoked Bacon Succotash, baby kale, tomatoes",27.00,disney-springs/paddlefish
2026-09-05,Paddlefish,Disney Springs,Pork Chop,From the Land,Dinner,"Herb roasted potatoes, marinated peppers, chimichurri",33.00,disney-springs/paddlefish
2026-09-05,Paddlefish,Disney Springs,Boneless Short Rib,From the Land,Dinner,"Braised with Paddlefish Red Wine, stone ground grits, cipollini onion, baby vegetables, gremolada",42.00,disney-springs/paddlefish
2026-09-05,Paddlefish,Disney Springs,Snow Crab,Seafood Boil,Dinner,"served with Sweet Corn on the Cob, Red Potatoes, and Cornbread",60.00,disney-springs/paddlefish
2026-09-05,Paddlefish,Disney Springs,Whole Maine Lobster,Seafood Boil,Dinner,"served with Sweet Corn on the Cob, Red Potatoes, and Cornbread",70.00,disney-springs/paddlefish
2026-09-05,Paddlefish,Disney Springs,Peel & Eat Key West Pink Shrimp,Seafood Boil,Dinner,"served with Sweet Corn on the Cob, Red Potatoes, and Cornbread",39.00,disney-springs/paddlefish
2026-09-05,Paddlefish,Disney Springs,1 Pound P.E.I. Mussels,Seafood Boil,Dinner,"served with Sweet Corn on the Cob, Red Potatoes, and Cornbread",22.00,disney-springs/paddlefish
2026-09-05,Paddlefish,Disney Springs,Florida Littleneck Clams,Seafood Boil,Dinner,"served with Sweet Corn on the Cob, Red Potatoes, and Cornbread",25.00,disney-springs/paddlefish
2026-09-05,"Paradiso 37, Taste of the Americas",Disney Springs,P37 Key West Shrimp Cocktail,Appetizers ,Lunch; Dinner,"Shrimp Marinated in House-Made Cocktail Salsa with Tomato, Ají Amarillo, Mango, Cucumber and Lime. Served with Crispy Plantains",19.00,disney-springs/paradiso-37-taste-of-the-americas
2026-09-05,"Paradiso 37, Taste of the Americas",Disney Springs,San Juan Empanadas,Appetizers ,Lunch; Dinner,"Choice of Two Artisan Pastries Filled with Beef, Chicken or Cheese, Served with Our House Spicy Ají Aioli",20.00,disney-springs/paradiso-37-taste-of-the-americas
2026-09-05,"Paradiso 37, Taste of the Americas",Disney Springs,P37 Dipping Trio,Appetizers ,Lunch; Dinner,"Guacamole, P37 Salsa and Queso Cheese",20.00,disney-springs/paradiso-37-taste-of-the-americas
2026-09-05,"Paradiso 37, Taste of the Americas",Disney Springs,Chicken Quesadillas Paradiso,Appetizers ,Lunch; Dinner,"Achiote Marinated Grilled Chicken, Queso Blanco, Chipotle Lime Crema",21.00,disney-springs/paradiso-37-taste-of-the-americas
2026-09-05,"Paradiso 37, Taste of the Americas",Disney Springs,Jalisco-Style Beef Nachos,Appetizers ,Lunch; Dinner,"Traditional Mexican-Style Braised Beef, Corn Tortillas, Queso Sauce, Cotija & Oaxaca Cheeses, Lime Crema, Pico de Gallo and Pickled Red Onions",24.00,disney-springs/paradiso-37-taste-of-the-americas
2026-09-05,"Paradiso 37, Taste of the Americas",Disney Springs,Mexico Crazy Corn,Appetizers ,Lunch; Dinner,"Traditional Mexican Street Corn - Corn on the Cob, Chipotle Mayo, Cotija, Mexican Spices, Queso Blanco and Mexican Spices",20.00,disney-springs/paradiso-37-taste-of-the-americas
2026-09-05,"Paradiso 37, Taste of the Americas",Disney Springs,Paradiso 37 Loaded Yucca Fries,Appetizers ,Lunch; Dinner,Crispy Fries or Yuca Fries Loaded with Mojo-Roasted Pork. Perfect for Sharing or Indulging Yourself,20.00,disney-springs/paradiso-37-taste-of-the-americas
2026-09-05,"Paradiso 37, Taste of the Americas",Disney Springs,Fried Calamari,Appetizers ,Lunch; Dinner,Golden Fried Calamari Rings Served with Paradiso 37 Signature Sofrito,23.00,disney-springs/paradiso-37-taste-of-the-americas
2026-09-05,"Paradiso 37, Taste of the Americas",Disney Springs,Wall Street Caesar Salad,Salads,Lunch; Dinner,"Romaine, Seasoned Croutons, Caesar Dressing, Parmesan cheese. Add Grilled Chicken $12 | Add Shrimp $14| Add Sliced Beef $16",21.00,disney-springs/paradiso-37-taste-of-the-americas
2026-09-05,"Paradiso 37, Taste of the Americas",Disney Springs,Tropical Chopped Salad,Salads,Lunch; Dinner,"Romaine, Tomatoes, Cucumbers, Pineapple, Feta Cheese, Candied Bacon, Mango Vinaigrette. Add Grilled Chicken $12 | Add Shrimp $14| Add Sliced Beef $16",21.00,disney-springs/paradiso-37-taste-of-the-americas
2026-09-05,"Paradiso 37, Taste of the Americas",Disney Springs,All American Burger*,Burgers & Sandwiches,Lunch; Dinner,"8 Oz. Char-grilled Angus Steak Burger, American Cheese, Lettuce, Tomato, Red Onion, Pickle Spear, On A Toasted Brioche Bun, French Fries",24.00,disney-springs/paradiso-37-taste-of-the-americas
2026-09-05,"Paradiso 37, Taste of the Americas",Disney Springs,Columbian Burger*,Burgers & Sandwiches,Lunch; Dinner,"8oz Char-Grilled Angus Steak Burger, Pineapple Chutney, Queso Blanco, Cilantro-Garlic Sauce and Pink Sauce. Served on a Brioche Bun",24.00,disney-springs/paradiso-37-taste-of-the-americas
2026-09-05,"Paradiso 37, Taste of the Americas",Disney Springs,P37 Plant Based Burger,Burgers & Sandwiches,Lunch; Dinner,"Plant-Based Burger, Vegan Cheddar Cheese, Pico de Gallo and Guacamole, Served on a Pretzel Bun",23.00,disney-springs/paradiso-37-taste-of-the-americas
2026-09-05,"Paradiso 37, Taste of the Americas",Disney Springs,Canadian Bison Burger*,Burgers & Sandwiches,Lunch; Dinner,"8 Oz Char Grilled Bison Burger, Maple Onion, Bacon Jam, Cheddar Cheese, Lettuce, Tomato, Pickles, On A Toasted Brioche Bun, French Fries",27.00,disney-springs/paradiso-37-taste-of-the-americas
2026-09-05,"Paradiso 37, Taste of the Americas",Disney Springs,Queso Fundido Burger*,Burgers & Sandwiches,Lunch; Dinner,"8oz Certified Angus Steak Burger, Queso Fundido, Pico de Gallo and Raja Peppers, Served on a Brioche Bun",24.00,disney-springs/paradiso-37-taste-of-the-americas
2026-09-05,"Paradiso 37, Taste of the Americas",Disney Springs,Honolulu Pork Sandwich,Burgers & Sandwiches,Lunch; Dinner,"Slow-Roasted Pulled Pork, Grilled Pineapple, Coleslaw and Hawaiian BBQ Sauce, Served on a Brioche Bun",22.00,disney-springs/paradiso-37-taste-of-the-americas
2026-09-05,"Paradiso 37, Taste of the Americas",Disney Springs,Cajun-Fried Chicken Club,Burgers & Sandwiches,Lunch; Dinner,"Cajun-Seasoned Fried Chicken Breast, Lettuce, Tomato, Bacon, pickles and House-Made Yellow Pepper Ají Aioli, Served on a Brioche Bun",24.00,disney-springs/paradiso-37-taste-of-the-americas
2026-09-05,"Paradiso 37, Taste of the Americas",Disney Springs,Argentinian Skirt Steak*,Entrées,Lunch; Dinner,"Char-Grilled 10oz Steak, Caramelized Onions and Zesty Chimichurri Sauce, Served with Daily Vegetables",44.00,disney-springs/paradiso-37-taste-of-the-americas
2026-09-05,"Paradiso 37, Taste of the Americas",Disney Springs,Mississippi Smoked Brisket,Entrées,Lunch; Dinner,"House-Smoked Brisket with BBQ Sauce, Served with Pickled Red Onions, House Vegetables or French Fries and Tropical Coleslaw",31.00,disney-springs/paradiso-37-taste-of-the-americas
2026-09-05,"Paradiso 37, Taste of the Americas",Disney Springs,Lomo Saltado*,Entrées,Lunch; Dinner,"Peruvian-Style Sautéed Tenderloin with Red Onions, Peppers, Tomatoes, Cilantro and Green Onions, Served with French Fries and Rice",38.00,disney-springs/paradiso-37-taste-of-the-americas
2026-09-05,"Paradiso 37, Taste of the Americas",Disney Springs,Rotisserie Half Chicken,Entrées,Lunch; Dinner,"Marinated in Onions, Garlic, Herbs and Spices, Spit-Roasted and Served with Vegetables",29.00,disney-springs/paradiso-37-taste-of-the-americas
2026-09-05,"Paradiso 37, Taste of the Americas",Disney Springs,Baja Fish Tacos,Entrées,Lunch; Dinner,"Crispy Battered Fish Topped with Sweet Chili Aioli, Mango Salsa and Creamy Coleslaw, Served with Flour Tortillas",29.00,disney-springs/paradiso-37-taste-of-the-americas
2026-09-05,"Paradiso 37, Taste of the Americas",Disney Springs,Filet & Linguica Pinchos*,Entrées,Lunch; Dinner,"Brazilian Linguiça Sausage and Filet Mignon Bites on Grilled Onions, Served with Rice, Vegetables and Chimichurri",35.00,disney-springs/paradiso-37-taste-of-the-americas
2026-09-05,"Paradiso 37, Taste of the Americas",Disney Springs,Paradiso Shrimp Pasta (Choice of Preparation),Entrées,Lunch; Dinner,Dominican-Style:Sautéed Shrimp with Paradiso 37 SofritoNew England-Style:Sautéed Shrimp with Lobster Cream Sauce,29.00,disney-springs/paradiso-37-taste-of-the-americas
2026-09-05,"Paradiso 37, Taste of the Americas",Disney Springs,Chilean Salmon (Choice of Preparation)*,Entrées,Lunch; Dinner,Paradiso 37-Style:Grilled with Herb ButterCaribbean-Style:Grilled with Tropical Chili Glaze and Mango Salsa,38.00,disney-springs/paradiso-37-taste-of-the-americas
2026-09-05,"Paradiso 37, Taste of the Americas",Disney Springs,St. Louis-Style Ribs,Entrées,Lunch; Dinner,"In-House Smoked with Our Special Rub, Served with BBQ Sauce, Vegetables and Tropical Coleslaw",33.00,disney-springs/paradiso-37-taste-of-the-americas
2026-09-05,"Paradiso 37, Taste of the Americas",Disney Springs,White Rice,Sides,Lunch; Dinner,,8.00,disney-springs/paradiso-37-taste-of-the-americas
2026-09-05,"Paradiso 37, Taste of the Americas",Disney Springs,Cilantro Rice,Sides,Lunch; Dinner,,8.00,disney-springs/paradiso-37-taste-of-the-americas
2026-09-05,"Paradiso 37, Taste of the Americas",Disney Springs,Black Beans,Sides,Lunch; Dinner,,8.00,disney-springs/paradiso-37-taste-of-the-americas
2026-09-05,"Paradiso 37, Taste of the Americas",Disney Springs,French Fries,Sides,Lunch; Dinner,,8.00,disney-springs/paradiso-37-taste-of-the-americas
2026-09-05,"Paradiso 37, Taste of the Americas",Disney Springs,Mashed Potatoes,Sides,Lunch; Dinner,,8.00,disney-springs/paradiso-37-taste-of-the-americas
2026-09-05,"Paradiso 37, Taste of the Americas",Disney Springs,Vegetables,Sides,Lunch; Dinner,,8.00,disney-springs/paradiso-37-taste-of-the-americas
2026-09-05,"Paradiso 37, Taste of the Americas",Disney Springs,Black Beans & Rice,Sides,Lunch; Dinner,,11.00,disney-springs/paradiso-37-taste-of-the-americas
2026-09-05,"Paradiso 37, Taste of the Americas",Disney Springs,Tostones,Sides,Lunch; Dinner,,11.00,disney-springs/paradiso-37-taste-of-the-americas
2026-09-05,"Paradiso 37, Taste of the Americas",Disney Springs,Maduros,Sides,Lunch; Dinner,,11.00,disney-springs/paradiso-37-taste-of-the-americas
2026-09-05,"Paradiso 37, Taste of the Americas",Disney Springs,Fiesta Fries,Sides,Lunch; Dinner,,11.00,disney-springs/paradiso-37-taste-of-the-americas
2026-09-05,"Paradiso 37, Taste of the Americas",Disney Springs,Yucca Fries,Sides,Lunch; Dinner,,11.00,disney-springs/paradiso-37-taste-of-the-americas
2026-09-05,"Paradiso 37, Taste of the Americas",Disney Springs,Wasabi Fries,Sides,Lunch; Dinner,,11.00,disney-springs/paradiso-37-taste-of-the-americas
2026-09-05,"Paradiso 37, Taste of the Americas",Disney Springs,Parmesan & Aji Aioli Fries,Sides,Lunch; Dinner,,11.00,disney-springs/paradiso-37-taste-of-the-americas
2026-09-05,"Paradiso 37, Taste of the Americas",Disney Springs,House Side Salad,Sides,Lunch; Dinner,,11.00,disney-springs/paradiso-37-taste-of-the-americas
2026-09-05,"Paradiso 37, Taste of the Americas",Disney Springs,Caesar Side Salad,Sides,Lunch; Dinner,,11.00,disney-springs/paradiso-37-taste-of-the-americas
2026-09-05,"Paradiso 37, Taste of the Americas",Disney Springs,Cheeseburger,Kids Meals,Lunch; Dinner,"All-Beef Burger, American Cheese, Freshly Baked Bun, French Fries",15.00,disney-springs/paradiso-37-taste-of-the-americas
2026-09-05,"Paradiso 37, Taste of the Americas",Disney Springs,Crispy Chicken Tenders,Kids Meals,Lunch; Dinner,French Fries,15.00,disney-springs/paradiso-37-taste-of-the-americas
2026-09-05,"Paradiso 37, Taste of the Americas",Disney Springs,Cheese Pizza,Kids Meals,Lunch; Dinner,"Tomato Sauce, Mozzarella Cheese",15.00,disney-springs/paradiso-37-taste-of-the-americas
2026-09-05,"Paradiso 37, Taste of the Americas",Disney Springs,Midwest Fair-Style Mini Corn Dogs,Kids Meals,Lunch; Dinner,French Fries,15.00,disney-springs/paradiso-37-taste-of-the-americas
2026-09-05,"Paradiso 37, Taste of the Americas",Disney Springs,P37 Mini Ice Cream Cones,Kids Meals,Lunch; Dinner,"Four Waffle Cones with Vanilla, Chocolate, Strawberry and Cookies ‘N Cream Ice Creams",14.00,disney-springs/paradiso-37-taste-of-the-americas
2026-09-05,"Paradiso 37, Taste of the Americas",Disney Springs,Cuban Tres Leches,Desserts,Lunch; Dinner,"Sponge Cake Soaked in Three Milks and Baileys, Topped with Meringue and Fresh Strawberries",14.00,disney-springs/paradiso-37-taste-of-the-americas
2026-09-05,"Paradiso 37, Taste of the Americas",Disney Springs,Gluten-Free Chocolate Cake,Desserts,Lunch; Dinner,"Rich Flourless Chocolate Cake with a Silky Texture, Finished with a Drizzle of Chocolate Sauce",14.00,disney-springs/paradiso-37-taste-of-the-americas
2026-09-05,"Paradiso 37, Taste of the Americas",Disney Springs,P37 Mini Ice Cream Cones,Desserts,Lunch; Dinner,"Four Waffle Cones with Vanilla, Chocolate, Strawberry and Cookies ‘N’ Cream Ice Creams",14.00,disney-springs/paradiso-37-taste-of-the-americas
2026-09-05,"Paradiso 37, Taste of the Americas",Disney Springs,Pacific Upside Down Cake,Desserts,Lunch; Dinner,Warm Caramelized Pineapple Cake Topped with Vanilla Ice Cream and Caramel,14.00,disney-springs/paradiso-37-taste-of-the-americas
2026-09-05,"Paradiso 37, Taste of the Americas",Disney Springs,Georgia Peach Cheesecake with Cinnamon Honey,Desserts,Lunch; Dinner,Creamy Cheesecake Infused with Georgia Peach Flavor and Finished with a Drizzle of Cinnamon Honey,14.00,disney-springs/paradiso-37-taste-of-the-americas
2026-09-05,"Paradiso 37, Taste of the Americas",Disney Springs,Mexico City Churros,Desserts,Lunch; Dinner,Cinnamon and Sugar Churros with Caramel and Chocolate Sauce,14.00,disney-springs/paradiso-37-taste-of-the-americas
2026-09-05,"Paradiso 37, Taste of the Americas",Disney Springs,Puerto Rican Flan En Su Caldo,Desserts,Lunch; Dinner,"Classic Puerto Rican Caramel Custard, Smooth and Creamy, Served in its Own Golden Caramel Sauce",14.00,disney-springs/paradiso-37-taste-of-the-americas
2026-09-05,"Paradiso 37, Taste of the Americas",Disney Springs,Fountain Beverages,Non-Alcoholic Beverages,Lunch; Dinner,"Coca-Cola, Diet Coke, Coke Zero, Sprite, Orange Soda or Lemonade",5.00,disney-springs/paradiso-37-taste-of-the-americas
2026-09-05,"Paradiso 37, Taste of the Americas",Disney Springs,Premium Bottled Water,Non-Alcoholic Beverages,Lunch; Dinner,Acqua Panna Still Water (1L) or S.Pellegrino Sparkling Water (1L),11.00,disney-springs/paradiso-37-taste-of-the-americas
2026-09-05,"Paradiso 37, Taste of the Americas",Disney Springs,Espresso,Non-Alcoholic Beverages,Lunch; Dinner,,4.00,disney-springs/paradiso-37-taste-of-the-americas
2026-09-05,"Paradiso 37, Taste of the Americas",Disney Springs,Americano,Non-Alcoholic Beverages,Lunch; Dinner,,4.00,disney-springs/paradiso-37-taste-of-the-americas
2026-09-05,"Paradiso 37, Taste of the Americas",Disney Springs,Cappuccino,Non-Alcoholic Beverages,Lunch; Dinner,,6.00,disney-springs/paradiso-37-taste-of-the-americas
2026-09-05,"Paradiso 37, Taste of the Americas",Disney Springs,Latte,Non-Alcoholic Beverages,Lunch; Dinner,,6.00,disney-springs/paradiso-37-taste-of-the-americas
2026-09-05,"Paradiso 37, Taste of the Americas",Disney Springs,Assorted Tea,Non-Alcoholic Beverages,Lunch; Dinner,,4.00,disney-springs/paradiso-37-taste-of-the-americas
2026-09-05,"Paradiso 37, Taste of the Americas",Disney Springs,Blue Moon,Draft,Lunch; Dinner,,10.00,disney-springs/paradiso-37-taste-of-the-americas
2026-09-05,"Paradiso 37, Taste of the Americas",Disney Springs,Jai Alai IPA,Draft,Lunch; Dinner,,11.00,disney-springs/paradiso-37-taste-of-the-americas
2026-09-05,"Paradiso 37, Taste of the Americas",Disney Springs,Modelo Especial,Draft,Lunch; Dinner,,10.00,disney-springs/paradiso-37-taste-of-the-americas
2026-09-05,"Paradiso 37, Taste of the Americas",Disney Springs,P37 Red Lager,Draft,Lunch; Dinner,,10.00,disney-springs/paradiso-37-taste-of-the-americas
2026-09-05,"Paradiso 37, Taste of the Americas",Disney Springs,Pacifico,Draft,Lunch; Dinner,,10.00,disney-springs/paradiso-37-taste-of-the-americas
2026-09-05,"Paradiso 37, Taste of the Americas",Disney Springs,Budweiser,Domestic Bottles,Lunch; Dinner,,8.00,disney-springs/paradiso-37-taste-of-the-americas
2026-09-05,"Paradiso 37, Taste of the Americas",Disney Springs,Bud Light,Domestic Bottles,Lunch; Dinner,,8.00,disney-springs/paradiso-37-taste-of-the-americas
2026-09-05,"Paradiso 37, Taste of the Americas",Disney Springs,Coors Light,Domestic Bottles,Lunch; Dinner,,8.00,disney-springs/paradiso-37-taste-of-the-americas
2026-09-05,"Paradiso 37, Taste of the Americas",Disney Springs,Michelob Ultra,Domestic Bottles,Lunch; Dinner,,9.00,disney-springs/paradiso-37-taste-of-the-americas
2026-09-05,"Paradiso 37, Taste of the Americas",Disney Springs,Miller Lite,Domestic Bottles,Lunch; Dinner,,8.00,disney-springs/paradiso-37-taste-of-the-americas
2026-09-05,"Paradiso 37, Taste of the Americas",Disney Springs,NÜTRL Seltzer,Domestic Bottles,Lunch; Dinner,,9.00,disney-springs/paradiso-37-taste-of-the-americas
2026-09-05,"Paradiso 37, Taste of the Americas",Disney Springs,Yuengling Lager,Domestic Bottles,Lunch; Dinner,,9.00,disney-springs/paradiso-37-taste-of-the-americas
2026-09-05,"Paradiso 37, Taste of the Americas",Disney Springs,Angry Orchard Crisp Apple Cider,Imported Bottles,Lunch; Dinner,,11.00,disney-springs/paradiso-37-taste-of-the-americas
2026-09-05,"Paradiso 37, Taste of the Americas",Disney Springs,Corona Extra,Imported Bottles,Lunch; Dinner,,10.00,disney-springs/paradiso-37-taste-of-the-americas
2026-09-05,"Paradiso 37, Taste of the Americas",Disney Springs,Corona Light,Imported Bottles,Lunch; Dinner,,10.00,disney-springs/paradiso-37-taste-of-the-americas
2026-09-05,"Paradiso 37, Taste of the Americas",Disney Springs,Corona Sunbrew,Imported Bottles,Lunch; Dinner,,10.00,disney-springs/paradiso-37-taste-of-the-americas
2026-09-05,"Paradiso 37, Taste of the Americas",Disney Springs,Dos Equis Lager,Imported Bottles,Lunch; Dinner,,10.00,disney-springs/paradiso-37-taste-of-the-americas
2026-09-05,"Paradiso 37, Taste of the Americas",Disney Springs,Heineken,Imported Bottles,Lunch; Dinner,,10.00,disney-springs/paradiso-37-taste-of-the-americas
2026-09-05,"Paradiso 37, Taste of the Americas",Disney Springs,Modelo Especial,Imported Bottles,Lunch; Dinner,,10.00,disney-springs/paradiso-37-taste-of-the-americas
2026-09-05,"Paradiso 37, Taste of the Americas",Disney Springs,Modelo Negra,Imported Bottles,Lunch; Dinner,,10.00,disney-springs/paradiso-37-taste-of-the-americas
2026-09-05,"Paradiso 37, Taste of the Americas",Disney Springs,Stella Artois,Imported Bottles,Lunch; Dinner,,9.00,disney-springs/paradiso-37-taste-of-the-americas
2026-09-05,"Paradiso 37, Taste of the Americas",Disney Springs,Voodoo Ranger IPA,Imported Bottles,Lunch; Dinner,,11.00,disney-springs/paradiso-37-taste-of-the-americas
2026-09-05,"Paradiso 37, Taste of the Americas",Disney Springs,Corona N/A (<0.5% ABV),Imported Bottles,Lunch; Dinner,,10.00,disney-springs/paradiso-37-taste-of-the-americas
2026-09-05,"Paradiso 37, Taste of the Americas",Disney Springs,Sangria,Specialty Cocktails,Lunch; Dinner,Our house made sangria red or white,16.00,disney-springs/paradiso-37-taste-of-the-americas
2026-09-05,"Paradiso 37, Taste of the Americas",Disney Springs,Category 5,Specialty Cocktails,Lunch; Dinner,"P37 rum, banana liquor, grenadine, pineapple, fresh lime juice",18.00,disney-springs/paradiso-37-taste-of-the-americas
2026-09-05,"Paradiso 37, Taste of the Americas",Disney Springs,Down By the Bay,Specialty Cocktails,Lunch; Dinner,"P37 vodka, coconut cream, pineapple juice and a splash of grenadine",16.00,disney-springs/paradiso-37-taste-of-the-americas
2026-09-05,"Paradiso 37, Taste of the Americas",Disney Springs,Bahama Mama,Specialty Cocktails,Lunch; Dinner,"P37 coconut rum, grenadine, orange and pineapple juice and dark rum floater",16.00,disney-springs/paradiso-37-taste-of-the-americas
2026-09-05,"Paradiso 37, Taste of the Americas",Disney Springs,P37 Swirl,Specialty Cocktails,Lunch; Dinner,Our P37 Frozen Margarita swirled with our Famous Frozen Red Sangria,18.00,disney-springs/paradiso-37-taste-of-the-americas
2026-09-05,"Paradiso 37, Taste of the Americas",Disney Springs,Kentucky Bramble,Specialty Cocktails,Lunch; Dinner,"Woodford Reserve bourbon whiskey, black raspberry liqueur, lemon juice, agave nectar",16.00,disney-springs/paradiso-37-taste-of-the-americas
2026-09-05,"Paradiso 37, Taste of the Americas",Disney Springs,Strawberry Basil Martini,Specialty Cocktails,Lunch; Dinner,"P37 gin, strawberries, fresh lime juice, basil",16.00,disney-springs/paradiso-37-taste-of-the-americas
2026-09-05,"Paradiso 37, Taste of the Americas",Disney Springs,Captain Skittles,Specialty Cocktails,Lunch; Dinner,"P37 spiced rum, fresh lime juice, agave nectar, grenadine and blue curacao",16.00,disney-springs/paradiso-37-taste-of-the-americas
2026-09-05,"Paradiso 37, Taste of the Americas",Disney Springs,P37 Punch,Specialty Cocktails,Lunch; Dinner,"P37 vodka, orange, pineapple and cranberry juices, grenadine and agave nectar",16.00,disney-springs/paradiso-37-taste-of-the-americas
2026-09-05,"Paradiso 37, Taste of the Americas",Disney Springs,Caribbean Mule,Specialty Cocktails,Lunch; Dinner,"P37 Rum, Fresh Lime Juice, Ginger Beer",16.00,disney-springs/paradiso-37-taste-of-the-americas
2026-09-05,"Paradiso 37, Taste of the Americas",Disney Springs,Whiskey Smash,Specialty Cocktails,Lunch; Dinner,"Kentucky whiskey, lemon wedges, simple syrup and mint leaves",17.00,disney-springs/paradiso-37-taste-of-the-americas
2026-09-05,"Paradiso 37, Taste of the Americas",Disney Springs,Piña Colada,Specialty Cocktails,Lunch; Dinner,"P37 Rum, Pineapple Juice, Coconut Cream",16.00,disney-springs/paradiso-37-taste-of-the-americas
2026-09-05,"Paradiso 37, Taste of the Americas",Disney Springs,Mojito,Specialty Cocktails,Lunch; Dinner,"P37 Rum Muddled with Lime, Simple Syrup & Mint Leaves, Soda Water. Add Flavor for $1.",16.00,disney-springs/paradiso-37-taste-of-the-americas
2026-09-05,"Paradiso 37, Taste of the Americas",Disney Springs,P37 Old Fashion,Specialty Cocktails,Lunch; Dinner,"Peanut whiskey, maple syrup and chocolate bitter garnished with candied bacon and orange peel",17.00,disney-springs/paradiso-37-taste-of-the-americas
2026-09-05,"Paradiso 37, Taste of the Americas",Disney Springs,Golden Fiesta,Specialty Cocktails,Lunch; Dinner,"P37 Silver Tequila, Gran Gala, Fresh Lime Juice, Agave Nectar",17.00,disney-springs/paradiso-37-taste-of-the-americas
2026-09-05,"Paradiso 37, Taste of the Americas",Disney Springs,Corona-Rita,Specialty Cocktails,Lunch; Dinner,Our P37 Frozen Margarita accompanied by a 7oz Corona,21.00,disney-springs/paradiso-37-taste-of-the-americas
2026-09-05,"Paradiso 37, Taste of the Americas",Disney Springs,Welcome to Paradise,Specialty Cocktails,Lunch; Dinner,"P37 Silver Tequila, Triple Sec, Fresh Lime Juice, Agave Nectar | Regular $16 | Large $24",16.00,disney-springs/paradiso-37-taste-of-the-americas
2026-09-05,"Paradiso 37, Taste of the Americas",Disney Springs,Blood Orange Margarita,Specialty Cocktails,Lunch; Dinner,"P37 Silver Tequila, Fresh Lime Juice, Triple Sec, Blood Orange Sour, Agave Nectar",17.00,disney-springs/paradiso-37-taste-of-the-americas
2026-09-05,"Paradiso 37, Taste of the Americas",Disney Springs,Rio Reckless,Specialty Cocktails,Lunch; Dinner,"Serrano-Infused P37 Tequila, Fresh Lime Juice, Triple Sec, Agave Nectar",17.00,disney-springs/paradiso-37-taste-of-the-americas
2026-09-05,"Paradiso 37, Taste of the Americas",Disney Springs,Passion Party,Specialty Cocktails,Lunch; Dinner,"P37 Silver Tequila, Passion Fruit, Fresh Lime Juice, Ginger Beer",16.00,disney-springs/paradiso-37-taste-of-the-americas
2026-09-05,"Paradiso 37, Taste of the Americas",Disney Springs,Caipirinha,Specialty Cocktails,Lunch; Dinner,"Cachaça Muddled with Lime, Ginger, Honey & Mint Leaves. Add Flavor for $1.",16.00,disney-springs/paradiso-37-taste-of-the-americas
2026-09-05,"Paradiso 37, Taste of the Americas",Disney Springs,All Draft Beers (Happy Hour),Happy Hour (At the Bar Only),Lunch; Dinner,"Jai Alai IPA, Modelo Especial, and more…",8.00,disney-springs/paradiso-37-taste-of-the-americas
2026-09-05,"Paradiso 37, Taste of the Americas",Disney Springs,All House Classics (Happy Hour),Happy Hour (At the Bar Only),Lunch; Dinner,"Long Island Iced Tea, Classic Old Fashion, Cosmopolitan, and more…",9.00,disney-springs/paradiso-37-taste-of-the-americas
2026-09-05,Pizza Ponte,Disney Springs,Big Roman,Pizza,Lunch And Dinner,"Tomato sauce, mozzarella cheese",8.00,disney-springs/pizza-ponte
2026-09-05,Pizza Ponte,Disney Springs,Pepperoni,Pizza,Lunch And Dinner,"Tomato sauce, pepperoni, mozzarella cheese",8.50,disney-springs/pizza-ponte
2026-09-05,Pizza Ponte,Disney Springs,Four Cheese,Pizza,Lunch And Dinner,"Mozzarella, provolone, fontina, parmesan cheese",8.75,disney-springs/pizza-ponte
2026-09-05,Pizza Ponte,Disney Springs,Funghi,Pizza,Lunch And Dinner,"Tomato, mozzarella, fontina, forest mushroom",8.75,disney-springs/pizza-ponte
2026-09-05,Pizza Ponte,Disney Springs,Parma Cotto,Pizza,Lunch And Dinner,"Parma ham, mozzarella, ricotta cheese",8.95,disney-springs/pizza-ponte
2026-09-05,Pizza Ponte,Disney Springs,Ortolana,Pizza,Lunch And Dinner,"Tomato, mozzarella, mix vegetables",8.95,disney-springs/pizza-ponte
2026-09-05,Pizza Ponte,Disney Springs,Bun Giorno,Pizza,Lunch And Dinner,"House-made garlic-cheese pinwheel layered with mozzarella, provolone, roasted garlic, parmigiano with marinara",8.50,disney-springs/pizza-ponte
2026-09-05,Pizza Ponte,Disney Springs,Il Gladiatore,Pizza,Lunch And Dinner,"Tomato, Mozzarella, Prosciutto, Cotto, Italian Sausage, Pepperoni",8.95,disney-springs/pizza-ponte
2026-09-05,Pizza Ponte,Disney Springs,Caesar,Salads,Lunch And Dinner,"croutons, cherry tomatoes, parmesan",10.00,disney-springs/pizza-ponte
2026-09-05,Pizza Ponte,Disney Springs,Misticanza,Salads,Lunch And Dinner,"mixed greens, cucumber, olives, peppadews, feta, balsamic dressing",10.00,disney-springs/pizza-ponte
2026-09-05,Pizza Ponte,Disney Springs,Mozzarella & Tomato,Salads,Lunch And Dinner,"Ciliegine mozzarella, cherry tomatoes, extra virgin olive oil, balsamic vinegar",10.00,disney-springs/pizza-ponte
2026-09-05,Pizza Ponte,Disney Springs,Traditional Cannoli,Desserts,Lunch And Dinner,Sweet Ricotta and Chocolate Chips,8.50,disney-springs/pizza-ponte
2026-09-05,Pizza Ponte,Disney Springs,Tiramisu,Desserts,Lunch And Dinner,"Mascarpone crème, espresso lady finger cookies, cocoa powder",8.50,disney-springs/pizza-ponte
2026-09-05,Pizza Ponte,Disney Springs,Black & White Cannoli,Desserts,Lunch And Dinner,"Half chocolate, half traditional, chocolate chips",8.50,disney-springs/pizza-ponte
2026-09-05,Pizza Ponte,Disney Springs,Chocolate Cannoli,Desserts,Lunch And Dinner,"Chocolate shell, cocoa ricotta, chocolate chips",8.50,disney-springs/pizza-ponte
2026-09-05,Pizza Ponte,Disney Springs,Chocolate Chip Cookies,Desserts,Lunch And Dinner,"Traditional, house baked",5.50,disney-springs/pizza-ponte
2026-09-05,Pizza Ponte,Disney Springs,Frozen Concoction,Beverages,Lunch And Dinner,"Non-alcoholic, seasonal flavors",7.95,disney-springs/pizza-ponte
2026-09-05,Pizza Ponte,Disney Springs,Bottled Soda,Beverages,Lunch And Dinner,"Coke, Diet Coke, Coke Zero, Sprite",5.50,disney-springs/pizza-ponte
2026-09-05,Pizza Ponte,Disney Springs,Limonata,Beverages,Lunch And Dinner,,6.00,disney-springs/pizza-ponte
2026-09-05,Pizza Ponte,Disney Springs,Iced Tea Lemon,Beverages,Lunch And Dinner,,5.50,disney-springs/pizza-ponte
2026-09-05,Pizza Ponte,Disney Springs,Iced Tea Peach,Beverages,Lunch And Dinner,,5.50,disney-springs/pizza-ponte
2026-09-05,Pizza Ponte,Disney Springs,Aranciata,Beverages,Lunch And Dinner,,6.00,disney-springs/pizza-ponte
2026-09-05,Pizza Ponte,Disney Springs,Aqua Panna,Beverages,Lunch And Dinner,,5.00,disney-springs/pizza-ponte
2026-09-05,Pizza Ponte,Disney Springs,Aranciata Rossa,Beverages,Lunch And Dinner,,6.00,disney-springs/pizza-ponte
2026-09-05,Pizza Ponte,Disney Springs,San Pellegrino,Beverages,Lunch And Dinner,,5.00,disney-springs/pizza-ponte
2026-09-05,Pizza Ponte,Disney Springs,Chocolate Milk,Beverages,Lunch And Dinner,,5.50,disney-springs/pizza-ponte
2026-09-05,Pizza Ponte,Disney Springs,Milk,Beverages,Lunch And Dinner,,5.50,disney-springs/pizza-ponte
2026-09-05,Pizza Ponte,Disney Springs,Apple Juice,Beverages,Lunch And Dinner,,3.75,disney-springs/pizza-ponte
2026-09-05,Pizza Ponte,Disney Springs,Frozen Concoction with Alcohol,Alcoholic Beverages,Lunch And Dinner,"With Alcohol, seasonal flavors",10.95,disney-springs/pizza-ponte
2026-09-05,Pizza Ponte,Disney Springs,Guayabera Citra Pale Ale,Alcoholic Beverages,Lunch And Dinner,,9.00,disney-springs/pizza-ponte
2026-09-05,Pizza Ponte,Disney Springs,Angry Orchard,Alcoholic Beverages,Lunch And Dinner,,10.00,disney-springs/pizza-ponte
2026-09-05,Pizza Ponte,Disney Springs,Bud Light,Alcoholic Beverages,Lunch And Dinner,,8.50,disney-springs/pizza-ponte
2026-09-05,Pizza Ponte,Disney Springs,Corona Light,Alcoholic Beverages,Lunch And Dinner,,9.00,disney-springs/pizza-ponte
2026-09-05,Pizza Ponte,Disney Springs,Blue Moon,Alcoholic Beverages,Lunch And Dinner,,11.00,disney-springs/pizza-ponte
2026-09-05,Pizza Ponte,Disney Springs,High Noon,Alcoholic Beverages,Lunch And Dinner,,11.00,disney-springs/pizza-ponte
2026-09-05,Pizza Ponte,Disney Springs,Jai Alai IPA,Alcoholic Beverages,Lunch And Dinner,,9.00,disney-springs/pizza-ponte
2026-09-05,Pizza Ponte,Disney Springs,Peroni,Alcoholic Beverages,Lunch And Dinner,,10.50,disney-springs/pizza-ponte
2026-09-05,Pizza Ponte,Disney Springs,Stella Artois,Alcoholic Beverages,Lunch And Dinner,,11.00,disney-springs/pizza-ponte
2026-09-05,Pizza Ponte,Disney Springs,Yuengling,Alcoholic Beverages,Lunch And Dinner,,11.00,disney-springs/pizza-ponte
2026-09-05,Pizza Ponte,Disney Springs,Sparkling Wine,Alcoholic Beverages,Lunch And Dinner,,12.00,disney-springs/pizza-ponte
2026-09-05,Pizza Ponte,Disney Springs,Sparkling Rosé,Alcoholic Beverages,Lunch And Dinner,,12.00,disney-springs/pizza-ponte
2026-09-05,Pizza Ponte,Disney Springs,Pinot Grigio,Alcoholic Beverages,Lunch And Dinner,,12.00,disney-springs/pizza-ponte
2026-09-05,Pizza Ponte,Disney Springs,Red Blend,Alcoholic Beverages,Lunch And Dinner,,12.00,disney-springs/pizza-ponte
2026-09-05,Pizza Ponte,Disney Springs,Savignon Blanc,Alcoholic Beverages,Lunch And Dinner,,12.00,disney-springs/pizza-ponte
2026-09-05,Planet Hollywood®,Disney Springs,World Famous Chicken Crunch,Appetizers,Lunch; Dinner,"All-natural chicken tenders hand-breaded with a crunchy sweet coating, served with our signature Creole mustard sauce",17.99,disney-springs/planet-hollywood-observatory
2026-09-05,Planet Hollywood®,Disney Springs,Twice-Cooked Buffalo Wings,Appetizers,Lunch; Dinner,"Chicken wings baked & then fried to perfection & tossed in Buffalo sauce, served with celery, carrots & bleu cheese dressing",16.99,disney-springs/planet-hollywood-observatory
2026-09-05,Planet Hollywood®,Disney Springs,Garlic Bread,Appetizers,Lunch; Dinner,Cheesy garlic ciabatta with house-made marinara,14.99,disney-springs/planet-hollywood-observatory
2026-09-05,Planet Hollywood®,Disney Springs,Fried Jumbo Shrimp,Appetizers,Lunch; Dinner,"Six large fried shrimp accompanied by spicy Sriracha sauce, served on cabbage slaw",19.99,disney-springs/planet-hollywood-observatory
2026-09-05,Planet Hollywood®,Disney Springs,Texas Tostados,Appetizers,Lunch; Dinner,"Crispy gyoza skins topped with BBQ chicken, sautéed onions, blend of cheddar & Monterey Jack cheeses & drizzled with sour cream & BBQ sauce, served with pico de gallo",15.99,disney-springs/planet-hollywood-observatory
2026-09-05,Planet Hollywood®,Disney Springs,Nachos Grande,Appetizers,Lunch; Dinner,"Corn tortilla chips piled high with house-made chili, our special cheese sauce, olives, jalapeño, pico de gallo, sour cream & guacamole",21.99,disney-springs/planet-hollywood-observatory
2026-09-05,Planet Hollywood®,Disney Springs,Guacamole with Roasted Corn,Appetizers,Lunch; Dinner,"Fresh creamy guacamole, roasted corn, serrano peppers, cotija cheese, served with corn tortilla chips",15.99,disney-springs/planet-hollywood-observatory
2026-09-05,Planet Hollywood®,Disney Springs,High Roller Sampler,Appetizers,Lunch; Dinner,"Our World Famous Chicken Crunch, Texas Tostados, Buffalo Wings, Guacamole with Roasted Corn & Fried Jumbo Shrimp (serves 4)",42.99,disney-springs/planet-hollywood-observatory
2026-09-05,Planet Hollywood®,Disney Springs,Spinach & Berries,Salads,Lunch; Dinner,"Baby spinach tossed with fresh blueberries and strawberries, candied walnuts, Roma tomato, blue cheese crumbles, and balsamic vinaigrette. | Add Chicken 4.99 | Add Shrimp 6.99 | Add Steak or Salmon 8.99",19.99,disney-springs/planet-hollywood-observatory
2026-09-05,Planet Hollywood®,Disney Springs,Hollywood Bowl,Salads,Lunch; Dinner,"Romaine lettuce tossed with Thousand Island dressing then topped with house-roasted turkey breast, bacon, Swiss, hard-boiled egg, avocado, Roma tomato, cucumber, and croutons | Add Chicken 4.99 | Add Shrimp 6.99 | Add Steak or Salmon 8.99",22.99,disney-springs/planet-hollywood-observatory
2026-09-05,Planet Hollywood®,Disney Springs,Steakhouse,Salads,Lunch; Dinner,"House mix, sliced bistro steak, avocado, Roma tomato, cucumber, bleu cheese crumbles, Parmesan, crispy onion straws & Caesar dressing | Add Chicken 4.99 | Add Shrimp 6.99 | Add Steak or Salmon 8.99",28.99,disney-springs/planet-hollywood-observatory
2026-09-05,Planet Hollywood®,Disney Springs,Caesar,Salads,Lunch; Dinner,"Crisp romaine hearts, croutons & Parmesan, served with Caesar dressing | Add Chicken 4.99 | Add Shrimp 6.99 | Add Steak or Salmon 8.99",19.99,disney-springs/planet-hollywood-observatory
2026-09-05,Planet Hollywood®,Disney Springs,L.A. Lasagna,Pastas,Lunch; Dinner,"Fresh pasta tubes filled with ricotta & Bolognese meat sauce, fried to a golden brown, served with roasted garlic cream & tomato basil sauce (Add a side house salad or side Caesar salad for 7.99)",25.99,disney-springs/planet-hollywood-observatory
2026-09-05,Planet Hollywood®,Disney Springs,"Penne, Chicken & Broccoli",Pastas,Lunch; Dinner,Grilled all-natural chicken breast & broccoli florets tossed with roasted garlic pesto cream sauce & penne | Add Shrimp 6.99 | Add Steak or Salmon 8.99 (Add a side house salad or side Caesar salad for 7.99),25.99,disney-springs/planet-hollywood-observatory
2026-09-05,Planet Hollywood®,Disney Springs,Spicy Rigatoni Vodka,Pastas,Lunch; Dinner,"Homemade vodka sauce, fresh basil, topped with creamy burrata | Add Chicken 4.99 | Add Shrimp 6.99 | Add Steak or Salmon 8.99 (Add a side house salad or side Caesar salad for 7.99)",26.99,disney-springs/planet-hollywood-observatory
2026-09-05,Planet Hollywood®,Disney Springs,Shrimp Florentine,Pastas,Lunch; Dinner,"Six large shrimp, Roma tomato & baby spinach with spaghetti tossed in roasted garlic cream sauce | Add Chicken 4.99 | Add Steak or Salmon 8.99 (Add a side house salad or side Caesar salad for 7.99)",28.99,disney-springs/planet-hollywood-observatory
2026-09-05,Planet Hollywood®,Disney Springs,Plain Jane Cheeseburger,Guy Fieri! Big Bite Burgers,Lunch; Dinner,"Guy's smash-grilled burger served with your choice of cheddar, Swiss or SMC & LTOP on the side so you can build it your way. (All Big Bite Burgers are served with seasoned fries. Add a side house salad or side Caesar salad for 7.99)",20.99,disney-springs/planet-hollywood-observatory
2026-09-05,Planet Hollywood®,Disney Springs,Bacon Mac-n-Cheese,Guy Fieri! Big Bite Burgers,Lunch; Dinner,"Guy Fieri! award-winning burger – Winner of NYC Wine & Food Festival Burger Bash! Guy Fieri! smash-grilled burger, Applewood smoked bacon, six cheese mac-n-cheese, cheddar, LTOP, crispy onion straws & donkey sauce on a brioche bun. (All Big Bite Burgers are served with seasoned fries. Add a side house salad or side Caesar salad for 7.99)",22.99,disney-springs/planet-hollywood-observatory
2026-09-05,Planet Hollywood®,Disney Springs,Prime Time American Kobe,Guy Fieri! Big Bite Burgers,Lunch; Dinner,"American-style Kobe beef, smoked gouda, cheddar, pickles, caramelized onion jam, crispy onion straws & donkey sauce on a brioche bun. (All Big Bite Burgers are served with seasoned fries. Add a side house salad or side Caesar salad for 7.99)",22.99,disney-springs/planet-hollywood-observatory
2026-09-05,Planet Hollywood®,Disney Springs,The Original Ringer,Guy Fieri! Big Bite Burgers,Lunch; Dinner,"Guy Fieri! smash-grilled burger, crispy rojo onion ring, Guy Fieri! signature BBQ sauce, SMC, cheddar, LTOP & donkey sauce on a brioche bun (All Big Bite Burgers are served with seasoned fries. Add a side house salad or side Caesar salad for 7.99)",22.99,disney-springs/planet-hollywood-observatory
2026-09-05,Planet Hollywood®,Disney Springs,Morgan's Veggie,Guy Fieri! Big Bite Burgers,Lunch; Dinner,"Scratch-made vegetable burger of black beans, white beans, chickpeas, oats, artichokes, roasted red pepper & garlic with cilantro aioli on a toasted wheat bun. LTOP served on the side. (All Big Bite Burgers are served with seasoned fries. Add a side house salad or side Caesar salad for 7.99)",22.99,disney-springs/planet-hollywood-observatory
2026-09-05,Planet Hollywood®,Disney Springs,Bird is the Word,Guy Fieri! Signature Sandwiches,Lunch; Dinner,"Crispy fried all-natural chicken breast, buttermilk ranch dressing, pickles, cheddar, slaw & honey hot sauce on a brioche bun (All Signature Sandwiches are served with seasoned fries) (Add a side house salad or side Caesar salad for 7.99)",20.99,disney-springs/planet-hollywood-observatory
2026-09-05,Planet Hollywood®,Disney Springs,Championship Pulled Pork,Guy Fieri! Signature Sandwiches,Lunch; Dinner,"Crisped pulled pork with Guy Fieri! signature BBQ sauce, slaw, pickles & crispy onion straws on a brioche bun (All Signature Sandwiches are served with seasoned fries) (Add a side house salad or side Caesar salad for 7.99)",20.99,disney-springs/planet-hollywood-observatory
2026-09-05,Planet Hollywood®,Disney Springs,Burrata Caprese Sandwich,Guy Fieri! Signature Sandwiches,Lunch; Dinner,"Burrata, tomatoes, arugula & basil pesto on toasted ciabatta bread (All Signature Sandwiches are served with seasoned fries) (Add a side house salad or side Caesar salad for 7.99)",22.99,disney-springs/planet-hollywood-observatory
2026-09-05,Planet Hollywood®,Disney Springs,Prime Rib 'N' Swiss,Guy Fieri! Signature Sandwiches,Lunch; Dinner,"Thinly shaved, fresh Prime Rib topped with Swiss cheese. Served with seasoned fries, au jus & horseradish cream sauce (All Signature Sandwiches are served with seasoned fries) (Add a side house salad or side Caesar salad for 7.99)",22.99,disney-springs/planet-hollywood-observatory
2026-09-05,Planet Hollywood®,Disney Springs,Turkey Pic-A-Nic,Guy Fieri! Signature Sandwiches,Lunch; Dinner,"House-roasted turkey breast, cranberry relish, Swiss, BBQ kettle chips, LTOP and donkey sauce on a pretzel bun (All Signature Sandwiches are served with seasoned fries) (Add a side house salad or side Caesar salad for 7.99)",21.99,disney-springs/planet-hollywood-observatory
2026-09-05,Planet Hollywood®,Disney Springs,Bistro Sirloin Steak,Grille Specialties,Lunch; Dinner,10 oz. USDA Choice sirloin steak served with hand-cut steak fries & green bean blend. | Add Shrimp 6.99 | Add Salmon 8.99 (Add a side house salad or side Caesar salad for 7.99),34.99,disney-springs/planet-hollywood-observatory
2026-09-05,Planet Hollywood®,Disney Springs,NY Strip,Grille Specialties,Lunch; Dinner,USDA choice 12 oz. Strip Steak char-grilled to order. Served with a baked potato & green bean blend | Add Shrimp 6.99 | Add Salmon 8.99,49.99,disney-springs/planet-hollywood-observatory
2026-09-05,Planet Hollywood®,Disney Springs,BBQ Ribs,Grille Specialties,Lunch; Dinner,"Slow-cooked in-house St. Louis-style pork ribs smothered with BBQ sauce, served with seasoned fries (Add a side house salad or side Caesar salad for 7.99)",33.99,disney-springs/planet-hollywood-observatory
2026-09-05,Planet Hollywood®,Disney Springs,Slow-Roasted Chicken,Grille Specialties,Lunch; Dinner,"Tender, juicy, slow-cooked all-natural half chicken breast & pan gravy with roasted garlic mashed potatoes and green bean blend (Add a side house salad or side Caesar salad for 7.99)",29.95,disney-springs/planet-hollywood-observatory
2026-09-05,Planet Hollywood®,Disney Springs,Sesame Ginger Salmon,Grille Specialties,Lunch; Dinner,"Fresh salmon grilled with soy-ginger glaze, served with house-made cilantro rice and green bean blend | Add Shrimp 6.99 (Add a side house salad or side Caesar salad for 7.99)",34.99,disney-springs/planet-hollywood-observatory
2026-09-05,Planet Hollywood®,Disney Springs,Roasted Prime Rib of Beef (Available after 4pm),Grille Specialties,Lunch; Dinner,14 oz. Prime Rib - Served with roasted garlic mashed potatoes & green bean blend | Add Shrimp 6.99 | Add Salmon 8.99 (Add a side house salad or side Caesar salad for 7.99),39.95,disney-springs/planet-hollywood-observatory
2026-09-05,Planet Hollywood®,Disney Springs,Roasted Garlic Mashed Potatoes,Sides,Lunch; Dinner,,5.99,disney-springs/planet-hollywood-observatory
2026-09-05,Planet Hollywood®,Disney Springs,Loaded Mashed Potatoes,Sides,Lunch; Dinner,"Served with SMC, bacon bits & scallions",7.99,disney-springs/planet-hollywood-observatory
2026-09-05,Planet Hollywood®,Disney Springs,Loaded Baked Potato,Sides,Lunch; Dinner,"Served with sour cream, bacon bits, butter, SMC & scallions",7.99,disney-springs/planet-hollywood-observatory
2026-09-05,Planet Hollywood®,Disney Springs,Seasoned Fries,Sides,Lunch; Dinner,,5.99,disney-springs/planet-hollywood-observatory
2026-09-05,Planet Hollywood®,Disney Springs,Loaded Fries,Sides,Lunch; Dinner,"Seasoned fries, SMC, bacon bits & scallions",7.99,disney-springs/planet-hollywood-observatory
2026-09-05,Planet Hollywood®,Disney Springs,Cilantro Rice,Sides,Lunch; Dinner,,5.99,disney-springs/planet-hollywood-observatory
2026-09-05,Planet Hollywood®,Disney Springs,Green Bean Blend,Sides,Lunch; Dinner,,5.99,disney-springs/planet-hollywood-observatory
2026-09-05,Planet Hollywood®,Disney Springs,Brownie Sundae Martini,Desserts,Lunch; Dinner,"Twelve decadent chunks of freshly baked brownies layered with six scoops of vanilla and chocolate ice cream, topped with caramel and chocolate sauce then buried in mounds of whipped cream and a cherry",24.99,disney-springs/planet-hollywood-observatory
2026-09-05,Planet Hollywood®,Disney Springs,White Chocolate Bread Pudding,Desserts,Lunch; Dinner,Warm white chocolate bread pudding served with vanilla ice cream & a sweet whiskey sauce,12.95,disney-springs/planet-hollywood-observatory
2026-09-05,Planet Hollywood®,Disney Springs,Butter Cake,Desserts,Lunch; Dinner,"Gooey butter bake with vanilla ice cream, blueberries, strawberries & raspberry sauce",12.95,disney-springs/planet-hollywood-observatory
2026-09-05,Planet Hollywood®,Disney Springs,Chocolate Layered Cake,Desserts,Lunch; Dinner,Three layers of moist chocolate cake separated by rich chocolate mousse & covered with our special fudge frosting,12.95,disney-springs/planet-hollywood-observatory
2026-09-05,Planet Hollywood®,Disney Springs,New York Cheesecake,Desserts,Lunch; Dinner,Our homemade New York style cheesecake with graham cracker crust topped with garden fresh strawberries & purée,12.95,disney-springs/planet-hollywood-observatory
2026-09-05,Planet Hollywood®,Disney Springs,Salted Caramel Cheesecake,Desserts,Lunch; Dinner,Blended new cheesecake topped with a layer of Hershey's caramel & a light dusting of sea salt,12.95,disney-springs/planet-hollywood-observatory
2026-09-05,Planet Hollywood®,Disney Springs,Cheese Pizza,Kids' Meals,Lunch,"Traditional tomato sauce, covered with mozzarella cheese. Served with choice of beverage and dessert",12.99,disney-springs/planet-hollywood-observatory
2026-09-05,Planet Hollywood®,Disney Springs,Chicken Fingers,Kids' Meals,Lunch,Fried chicken fingers and seasoned fries with choice of beverage and dessert,12.99,disney-springs/planet-hollywood-observatory
2026-09-05,Planet Hollywood®,Disney Springs,Macaroni & Cheese,Kids' Meals,Lunch,Noodles smothered in cheesy cream sauce with choice of beverage and dessert,12.99,disney-springs/planet-hollywood-observatory
2026-09-05,Planet Hollywood®,Disney Springs,Spaghetti & Meatballs,Kids' Meals,Lunch,"Spaghetti, marinara, and meatballs with choice of beverage and dessert",12.99,disney-springs/planet-hollywood-observatory
2026-09-05,Planet Hollywood®,Disney Springs,Mars Attacks,Kids' Beverage,Lunch,12 oz. Kids' Light-Up Cup - Coconut & strawberry purée with fresh blueberries,10.00,disney-springs/planet-hollywood-observatory
2026-09-05,Planet Hollywood®,Disney Springs,Shooting Star,Kids' Beverage,Lunch,"12 oz. Kids' Light-Up Cup - Strawberry purée, apple juice & pineapple juice",10.00,disney-springs/planet-hollywood-observatory
2026-09-05,Planet Hollywood®,Disney Springs,Milky Way,Kids' Beverage,Lunch,12 oz. Kids' Light-Up Cup - Chocolate milk made with Hersey's Syrup,10.00,disney-springs/planet-hollywood-observatory
2026-09-05,Planet Hollywood®,Disney Springs,Assorted Fountain Drinks,Non-Alcoholic Beverage,Lunch; Dinner,"Coke, Diet Coke, Sprite, Orange, or Pink Lemonade",4.99,disney-springs/planet-hollywood-observatory
2026-09-05,Planet Hollywood®,Disney Springs,Practical Magic,Non-Alcoholic Beverage,Lunch; Dinner,"Pineapple & orange juices, fresh lemon & lime juices & grenadine",8.00,disney-springs/planet-hollywood-observatory
2026-09-05,Planet Hollywood®,Disney Springs,La La Land Lemonade,Non-Alcoholic Beverage,Lunch; Dinner,Lemonade with Reàl strawberry syrup,8.00,disney-springs/planet-hollywood-observatory
2026-09-05,Planet Hollywood®,Disney Springs,Lemonade,Non-Alcoholic Beverage,Lunch; Dinner,,4.49,disney-springs/planet-hollywood-observatory
2026-09-05,Planet Hollywood®,Disney Springs,"Iced Tea, Hot Tea, or Coffee",Non-Alcoholic Beverage,Lunch; Dinner,,4.99,disney-springs/planet-hollywood-observatory
2026-09-05,Planet Hollywood®,Disney Springs,Dasani Water,Non-Alcoholic Beverage,Lunch; Dinner,,4.99,disney-springs/planet-hollywood-observatory
2026-09-05,Planet Hollywood®,Disney Springs,Acqua Panna Still Water,Non-Alcoholic Beverage,Lunch; Dinner,,6.50,disney-springs/planet-hollywood-observatory
2026-09-05,Planet Hollywood®,Disney Springs,San Pellegrino,Non-Alcoholic Beverage,Lunch; Dinner,,6.50,disney-springs/planet-hollywood-observatory
2026-09-05,Planet Hollywood®,Disney Springs,San Pellegrino Sparkling Water,Non-Alcoholic Beverage,Lunch; Dinner,,4.50,disney-springs/planet-hollywood-observatory
2026-09-05,Planet Hollywood®,Disney Springs,Arnold's Lemonade,Signature Drinks,Lunch; Dinner,"Helix7 vodka, Bottega limoncino, iced tea & lemonade, garnished with a lemon",15.00,disney-springs/planet-hollywood-observatory
2026-09-05,Planet Hollywood®,Disney Springs,Celebrity Margarita,Signature Drinks,Lunch; Dinner,"Santos tequila, Grand Marnier & fresh sour with a salted rim",15.00,disney-springs/planet-hollywood-observatory
2026-09-05,Planet Hollywood®,Disney Springs,It's Showtime Mojito,Signature Drinks,Lunch; Dinner,"Bacardi Superior rum, fresh lime juice, simple syrup, soda water & mint, garnished with a lime",15.00,disney-springs/planet-hollywood-observatory
2026-09-05,Planet Hollywood®,Disney Springs,The Perfect Storm,Signature Drinks,Lunch; Dinner,"Rum, vodka, gin, tequila, DeKuyper blue curacao, fresh sour & Sprite",29.99,disney-springs/planet-hollywood-observatory
2026-09-05,Planet Hollywood®,Disney Springs,Fool's Gold,Signature Drinks,Lunch; Dinner,"Vodka, pineapple & orange juices, fresh sour & Reàl passion fruit syrup served in 36 oz. Planet-Bowl",29.99,disney-springs/planet-hollywood-observatory
2026-09-05,Planet Hollywood®,Disney Springs,VIP Celebrity Margarita,Signature Drinks,Lunch; Dinner,"Santos tequila, Grand Marnier, fresh sour & orange juice with a salted rim, garnished with a lime. Served in 36 oz. Planet-Bowl",29.99,disney-springs/planet-hollywood-observatory
2026-09-05,Planet Hollywood®,Disney Springs,If You Like Piña Coladas,Signature Drinks,Lunch; Dinner,"Cruzan coconut rum, Island Oasis piña colada, garnished with toasted coconut & pineapple",12.99,disney-springs/planet-hollywood-observatory
2026-09-05,Planet Hollywood®,Disney Springs,The Black Pearl Mai Tai,Signature Drinks,Lunch; Dinner,"Cruzan white rum, lime & orange juices, Reàl passion fruit syrup & grenadine with a Myers’s dark rum float",12.99,disney-springs/planet-hollywood-observatory
2026-09-05,Planet Hollywood®,Disney Springs,B-A-N-A-N-A-S,Signature Drinks,Lunch; Dinner,"Cruzan coconut rum, banana liqueur, coconut purée & chocolate milk",12.99,disney-springs/planet-hollywood-observatory
2026-09-05,Planet Hollywood®,Disney Springs,Red Carpet Margarita,Signature Drinks,Lunch; Dinner,"Cuervo Silver tequila, fresh sour & Reàl strawberry syrup",12.99,disney-springs/planet-hollywood-observatory
2026-09-05,Planet Hollywood®,Disney Springs,There's Something About Bloody Mary,Signature Drinks,Lunch; Dinner,New Amsterdam vodka & Bloody Mary juice with bacon & fresh seasonal toppings,12.99,disney-springs/planet-hollywood-observatory
2026-09-05,Planet Hollywood®,Disney Springs,Pineapple Express,Signature Drinks,Lunch; Dinner,"SKYY Infusions blood orange vodka, SKYY Infusions pineapple vodka, orange & pineapple juices, Sprite & grenadine",12.99,disney-springs/planet-hollywood-observatory
2026-09-05,Planet Hollywood®,Disney Springs,House Pinot Grigio,Wines,Lunch; Dinner,,28.00,disney-springs/planet-hollywood-observatory
2026-09-05,Planet Hollywood®,Disney Springs,Kim Crawford Sauvignon Blanc,Wines,Lunch; Dinner,,42.00,disney-springs/planet-hollywood-observatory
2026-09-05,Planet Hollywood®,Disney Springs,Kendall-Jackson Vintner's Reserve Chardonnay,Wines,Lunch; Dinner,,39.00,disney-springs/planet-hollywood-observatory
2026-09-05,Planet Hollywood®,Disney Springs,Beringer White Zinfandel,Wines,Lunch; Dinner,,28.00,disney-springs/planet-hollywood-observatory
2026-09-05,Planet Hollywood®,Disney Springs,Chateau Ste. Michelle Riesling,Wines,Lunch; Dinner,,31.00,disney-springs/planet-hollywood-observatory
2026-09-05,Planet Hollywood®,Disney Springs,House Red Blend,Wines,Lunch; Dinner,,28.00,disney-springs/planet-hollywood-observatory
2026-09-05,Planet Hollywood®,Disney Springs,Mark West Pinot Noir,Wines,Lunch; Dinner,,31.00,disney-springs/planet-hollywood-observatory
2026-09-05,Planet Hollywood®,Disney Springs,Dreaming Tree Crush Red Blend,Wines,Lunch; Dinner,,39.00,disney-springs/planet-hollywood-observatory
2026-09-05,Planet Hollywood®,Disney Springs,Joel Gott Cabernet Sauvignon,Wines,Lunch; Dinner,,42.00,disney-springs/planet-hollywood-observatory
2026-09-05,Planet Hollywood®,Disney Springs,La Marca Prosecco,Wines,Lunch; Dinner,,12.00,disney-springs/planet-hollywood-observatory
2026-09-05,Planet Hollywood®,Disney Springs,Veuve Clicquot Brut Yellow Label,Wines,Lunch; Dinner,,125.00,disney-springs/planet-hollywood-observatory
2026-09-05,Planet Hollywood®,Disney Springs,Domaine Chandon Brut Classic,Wines,Lunch; Dinner,,49.00,disney-springs/planet-hollywood-observatory
2026-09-05,Planet Hollywood®,Disney Springs,Bellissima Christie Brinkley's Prosecco DOC Brut,Wines,Lunch; Dinner,,42.00,disney-springs/planet-hollywood-observatory
2026-09-05,Planet Hollywood®,Disney Springs,Budweiser or Bud Light,Bottled and Draft Beer,Lunch; Dinner,,7.50,disney-springs/planet-hollywood-observatory
2026-09-05,Planet Hollywood®,Disney Springs,Coors Light or Michelob Ultra,Bottled and Draft Beer,Lunch; Dinner,,7.50,disney-springs/planet-hollywood-observatory
2026-09-05,Planet Hollywood®,Disney Springs,Samuel Adams Boston Lager,Bottled and Draft Beer,Lunch; Dinner,,8.00,disney-springs/planet-hollywood-observatory
2026-09-05,Planet Hollywood®,Disney Springs,Corona or Heineken,Bottled and Draft Beer,Lunch; Dinner,,8.00,disney-springs/planet-hollywood-observatory
2026-09-05,Planet Hollywood®,Disney Springs,O'Doul's Non-Alcoholic,Bottled and Draft Beer,Lunch; Dinner,,8.00,disney-springs/planet-hollywood-observatory
2026-09-05,Planet Hollywood®,Disney Springs,Bud Light Draft,Bottled and Draft Beer,Lunch; Dinner,16 oz. Pint,8.00,disney-springs/planet-hollywood-observatory
2026-09-05,Planet Hollywood®,Disney Springs,Blue Moon Draft,Bottled and Draft Beer,Lunch; Dinner,16 oz. Pint,9.00,disney-springs/planet-hollywood-observatory
2026-09-05,Planet Hollywood®,Disney Springs,Stella Artois Draft,Bottled and Draft Beer,Lunch; Dinner,16 oz. Pint,9.00,disney-springs/planet-hollywood-observatory
2026-09-05,Planet Hollywood®,Disney Springs,Samuel Adams Seasonal,Bottled and Draft Beer,Lunch; Dinner,16 oz. Pint,9.00,disney-springs/planet-hollywood-observatory
2026-09-05,The Polite Pig,Disney Springs,Hop Salt Pretzel,Shareables,Lunch And Dinner,with Beer Cheese Fondue and IPA Mustard,10.00,disney-springs/polite-pig
2026-09-05,The Polite Pig,Disney Springs,Glazed Chicken Wings,Shareables,Lunch And Dinner,"apple cider, bourbon, sorghum, chili",16.00,disney-springs/polite-pig
2026-09-05,The Polite Pig,Disney Springs,BBQ Meatballs,Shareables,Lunch And Dinner,"House Brisket, Cheddar Grits and Layla’s Sweet BBQ Sauce",13.00,disney-springs/polite-pig
2026-09-05,The Polite Pig,Disney Springs,Slider Trio,Shareables,Lunch And Dinner,"Southern Pig, Low and Slow Brisket and Fried Chicken",18.00,disney-springs/polite-pig
2026-09-05,The Polite Pig,Disney Springs,Polite Caesar Salad,Salads,Lunch And Dinner,"Romaine, Parmesan, Croutons and Carrots. Add Crispy or Smoked Chicken $6, Chopped Pork $6, Chopped Brisket $9 or Salmon $11",12.00,disney-springs/polite-pig
2026-09-05,The Polite Pig,Disney Springs,Chipotle Cobb Salad,Salads,Lunch And Dinner,"with Egg, Bacon, Roasted Corn, Tomato, Cheddar and Avocado-chipotle Dressing. Add Crispy or Smoked Chicken $6, Chopped Pork $6, Chopped Brisket $9 or Salmon $11",13.00,disney-springs/polite-pig
2026-09-05,The Polite Pig,Disney Springs,Half Chicken,From The Smoker,Lunch And Dinner,"Citrus-marinade Half Chicken served with Jalapeño Cornbread, Signature Polite Slaw and choice of one Market Side",19.00,disney-springs/polite-pig
2026-09-05,The Polite Pig,Disney Springs,Cedar Plank Salmon,From The Smoker,Lunch And Dinner,"Maple-dijon Glaze Cedar Plank Salmon served with Jalapeño Cornbread, Signature Polite Slaw and choice of one Market Side",26.00,disney-springs/polite-pig
2026-09-05,The Polite Pig,Disney Springs,Polite Pork Shoulder,From The Smoker,Lunch And Dinner,"Polite Rub Pork Shoulder served with Jalapeño Cornbread, Signature Polite Slaw and choice of one Market Side",18.00,disney-springs/polite-pig
2026-09-05,The Polite Pig,Disney Springs,USDA Prime Brisket,From The Smoker,Lunch And Dinner,"Coffee Rub USDA Prime Brisket served with Jalapeño Cornbread, Signature Polite Slaw and choice of one Market Side",22.00,disney-springs/polite-pig
2026-09-05,The Polite Pig,Disney Springs,BBQ Cheddar Brats,From The Smoker,Lunch And Dinner,"porter mustard glaze served with Jalapeño Cornbread, Signature Polite Slaw and choice of one Market Side",18.00,disney-springs/polite-pig
2026-09-05,The Polite Pig,Disney Springs,Smoked Turkey Breast,From The Smoker,Lunch And Dinner,"Citrus Rub Smoked Turkey Breast served with Jalapeño Cornbread, Signature Polite Slaw and choice of one Market Side",18.00,disney-springs/polite-pig
2026-09-05,The Polite Pig,Disney Springs,Layla's Ribs,From The Smoker,Lunch And Dinner,"Polite Rub, Layla’s Sweet BBQ served with Jalapeño Cornbread, Signature Polite Slaw and choice of one Market Side",26.00,disney-springs/polite-pig
2026-09-05,The Polite Pig,Disney Springs,Butcher Board (For 2),From The Smoker,Lunch And Dinner,"Pork Shoulder, Smoked Chicken, Brisket and BBQ Cheddar Sausage with Slaw, House Pickles, two Cornbreads and a choice of two Market Sides. Add Ribs $7 or Smoked Turkey $5",44.00,disney-springs/polite-pig
2026-09-05,The Polite Pig,Disney Springs,Smoked Turkey BLT,Sandwiches,Lunch And Dinner,"Sweet BBQ Bacon-onion Jam, Cheddar, Lettuce, Tomato and Duke’s Mayo served with a Pickle Spear",13.00,disney-springs/polite-pig
2026-09-05,The Polite Pig,Disney Springs,Southern Pig,Sandwiches,Lunch And Dinner,"Pulled Pork, Fennel-apple Slaw, tangy Mustard BBQ and Duke's Mayo served with a Pickle Spear",13.00,disney-springs/polite-pig
2026-09-05,The Polite Pig,Disney Springs,Smoked Chicken Salad Wrap,Sandwiches,Lunch And Dinner,"spinach, roasted tomatoes, dried cherries, sunflower seeds, avocado purée served with a Pickle Spear",12.00,disney-springs/polite-pig
2026-09-05,The Polite Pig,Disney Springs,Low & Slow Brisket,Sandwiches,Lunch And Dinner,"Prime Brisket, Pimento Cheese, Porter BBQ, Pickled Jalapeños and Onion Straws served with a Pickle Spear",15.00,disney-springs/polite-pig
2026-09-05,The Polite Pig,Disney Springs,Fried Chicken,Sandwiches,Lunch And Dinner,"Sweet and Smoky BBQ, Duke's Mayo, Pickles and Cole Slaw served with Pickle Spear",13.00,disney-springs/polite-pig
2026-09-05,The Polite Pig,Disney Springs,Tomato and Watermelon Salad,Market Sides,Lunch And Dinner,"with Feta, Basil and Pickled Onions",6.00,disney-springs/polite-pig
2026-09-05,The Polite Pig,Disney Springs,Roasted Beets,Market Sides,Lunch And Dinner,"Smoked Pecan Granola, Goat Cheese, Yogurt and Oranges",6.00,disney-springs/polite-pig
2026-09-05,The Polite Pig,Disney Springs,BBQ Cauliflower,Market Sides,Lunch And Dinner,Paprika Sour Cream and Candied Pepitas,6.00,disney-springs/polite-pig
2026-09-05,The Polite Pig,Disney Springs,Crispy Brussel Sprouts,Market Sides,Lunch And Dinner,with Whiskey-Caramel,6.00,disney-springs/polite-pig
2026-09-05,The Polite Pig,Disney Springs,Grilled Street Corn,Market Sides,Lunch And Dinner,with Chipotle Aïoli and Breadcrumbs,6.00,disney-springs/polite-pig
2026-09-05,The Polite Pig,Disney Springs,Sweet Potato Tots,Market Sides,Lunch And Dinner,with Parmesan Cheese,6.00,disney-springs/polite-pig
2026-09-05,The Polite Pig,Disney Springs,BBQ Waffle Fries,Market Sides,Lunch And Dinner,Polite Rub,6.00,disney-springs/polite-pig
2026-09-05,The Polite Pig,Disney Springs,Southern Potato Salad,Market Sides,Lunch And Dinner,"Creamy Herb Dressing, Pickles, Egg and Celery",6.00,disney-springs/polite-pig
2026-09-05,The Polite Pig,Disney Springs,Mac and Cheese,Market Sides,Lunch And Dinner,with Aged Cheddar and Breadcrumbs,6.00,disney-springs/polite-pig
2026-09-05,The Polite Pig,Disney Springs,Polite Baked Beans,Market Sides,Lunch And Dinner,"with Burnt Ends, Tomato and Sausage",6.00,disney-springs/polite-pig
2026-09-05,The Polite Pig,Disney Springs,Side Caesar,Market Sides,Lunch And Dinner,"Romaine, Parmesan, Croutons and Carrots",6.00,disney-springs/polite-pig
2026-09-05,The Polite Pig,Disney Springs,Seasonal Side,Market Sides,Lunch And Dinner,,6.00,disney-springs/polite-pig
2026-09-05,The Polite Pig,Disney Springs,Bourbon Chocolate Chip Cookie,Desserts,Lunch And Dinner,,5.00,disney-springs/polite-pig
2026-09-05,The Polite Pig,Disney Springs,Key Lime Pie,Desserts,Lunch And Dinner,,7.00,disney-springs/polite-pig
2026-09-05,The Polite Pig,Disney Springs,Red Velvet Cake,Desserts,Lunch And Dinner,,7.00,disney-springs/polite-pig
2026-09-05,The Polite Pig,Disney Springs,Smoked Pork Slider,Kids' Meals,Lunch And Dinner,"served with Carrot Sticks, Lil' Ranch Dipper and Apple Juice",9.00,disney-springs/polite-pig
2026-09-05,The Polite Pig,Disney Springs,Chicken Tenders,Kids' Meals,Lunch And Dinner,"served with Carrot Sticks, Lil' Ranch Dipper and Apple Juice",9.00,disney-springs/polite-pig
2026-09-05,The Polite Pig,Disney Springs,Mac and Cheese,Kids' Meals,Lunch And Dinner,"served with Carrot Sticks, Lil' Ranch Dipper and Apple Juice",9.00,disney-springs/polite-pig
2026-09-05,The Polite Pig,Disney Springs,BBQ Meatballs,Kids' Meals,Lunch And Dinner,"served with Carrot Sticks, Lil' Ranch Dipper and Apple Juice",9.00,disney-springs/polite-pig
2026-09-05,The Polite Pig,Disney Springs,Sliced Smoked Turkey Breast,Kids' Meals,Lunch And Dinner,"served with Carrot Sticks, Lil' Ranch Dipper and Apple Juice",9.00,disney-springs/polite-pig
2026-09-05,The Polite Pig,Disney Springs,Bottled Water,Beverages,Lunch And Dinner,,3.00,disney-springs/polite-pig
2026-09-05,The Polite Pig,Disney Springs,Apple Juice,Beverages,Lunch And Dinner,,3.00,disney-springs/polite-pig
2026-09-05,The Polite Pig,Disney Springs,Sodas,Beverages,Lunch And Dinner,assorted Coca-Cola® and Blue Sky® Beverages,3.50,disney-springs/polite-pig
2026-09-05,The Polite Pig,Disney Springs,Ravenous Pig Lone Palm Golden Ale,Beer & Wine,Lunch And Dinner,"light, crisp, refreshing",27.00,disney-springs/polite-pig
2026-09-05,The Polite Pig,Disney Springs,Ravenous Pig Five Points IPA,Beer & Wine,Lunch And Dinner,"West Coast-style, hoppy IPA",27.00,disney-springs/polite-pig
2026-09-05,The Polite Pig,Disney Springs,Ravenous Pig Red Drum Amber Ale,Beer & Wine,Lunch And Dinner,"hoppy, malty Amber Ale",27.00,disney-springs/polite-pig
2026-09-05,The Polite Pig,Disney Springs,Ravenous Pig Working Man Porter,Beer & Wine,Lunch And Dinner,"medium bodied, dark, malty",27.00,disney-springs/polite-pig
2026-09-05,The Polite Pig,Disney Springs,Trucks and Trains Pale Ale,Beer & Wine,Lunch And Dinner,american pale ale with amarillo & cascade hops,27.00,disney-springs/polite-pig
2026-09-05,The Polite Pig,Disney Springs,Saison de Cochon,Beer & Wine,Lunch And Dinner,belgian-style farmhouse ale,27.00,disney-springs/polite-pig
2026-09-05,The Polite Pig,Disney Springs,Acadia Fog,Beer & Wine,Lunch And Dinner,hazy ipa with new zealand hops,27.00,disney-springs/polite-pig
2026-09-05,The Polite Pig,Disney Springs,Bud Light,Beer & Wine,Lunch And Dinner,,22.00,disney-springs/polite-pig
2026-09-05,The Polite Pig,Disney Springs,Stella Artois,Beer & Wine,Lunch And Dinner,,27.00,disney-springs/polite-pig
2026-09-05,The Polite Pig,Disney Springs,Woodchuck Cider,Beer & Wine,Lunch And Dinner,,27.00,disney-springs/polite-pig
2026-09-05,The Polite Pig,Disney Springs,High Noon,Beer & Wine,Lunch And Dinner,,5.00,disney-springs/polite-pig
2026-09-05,The Polite Pig,Disney Springs,Polite Pig Red,Beer & Wine,Lunch And Dinner,"freakshow cabernet, california",13.00,disney-springs/polite-pig
2026-09-05,The Polite Pig,Disney Springs,Polite Pig White,Beer & Wine,Lunch And Dinner,"rainstorm pinot gris, oregon",13.00,disney-springs/polite-pig
2026-09-05,The Polite Pig,Disney Springs,Whiskey Sour,Small Batch Cocktails,Lunch And Dinner,seasonal,29.00,disney-springs/polite-pig
2026-09-05,The Polite Pig,Disney Springs,Sangria,Small Batch Cocktails,Lunch And Dinner,Spanish Red Wine and Florida Orange Liqueur,29.00,disney-springs/polite-pig
2026-09-05,The Polite Pig,Disney Springs,Grapefruit Margarita,Small Batch Cocktails,Lunch And Dinner,"corazon tequila, citrus, grapefruit liqueur",29.00,disney-springs/polite-pig
2026-09-05,The Polite Pig,Disney Springs,Polite Punch,Small Batch Cocktails,Lunch And Dinner,"moonshine, pineapple, cranberry",29.00,disney-springs/polite-pig
2026-09-05,The Polite Pig,Disney Springs,Vodka Lemonade,Small Batch Cocktails,Lunch And Dinner,"House-made Lemonade, Wheatley Vodka",29.00,disney-springs/polite-pig
2026-09-05,The Polite Pig,Disney Springs,Polite Mule,Small Batch Cocktails,Lunch And Dinner,seasonal,29.00,disney-springs/polite-pig
2026-09-05,The Polite Pig,Disney Springs,Texas Tea*,Small Batch Cocktails,Lunch And Dinner,"bourbon, rum, tequila, gin, vodka, triple sec",12.00,disney-springs/polite-pig
2026-09-05,The Polite Pig,Disney Springs,Sweet Tea Old-Fashioned*,Small Batch Cocktails,Lunch And Dinner,"four roses bourbon, sweet tea syrup, bitters",12.00,disney-springs/polite-pig
2026-09-05,The Polite Pig,Disney Springs,Slushie*,Small Batch Cocktails,Lunch And Dinner,housemade,12.00,disney-springs/polite-pig
2026-09-05,The Polite Pig,Disney Springs,Barrel-Aged Manhattan,Small Batch Cocktails,Lunch And Dinner,barrel-aged in-house,16.00,disney-springs/polite-pig
2026-09-05,The Polite Pig,Disney Springs,Polite Flight,Bourbon Bar - Whiskey Flights,Lunch And Dinner,"1 oz. pour of each | Four Roses Small Batch, Basil Hayden, Eagle Rare",21.00,disney-springs/polite-pig
2026-09-05,The Polite Pig,Disney Springs,Florida Flight,Bourbon Bar - Whiskey Flights,Lunch And Dinner,"1 oz. pour of each | Timber Creek Florida Single Malt Whisky, St. Augustine Florida Straight Bourbon, Palm Ridge Reserve",24.00,disney-springs/polite-pig
2026-09-05,The Polite Pig,Disney Springs,Rye Flight,Bourbon Bar - Whiskey Flights,Lunch And Dinner,"1 oz. pour of each | Bulleit 95 Rye, Michter’s Straight Rye Single Barrel, Whistle Pig Private Barrel",25.00,disney-springs/polite-pig
2026-09-05,The Polite Pig,Disney Springs,Refined Flight,Bourbon Bar - Whiskey Flights,Lunch And Dinner,"1 oz. pour of each | Woodford Reserve, Calumet Farm, Horse Soldier Small Batch",26.00,disney-springs/polite-pig
2026-09-05,Raglan Road™ Irish Pub and Restaurant,Disney Springs,Comfort Bread,Weekend Brunch Starty Stuff,Brunch,Homemade brown soda bread with Guinness glaze and olive oil dip. Bread for two. (Bread to share $6),3.00,disney-springs/raglan-road-irish-pub-and-restaurant
2026-09-05,Raglan Road™ Irish Pub and Restaurant,Disney Springs,Soul Soup,Weekend Brunch Starty Stuff,Brunch,Made fresh daily. Served with our homemade soda bread. Your lovely server has the info.,11.00,disney-springs/raglan-road-irish-pub-and-restaurant
2026-09-05,Raglan Road™ Irish Pub and Restaurant,Disney Springs,Bang Bang's Chicken,Weekend Brunch Starty Stuff,Brunch,Buttermilk marinated fried chicken with a spicy bang bang mayonnaise,17.45,disney-springs/raglan-road-irish-pub-and-restaurant
2026-09-05,Raglan Road™ Irish Pub and Restaurant,Disney Springs,An Irish Egg,Weekend Brunch Starty Stuff,Brunch,"Guinness and onion sausage crusted egg, Bushmills bacon jam, wholegrain mustard aioli",18.50,disney-springs/raglan-road-irish-pub-and-restaurant
2026-09-05,Raglan Road™ Irish Pub and Restaurant,Disney Springs,Pull the Boxty,Weekend Brunch Starty Stuff,Brunch,"Irish style crispy boxty potato cake, pulled ham hock and caramelized red onions with a Dubliner cheese sauce",17.50,disney-springs/raglan-road-irish-pub-and-restaurant
2026-09-05,Raglan Road™ Irish Pub and Restaurant,Disney Springs,Nom Nom Wings,Weekend Brunch Starty Stuff,Brunch,"Sweet 'n' spicy wings tossed in a honey, chili flake, soy and ginger sauce",17.95,disney-springs/raglan-road-irish-pub-and-restaurant
2026-09-05,Raglan Road™ Irish Pub and Restaurant,Disney Springs,PRETZEL. BEER. BRAISED  ONION CHEESE SAUCE. WE CAN DO NO MORE!,Weekend Brunch Starty Stuff,Brunch,Potato Pretzel with beer braised caramelized onion & cheese sauce.,12.00,disney-springs/raglan-road-irish-pub-and-restaurant
2026-09-05,Raglan Road™ Irish Pub and Restaurant,Disney Springs,When Ireland Dates America,Weekend Brunch Starty Stuff,Brunch,"Bacon & cabbage mac n cheese bites, maple glazed Bakers bacon, carrot & cabbage slaw, pickled red cabbage puree",17.45,disney-springs/raglan-road-irish-pub-and-restaurant
2026-09-05,Raglan Road™ Irish Pub and Restaurant,Disney Springs,It's Ok To Drool,Weekend Brunch Brunchy Stuff,Brunch,"Our famous Bread & Butter pudding, French toast style with vanilla mascarpone, mixed berries, crispy maple glazed bacon",24.50,disney-springs/raglan-road-irish-pub-and-restaurant
2026-09-05,Raglan Road™ Irish Pub and Restaurant,Disney Springs,Pancakes. Yes. We Make Them Too,Weekend Brunch Brunchy Stuff,Brunch,"Homemade buttermilk pancakes, Vanilla Mascarpone, Blueberry and Lemon Compote, Oat Crumble, and Maple Syrup",18.50,disney-springs/raglan-road-irish-pub-and-restaurant
2026-09-05,Raglan Road™ Irish Pub and Restaurant,Disney Springs,You Say Pork Tacos,Weekend Brunch Brunchy Stuff,Brunch,"Pulled BBQ pork, cider BBQ sauce, jalapeno salsa, pickled red onion, corn puree, pickled slaw, diced granny smith on a potato taco",22.50,disney-springs/raglan-road-irish-pub-and-restaurant
2026-09-05,Raglan Road™ Irish Pub and Restaurant,Disney Springs,Hipsters Lament,Weekend Brunch Brunchy Stuff,Brunch,"Smashed avocado, Irish bacon & poached eggs on sourdough, with chive butter, roasted tomato and crispy skin-on fried potatoes.",24.50,disney-springs/raglan-road-irish-pub-and-restaurant
2026-09-05,Raglan Road™ Irish Pub and Restaurant,Disney Springs,Full Irish,Weekend Brunch Brunchy Stuff,Brunch,"Full Irish breakfast with Cheshire Heritage pork Irish banger, black & white pudding, Irish bacon, roasted tomato, mushrooms & fried eggs with crispy skin-on fried potatoes",27.50,disney-springs/raglan-road-irish-pub-and-restaurant
2026-09-05,Raglan Road™ Irish Pub and Restaurant,Disney Springs,Scrumpet City,Weekend Brunch Brunchy Stuff,Brunch,"Eggs Benedict with Irish bacon on cheddar and chive scrumpet with tomato relish, sautéed spinach and Hollandaise sauce with bacon crumble",24.50,disney-springs/raglan-road-irish-pub-and-restaurant
2026-09-05,Raglan Road™ Irish Pub and Restaurant,Disney Springs,Heaps of Healthy,Weekend Brunch Brunchy Stuff,Brunch,"Mango, passionfruit and chia seed pudding, blackberry and apple puree, fresh berries and kiwi topped with a crunchy oatmeal, banana & pumpkin seed granola, served with gluten free banana bread.",23.00,disney-springs/raglan-road-irish-pub-and-restaurant
2026-09-05,Raglan Road™ Irish Pub and Restaurant,Disney Springs,Steak Agus Eggs,Weekend Brunch Brunchy Stuff,Brunch,"Steak and fried egg on a cheddar and buttermilk biscuit waffle, caramelized onion, sautéed wild mushrooms, chimichurri butter, maple glaze",28.00,disney-springs/raglan-road-irish-pub-and-restaurant
2026-09-05,Raglan Road™ Irish Pub and Restaurant,Disney Springs,All This... And Eggs On Top,Weekend Brunch Brunchy Stuff,Brunch,"Pulled slow braised beef, crispy skin-on fried potatoes with sautéed mushrooms, green onions, and mushroom ketchup topped with two sunny side up eggs",25.95,disney-springs/raglan-road-irish-pub-and-restaurant
2026-09-05,Raglan Road™ Irish Pub and Restaurant,Disney Springs,The Bed of Bacon,Weekend Brunch Brunchy Stuff,Brunch,"Bacon and cheese stuffed brioche loaf, shallot puree, maple glazed Brunson bacon and fried egg",23.50,disney-springs/raglan-road-irish-pub-and-restaurant
2026-09-05,Raglan Road™ Irish Pub and Restaurant,Disney Springs,Say No More,Weekend Brunch Brunchy Stuff,Brunch,"Scrambled eggs, maple glazed smoked Brunson bacon, egg fried sourdough, slow roasted tomato, crispy skin-on fried potatoes.",23.50,disney-springs/raglan-road-irish-pub-and-restaurant
2026-09-05,Raglan Road™ Irish Pub and Restaurant,Disney Springs,OMG Burger,Weekend Brunch Lunchy Stuff,Brunch,"Dry aged prime short rib and brisket beef burger, Irish bacon, Dubliner Irish cheddar, crispy fried onions with house made BBQ sauce",24.95,disney-springs/raglan-road-irish-pub-and-restaurant
2026-09-05,Raglan Road™ Irish Pub and Restaurant,Disney Springs,Chicken Pie Do Try,Weekend Brunch Lunchy Stuff,Brunch,"Chicken, wild mushroom and leek pie, with a white wine cream sauce filling, served with colcannon mashed potatoes and sticky honey glazed carrots",29.50,disney-springs/raglan-road-irish-pub-and-restaurant
2026-09-05,Raglan Road™ Irish Pub and Restaurant,Disney Springs,Worth The Wait Beef Sandwich,Weekend Brunch Lunchy Stuff,Brunch,"12 hour braised beef, garlic aioli, sautéed mushrooms, crispy onions & smoked cheddar on ciabatta",28.95,disney-springs/raglan-road-irish-pub-and-restaurant
2026-09-05,Raglan Road™ Irish Pub and Restaurant,Disney Springs,Fish & Chips,Weekend Brunch Lunchy Stuff,Brunch,"Our famous Premium North Atlantic cod filet, beer battered & served with chips and fresh tartar sauce (Ask your lovely server for gluten free option)",29.95,disney-springs/raglan-road-irish-pub-and-restaurant
2026-09-05,Raglan Road™ Irish Pub and Restaurant,Disney Springs,Shepherd's Pie to Try,Weekend Brunch Lunchy Stuff,Brunch,Braised and pulled beef & lamb with root vegetables in a rich red wine jus with Irish peat smoked mashed potato,28.95,disney-springs/raglan-road-irish-pub-and-restaurant
2026-09-05,Raglan Road™ Irish Pub and Restaurant,Disney Springs,Chicken Salad in the Garden,Weekend Brunch Lunchy Stuff,Brunch,"Grilled Bell and Evans chicken breast with mixed greens, shaved sprouts, confit cherry tomatoes, grilled brocollini, toasted pumpkin seeds, grilled corn and green goddess dressing.",23.50,disney-springs/raglan-road-irish-pub-and-restaurant
2026-09-05,Raglan Road™ Irish Pub and Restaurant,Disney Springs,Salmon Salad of the East,Weekend Brunch Lunchy Stuff,Brunch,"North Atlantic salmon glazed in soy, ginger, chilli and lime dressing with sliced carrots, snow peas, cucumber, tempura mushrooms, spinach leaves, radish and garden peas.",24.50,disney-springs/raglan-road-irish-pub-and-restaurant
2026-09-05,Raglan Road™ Irish Pub and Restaurant,Disney Springs,Bangers + Mash = Yum,Weekend Brunch Lunchy Stuff,Brunch,"Cheshire Heritage pork Irish bangers, colcannon mashed potatoes, traditional red wine jus and crispy fried onions.",28.00,disney-springs/raglan-road-irish-pub-and-restaurant
2026-09-05,Raglan Road™ Irish Pub and Restaurant,Disney Springs,This Sheppie went Veggie,Weekend Brunch Lunchy Stuff,Brunch,"A mix of root vegetables, three beans and lentils with bulgar wheat, topped with olive oil mashed potatoes with a roasted pepper & cherry tomato gravy",27.50,disney-springs/raglan-road-irish-pub-and-restaurant
2026-09-05,Raglan Road™ Irish Pub and Restaurant,Disney Springs,Now You're Talkin' Chicken Sandwich,Weekend Brunch Lunchy Stuff,Brunch,"Fried buttermilk chicken breast, hot sauce, scallions, shredded pickled slaw, truffle aioli and grated parmesan",24.95,disney-springs/raglan-road-irish-pub-and-restaurant
2026-09-05,Raglan Road™ Irish Pub and Restaurant,Disney Springs,Crispy Cream Goats Cheese Salad,Weekend Brunch Lunchy Stuff,Brunch,"Crispy fried goats cheese with pickled carrot, squash & arugula salad, pear & shallot relish, blackberries, quinoa crunch",24.00,disney-springs/raglan-road-irish-pub-and-restaurant
2026-09-05,Raglan Road™ Irish Pub and Restaurant,Disney Springs,House Salad,Sides,Brunch; Lunch; Dinner,,9.00,disney-springs/raglan-road-irish-pub-and-restaurant
2026-09-05,Raglan Road™ Irish Pub and Restaurant,Disney Springs,Seasonal Veg,Sides,Brunch; Lunch; Dinner,,11.00,disney-springs/raglan-road-irish-pub-and-restaurant
2026-09-05,Raglan Road™ Irish Pub and Restaurant,Disney Springs,Onion Rings,Sides,Brunch; Lunch; Dinner,,11.00,disney-springs/raglan-road-irish-pub-and-restaurant
2026-09-05,Raglan Road™ Irish Pub and Restaurant,Disney Springs,Mashed Potato,Sides,Brunch; Lunch; Dinner,,9.00,disney-springs/raglan-road-irish-pub-and-restaurant
2026-09-05,Raglan Road™ Irish Pub and Restaurant,Disney Springs,Chips,Sides,Brunch; Lunch; Dinner,,9.00,disney-springs/raglan-road-irish-pub-and-restaurant
2026-09-05,Raglan Road™ Irish Pub and Restaurant,Disney Springs,Garlic and Parmesan Chips,Sides,Brunch; Lunch; Dinner,,12.00,disney-springs/raglan-road-irish-pub-and-restaurant
2026-09-05,Raglan Road™ Irish Pub and Restaurant,Disney Springs,Comfort Bread,Sides,Brunch; Lunch; Dinner,Homemade brown soda bread with Guinness glaze and olive oil dip. Bread for two. (Bread to share $6),3.00,disney-springs/raglan-road-irish-pub-and-restaurant
2026-09-05,Raglan Road™ Irish Pub and Restaurant,Disney Springs,Banana Bread,Sides,Brunch,,6.00,disney-springs/raglan-road-irish-pub-and-restaurant
2026-09-05,Raglan Road™ Irish Pub and Restaurant,Disney Springs,Pancake,Sides,Brunch,,8.00,disney-springs/raglan-road-irish-pub-and-restaurant
2026-09-05,Raglan Road™ Irish Pub and Restaurant,Disney Springs,Side of Fruit,Sides,Brunch,,8.00,disney-springs/raglan-road-irish-pub-and-restaurant
2026-09-05,Raglan Road™ Irish Pub and Restaurant,Disney Springs,Crispy Skin on Fried Potatoes with Garlic Aioli,Sides,Brunch,,9.00,disney-springs/raglan-road-irish-pub-and-restaurant
2026-09-05,Raglan Road™ Irish Pub and Restaurant,Disney Springs,Bacon and Eggs,Weekend Brunch Kid's Offerings,Brunch,Irish rashers of bacon with 2 fried eggs,10.00,disney-springs/raglan-road-irish-pub-and-restaurant
2026-09-05,Raglan Road™ Irish Pub and Restaurant,Disney Springs,Stack O' Pancakes,Weekend Brunch Kid's Offerings,Brunch,"A generous stack of homemade pancakes with a fruit compote, crème fraîche and maple syrup",9.00,disney-springs/raglan-road-irish-pub-and-restaurant
2026-09-05,Raglan Road™ Irish Pub and Restaurant,Disney Springs,Grillin' Chicken,Weekend Brunch Kid's Offerings,Brunch,"Tender chicken breast served with mashed potatoes, veggies, and choice of side - mashed potatoes, mixed greens salad with ranch, Irish chips, vegetable medley",12.00,disney-springs/raglan-road-irish-pub-and-restaurant
2026-09-05,Raglan Road™ Irish Pub and Restaurant,Disney Springs,Little Big Burger,Weekend Brunch Kid's Offerings,Brunch,Grilled sirloin beef burger with Dubliner cheddar & skinny chips,12.00,disney-springs/raglan-road-irish-pub-and-restaurant
2026-09-05,Raglan Road™ Irish Pub and Restaurant,Disney Springs,Gold'n Chicken,Weekend Brunch Kid's Offerings,Brunch,"Two (2) deep fried chicken goujons and choice of side - mashed potatoes, mixed greens salad with ranch, Irish chips, or vegetable medley",12.00,disney-springs/raglan-road-irish-pub-and-restaurant
2026-09-05,Raglan Road™ Irish Pub and Restaurant,Disney Springs,Chicken Marvel,Weekend Brunch Kid's Offerings,Brunch,Crispy fried chicken sandwich with skinny chips,12.00,disney-springs/raglan-road-irish-pub-and-restaurant
2026-09-05,Raglan Road™ Irish Pub and Restaurant,Disney Springs,Atlantic Fish,Weekend Brunch Kid's Offerings,Brunch,"Fresh Atlantic fish deep fried in a crispy batter and choice of side - mashed potatoes, mixed greens salad with ranch, Irish chips, or vegetable medley",12.00,disney-springs/raglan-road-irish-pub-and-restaurant
2026-09-05,Raglan Road™ Irish Pub and Restaurant,Disney Springs,Skipper Fish & Chips,Weekend Brunch Kid's Offerings,Brunch,Battered fish sandwich & skinny chips,12.00,disney-springs/raglan-road-irish-pub-and-restaurant
2026-09-05,Raglan Road™ Irish Pub and Restaurant,Disney Springs,Macaroni & Cheese,Weekend Brunch Kid's Offerings,Brunch,"Macaroni pasta with Dubliner cheese and choice of side - mashed potatoes, mixed greens salad with ranch, Irish Chips, or vegetable medley",12.00,disney-springs/raglan-road-irish-pub-and-restaurant
2026-09-05,Raglan Road™ Irish Pub and Restaurant,Disney Springs,Meatball Magic,Weekend Brunch Kid's Offerings,Brunch,"With penne pasta and tomato ragu,parmesan sprinkles",12.00,disney-springs/raglan-road-irish-pub-and-restaurant
2026-09-05,Raglan Road™ Irish Pub and Restaurant,Disney Springs,Mini Bangers & Mash,Weekend Brunch Kid's Offerings,Brunch,"Mini pork sausages, mashed potato with onion gravy and choice of side - mashed potatoes, mixed greens salad with ranch, Irish Chips, or vegetable medley",10.00,disney-springs/raglan-road-irish-pub-and-restaurant
2026-09-05,Raglan Road™ Irish Pub and Restaurant,Disney Springs,Oops I Dropped My Ice Cream Cone,Weekend Brunch Kid's Offerings,Brunch,Dropped vanilla ice cream cone with a little surprise,6.00,disney-springs/raglan-road-irish-pub-and-restaurant
2026-09-05,Raglan Road™ Irish Pub and Restaurant,Disney Springs,Brown Beauty,Weekend Brunch Kid's Offerings,Brunch,Chocolate brownie with vanilla ice cream and caramel sauce,6.00,disney-springs/raglan-road-irish-pub-and-restaurant
2026-09-05,Raglan Road™ Irish Pub and Restaurant,Disney Springs,Got Chocolate?,Desserts,Brunch; Lunch; Dinner,"Double chocolate mousse, caramel sauce, chocolate brownie",13.00,disney-springs/raglan-road-irish-pub-and-restaurant
2026-09-05,Raglan Road™ Irish Pub and Restaurant,Disney Springs,Cheeseberry Bake,Desserts,Brunch; Lunch; Dinner,Baked strawberry cheesecake with vanilla cream cheese and glazed strawberries,13.00,disney-springs/raglan-road-irish-pub-and-restaurant
2026-09-05,Raglan Road™ Irish Pub and Restaurant,Disney Springs,Ger's Bread & Butter Pudding,Desserts,Brunch; Lunch; Dinner,Like no other you have ever tried. Believe us.,13.50,disney-springs/raglan-road-irish-pub-and-restaurant
2026-09-05,Raglan Road™ Irish Pub and Restaurant,Disney Springs,Upside-Down You're Turning Me,Desserts,Brunch; Lunch; Dinner,"Pineapple upside down cake with poached pineapple and vanilla glaze, pineapple crisp",13.00,disney-springs/raglan-road-irish-pub-and-restaurant
2026-09-05,Raglan Road™ Irish Pub and Restaurant,Disney Springs,Americano,Desserts,Brunch; Lunch; Dinner,All coffees available decaffeinated,5.00,disney-springs/raglan-road-irish-pub-and-restaurant
2026-09-05,Raglan Road™ Irish Pub and Restaurant,Disney Springs,Espresso,Desserts,Brunch; Lunch; Dinner,All coffees available decaffeinated,5.50,disney-springs/raglan-road-irish-pub-and-restaurant
2026-09-05,Raglan Road™ Irish Pub and Restaurant,Disney Springs,Cappuccino,Desserts,Brunch; Lunch; Dinner,All coffees available decaffeinated,5.50,disney-springs/raglan-road-irish-pub-and-restaurant
2026-09-05,Raglan Road™ Irish Pub and Restaurant,Disney Springs,Espresso Macchiato,Desserts,Brunch; Lunch; Dinner,All coffees available decaffeinated,5.50,disney-springs/raglan-road-irish-pub-and-restaurant
2026-09-05,Raglan Road™ Irish Pub and Restaurant,Disney Springs,Latte,Desserts,Brunch; Lunch; Dinner,All coffees available decaffeinated,5.50,disney-springs/raglan-road-irish-pub-and-restaurant
2026-09-05,Raglan Road™ Irish Pub and Restaurant,Disney Springs,Bewleys Irish Black Tea,Desserts,Brunch; Lunch; Dinner,,5.00,disney-springs/raglan-road-irish-pub-and-restaurant
2026-09-05,Raglan Road™ Irish Pub and Restaurant,Disney Springs,Green Tea,Desserts,Brunch; Lunch; Dinner,,5.50,disney-springs/raglan-road-irish-pub-and-restaurant
2026-09-05,Raglan Road™ Irish Pub and Restaurant,Disney Springs,Earl Grey,Desserts,Brunch; Lunch; Dinner,,5.50,disney-springs/raglan-road-irish-pub-and-restaurant
2026-09-05,Raglan Road™ Irish Pub and Restaurant,Disney Springs,Bloomsday by Orange Blossom,Born For The Road,Brunch; Lunch; Dinner,"Pale Ale - 6% ABV, Orlando, Fl",10.75,disney-springs/raglan-road-irish-pub-and-restaurant
2026-09-05,Raglan Road™ Irish Pub and Restaurant,Disney Springs,Tri Wishes by Crooked Can,Born For The Road,Brunch; Lunch; Dinner,"Grand Irish Red Ale - 5.5% ABV, Winter Garden, Fl",10.75,disney-springs/raglan-road-irish-pub-and-restaurant
2026-09-05,Raglan Road™ Irish Pub and Restaurant,Disney Springs,The Likely Lager by Swamp Head,Born For The Road,Brunch; Lunch; Dinner,"American Lager - 4.5% ABV, Gainesville, Fl",10.75,disney-springs/raglan-road-irish-pub-and-restaurant
2026-09-05,Raglan Road™ Irish Pub and Restaurant,Disney Springs,De Cider No. 2 by Vermont Cider Co,Born For The Road,Brunch; Lunch; Dinner,"Amber Cider - 5%, ABV, Middlebury VT",11.00,disney-springs/raglan-road-irish-pub-and-restaurant
2026-09-05,Raglan Road™ Irish Pub and Restaurant,Disney Springs,Cider State by Keel Farms,Born For The Road,Brunch; Lunch; Dinner,"Watermelon & Lime Cider - 5.5% ABV, Plant City, Fl",11.00,disney-springs/raglan-road-irish-pub-and-restaurant
2026-09-05,Raglan Road™ Irish Pub and Restaurant,Disney Springs,Celebration Road,Born For The Road,Brunch; Lunch; Dinner,"Blackberry infused American Blonde Ale. 5% ABV, Celebration, FL",10.75,disney-springs/raglan-road-irish-pub-and-restaurant
2026-09-05,Raglan Road™ Irish Pub and Restaurant,Disney Springs,City Beautiful IPA by Orange Blossom,Bottles & Cans,Brunch; Lunch; Dinner,"American IPA - 6.4% ABV, Orlando, Fl",10.00,disney-springs/raglan-road-irish-pub-and-restaurant
2026-09-05,Raglan Road™ Irish Pub and Restaurant,Disney Springs,Space Cowboi Hazy Double IPA,Bottles & Cans,Brunch; Lunch; Dinner,"8.5% ABV, Crooked Can, Winter Garden, FL",12.00,disney-springs/raglan-road-irish-pub-and-restaurant
2026-09-05,Raglan Road™ Irish Pub and Restaurant,Disney Springs,Allagash White by Allagash,Bottles & Cans,Brunch; Lunch; Dinner,"Belgian-Style Wheat Ale - 5% ABV, Maine",11.00,disney-springs/raglan-road-irish-pub-and-restaurant
2026-09-05,Raglan Road™ Irish Pub and Restaurant,Disney Springs,Sullivans Black Marble Stout,Bottles & Cans,Brunch; Lunch; Dinner,"5.1% ABV, Kilkenny, Ireland",13.00,disney-springs/raglan-road-irish-pub-and-restaurant
2026-09-05,Raglan Road™ Irish Pub and Restaurant,Disney Springs,Sullivans Red Irish Ale,Bottles & Cans,Brunch; Lunch; Dinner,"5% ABV, Kilkenny, Ireland",13.00,disney-springs/raglan-road-irish-pub-and-restaurant
2026-09-05,Raglan Road™ Irish Pub and Restaurant,Disney Springs,Toboggan by Ivanhoe,Bottles & Cans,Brunch; Lunch; Dinner,"Blonde Ale - 5% ABV, Orlando, Fl",11.00,disney-springs/raglan-road-irish-pub-and-restaurant
2026-09-05,Raglan Road™ Irish Pub and Restaurant,Disney Springs,Dead Parrot by Florida Avenue,Bottles & Cans,Brunch; Lunch; Dinner,"Light Lager with Sea Salt and Lime - 4.2% ABV, Wesley Chapel, Fl",10.00,disney-springs/raglan-road-irish-pub-and-restaurant
2026-09-05,Raglan Road™ Irish Pub and Restaurant,Disney Springs,Corona Extra,Bottles & Cans,Brunch; Lunch; Dinner,"Pale Lager - 4.6% ABV, Mexico",9.00,disney-springs/raglan-road-irish-pub-and-restaurant
2026-09-05,Raglan Road™ Irish Pub and Restaurant,Disney Springs,Corona Light,Bottles & Cans,Brunch; Lunch; Dinner,"Pale Lager - 4% ABV, Mexico",9.00,disney-springs/raglan-road-irish-pub-and-restaurant
2026-09-05,Raglan Road™ Irish Pub and Restaurant,Disney Springs,Coors Light,Bottles & Cans,Brunch; Lunch; Dinner,"American Lager - 4.2% ABV, USA",9.00,disney-springs/raglan-road-irish-pub-and-restaurant
2026-09-05,Raglan Road™ Irish Pub and Restaurant,Disney Springs,Heineken,Bottles & Cans,Brunch; Lunch; Dinner,"Lager - 5% ABV, Holland",9.00,disney-springs/raglan-road-irish-pub-and-restaurant
2026-09-05,Raglan Road™ Irish Pub and Restaurant,Disney Springs,Heineken 0.00,Bottles & Cans,Brunch; Lunch; Dinner,"Non Alcoholic European Lager - 0% ABV, Holland",9.00,disney-springs/raglan-road-irish-pub-and-restaurant
2026-09-05,Raglan Road™ Irish Pub and Restaurant,Disney Springs,Guinness Zero,Bottles & Cans,Brunch; Lunch; Dinner,"Non-Alcoholic Irish Nitro Stout - 0% ABV, Dublin",11.00,disney-springs/raglan-road-irish-pub-and-restaurant
2026-09-05,Raglan Road™ Irish Pub and Restaurant,Disney Springs,BERO,Bottles & Cans,Brunch; Lunch; Dinner,"BERO Non-Alcoholic Edge Hill Hazy IPA, USA.",10.00,disney-springs/raglan-road-irish-pub-and-restaurant
2026-09-05,Raglan Road™ Irish Pub and Restaurant,Disney Springs,Trail Pass Golden by Sierra Nevada,Bottles & Cans,Brunch; Lunch; Dinner,"Golden Non-Alcoholic Beer - 0% ABV, Sierra Nevada, CA",11.00,disney-springs/raglan-road-irish-pub-and-restaurant
2026-09-05,Raglan Road™ Irish Pub and Restaurant,Disney Springs,Schöfferhofer Hefeweizen Grapefruit,Bottles & Cans,Brunch; Lunch; Dinner,"Hefeweizen Grapefruit Beer - 2.5% ABV, Germany",10.00,disney-springs/raglan-road-irish-pub-and-restaurant
2026-09-05,Raglan Road™ Irish Pub and Restaurant,Disney Springs,New Grist,Bottles & Cans,Brunch; Lunch; Dinner,Gluten Free Pilsner 5% ABV USA.,10.00,disney-springs/raglan-road-irish-pub-and-restaurant
2026-09-05,Raglan Road™ Irish Pub and Restaurant,Disney Springs,Kopparberg Strawberry & Lime Premium Cider,Bottles & Cans,Brunch; Lunch; Dinner,"Apple and Strawberry Cider - 4.5% ABV, Sweden",11.00,disney-springs/raglan-road-irish-pub-and-restaurant
2026-09-05,Raglan Road™ Irish Pub and Restaurant,Disney Springs,Kopparberg Pear Premium Cider,Bottles & Cans,Brunch; Lunch; Dinner,Medium Pear Cider - 4.5% ABV Sweden,11.00,disney-springs/raglan-road-irish-pub-and-restaurant
2026-09-05,Raglan Road™ Irish Pub and Restaurant,Disney Springs,Lemon Days Sour Ale by Swamp Head,Bottles & Cans,Brunch; Lunch; Dinner,"Sour Ale - 4.5% ABV, Gainesville FL",11.00,disney-springs/raglan-road-irish-pub-and-restaurant
2026-09-05,Raglan Road™ Irish Pub and Restaurant,Disney Springs,High Noon Sun Sips,Bottles & Cans,Brunch; Lunch; Dinner,"Pineapple or Watermelon - 4.5% ABV, South Carolina",11.00,disney-springs/raglan-road-irish-pub-and-restaurant
2026-09-05,Raglan Road™ Irish Pub and Restaurant,Disney Springs,Toboggan by Ivanhoe,Bottles & Cans,Brunch; Lunch; Dinner,"Lemonade iced tea, 4.5%, Memphis, TN",12.00,disney-springs/raglan-road-irish-pub-and-restaurant
2026-09-05,Raglan Road™ Irish Pub and Restaurant,Disney Springs,Ireland's Call,Whiskey Flights ,Brunch; Lunch; Dinner,Limavaddy Single Malt - Lost Irish - Clonakilty,30.00,disney-springs/raglan-road-irish-pub-and-restaurant
2026-09-05,Raglan Road™ Irish Pub and Restaurant,Disney Springs,Midlands Flight,Whiskey Flights ,Brunch; Lunch; Dinner,Tullamore Dew - 12YR - Tullamore XO Rum Cask,25.00,disney-springs/raglan-road-irish-pub-and-restaurant
2026-09-05,Raglan Road™ Irish Pub and Restaurant,Disney Springs,The Garden County,Whiskey Flights ,Brunch; Lunch; Dinner,Glendalough Double Barrel - Glendalough 7 - Pot Still,29.00,disney-springs/raglan-road-irish-pub-and-restaurant
2026-09-05,Raglan Road™ Irish Pub and Restaurant,Disney Springs,The Heart of Dublin,Whiskey Flights ,Brunch; Lunch; Dinner,Teeling Blackpits - Single Grain - Single Malt,29.00,disney-springs/raglan-road-irish-pub-and-restaurant
2026-09-05,Raglan Road™ Irish Pub and Restaurant,Disney Springs,Us and Them Flight,Whiskey Flights ,Brunch; Lunch; Dinner,Caribou Crossing - Keepers Heart Irish + Bourbon - Buffalo Trace,30.00,disney-springs/raglan-road-irish-pub-and-restaurant
2026-09-05,Raglan Road™ Irish Pub and Restaurant,Disney Springs,The World of Whiskey Flight,Whiskey Flights ,Brunch; Lunch; Dinner,Powers Johns Lane Release - Suntory Toki Whisky - Laphraoig Select,40.00,disney-springs/raglan-road-irish-pub-and-restaurant
2026-09-05,Raglan Road™ Irish Pub and Restaurant,Disney Springs,The Redbreast,Whiskey Flights ,Brunch; Lunch; Dinner,Redbreast 12 - Redbreast 15 - Redbreast Sherry Finish,50.00,disney-springs/raglan-road-irish-pub-and-restaurant
2026-09-05,Raglan Road™ Irish Pub and Restaurant,Disney Springs,Salivate Lost Irish Coffee,Salivate,Brunch; Lunch; Dinner,"Lost Irish Whiskey, house made Demerara sugar syrup, coffee, cream",16.00,disney-springs/raglan-road-irish-pub-and-restaurant
2026-09-05,Raglan Road™ Irish Pub and Restaurant,Disney Springs,Arthurs Old Fashioned,Salivate,Brunch; Lunch; Dinner,"Tullamore Dew 12 Irish Whiskey, Guinness simple syrup, orange bitters, Guinness cured bacon",18.00,disney-springs/raglan-road-irish-pub-and-restaurant
2026-09-05,Raglan Road™ Irish Pub and Restaurant,Disney Springs,Rosemary & Maple Whisky Sour,Salivate,Brunch; Lunch; Dinner,"Dickel 12 Tennessee Whisky, crushed rosemary, dark maple syrup, Fees foam, lemon sour",16.00,disney-springs/raglan-road-irish-pub-and-restaurant
2026-09-05,Raglan Road™ Irish Pub and Restaurant,Disney Springs,Irish Espresso Martini,Salivate,Brunch; Lunch; Dinner,"Slane Irish Whiskey, Luxardo Espresso Liquor, Guinness simple syrup, chilled espresso",17.00,disney-springs/raglan-road-irish-pub-and-restaurant
2026-09-05,Raglan Road™ Irish Pub and Restaurant,Disney Springs,Baileys Shake,Salivate,Brunch; Lunch; Dinner,"Ice cream shake, Baileys, coffee liqueur, chocolate",16.00,disney-springs/raglan-road-irish-pub-and-restaurant
2026-09-05,Raglan Road™ Irish Pub and Restaurant,Disney Springs,Iced Irish,Salivate,Brunch; Lunch; Dinner,"Paddys Irish Whiskey, butterscotch, Baileys Salted Caramel, cold brew coffee, whipped cream.",16.00,disney-springs/raglan-road-irish-pub-and-restaurant
2026-09-05,Raglan Road™ Irish Pub and Restaurant,Disney Springs,Strawberry Fields Mimosa,Salivate,Brunch; Lunch; Dinner,"Dingle Irish Vodka, Luxardo Apertivo, lemon sour, house made strawberry puree, Prosecco",18.00,disney-springs/raglan-road-irish-pub-and-restaurant
2026-09-05,Raglan Road™ Irish Pub and Restaurant,Disney Springs,Strawberry & Cucumber Mojito,Salivate,Brunch; Lunch; Dinner,"Bacardi Gold Rum, strawberry puree, muddled cucumber & mint, lime sour, ginger ale",17.00,disney-springs/raglan-road-irish-pub-and-restaurant
2026-09-05,Raglan Road™ Irish Pub and Restaurant,Disney Springs,The Pale Lass,Salivate,Brunch; Lunch; Dinner,"Cazadores reposado tequila, Italicus liquor, hibiscus water, lemon sour, honey topped with sparkling Fever Tree grapefruit soda",17.00,disney-springs/raglan-road-irish-pub-and-restaurant
2026-09-05,Raglan Road™ Irish Pub and Restaurant,Disney Springs,Wild Rosy,Salivate,Brunch; Lunch; Dinner,"Glendalough Wild Rose Gin, Rockeys Botanical Liqueur, homemade rosemary syrup, lemon Pellegrino, Fever Tree premium tonic",16.00,disney-springs/raglan-road-irish-pub-and-restaurant
2026-09-05,Raglan Road™ Irish Pub and Restaurant,Disney Springs,Not So Wild Rosy (non-alcoholic),Salivate,Brunch; Lunch; Dinner,"Seedlip Garden 108 non alcoholic spirit, homemade rosemary syrup, lemon Pellegrino, Fever Tree premium tonic",12.00,disney-springs/raglan-road-irish-pub-and-restaurant
2026-09-05,Raglan Road™ Irish Pub and Restaurant,Disney Springs,Strawberry & Cucumber Nojito (non-alcoholic),Salivate,Brunch; Lunch; Dinner,"Housemade strawberry puree, muddled cucumber & mint, fresh lime sour, ginger ale",11.00,disney-springs/raglan-road-irish-pub-and-restaurant
2026-09-05,Raglan Road™ Irish Pub and Restaurant,Disney Springs,Berry Unirish (non-alcoholic),Salivate,Brunch; Lunch; Dinner,"Muddled blueberries, fresh lemon juice, rosemary, honey syrup, lemon Pellegrino | Make it Berry Irish - Add Dingle Irish Vodka 18",11.00,disney-springs/raglan-road-irish-pub-and-restaurant
2026-09-05,Raglan Road™ Irish Pub and Restaurant,Disney Springs,The Irish Snowstorm,Salivate,Brunch; Lunch; Dinner,"Baileys salted Caramel liquor, butterscotch schnapps, Luxardo coffee liquor and chilled espresso.",18.00,disney-springs/raglan-road-irish-pub-and-restaurant
2026-09-05,Raglan Road™ Irish Pub and Restaurant,Disney Springs,Hit the Haze by Crooked Can,Born in the USA,Brunch; Lunch; Dinner,"New England IPA - 6.1% ABV, Winter Garden, Fl",10.50,disney-springs/raglan-road-irish-pub-and-restaurant
2026-09-05,Raglan Road™ Irish Pub and Restaurant,Disney Springs,Yuengling Lager,Born in the USA,Brunch; Lunch; Dinner,"Traditional Lager - 4.5% ABV, Pennsylvania",10.50,disney-springs/raglan-road-irish-pub-and-restaurant
2026-09-05,Raglan Road™ Irish Pub and Restaurant,Disney Springs,Miller Lite Lager,Born in the USA,Brunch; Lunch; Dinner,"American Lager - 4.2% ABV, Wisconsin",10.00,disney-springs/raglan-road-irish-pub-and-restaurant
2026-09-05,Raglan Road™ Irish Pub and Restaurant,Disney Springs,High Stepper by Crooked Can,Born in the USA,Brunch; Lunch; Dinner,"American IPA - 7.0% ABV, Winter Garden, Fl",10.50,disney-springs/raglan-road-irish-pub-and-restaurant
2026-09-05,Raglan Road™ Irish Pub and Restaurant,Disney Springs,Binny’s Brew by D3 Brewing,Born in the USA,Brunch; Lunch; Dinner,"Florida Ale, 5% ABV, D3 Brewing, Orlando FL",10.50,disney-springs/raglan-road-irish-pub-and-restaurant
2026-09-05,Raglan Road™ Irish Pub and Restaurant,Disney Springs,Blue Moon by Molson Coors,Born in the USA,Brunch; Lunch; Dinner,"Belgian Wheat, 5.4% ABV, Molson Coors, Denver CO",10.50,disney-springs/raglan-road-irish-pub-and-restaurant
2026-09-05,Raglan Road™ Irish Pub and Restaurant,Disney Springs,Michelob Ultra,Born in the USA,Brunch; Lunch; Dinner,"Superior Light Lager, 4.2%, St. Louis, MO",10.50,disney-springs/raglan-road-irish-pub-and-restaurant
2026-09-05,Raglan Road™ Irish Pub and Restaurant,Disney Springs,Raglan Road Signature Collection,Flights of Beer,Brunch; Lunch; Dinner,Bloomsday Ale by Orange Blossom / Tri Wishes by Crooked Can / Likely Light Lager by Swamp Head / Celebration Road by Celebration,14.00,disney-springs/raglan-road-irish-pub-and-restaurant
2026-09-05,Raglan Road™ Irish Pub and Restaurant,Disney Springs,The Four Provinces,Flights of Beer,Brunch; Lunch; Dinner,"Guinness, Smithwicks, Harp, Kilkenny",13.00,disney-springs/raglan-road-irish-pub-and-restaurant
2026-09-05,Raglan Road™ Irish Pub and Restaurant,Disney Springs,Orchard Mischief,Flights of Beer,Brunch; Lunch; Dinner,Magners Apple Cider / Magners Pear / Cider De Cider No. 2 / Cider State Watermelon & Lime,14.00,disney-springs/raglan-road-irish-pub-and-restaurant
2026-09-05,Raglan Road™ Irish Pub and Restaurant,Disney Springs,Guinness,Born in Ireland ,Brunch; Lunch; Dinner,"Nitro Stout - 4.3% ABV, Dublin",10.75,disney-springs/raglan-road-irish-pub-and-restaurant
2026-09-05,Raglan Road™ Irish Pub and Restaurant,Disney Springs,Smithwicks,Born in Ireland ,Brunch; Lunch; Dinner,"Irish Red Ale - 3.8% ABV, Dublin",10.75,disney-springs/raglan-road-irish-pub-and-restaurant
2026-09-05,Raglan Road™ Irish Pub and Restaurant,Disney Springs,Harp,Born in Ireland ,Brunch; Lunch; Dinner,"Irish Lager - 4.5% ABV, Dublin",10.75,disney-springs/raglan-road-irish-pub-and-restaurant
2026-09-05,Raglan Road™ Irish Pub and Restaurant,Disney Springs,Kilkenny,Born in Ireland ,Brunch; Lunch; Dinner,"Nitro Cream Ale - 4.3% ABV, Dublin",10.75,disney-springs/raglan-road-irish-pub-and-restaurant
2026-09-05,Raglan Road™ Irish Pub and Restaurant,Disney Springs,Magners Irish Apple Cider,Born in Ireland ,Brunch; Lunch; Dinner,"Dry Apple Cider - 4.5% ABV, Clonmel",11.00,disney-springs/raglan-road-irish-pub-and-restaurant
2026-09-05,Raglan Road™ Irish Pub and Restaurant,Disney Springs,Magners Irish Pear Cider,Born in Ireland ,Brunch; Lunch; Dinner,"Dry Pear Cider - 4.5% ABV, Clonmel",11.00,disney-springs/raglan-road-irish-pub-and-restaurant
2026-09-05,Raglan Road™ Irish Pub and Restaurant,Disney Springs,"Georges Duboeuf, Pays d'Oc Chardonnay, France",Wines,Brunch; Lunch; Dinner,,57.00,disney-springs/raglan-road-irish-pub-and-restaurant
2026-09-05,Raglan Road™ Irish Pub and Restaurant,Disney Springs,"Peju Winery Legacy Col., Carneros California",Wines,Brunch; Lunch; Dinner,,60.00,disney-springs/raglan-road-irish-pub-and-restaurant
2026-09-05,Raglan Road™ Irish Pub and Restaurant,Disney Springs,"Walnut Block, Marlborough, New Zealand",Wines,Brunch; Lunch; Dinner,,49.00,disney-springs/raglan-road-irish-pub-and-restaurant
2026-09-05,Raglan Road™ Irish Pub and Restaurant,Disney Springs,"Andriano, Sudtirol Alto Adige, Italy",Wines,Brunch; Lunch; Dinner,,57.00,disney-springs/raglan-road-irish-pub-and-restaurant
2026-09-05,Raglan Road™ Irish Pub and Restaurant,Disney Springs,"Aime Roquesante, Provence, France",Wines,Brunch; Lunch; Dinner,,53.00,disney-springs/raglan-road-irish-pub-and-restaurant
2026-09-05,Raglan Road™ Irish Pub and Restaurant,Disney Springs,"Evolution Sokol Blosser, Oregon",Wines,Brunch; Lunch; Dinner,,57.00,disney-springs/raglan-road-irish-pub-and-restaurant
2026-09-05,Raglan Road™ Irish Pub and Restaurant,Disney Springs,"Zolo, Zolo Malbec, Mendoza Argentina",Wines,Brunch; Lunch; Dinner,,50.00,disney-springs/raglan-road-irish-pub-and-restaurant
2026-09-05,Raglan Road™ Irish Pub and Restaurant,Disney Springs,"Postmark Paso Robles, California",Wines,Brunch; Lunch; Dinner,,57.00,disney-springs/raglan-road-irish-pub-and-restaurant
2026-09-05,Raglan Road™ Irish Pub and Restaurant,Disney Springs,"Klinker Brick Winery, Lodi, California",Wines,Brunch; Lunch; Dinner,,55.00,disney-springs/raglan-road-irish-pub-and-restaurant
2026-09-05,Raglan Road™ Irish Pub and Restaurant,Disney Springs,"Mettler Family Vineyards, Lodi, California",Wines,Brunch; Lunch; Dinner,,57.00,disney-springs/raglan-road-irish-pub-and-restaurant
2026-09-05,Raglan Road™ Irish Pub and Restaurant,Disney Springs,"Lunaria, Coste di Moro Montepulciano, d'Abruzzo, Italy",Wines,Brunch; Lunch; Dinner,,55.00,disney-springs/raglan-road-irish-pub-and-restaurant
2026-09-05,Raglan Road™ Irish Pub and Restaurant,Disney Springs,"Cavit Prosecco, Lunetta, Italy (187ml)",Wines,Brunch; Lunch; Dinner,,14.00,disney-springs/raglan-road-irish-pub-and-restaurant
2026-09-05,Raglan Road™ Irish Pub and Restaurant,Disney Springs,"Yellow label Brut Champagne, France",Wines,Brunch; Lunch; Dinner,,165.00,disney-springs/raglan-road-irish-pub-and-restaurant
2026-09-05,Raglan Road™ Irish Pub and Restaurant,Disney Springs,Chandon Brut - California,Wines,Brunch; Lunch; Dinner,,76.00,disney-springs/raglan-road-irish-pub-and-restaurant
2026-09-05,Raglan Road™ Irish Pub and Restaurant,Disney Springs,Comfort Bread,It's All to Savor,Lunch; Dinner,Homemade brown soda bread with Guinness glaze and olive oil dip. Bread for two. (Bread to share $6),3.00,disney-springs/raglan-road-irish-pub-and-restaurant
2026-09-05,Raglan Road™ Irish Pub and Restaurant,Disney Springs,Soul Soup,It's All to Savor,Lunch; Dinner,Made fresh daily. Served with our homemade soda bread. Your lovely server has the info.,11.00,disney-springs/raglan-road-irish-pub-and-restaurant
2026-09-05,Raglan Road™ Irish Pub and Restaurant,Disney Springs,An Irish Egg,It's All to Savor,Lunch; Dinner,"Guinness and onion sausage crusted egg, Bushmills bacon jam, wholegrain mustard aioli",18.50,disney-springs/raglan-road-irish-pub-and-restaurant
2026-09-05,Raglan Road™ Irish Pub and Restaurant,Disney Springs,When Ireland Dates America,It's All to Savor,Lunch; Dinner,"Bacon & cabbage mac n cheese bites, maple glazed Bakers bacon, carrot & cabbage slaw, pickled red cabbage puree",17.45,disney-springs/raglan-road-irish-pub-and-restaurant
2026-09-05,Raglan Road™ Irish Pub and Restaurant,Disney Springs,Nom Nom Wings,It's All to Savor,Lunch; Dinner,"Sweet 'n' spicy wings tossed in a honey, chili flake, soy and ginger sauce",17.95,disney-springs/raglan-road-irish-pub-and-restaurant
2026-09-05,Raglan Road™ Irish Pub and Restaurant,Disney Springs,Sure I'm Frittered,It's All to Savor,Lunch; Dinner,Free form broccoli and corn fritter with a sweetcorn puree and fire roasted pepper relish.,16.95,disney-springs/raglan-road-irish-pub-and-restaurant
2026-09-05,Raglan Road™ Irish Pub and Restaurant,Disney Springs,Dalkey Duo,It's All to Savor,Lunch; Dinner,"Dalkey mustard beer battered Cheshire heritage pork sausages, Dalkey mustard mayonnaise and buffalo apple sauce",17.45,disney-springs/raglan-road-irish-pub-and-restaurant
2026-09-05,Raglan Road™ Irish Pub and Restaurant,Disney Springs,Pull the Boxty,It's All to Savor,Lunch; Dinner,"Irish style crispy boxty potato cake, pulled ham hock and caramelized red onions with a Dubliner cheese sauce",17.50,disney-springs/raglan-road-irish-pub-and-restaurant
2026-09-05,Raglan Road™ Irish Pub and Restaurant,Disney Springs,Bang Bang's Chicken,It's All to Savor,Lunch; Dinner,Buttermilk marinated fried chicken with a spicy bang bang mayonnaise,17.45,disney-springs/raglan-road-irish-pub-and-restaurant
2026-09-05,Raglan Road™ Irish Pub and Restaurant,Disney Springs,PRETZEL. BEER. BRAISED  ONION CHEESE SAUCE. WE CAN DO NO MORE!,It's All to Savor,Lunch; Dinner,Potato Pretzel with beer braised caramelized onion & cheese sauce.,12.00,disney-springs/raglan-road-irish-pub-and-restaurant
2026-09-05,Raglan Road™ Irish Pub and Restaurant,Disney Springs,Bangers + Mash = Yum,It's All to Devour,Lunch; Dinner,"Cheshire Heritage pork Irish bangers, colcannon mashed potatoes, traditional red wine jus and crispy fried onions.",28.00,disney-springs/raglan-road-irish-pub-and-restaurant
2026-09-05,Raglan Road™ Irish Pub and Restaurant,Disney Springs,OMG Burger,It's All to Devour,Lunch; Dinner,"Dry aged prime short rib and brisket beef burger, Irish bacon, Dubliner Irish cheddar, crispy fried onions with house made BBQ sauce",24.95,disney-springs/raglan-road-irish-pub-and-restaurant
2026-09-05,Raglan Road™ Irish Pub and Restaurant,Disney Springs,Salmon Run Too,It's All to Devour,Lunch; Dinner,"Roasted North Atlantic salmon filet, mashed potato, roasted broccolini, confit tomatoes, with a lemon & white wine butter sauce and a spinach puree",34.00,disney-springs/raglan-road-irish-pub-and-restaurant
2026-09-05,Raglan Road™ Irish Pub and Restaurant,Disney Springs,Worth The Wait Beef Sandwich,It's All to Devour,Lunch; Dinner,"12 hour braised beef, garlic aioli, sautéed mushrooms, crispy onions & smoked cheddar on ciabatta",28.95,disney-springs/raglan-road-irish-pub-and-restaurant
2026-09-05,Raglan Road™ Irish Pub and Restaurant,Disney Springs,This Time It's Chowder!,It's All to Devour,Lunch; Dinner,"Creamy Irish seafood chowder with smoked haddock, salmon and cod with Guinness and treacle bread and Kerrygold butter",30.00,disney-springs/raglan-road-irish-pub-and-restaurant
2026-09-05,Raglan Road™ Irish Pub and Restaurant,Disney Springs,Gnocchi Nua,It's All to Devour,Lunch; Dinner,"Potato and herb gnocchi with zucchini, asparagus, yellow squash & peas in spinach lemon, parmesan sauce | Add Chicken 8.00 | Add Salmon 16.00",28.00,disney-springs/raglan-road-irish-pub-and-restaurant
2026-09-05,Raglan Road™ Irish Pub and Restaurant,Disney Springs,Fish & Chips,It's All to Devour,Lunch; Dinner,"Our famous Premium North Atlantic cod filet, beer battered & served with chips and fresh tartar sauce (Ask your lovely server for gluten free option)",29.95,disney-springs/raglan-road-irish-pub-and-restaurant
2026-09-05,Raglan Road™ Irish Pub and Restaurant,Disney Springs,Shepherd's Pie to Try,It's All to Devour,Lunch; Dinner,Braised and pulled beef & lamb with root vegetables in a rich red wine jus with Irish peat smoked mashed potato,28.95,disney-springs/raglan-road-irish-pub-and-restaurant
2026-09-05,Raglan Road™ Irish Pub and Restaurant,Disney Springs,Now You're Talkin' Chicken Sandwich,It's All to Devour,Lunch; Dinner,"Fried buttermilk chicken breast, hot sauce, scallions, shredded pickled slaw, truffle aioli and grated parmesan",24.95,disney-springs/raglan-road-irish-pub-and-restaurant
2026-09-05,Raglan Road™ Irish Pub and Restaurant,Disney Springs,Chicken Pie Do Try,It's All to Devour,Lunch; Dinner,"Chicken, wild mushroom and leek pie, with a white wine cream sauce filling, served with colcannon mashed potatoes and sticky honey glazed carrots",29.50,disney-springs/raglan-road-irish-pub-and-restaurant
2026-09-05,Raglan Road™ Irish Pub and Restaurant,Disney Springs,Serious Steak,It's All to Devour,Lunch; Dinner,"10 oz sirloin, mashed potatoes, battered onion rings & whiskey peppercorn sauce",38.00,disney-springs/raglan-road-irish-pub-and-restaurant
2026-09-05,Raglan Road™ Irish Pub and Restaurant,Disney Springs,Chicken with Parcels of Deliciousness,It's All to Devour,Lunch; Dinner,"Roasted chicken breast, pastry parcel filled with a creamy bacon & mushroom sauce, grilled broccolini, mashed potatoes with broccoli puree and roast chicken gravy.",28.95,disney-springs/raglan-road-irish-pub-and-restaurant
2026-09-05,Raglan Road™ Irish Pub and Restaurant,Disney Springs,This Sheppie went Veggie,It's All to Devour,Lunch; Dinner,"A mix of root vegetables, three beans and lentils with bulgar wheat, topped with olive oil mashed potatoes with a roasted pepper & cherry tomato gravy",27.50,disney-springs/raglan-road-irish-pub-and-restaurant
2026-09-05,Raglan Road™ Irish Pub and Restaurant,Disney Springs,The Slow Lamb,It's All to Devour,Lunch; Dinner,"Braised lamb stew with root vegetables, rosemary, topped with thinly sliced potato and served with butter glazed carrots and broccolini",31.00,disney-springs/raglan-road-irish-pub-and-restaurant
2026-09-05,Raglan Road™ Irish Pub and Restaurant,Disney Springs,Braised Be Beef,It's All to Devour,Lunch; Dinner,"12 hour slow cooked beef short ribs in a red wine reduction, colcannon mashed potatoes, roasted broccolini, carrots and sugar snaps",41.00,disney-springs/raglan-road-irish-pub-and-restaurant
2026-09-05,Raglan Road™ Irish Pub and Restaurant,Disney Springs,Salmon Salad of the East,It's All to Devour,Lunch; Dinner,"North Atlantic salmon glazed in soy, ginger, chilli and lime dressing with sliced carrots, snow peas, cucumber, tempura mushrooms, spinach leaves, radish and garden peas.",24.50,disney-springs/raglan-road-irish-pub-and-restaurant
2026-09-05,Raglan Road™ Irish Pub and Restaurant,Disney Springs,Chicken Salad in the Garden,It's All to Devour,Lunch; Dinner,"Grilled Bell and Evans chicken breast with mixed greens, shaved sprouts, confit cherry tomatoes, grilled brocollini, toasted pumpkin seeds, grilled corn and green goddess dressing.",23.50,disney-springs/raglan-road-irish-pub-and-restaurant
2026-09-05,Raglan Road™ Irish Pub and Restaurant,Disney Springs,Pork Schnitzel,It's All to Devour,Lunch; Dinner,"Crispy skin on fried wedges, mustard cream sauce, pear & shallot relish, fine grated parmesan",27.00,disney-springs/raglan-road-irish-pub-and-restaurant
2026-09-05,Raglan Road™ Irish Pub and Restaurant,Disney Springs,Crispy Cream Goats Cheese Salad,It's All to Devour,Lunch; Dinner,"Crispy fried goats cheese with pickled carrot, squash & arugula salad, pear & shallot relish, blackberries, quinoa crunch",24.00,disney-springs/raglan-road-irish-pub-and-restaurant
2026-09-05,Raglan Road™ Irish Pub and Restaurant,Disney Springs,Let There Be No Rush Pork,It's All to Devour,Lunch; Dinner,"12 hour braised pork shoulder, colcannon mashed potatoes, sautéed cabbage with crispy bacon, carrot puree, apple cider jus",34.00,disney-springs/raglan-road-irish-pub-and-restaurant
2026-09-05,Raglan Road™ Irish Pub and Restaurant,Disney Springs,"Crispy Skin on Fried Potatoes, Garlic Aioli",Sides,Lunch; Dinner,,9.00,disney-springs/raglan-road-irish-pub-and-restaurant
2026-09-05,Raglan Road™ Irish Pub and Restaurant,Disney Springs,Colcannon Mashed Potatoes,Sides,Lunch; Dinner,,11.00,disney-springs/raglan-road-irish-pub-and-restaurant
2026-09-05,Raglan Road™ Irish Pub and Restaurant,Disney Springs,Grillin' Chicken,Kids' Entrées,Lunch; Dinner,"Tender chicken breast served with mashed potatoes, veggies, and choice of side - mashed potatoes, mixed greens salad with ranch, Irish chips, vegetable medley",12.00,disney-springs/raglan-road-irish-pub-and-restaurant
2026-09-05,Raglan Road™ Irish Pub and Restaurant,Disney Springs,Gold'n Chicken,Kids' Entrées,Lunch; Dinner,"Two (2) deep fried chicken goujons and choice of side - mashed potatoes, mixed greens salad with ranch, Irish chips, or vegetable medley",12.00,disney-springs/raglan-road-irish-pub-and-restaurant
2026-09-05,Raglan Road™ Irish Pub and Restaurant,Disney Springs,Chicken Marvel,Kids' Entrées,Lunch; Dinner,Crispy fried chicken sandwich with skinny chips,12.00,disney-springs/raglan-road-irish-pub-and-restaurant
2026-09-05,Raglan Road™ Irish Pub and Restaurant,Disney Springs,Atlantic Fish,Kids' Entrées,Lunch; Dinner,"Fresh Atlantic fish deep fried in a crispy batter and choice of side - mashed potatoes, mixed greens salad with ranch, Irish chips, or vegetable medley",12.00,disney-springs/raglan-road-irish-pub-and-restaurant
2026-09-05,Raglan Road™ Irish Pub and Restaurant,Disney Springs,Skipper Fish & Chips,Kids' Entrées,Lunch; Dinner,Battered fish sandwich & skinny chips,12.00,disney-springs/raglan-road-irish-pub-and-restaurant
2026-09-05,Raglan Road™ Irish Pub and Restaurant,Disney Springs,Macaroni & Cheese,Kids' Entrées,Lunch; Dinner,"Macaroni pasta with Dubliner cheese and choice of side - mashed potatoes, mixed greens salad with ranch, Irish Chips, or vegetable medley",12.00,disney-springs/raglan-road-irish-pub-and-restaurant
2026-09-05,Raglan Road™ Irish Pub and Restaurant,Disney Springs,Meatball Magic,Kids' Entrées,Lunch; Dinner,"With penne pasta and tomato ragu,parmesan sprinkles",12.00,disney-springs/raglan-road-irish-pub-and-restaurant
2026-09-05,Raglan Road™ Irish Pub and Restaurant,Disney Springs,Oops I Dropped My Ice Cream Cone,Kids' Desserts,Lunch; Dinner,Dropped vanilla ice cream cone with a little surprise,6.00,disney-springs/raglan-road-irish-pub-and-restaurant
2026-09-05,Raglan Road™ Irish Pub and Restaurant,Disney Springs,Brown Beauty,Kids' Desserts,Lunch; Dinner,Chocolate brownie with vanilla ice cream and caramel sauce,6.00,disney-springs/raglan-road-irish-pub-and-restaurant
2026-09-05,Rainforest Cafe® at Disney Springs Marketplace,Disney Springs,Awesome Appetizer Adventure (For Four),Appetizers,Lunch; Dinner,"Chimi-Cha-Chas, Spinach & Artichoke Dip, Cheese Sticks, Chicken Strips. Add a side of St. Louis style Pork Spareribs $11.99",27.79,disney-springs/rainforest-cafe-disney-springs
2026-09-05,Rainforest Cafe® at Disney Springs Marketplace,Disney Springs,Chicken Quesadillas,Appetizers,Lunch; Dinner,"Cajun chicken, cheddar and Monterey Jack cheese, pico de gallo",16.49,disney-springs/rainforest-cafe-disney-springs
2026-09-05,Rainforest Cafe® at Disney Springs Marketplace,Disney Springs,Spinach & Artichoke Dip,Appetizers,Lunch; Dinner,,14.49,disney-springs/rainforest-cafe-disney-springs
2026-09-05,Rainforest Cafe® at Disney Springs Marketplace,Disney Springs,Amazon Bruschetta,Appetizers,Lunch; Dinner,"Herbed focaccia, tomatoes, garlic, basil, mozzarella cheese, balsamic reduction",14.49,disney-springs/rainforest-cafe-disney-springs
2026-09-05,Rainforest Cafe® at Disney Springs Marketplace,Disney Springs,Mozzarella Flatbread with Arugula,Appetizers,Lunch; Dinner,"Marinara sauce and mozzarella cheese topped with arugula, tomato & parmesan salad, balsamic reduction",17.49,disney-springs/rainforest-cafe-disney-springs
2026-09-05,Rainforest Cafe® at Disney Springs Marketplace,Disney Springs,Beef Lava Nachos (For Two),Appetizers,Lunch; Dinner,"Peppers, onions, black bean chili, Monterey Jack cheese, cheddar cheese, Chili Con Queso, green onions, sour cream, pico de gallo, salsa",23.79,disney-springs/rainforest-cafe-disney-springs
2026-09-05,Rainforest Cafe® at Disney Springs Marketplace,Disney Springs,Cheese Sticks,Appetizers,Lunch; Dinner,,14.99,disney-springs/rainforest-cafe-disney-springs
2026-09-05,Rainforest Cafe® at Disney Springs Marketplace,Disney Springs,Korean Spicy Stir-Fry Chicken Lettuce Wraps,Appetizers,Lunch; Dinner,"Hand-battered chicken tossed in Gochujang sauce, Asian slaw, topped with pineapple salsa, served with crisp lettuce cups",19.49,disney-springs/rainforest-cafe-disney-springs
2026-09-05,Rainforest Cafe® at Disney Springs Marketplace,Disney Springs,Soup of the Day,Soups and Salads,Lunch; Dinner,,10.99,disney-springs/rainforest-cafe-disney-springs
2026-09-05,Rainforest Cafe® at Disney Springs Marketplace,Disney Springs,Paradise House Salad,Soups and Salads,Lunch; Dinner,"Mixed Greens, Tomatoes, Carrots, Cucumbers, Croutons, choice of Dressing",10.49,disney-springs/rainforest-cafe-disney-springs
2026-09-05,Rainforest Cafe® at Disney Springs Marketplace,Disney Springs,Volcanic Cobb Salad,Soups and Salads,Lunch; Dinner,"Grilled chicken, blue cheese, black olives, tomatoes, eggs, cucumbers, bacon, green onions, balsamic vinaigrette",25.79,disney-springs/rainforest-cafe-disney-springs
2026-09-05,Rainforest Cafe® at Disney Springs Marketplace,Disney Springs,Big Island Caesar Salad,Soups and Salads,Lunch; Dinner,,20.79,disney-springs/rainforest-cafe-disney-springs
2026-09-05,Rainforest Cafe® at Disney Springs Marketplace,Disney Springs,Big Islander Chicken Caesar Salad,Soups and Salads,Lunch; Dinner,,24.79,disney-springs/rainforest-cafe-disney-springs
2026-09-05,Rainforest Cafe® at Disney Springs Marketplace,Disney Springs,Big Islander Shrimp Caesar Salad,Soups and Salads,Lunch; Dinner,,26.79,disney-springs/rainforest-cafe-disney-springs
2026-09-05,Rainforest Cafe® at Disney Springs Marketplace,Disney Springs,Big Islander Salmon Caesar Salad,Soups and Salads,Lunch; Dinner,,29.79,disney-springs/rainforest-cafe-disney-springs
2026-09-05,Rainforest Cafe® at Disney Springs Marketplace,Disney Springs,Jungle Chopped Salad,Soups and Salads,Lunch; Dinner,"Grilled chicken, black olives, red onions, cucumbers, tomatoes, mozzarella and parmesan cheese, zesty vinaigrette",24.79,disney-springs/rainforest-cafe-disney-springs
2026-09-05,Rainforest Cafe® at Disney Springs Marketplace,Disney Springs,China Island Chicken Salad,Soups and Salads,Lunch; Dinner,"Grilled chicken, mixed greens, Mandarin oranges, sesame seeds, carrots, rice noodles, green onions, wonton strips, China Island dressing",25.79,disney-springs/rainforest-cafe-disney-springs
2026-09-05,Rainforest Cafe® at Disney Springs Marketplace,Disney Springs,Tropical Salmon & Coconut Shrimp* (34.99),Seafood,Lunch; Dinner,"Rum glazed jerk salmon, Caribbean Coconut Shrimp, island rice, seasonal vegetables",34.99,disney-springs/rainforest-cafe-disney-springs
2026-09-05,Rainforest Cafe® at Disney Springs Marketplace,Disney Springs,Shrimp Sampler Platter,Seafood,Lunch; Dinner,"Bourbon BBQ glazed shrimp, Caribbean Coconut Shrimp, Fried Shrimp, Shrimp Scampi, Island rice",31.79,disney-springs/rainforest-cafe-disney-springs
2026-09-05,Rainforest Cafe® at Disney Springs Marketplace,Disney Springs,Blackened Fish Tacos,Seafood,Lunch; Dinner,"Jalapeño ranch, red cabbage, citrus vinaigrette, pico de gallo, black beans, Jasmine rice",23.79,disney-springs/rainforest-cafe-disney-springs
2026-09-05,Rainforest Cafe® at Disney Springs Marketplace,Disney Springs,Fish-n-Chips,Seafood,Lunch; Dinner,"Served English-style, coconut curry tropical slaw, Safari fries",25.79,disney-springs/rainforest-cafe-disney-springs
2026-09-05,Rainforest Cafe® at Disney Springs Marketplace,Disney Springs,Caribbean Coconut Fried Shrimp,Seafood,Lunch; Dinner,"Island rice, seasonal vegetables, coconut curry tropical slaw",28.79,disney-springs/rainforest-cafe-disney-springs
2026-09-05,Rainforest Cafe® at Disney Springs Marketplace,Disney Springs,Taste of the Islands,Seafood,Lunch; Dinner,"Caribbean Coconut Shrimp, mango habanero glazed shrimp, jerk-seasoned tilapia topped with pineapple salsa, island rice, seasonal vegetables",35.99,disney-springs/rainforest-cafe-disney-springs
2026-09-05,Rainforest Cafe® at Disney Springs Marketplace,Disney Springs,Korean Spicy Stir-Fry,Seafood,Lunch; Dinner,"Gochujang sauce, peppers, crispy wontons, green onions, sesame seeds, Jasmine rice",27.79,disney-springs/rainforest-cafe-disney-springs
2026-09-05,Rainforest Cafe® at Disney Springs Marketplace,Disney Springs,Amazon Rainforest Burger*,Sandwiches & Burgers,Lunch; Dinner,"American cheese, lettuce, tomato, onion, pickle | Sub Beyond Burger® patty $3.00.",20.49,disney-springs/rainforest-cafe-disney-springs
2026-09-05,Rainforest Cafe® at Disney Springs Marketplace,Disney Springs,BBQ Bacon Cheeseburger*,Sandwiches & Burgers,Lunch; Dinner,"Smokin’ Mojo BBQ sauce, cheddar cheese, bacon, lettuce, tomato, onion, pickle",23.79,disney-springs/rainforest-cafe-disney-springs
2026-09-05,Rainforest Cafe® at Disney Springs Marketplace,Disney Springs,The Beastly Burger*,Sandwiches & Burgers,Lunch; Dinner,"Two patties, American cheese, lettuce, tomato, onion, pickle",24.79,disney-springs/rainforest-cafe-disney-springs
2026-09-05,Rainforest Cafe® at Disney Springs Marketplace,Disney Springs,Bimini Chicken Sandwich,Sandwiches & Burgers,Lunch; Dinner,"Caribbean fried chicken, hot honey drizzle, topped with coconut curry tropical slaw",21.49,disney-springs/rainforest-cafe-disney-springs
2026-09-05,Rainforest Cafe® at Disney Springs Marketplace,Disney Springs,Turkey Club Panini,Sandwiches & Burgers,Lunch; Dinner,"Roasted turkey, lettuce, tomato, bacon, Swiss cheese, pesto aioli, panini bread",20.99,disney-springs/rainforest-cafe-disney-springs
2026-09-05,Rainforest Cafe® at Disney Springs Marketplace,Disney Springs,Bamba's Beef Dip,Sandwiches & Burgers,Lunch; Dinner,"Slow roasted beef, caramelized onions, sautéed mushrooms, Swiss cheese, horseradish sauce, au jus",22.99,disney-springs/rainforest-cafe-disney-springs
2026-09-05,Rainforest Cafe® at Disney Springs Marketplace,Disney Springs,Blue Mountain Chicken Caprese Sandwich,Sandwiches & Burgers,Lunch; Dinner,"Grilled lemon chicken, arugula, tomatoes, fresh mozzarella cheese, basil, herb aioli, balsamic reduction",23.49,disney-springs/rainforest-cafe-disney-springs
2026-09-05,Rainforest Cafe® at Disney Springs Marketplace,Disney Springs,Mojo Bones,"Beef, Pork & Chicken",Lunch; Dinner,"Half rack of St. Louis style pork spareribs, Smokin’ Mojo BBQ sauce, coconut curry tropical slaw, Safari fries. Add an additional Half Rack of Ribs $16.49",31.79,disney-springs/rainforest-cafe-disney-springs
2026-09-05,Rainforest Cafe® at Disney Springs Marketplace,Disney Springs,Bourbon Grilled Meatloaf,"Beef, Pork & Chicken",Lunch; Dinner,"Bourbon BBQ glazed grilled meatloaf, caramelized onions, mashed potato casserole, seasonal vegetables, crispy onions",32.99,disney-springs/rainforest-cafe-disney-springs
2026-09-05,Rainforest Cafe® at Disney Springs Marketplace,Disney Springs,"Ribs, Steak & Shrimp Trio*","Beef, Pork & Chicken",Lunch; Dinner,"Mojo Bone Ribs, sirloin steak, Caribbean Coconut Shrimp, coconut curry tropical slaw, Safari fries",40.99,disney-springs/rainforest-cafe-disney-springs
2026-09-05,Rainforest Cafe® at Disney Springs Marketplace,Disney Springs,Pot Roast,"Beef, Pork & Chicken",Lunch; Dinner,"Slow roasted pot roast, baby potatoes, roasted carrots, celery and red onions, au jus, crispy onions",30.99,disney-springs/rainforest-cafe-disney-springs
2026-09-05,Rainforest Cafe® at Disney Springs Marketplace,Disney Springs,Treetop Filet*,"Beef, Pork & Chicken",Lunch; Dinner,"8 oz. filet, red wine demi glace, mashed potatoes, seasonal vegetables",51.29,disney-springs/rainforest-cafe-disney-springs
2026-09-05,Rainforest Cafe® at Disney Springs Marketplace,Disney Springs,Bimini Chicken,"Beef, Pork & Chicken",Lunch; Dinner,"Caribbean fried chicken, hot honey sauce, island rice, seasonal vegetables, coconut curry tropical slaw",28.79,disney-springs/rainforest-cafe-disney-springs
2026-09-05,Rainforest Cafe® at Disney Springs Marketplace,Disney Springs,Crispy Bruschetta Chicken,"Beef, Pork & Chicken",Lunch; Dinner,"Panko-parmesan coated chicken breast, mozzarella cheese, bruschetta tomato topping, balsamic reduction, shrimp scampi, pasta alfredo",27.99,disney-springs/rainforest-cafe-disney-springs
2026-09-05,Rainforest Cafe® at Disney Springs Marketplace,Disney Springs,Primal Steak*,"Beef, Pork & Chicken",Lunch; Dinner,"Aged USDA Choice center-cut NY strip steak, char-broiled, red skinned mashed potatoes, seasonal vegetables",46.29,disney-springs/rainforest-cafe-disney-springs
2026-09-05,Rainforest Cafe® at Disney Springs Marketplace,Disney Springs,Jungle Steak and Shrimp*,"Beef, Pork & Chicken",Lunch; Dinner,"Sirloin steak, Shrimp Scampi, Caribbean Coconut Shrimp, seasonal vegetables",38.99,disney-springs/rainforest-cafe-disney-springs
2026-09-05,Rainforest Cafe® at Disney Springs Marketplace,Disney Springs,Anaconda Pasta,Pastas,Lunch; Dinner,"Gluten sensitive pasta, local garden vegetables, mushrooms, basil, parmesan cheese, red pepper flakes, white wine tomato sauce.",22.99,disney-springs/rainforest-cafe-disney-springs
2026-09-05,Rainforest Cafe® at Disney Springs Marketplace,Disney Springs,Anaconda Pasta with Chicken,Pastas,Lunch; Dinner,"Gluten sensitive pasta, local garden vegetables, mushrooms, basil, parmesan cheese, red pepper flakes, white wine tomato sauce",26.99,disney-springs/rainforest-cafe-disney-springs
2026-09-05,Rainforest Cafe® at Disney Springs Marketplace,Disney Springs,Anaconda Pasta with Shrimp,Pastas,Lunch; Dinner,"Gluten sensitive pasta, local garden vegetables, mushrooms, basil, parmesan cheese, red pepper flakes, white wine tomato sauce",28.99,disney-springs/rainforest-cafe-disney-springs
2026-09-05,Rainforest Cafe® at Disney Springs Marketplace,Disney Springs,Creole Mac & Cheese,Pastas,Lunch; Dinner,"Gluten sensitive pasta, local garden vegetables, mushrooms, basil, parmesan cheese, red pepper flakes, white wine tomato sauce",31.99,disney-springs/rainforest-cafe-disney-springs
2026-09-05,Rainforest Cafe® at Disney Springs Marketplace,Disney Springs,Python Pasta,Pastas,Lunch; Dinner,"Grilled chicken breast, Alfredo sauce, tomatoes, green onions, penne pasta, shaved parmesan. Substitute Shrimp add $5.00",25.79,disney-springs/rainforest-cafe-disney-springs
2026-09-05,Rainforest Cafe® at Disney Springs Marketplace,Disney Springs,Jerk Chicken & Shrimp Pasta,Pastas,Lunch; Dinner,"Grilled jerk chicken, shrimp, peppers, red onions, alfredo sauce, cavatappi pasta, parmesan cheese",27.79,disney-springs/rainforest-cafe-disney-springs
2026-09-05,Rainforest Cafe® at Disney Springs Marketplace,Disney Springs,Ancient Grain Bowl,Pastas,Lunch; Dinner,"Ancient grains, roasted vegetables, citrus vinaigrette, pico de gallo",21.99,disney-springs/rainforest-cafe-disney-springs
2026-09-05,Rainforest Cafe® at Disney Springs Marketplace,Disney Springs,Ancient Grain Bowl with Chicken,Pastas,Lunch; Dinner,"Ancient grains, roasted vegetables, citrus vinaigrette, pico de gallo",25.99,disney-springs/rainforest-cafe-disney-springs
2026-09-05,Rainforest Cafe® at Disney Springs Marketplace,Disney Springs,Ancient Grain Bowl with Shrimp,Pastas,Lunch; Dinner,"Ancient grains, roasted vegetables, citrus vinaigrette, pico de gallo",27.99,disney-springs/rainforest-cafe-disney-springs
2026-09-05,Rainforest Cafe® at Disney Springs Marketplace,Disney Springs,Ancient Grain Bowl with Salmon,Pastas,Lunch; Dinner,"Ancient grains, roasted vegetables, citrus vinaigrette, pico de gallo",30.99,disney-springs/rainforest-cafe-disney-springs
2026-09-05,Rainforest Cafe® at Disney Springs Marketplace,Disney Springs,Rasta Pasta,Pastas,Lunch; Dinner,"Italian sausage, ground beef, spinach, basil, mozzarella & parmesan cheese",27.29,disney-springs/rainforest-cafe-disney-springs
2026-09-05,Rainforest Cafe® at Disney Springs Marketplace,Disney Springs,Pastalaya (Spicy),Pastas,Lunch; Dinner,"Shrimp, Sautéed Chicken, Bell Peppers, Onions, Tomatoes, Andouille Sausage, Hot and Spicy Cajun Sauce, Linguini",27.79,disney-springs/rainforest-cafe-disney-springs
2026-09-05,Rainforest Cafe® at Disney Springs Marketplace,Disney Springs,Grilled Shrimp,Add-Ons,Lunch; Dinner,,9.99,disney-springs/rainforest-cafe-disney-springs
2026-09-05,Rainforest Cafe® at Disney Springs Marketplace,Disney Springs,Fried Shrimp,Add-Ons,Lunch; Dinner,,9.99,disney-springs/rainforest-cafe-disney-springs
2026-09-05,Rainforest Cafe® at Disney Springs Marketplace,Disney Springs,Coconut Shrimp,Add-Ons,Lunch; Dinner,,9.99,disney-springs/rainforest-cafe-disney-springs
2026-09-05,Rainforest Cafe® at Disney Springs Marketplace,Disney Springs,Shrimp Scampi,Add-Ons,Lunch; Dinner,,9.99,disney-springs/rainforest-cafe-disney-springs
2026-09-05,Rainforest Cafe® at Disney Springs Marketplace,Disney Springs,St. Louis Style Pork Spareribs,Add-Ons,Lunch; Dinner,,11.99,disney-springs/rainforest-cafe-disney-springs
2026-09-05,Rainforest Cafe® at Disney Springs Marketplace,Disney Springs,Loaded Mashed Potatoes (Shareable),Add-Ons,Lunch; Dinner,,12.99,disney-springs/rainforest-cafe-disney-springs
2026-09-05,Rainforest Cafe® at Disney Springs Marketplace,Disney Springs,Baked Mac & Cheese (Shareable),Add-Ons,Lunch; Dinner,,12.99,disney-springs/rainforest-cafe-disney-springs
2026-09-05,Rainforest Cafe® at Disney Springs Marketplace,Disney Springs,Seasonal Vegetables,Sides,Lunch; Dinner,,5.99,disney-springs/rainforest-cafe-disney-springs
2026-09-05,Rainforest Cafe® at Disney Springs Marketplace,Disney Springs,Island Rice,Sides,Lunch; Dinner,,5.99,disney-springs/rainforest-cafe-disney-springs
2026-09-05,Rainforest Cafe® at Disney Springs Marketplace,Disney Springs,Safari Fries,Sides,Lunch; Dinner,,5.99,disney-springs/rainforest-cafe-disney-springs
2026-09-05,Rainforest Cafe® at Disney Springs Marketplace,Disney Springs,Coconut Curry Tropical Slaw,Sides,Lunch; Dinner,,5.99,disney-springs/rainforest-cafe-disney-springs
2026-09-05,Rainforest Cafe® at Disney Springs Marketplace,Disney Springs,Red Skinned Mashed Potatoes,Sides,Lunch; Dinner,,5.99,disney-springs/rainforest-cafe-disney-springs
2026-09-05,Rainforest Cafe® at Disney Springs Marketplace,Disney Springs,Sparkling Volcano (For Four),Desserts,Lunch; Dinner,"A giant rich chocolate brownie caked stacked up high, served warm with vanilla ice cream, creamy whipped topping, caramel and chocolate sauces",21.49,disney-springs/rainforest-cafe-disney-springs
2026-09-05,Rainforest Cafe® at Disney Springs Marketplace,Disney Springs,Tribal Cheesecake,Desserts,Lunch; Dinner,"New York style cheesecake with creamy whipped topping, raspberry and chocolate sauces",13.99,disney-springs/rainforest-cafe-disney-springs
2026-09-05,Rainforest Cafe® at Disney Springs Marketplace,Disney Springs,Key Lime Pie,Desserts,Lunch; Dinner,"Raspberry sauce, creamy whipped topping",13.99,disney-springs/rainforest-cafe-disney-springs
2026-09-05,Rainforest Cafe® at Disney Springs Marketplace,Disney Springs,Grilled Chicken,Kids' Entrées,Lunch; Dinner,served with choice of side and drink. Add cheese $.99,11.99,disney-springs/rainforest-cafe-disney-springs
2026-09-05,Rainforest Cafe® at Disney Springs Marketplace,Disney Springs,Jurassic Chicken Tidbits™,Kids' Entrées,Lunch; Dinner,Dinosaur-shaped chicken nuggets served with choice of side and drink. Substitute Chicken Tenders for $1.00,11.99,disney-springs/rainforest-cafe-disney-springs
2026-09-05,Rainforest Cafe® at Disney Springs Marketplace,Disney Springs,Rainforest Rascals™,Kids' Entrées,Lunch; Dinner,Char-broiled chicken or mini burgers served with choice of side and drink. Add bacon $.99,11.99,disney-springs/rainforest-cafe-disney-springs
2026-09-05,Rainforest Cafe® at Disney Springs Marketplace,Disney Springs,Fried Shrimp,Kids' Entrées,Lunch; Dinner,served with choice of side and drink,11.99,disney-springs/rainforest-cafe-disney-springs
2026-09-05,Rainforest Cafe® at Disney Springs Marketplace,Disney Springs,Safari Sirloin,Kids' Entrées,Lunch; Dinner,Steak tips served with choice of side and drink,14.99,disney-springs/rainforest-cafe-disney-springs
2026-09-05,Rainforest Cafe® at Disney Springs Marketplace,Disney Springs,Mini Hot Dogs,Kids' Entrées,Lunch; Dinner,served with choice of side and drink,11.99,disney-springs/rainforest-cafe-disney-springs
2026-09-05,Rainforest Cafe® at Disney Springs Marketplace,Disney Springs,Tuki's Ice Cream Sandwich,Kids' Entrées,Lunch; Dinner,"A classic vanilla flavored ice cream sandwich, with chocolate, caramel, Oreo® cookies, and whipped cream",4.99,disney-springs/rainforest-cafe-disney-springs
2026-09-05,Rainforest Cafe® at Disney Springs Marketplace,Disney Springs,Shrimpkens™,Kids' Entrées,Lunch; Dinner,Fried shrimp & Jurassic Chicken Tidbits served with choice of side and drink,11.99,disney-springs/rainforest-cafe-disney-springs
2026-09-05,Rainforest Cafe® at Disney Springs Marketplace,Disney Springs,Chicken Quesadilla,Kids' Entrées,Lunch; Dinner,served with choice of side and drink,11.99,disney-springs/rainforest-cafe-disney-springs
2026-09-05,Rainforest Cafe® at Disney Springs Marketplace,Disney Springs,Macaroni & Cheese,Kids' Entrées,Lunch; Dinner,served with choice of side and drink. Add chicken or beefy Mac $2.49,11.99,disney-springs/rainforest-cafe-disney-springs
2026-09-05,Rainforest Cafe® at Disney Springs Marketplace,Disney Springs,Python Pasta,Kids' Entrées,Lunch; Dinner,"Served with your choice of Alfredo, Butter, or Marinara sauce and choice of side and drink. Add meat sauce, chicken or shrimp $2.49",11.99,disney-springs/rainforest-cafe-disney-springs
2026-09-05,Rainforest Cafe® at Disney Springs Marketplace,Disney Springs,Gorilla Grilled Cheese Delight,Kids' Entrées,Lunch; Dinner,American cheese on Texas Toast served with choice of side and drink. Add turkey or bacon $.99,11.99,disney-springs/rainforest-cafe-disney-springs
2026-09-05,Rainforest Cafe® at Disney Springs Marketplace,Disney Springs,Castaway Kid's Pizza,Kids' Entrées,Lunch; Dinner,"Cheese or pepperoni served with choice of side and drink. Add mushrooms, bacon or chicken .99 each",11.99,disney-springs/rainforest-cafe-disney-springs
2026-09-05,Rainforest Cafe® at Disney Springs Marketplace,Disney Springs,Lava Mud,Kids' Desserts,Lunch; Dinner,Creamy chocolate pudding with crushed Oreo® cookies and gummy worms. Extra gummy worms $.50,4.99,disney-springs/rainforest-cafe-disney-springs
2026-09-05,Rainforest Cafe® at Disney Springs Marketplace,Disney Springs,Tuki's Ice Cream Sandwich,Kids' Desserts,Lunch; Dinner,"A classic vanilla flavored ice cream sandwich, with chocolate, caramel, Oreo® cookies, and whipped cream",4.99,disney-springs/rainforest-cafe-disney-springs
2026-09-05,Rainforest Cafe® at Disney Springs Marketplace,Disney Springs,"Lucien Albrecht Brut, France",Wine,Lunch; Dinner,,55.00,disney-springs/rainforest-cafe-disney-springs
2026-09-05,Rainforest Cafe® at Disney Springs Marketplace,Disney Springs,"J. Vineyards Pinot Gris, California",Wine,Lunch; Dinner,,51.00,disney-springs/rainforest-cafe-disney-springs
2026-09-05,Rainforest Cafe® at Disney Springs Marketplace,Disney Springs,"Jean-Luc Colombo Cape Bleue Rosé, France",Wine,Lunch; Dinner,,47.00,disney-springs/rainforest-cafe-disney-springs
2026-09-05,Rainforest Cafe® at Disney Springs Marketplace,Disney Springs,"Cambria ‘Katherine’s Vineyard’ Chardonnay, Santa Maria Valley",Wine,Lunch; Dinner,,55.00,disney-springs/rainforest-cafe-disney-springs
2026-09-05,Rainforest Cafe® at Disney Springs Marketplace,Disney Springs,"Whitehaven Sauvignon Blanc, Marlborough",Wine,Lunch; Dinner,,55.00,disney-springs/rainforest-cafe-disney-springs
2026-09-05,Rainforest Cafe® at Disney Springs Marketplace,Disney Springs,"A to Z Pinot Noir, Oregon",Wine,Lunch; Dinner,,51.00,disney-springs/rainforest-cafe-disney-springs
2026-09-05,Rainforest Cafe® at Disney Springs Marketplace,Disney Springs,"Rodney Strong Cabernet Sauvignon, Sonoma County",Wine,Lunch; Dinner,,55.00,disney-springs/rainforest-cafe-disney-springs
2026-09-05,Rainforest Cafe® at Disney Springs Marketplace,Disney Springs,"J. Lohr ‘Los Osos’ Merlot, California",Wine,Lunch; Dinner,,47.00,disney-springs/rainforest-cafe-disney-springs
2026-09-05,Rainforest Cafe® at Disney Springs Marketplace,Disney Springs,Fusion Margarita served in a Souvenir Glass,Specialty Cocktails,Lunch; Dinner,"Cazadores Blanco Tequila, Bacardi Pineapple Rum, Midori Melon Liqueur, pineapple juice, sweet and sour",16.00,disney-springs/rainforest-cafe-disney-springs
2026-09-05,Rainforest Cafe® at Disney Springs Marketplace,Disney Springs,Strawberry Mojito served in a Souvenir Glass,Specialty Cocktails,Lunch; Dinner,"Cruzan Strawberry Rum, strawberry purée and sweet and sour muddled with fresh mint and lime, topped with Sprite®",16.00,disney-springs/rainforest-cafe-disney-springs
2026-09-05,Rainforest Cafe® at Disney Springs Marketplace,Disney Springs,Panama Punch served in a Souvenir Glass,Specialty Cocktails,Lunch; Dinner,"Don Q 151 Rum, Myers's Original Dark Rum, peach schnapps, 99 Bananas Liqueur, créme de cassis, orange and pineapple juices",16.00,disney-springs/rainforest-cafe-disney-springs
2026-09-05,Rainforest Cafe® at Disney Springs Marketplace,Disney Springs,Mongoose Mai Tai served in a Souvenir Glass,Specialty Cocktails,Lunch; Dinner,"Don Q Coconut Rum, Myers's Original Dark Rum, DeKuyper Créme de Almond Liqueur, orange and pineapple juices",16.00,disney-springs/rainforest-cafe-disney-springs
2026-09-05,Rainforest Cafe® at Disney Springs Marketplace,Disney Springs,Island Daiquiri served in a Souvenir Glass,Specialty Cocktails,Lunch; Dinner,"Bacardi Superior Rum with choice of strawberry, piña colada, raspberry",16.00,disney-springs/rainforest-cafe-disney-springs
2026-09-05,Rainforest Cafe® at Disney Springs Marketplace,Disney Springs,Cheetah Rita served in a Souvenir Glass,Specialty Cocktails,Lunch; Dinner,"Our premium Margarita with Monte Alban Silver Tequila, Patrón Citrónge Orange Liqueur and fresh lime juice",16.00,disney-springs/rainforest-cafe-disney-springs
2026-09-05,Rainforest Cafe® at Disney Springs Marketplace,Disney Springs,Rainbow Colada served in a Souvenir Glass,Specialty Cocktails,Lunch; Dinner,"Captain Morgan Original Spiced Rum, strawberries, bananas, piña colada mix, pineapple juice",16.00,disney-springs/rainforest-cafe-disney-springs
2026-09-05,Rainforest Cafe® at Disney Springs Marketplace,Disney Springs,Summer Rum Punch served in a Souvenir Glass,Specialty Cocktails,Lunch; Dinner,"Bacardi Superior Rum, pineapple juice, sweet & sour, Fever-Tree Ginger Ale",16.00,disney-springs/rainforest-cafe-disney-springs
2026-09-05,Rainforest Cafe® at Disney Springs Marketplace,Disney Springs,Coronarita,Specialty Cocktails,Lunch; Dinner,"Frozen margarita topped with a Coronita Extra. Choose from Original, Blue or Strawberry. (Not available in souvenir glass)",14.00,disney-springs/rainforest-cafe-disney-springs
2026-09-05,Rainforest Cafe® at Disney Springs Marketplace,Disney Springs,Hurricane,Specialty Cocktails,Lunch; Dinner,"Bacardi Superior Rum, Monin Red Passion Fruit Syrup, Myers’s Original Dark Rum, grenadine, orange juice, sweet & sour (Not available in souvenir glass)",14.00,disney-springs/rainforest-cafe-disney-springs
2026-09-05,The Smokehouse at House of Blues®,Disney Springs,Jambalaya,Entrées,Lunch And Dinner,"Chicken, Andouille Sausage, Onion, Bell Pepper, Celery and Cajun Rice",15.00,disney-springs/smokehouse
2026-09-05,The Smokehouse at House of Blues®,Disney Springs,BBQ Brisket Sandwich,Entrées,Lunch And Dinner,served with House-made slaw and Baked Beans. Get it Gooey $3.,16.00,disney-springs/smokehouse
2026-09-05,The Smokehouse at House of Blues®,Disney Springs,Classic Corn Dog,Entrées,Lunch And Dinner,100% Beef,12.00,disney-springs/smokehouse
2026-09-05,The Smokehouse at House of Blues®,Disney Springs,Smokehouse Nachos,Entrées,Lunch And Dinner,"Tortilla Chips, Cheddar Cheese, Avocado, Corn Salsa, Red Onion and Cotija Cheese. Add Pulled Pork $5 | BBQ Brisket $6",13.00,disney-springs/smokehouse
2026-09-05,The Smokehouse at House of Blues®,Disney Springs,Pulled Pork Sandwich,Entrées,Lunch And Dinner,served with House-made Slaw and Baked Beans,15.00,disney-springs/smokehouse
2026-09-05,The Smokehouse at House of Blues®,Disney Springs,Street Corn Dog,Entrées,Lunch And Dinner,"Chipotle Aioli, Cotija Cheese, Cilantro, Crema, Tajín and 100% Beef",14.00,disney-springs/smokehouse
2026-09-05,The Smokehouse at House of Blues®,Disney Springs,Mac & Cheese,Entrées,Lunch And Dinner,BBQ Brisket $6 | Pulled Pork $5,11.00,disney-springs/smokehouse
2026-09-05,The Smokehouse at House of Blues®,Disney Springs,Smoked Turkey Leg,Entrées,Lunch And Dinner,,14.00,disney-springs/smokehouse
2026-09-05,The Smokehouse at House of Blues®,Disney Springs,BBQ Nacho Corn Dog,Entrées,Lunch And Dinner,"Nacho Cheese, Tortilla Crumble, Pickled Jalapeño, BBQ Sauce, 100% Beef",14.00,disney-springs/smokehouse
2026-09-05,The Smokehouse at House of Blues®,Disney Springs,BBQ Chicken Salad,Entrées,Lunch And Dinner,"Romaine, Cabbage, Black Beans, Corn, Tomato, BBQ Ranch Dressing and crisp Onion",14.00,disney-springs/smokehouse
2026-09-05,The Smokehouse at House of Blues®,Disney Springs,Giant Pretzel,Entrées,Lunch And Dinner,Classic or Chocolate Churro,10.00,disney-springs/smokehouse
2026-09-05,The Smokehouse at House of Blues®,Disney Springs,Jumbo Footlong Hot Dog,Entrées,Lunch And Dinner,100% Beef,12.00,disney-springs/smokehouse
2026-09-05,The Smokehouse at House of Blues®,Disney Springs,Hot Dog,Kids' Meals,Lunch And Dinner,"served with choice of chips, apple sauce and a drink",8.00,disney-springs/smokehouse
2026-09-05,The Smokehouse at House of Blues®,Disney Springs,Chicken Tenders,Kids' Meals,Lunch And Dinner,"served with choice of chips, apple sauce and a drink",8.00,disney-springs/smokehouse
2026-09-05,The Smokehouse at House of Blues®,Disney Springs,Coleslaw,Snacks and Sides,Lunch And Dinner,,4.00,disney-springs/smokehouse
2026-09-05,The Smokehouse at House of Blues®,Disney Springs,Baked Beans,Snacks and Sides,Lunch And Dinner,,4.00,disney-springs/smokehouse
2026-09-05,The Smokehouse at House of Blues®,Disney Springs,Chips,Snacks and Sides,Lunch And Dinner,,3.00,disney-springs/smokehouse
2026-09-05,The Smokehouse at House of Blues®,Disney Springs,Nacho Cheese Sauce,Snacks and Sides,Lunch And Dinner,,2.00,disney-springs/smokehouse
2026-09-05,The Smokehouse at House of Blues®,Disney Springs,Chocolate Churro Sauce,Snacks and Sides,Lunch And Dinner,,2.00,disney-springs/smokehouse
2026-09-05,The Smokehouse at House of Blues®,Disney Springs,Assorted Candy,Sweets,Lunch And Dinner,,3.00,disney-springs/smokehouse
2026-09-05,The Smokehouse at House of Blues®,Disney Springs,Cookies,Sweets,Lunch And Dinner,,3.00,disney-springs/smokehouse
2026-09-05,The Smokehouse at House of Blues®,Disney Springs,Brownie,Sweets,Lunch And Dinner,,3.00,disney-springs/smokehouse
2026-09-05,The Smokehouse at House of Blues®,Disney Springs,Coca-Cola® Fountain Drinks,Beverages,Lunch And Dinner,,5.00,disney-springs/smokehouse
2026-09-05,The Smokehouse at House of Blues®,Disney Springs,DASANI® Bottled Water,Beverages,Lunch And Dinner,,5.00,disney-springs/smokehouse
2026-09-05,The Smokehouse at House of Blues®,Disney Springs,Energy Drink,Beverages,Lunch And Dinner,,6.00,disney-springs/smokehouse
2026-09-05,The Smokehouse at House of Blues®,Disney Springs,Cigar City Jai Alai,Beer,Lunch And Dinner,"Tampa, FL | India Pale Ale | 16oz Can",12.00,disney-springs/smokehouse
2026-09-05,The Smokehouse at House of Blues®,Disney Springs,Crooked Can High Stepper,Beer,Lunch And Dinner,"Winter Garden, FL | American IPA | 16oz Can",12.00,disney-springs/smokehouse
2026-09-05,The Smokehouse at House of Blues®,Disney Springs,Crooked Can Florida Sunshine,Beer,Lunch And Dinner,"Winter Garden, FL | Lager | 16oz Can",12.00,disney-springs/smokehouse
2026-09-05,The Smokehouse at House of Blues®,Disney Springs,Prison Palls Hakuna Matata,Beer,Lunch And Dinner,"Dorla, FL | Tropical IPA | 16oz Can",12.00,disney-springs/smokehouse
2026-09-05,The Smokehouse at House of Blues®,Disney Springs,"Brew Bus You're My Boy, Blue!",Beer,Lunch And Dinner,"Tampa, FL | Blueberry Wheat Ale | 16oz Can",12.00,disney-springs/smokehouse
2026-09-05,The Smokehouse at House of Blues®,Disney Springs,Kona Big Wave,Beer,Lunch And Dinner,"Kailua Kona, HI | Golden Ale | 16oz Can",12.00,disney-springs/smokehouse
2026-09-05,The Smokehouse at House of Blues®,Disney Springs,Blue Moon,Beer,Lunch And Dinner,,8.00,disney-springs/smokehouse
2026-09-05,The Smokehouse at House of Blues®,Disney Springs,Corona Extra,Beer,Lunch And Dinner,,8.00,disney-springs/smokehouse
2026-09-05,The Smokehouse at House of Blues®,Disney Springs,Stella Artois,Beer,Lunch And Dinner,,8.00,disney-springs/smokehouse
2026-09-05,The Smokehouse at House of Blues®,Disney Springs,Modelo Especial,Beer,Lunch And Dinner,,8.00,disney-springs/smokehouse
2026-09-05,The Smokehouse at House of Blues®,Disney Springs,Lagunitas,Beer,Lunch And Dinner,,8.00,disney-springs/smokehouse
2026-09-05,The Smokehouse at House of Blues®,Disney Springs,Bud Light,Beer,Lunch And Dinner,,7.00,disney-springs/smokehouse
2026-09-05,The Smokehouse at House of Blues®,Disney Springs,Miller Lite,Beer,Lunch And Dinner,,7.00,disney-springs/smokehouse
2026-09-05,The Smokehouse at House of Blues®,Disney Springs,Michelob Ultra,Beer,Lunch And Dinner,,7.00,disney-springs/smokehouse
2026-09-05,The Smokehouse at House of Blues®,Disney Springs,Yuengling,Beer,Lunch And Dinner,,7.00,disney-springs/smokehouse
2026-09-05,The Smokehouse at House of Blues®,Disney Springs,Angry Orchard Crisp Apple Hard Cider,Beer,Lunch And Dinner,,8.00,disney-springs/smokehouse
2026-09-05,The Smokehouse at House of Blues®,Disney Springs,White Claw Hard Seltzer,Beer,Lunch And Dinner,,8.00,disney-springs/smokehouse
2026-09-05,The Smokehouse at House of Blues®,Disney Springs,Budweiser Zero Non-Alcoholic,Beer,Lunch And Dinner,,7.00,disney-springs/smokehouse
2026-09-05,The Smokehouse at House of Blues®,Disney Springs,High Noon Seltzer,Beer,Lunch And Dinner,,10.00,disney-springs/smokehouse
2026-09-05,The Smokehouse at House of Blues®,Disney Springs,Strawberry Ginger Lemonade,Cocktails,Lunch And Dinner,"Tito's Handmade Vodka, Lemonade, Ginger and Strawberry",15.00,disney-springs/smokehouse
2026-09-05,The Smokehouse at House of Blues®,Disney Springs,Hurricane,Cocktails,Lunch And Dinner,"Selvarey White Rum, Cointreau, Pineapple and Orange Juices, Grenadine, Passion Fruit and Myers's Dark Rum Floater",15.00,disney-springs/smokehouse
2026-09-05,The Smokehouse at House of Blues®,Disney Springs,Crossroads Cadillac Margarita,Cocktails,Lunch And Dinner,"Teremana Small Batch Blanco Tequila, Triple Sec, Sweet & Sour, topped with Grand Marnier",15.00,disney-springs/smokehouse
2026-09-05,The Smokehouse at House of Blues®,Disney Springs,Memphis Blues Sangria,Cocktails,Lunch And Dinner,"Red Wine, Brandy, Fresh Fruits and Juices",15.00,disney-springs/smokehouse
2026-09-05,The Smokehouse at House of Blues®,Disney Springs,Rock and Rye Old Fashioned,Cocktails,Lunch And Dinner,Hochstadter's Slow & Low Rock and Rye served on the rocks (2.5 oz),15.00,disney-springs/smokehouse
2026-09-05,The Smokehouse at House of Blues®,Disney Springs,Green Gator,Cocktails,Lunch And Dinner,"A Florida Favorite - Siesta Key Toasted Coconut rum, Melon, Simple Syrup and Pineapple Juice",15.00,disney-springs/smokehouse
2026-09-05,The Smokehouse at House of Blues®,Disney Springs,Front Porch Punch,Cocktails,Lunch And Dinner,"Southern Comfort, Peach Schnapps, Blackberry Brandy, Crème de Banana, fresh Orange Juice and Pineapple",15.00,disney-springs/smokehouse
2026-09-05,The Smokehouse at House of Blues®,Disney Springs,Electric Lemonade,Cocktails,Lunch And Dinner,"Absolut Citron, Blue Curacao, Sweet & Sour, topped with Sprite",15.00,disney-springs/smokehouse
2026-09-05,The Smokehouse at House of Blues®,Disney Springs,"Red Blend, Chardonnay or Sparkling Rose",House Wine,Lunch And Dinner,8 oz can,16.00,disney-springs/smokehouse
2026-09-05,Splitsville Dining Room,Disney Springs,Cone of Fries,Appetizers,Lunch; Dinner,"Classic crinkle-cut fries, lightly seasoned and served with chive dip",13.00,disney-springs/splitsville
2026-09-05,Splitsville Dining Room,Disney Springs,Loaded Fries,Appetizers,Lunch; Dinner,"Fries smothered with queso blanco, bacon, ranch, scallions and love. Serves two or more",16.00,disney-springs/splitsville
2026-09-05,Splitsville Dining Room,Disney Springs,Edamame,Appetizers,Lunch; Dinner,Steamed and tossed in kosher salt. Spice it up with chili sauce for $1,10.00,disney-springs/splitsville
2026-09-05,Splitsville Dining Room,Disney Springs,Chicken Tenders,Appetizers,Lunch; Dinner,Hand-battered chicken tenderloins served with ranch for dipping. Ask for them tossed in Buffalo or Asian BBQ sauce for $1.,18.00,disney-springs/splitsville
2026-09-05,Splitsville Dining Room,Disney Springs,Macho Nachos,Appetizers,Lunch; Dinner,"Loaded with seasoned ground beef, shredded cheese, queso, black bean corn salsa, and avocado ranch drizzle. Serves two or more.",20.00,disney-springs/splitsville
2026-09-05,Splitsville Dining Room,Disney Springs,Cheeseburger Sliders*,Appetizers,Lunch; Dinner,"Three slider-style burgers topped with cheese, caramelized onions, our special sauce, lettuce, tomato and pickles. Serves two or more | Make them double for $9",18.00,disney-springs/splitsville
2026-09-05,Splitsville Dining Room,Disney Springs,Buffalo Chicken Eggrolls*,Appetizers,Lunch; Dinner,"Hand-rolled and filled with buffalo chicken, cream cheese, celery, and carrots. Served with scallions and avocado ranch for dipping",18.00,disney-springs/splitsville
2026-09-05,Splitsville Dining Room,Disney Springs,Pan-fried Potstickers,Appetizers,Lunch; Dinner,"Pork potstickers with black vinegar sauce, scallions, and sesame seeds",16.00,disney-springs/splitsville
2026-09-05,Splitsville Dining Room,Disney Springs,Pepperoni,Pizza,Lunch; Dinner,Our house-made cheese pizza loaded with pepperoni,22.00,disney-springs/splitsville
2026-09-05,Splitsville Dining Room,Disney Springs,Margherita,Pizza,Lunch; Dinner,"Mozzarella, Roma tomatoes, fresh basil and tomato sauce.",20.00,disney-springs/splitsville
2026-09-05,Splitsville Dining Room,Disney Springs,Veggie,Pizza,Lunch; Dinner,"Mozzarella, mushrooms, red and yellow peppers, onions and broccoli",21.00,disney-springs/splitsville
2026-09-05,Splitsville Dining Room,Disney Springs,Hawaiian,Pizza,Lunch; Dinner,"House made crust, tangy BBQ sauce and mozzarella cheese topped with Canadian bacon, fresh pineapple and cilantro.",23.00,disney-springs/splitsville
2026-09-05,Splitsville Dining Room,Disney Springs,BBQ Chicken,Pizza,Lunch; Dinner,"Grilled chicken, BBQ sauce, smoked Gouda, mozzarella, cilantro and red onion",22.00,disney-springs/splitsville
2026-09-05,Splitsville Dining Room,Disney Springs,Four Cheese,Pizza,Lunch; Dinner,"NY-Style Thick Crust: Loads of mozzarella, provolone, Pecorino Romano and Parmesan with tomato sauce on our signature thick crust",26.00,disney-springs/splitsville
2026-09-05,Splitsville Dining Room,Disney Springs,Spicy Pepperoni,Pizza,Lunch; Dinner,"NY-Style Thick Crust: Mozzarella, pepperoni, and torn basil, drizzled with Mike's Hot Honey",28.00,disney-springs/splitsville
2026-09-05,Splitsville Dining Room,Disney Springs,Meat Lovers,Pizza,Lunch; Dinner,"NY-Style Thick Crust: Smoked sausage, pepperoni, bacon and Italian meatballs",29.00,disney-springs/splitsville
2026-09-05,Splitsville Dining Room,Disney Springs,California Roll,Sushi,Lunch; Dinner,"Sushi rice, Kani Kama krab, cucumber and avocado",14.00,disney-springs/splitsville
2026-09-05,Splitsville Dining Room,Disney Springs,California Crunch,Sushi,Lunch; Dinner,"Tempura Kani Kama krab, cucumber and avocado, topped with tempura crunch, spicy mayo and kimchee ponzu",15.00,disney-springs/splitsville
2026-09-05,Splitsville Dining Room,Disney Springs,Spicy Tuna*,Sushi,Lunch; Dinner,"Fresh tuna, spicy mayo and cucumber drizzled with sriracha hot chili sauce and sprinkled with scallions",17.00,disney-springs/splitsville
2026-09-05,Splitsville Dining Room,Disney Springs,Volcano Roll,Sushi,Lunch; Dinner,"Tempura shrimp rolled with avocado and cream cheese and topped with spicy krab mix, spicy mayo and sriacha",20.00,disney-springs/splitsville
2026-09-05,Splitsville Dining Room,Disney Springs,Super Tuna*,Sushi,Lunch; Dinner,"Ahi tuna, tempura shrimp, cream cheese topped with seared ahi, avocado, eel sauce, tempura flakes, spicy mayo and sriacha",21.00,disney-springs/splitsville
2026-09-05,Splitsville Dining Room,Disney Springs,Fantasy Roll*,Sushi,Lunch; Dinner,"A sushi dream come true! Fresh salmon, cucumber and avocado are rolled in soy paper and topped with steamed shrimp and ahi tuna. Drizzled with spicy kimchee ponzu sauce",24.00,disney-springs/splitsville
2026-09-05,Splitsville Dining Room,Disney Springs,Ninja Crunch*,Sushi,Lunch; Dinner,"Tempura-fried salmon and Kani Kama krab rolled with fresh salmon and topped with tempura crunch, spicy mayo and eel sauce",20.00,disney-springs/splitsville
2026-09-05,Splitsville Dining Room,Disney Springs,Crouching Dragon,Sushi,Lunch; Dinner,"Tempura shrimp, asparagus and avocado topped with spicy krab mix and drizzled with eel sauce, spicy mayo and sriracha",22.00,disney-springs/splitsville
2026-09-05,Splitsville Dining Room,Disney Springs,Yum Yum Roll,Sushi,Lunch; Dinner,"Tempura shrimp and cream cheese topped with shrimp, avocado, scallions, our signature Yum Yum sauce and a soy reduction",20.00,disney-springs/splitsville
2026-09-05,Splitsville Dining Room,Disney Springs,Cucumber Kani Su*,Sushi,Lunch; Dinner,"No rice, just lean protein and veggies. Spicy tuna, cream cheese and avocado rolled in thinly sliced cucumber and served with lemon ponzu sauce and drizzled with sriracha.",22.00,disney-springs/splitsville
2026-09-05,Splitsville Dining Room,Disney Springs,Fiesta Roll*,Sushi,Lunch; Dinner,"Volcano spicy krab mix, tuna and cream cheese rolled and topped with avocado, masago, Tajin, scallions, cilantro, and our fiesta and eel sauces",24.00,disney-springs/splitsville
2026-09-05,Splitsville Dining Room,Disney Springs,Krab Rangoon Roll,Sushi,Lunch; Dinner,"Kani Kana krab, cream cheese, water chestnuts and scallions are rolled and then tempura fried, served with Thai chili sauce.",22.00,disney-springs/splitsville
2026-09-05,Splitsville Dining Room,Disney Springs,Southern Goddess Salad,Salads,Lunch; Dinner,"Chopped fried chicken tenders, avocado, deviled eggs, cucumber, bacon, shaved red onion, roasted corn, and heirloom tomatoes over butter and romaine lettuce with green goddess dressing and a Stingin’ Honey Garlic drizzle",24.00,disney-springs/splitsville
2026-09-05,Splitsville Dining Room,Disney Springs,Blackened Chicken Caesar,Salads,Lunch; Dinner,"Romaine lettuce tossed in Caesar dressing and topped with blackened chicken, croutons and shaved Parmesan cheese",22.00,disney-springs/splitsville
2026-09-05,Splitsville Dining Room,Disney Springs,Southwest Salad,Salads,Lunch; Dinner,"Seasoned ground beef, black beans, corn pico de gallo, avocado, red peppers, shredded cheese and sour cream over romaine tossed in cilantro lime dressing. Served in a crispy tortilla shell",24.00,disney-springs/splitsville
2026-09-05,Splitsville Dining Room,Disney Springs,Tuna Poke Bowl*,Salads,Lunch; Dinner,"Seared ahi tuna tossed in spicy kimchee ponzu and served over sushi rice with diced avocado, fresh mango and shelled edamame. Topped with seaweed salad, scallions, sesame seeds and our house made spicy mayo.",28.00,disney-springs/splitsville
2026-09-05,Splitsville Dining Room,Disney Springs,Ahi Tuna Salad*,Salads,Lunch; Dinner,"Sushi grade tuna and sliced avocado over mixed greens, tossed in Asian pear dressing with yellow peppers, heirloom grape tomatoes, carrots, cucumbers and tataki sauce on the side.",26.00,disney-springs/splitsville
2026-09-05,Splitsville Dining Room,Disney Springs,Cheeseburger Deluxe*,Handhelds,Lunch; Dinner,"A classic burger with cheese and special, top-secret sauce served with lettuce, tomato, pickle, and onion. Served with fries",21.00,disney-springs/splitsville
2026-09-05,Splitsville Dining Room,Disney Springs,Tokyo Burger*,Handhelds,Lunch; Dinner,"Topped with teriyaki barbecue, American cheese, bacon, crispy onion strings and spicy mayo. Served with lettuce, tomato, and pickle. Served with fries",23.00,disney-springs/splitsville
2026-09-05,Splitsville Dining Room,Disney Springs,Buffalo Chicken,Handhelds,Lunch; Dinner,"Breaded chicken breast spiced up with hot sauce and cooled off with ranch dressing, lettuce and tomato. Served with fries",22.00,disney-springs/splitsville
2026-09-05,Splitsville Dining Room,Disney Springs,Steakhouse Burger*,Handhelds,Lunch; Dinner,"Smothered with melted Swiss and topped with savory sauteed mushrooms, steak sauce and horseradish cream. Served with lettuce, tomato, onion and pickle. Served with fries",23.00,disney-springs/splitsville
2026-09-05,Splitsville Dining Room,Disney Springs,Black Jack Chicken,Handhelds,Lunch; Dinner,"Grilled blackened chicken breast smothered in melted Colby jack cheese served on a bun topped with crispy bacon, guacamole, lettuce, tomato and served with fries",23.00,disney-springs/splitsville
2026-09-05,Splitsville Dining Room,Disney Springs,Maui Chicken Sandwich,Handhelds,Lunch; Dinner,"A hand-breaded, crispy-fried chicken breast, topped with grilled pineapple, teriyaki sauce, Asian slaw, cilantro and spicy mayo on a King’s Hawaiian Sweet Roll. Served with Fries",23.00,disney-springs/splitsville
2026-09-05,Splitsville Dining Room,Disney Springs,Turkey Club Supreme,Handhelds,Lunch; Dinner,"Shaved turkey, chopped lettuce, tomato, Bacon, mayo and cheddar cheese, garnished with a gherkin pickle and grape tomato. Served with fries",22.00,disney-springs/splitsville
2026-09-05,Splitsville Dining Room,Disney Springs,Buzzy's Bacon Burger*,Handhelds,Lunch; Dinner,"Topped with melted cheddar, crispy bacon, ketchup and mayo. Served with lettuce, tomato, onion and pickle. Served with fries",23.00,disney-springs/splitsville
2026-09-05,Splitsville Dining Room,Disney Springs,Chicken Fried Rice,Entrées,Lunch; Dinner,"Pan-roasted chicken, peas, carrots, broccoli, egg, bacon and sushi rice stir-fried in kimchee soy sauce",28.00,disney-springs/splitsville
2026-09-05,Splitsville Dining Room,Disney Springs,Grilled Salmon with Mango Chutney*,Entrées,Lunch; Dinner,Hand-cut salmon is grilled and topped with mango chutney and served with garlic butter broccoli and sushi rice,34.00,disney-springs/splitsville
2026-09-05,Splitsville Dining Room,Disney Springs,Smothered Chicken,Entrées,Lunch; Dinner,Crispy-fried chicken topped with our house made bacon onion gravy. Served with mashed potatoes and garlic butter broccoli.,30.00,disney-springs/splitsville
2026-09-05,Splitsville Dining Room,Disney Springs,Chicken Alfredo,Entrées,Lunch; Dinner,"Blackened chicken, broccoli, red peppers, and basil served over linguine tossed in our creamy alfredo sauce. Toasted garlic bread on the side.",28.00,disney-springs/splitsville
2026-09-05,Splitsville Dining Room,Disney Springs,Sweet n' Spicy Chicken Bowl,Entrées,Lunch; Dinner,"Tempura-battered chicken, broccoli, red and green peppers are tossed in spicy Thai chili sauce and served over sushi rice",28.00,disney-springs/splitsville
2026-09-05,Splitsville Dining Room,Disney Springs,Fish n' Chips,Entrées,Lunch; Dinner,"Hand-battered and golden-fried fish filet served with seasoned French fries, coleslaw and tartar sauce",28.00,disney-springs/splitsville
2026-09-05,Splitsville Dining Room,Disney Springs,Grilled Pork Chop,Entrées,Lunch; Dinner,"A 12-ounce bone-in chop served with pineapple salsa, garlic mashed potatoes, and steamed asparagus",40.00,disney-springs/splitsville
2026-09-05,Splitsville Dining Room,Disney Springs,Cookies & Cream Sundae,Desserts,Lunch; Dinner,"Indulgent cookies and cream ice cream loaded with hot fudge, OREO® cookies, whipped cream and a cherry",10.00,disney-springs/splitsville
2026-09-05,Splitsville Dining Room,Disney Springs,Super Sundae,Desserts,Lunch; Dinner,"Heaping scoops of vanilla and chocolate ice cream are topped with chocolate sauce, caramel sauce, whipped cream, sprinkles and a cherry",9.00,disney-springs/splitsville
2026-09-05,Splitsville Dining Room,Disney Springs,Ghirardelli® Brownie a La Mode,Desserts,Lunch; Dinner,"Ghirardelli® Triple Chocolate Brownie topped with vanilla ice cream, chocolate sauce, whipped cream, sprinkles, and a cherry",9.00,disney-springs/splitsville
2026-09-05,Splitsville Dining Room,Disney Springs,Tableside Root Beer Float,Desserts,Lunch; Dinner,IBC® Root Beer poured over creamy vanilla ice cream and served in a super-sized schooner glass,8.00,disney-springs/splitsville
2026-09-05,Splitsville Dining Room,Disney Springs,Kid Burger,Kids' Meals,Lunch; Dinner,"Juicy small burger served plain on the bun! Choice of Fries, Applesauce, Carrot Sticks or Veggies. Add cheese $1",10.00,disney-springs/splitsville
2026-09-05,Splitsville Dining Room,Disney Springs,Chicken Tenders,Kids' Meals,Lunch; Dinner,"Crispy chicken fingers served with honey mustard dipping sauce. Choice of Fries, Applesauce, Carrot Sticks or Veggies",10.00,disney-springs/splitsville
2026-09-05,Splitsville Dining Room,Disney Springs,Hot Dog,Kids' Meals,Lunch; Dinner,"Hot dog grilled and served in a bun. Choice of Fries, Applesauce, Carrot Sticks or Veggies",10.00,disney-springs/splitsville
2026-09-05,Splitsville Dining Room,Disney Springs,Grilled Cheese Sandwich,Kids' Meals,Lunch; Dinner,"Thick-sliced American cheese melted to perfection on Texas toast. Choice of Fries, Applesauce, Carrot Sticks or Veggies",10.00,disney-springs/splitsville
2026-09-05,Splitsville Dining Room,Disney Springs,Cheese Pizza,Kids' Meals,Lunch; Dinner,"Housemade crust, mozzarella and tomato sauce. Add pepperoni 1.00",10.00,disney-springs/splitsville
2026-09-05,Splitsville Dining Room,Disney Springs,Mac n' Cheese,Kids' Meals,Lunch; Dinner,"Elbow macaroni noodles in creamy, ooey-gooey cheese sauce",10.00,disney-springs/splitsville
2026-09-05,Splitsville Dining Room,Disney Springs,Coca-Cola Soft Drinks,Kids' Drinks,Lunch; Dinner,,3.00,disney-springs/splitsville
2026-09-05,Splitsville Dining Room,Disney Springs,Milk or Chocolate Milk,Kids' Drinks,Lunch; Dinner,,3.00,disney-springs/splitsville
2026-09-05,Splitsville Dining Room,Disney Springs,Juice Box,Kids' Drinks,Lunch; Dinner,Apple Juice or Orange Juice,3.00,disney-springs/splitsville
2026-09-05,Splitsville Dining Room,Disney Springs,Coca-Cola Soft Drinks,Beverages,Lunch; Dinner,,4.00,disney-springs/splitsville
2026-09-05,Splitsville Dining Room,Disney Springs,Bottled Water,Beverages,Lunch; Dinner,,4.00,disney-springs/splitsville
2026-09-05,Splitsville Dining Room,Disney Springs,Red Bull,Beverages,Lunch; Dinner,,5.00,disney-springs/splitsville
2026-09-05,Splitsville Dining Room,Disney Springs,Piña Colada,Frozen Drinks,Lunch; Dinner,"DOLE Pineapple, Coco Lopez, Rumhaven Coconut and Marti Plata Rum blended and topped with a splash of Papa’s Pilar Dark Rum. The world's creamiest colada.",16.00,disney-springs/splitsville
2026-09-05,Splitsville Dining Room,Disney Springs,Big Kahuna,Frozen Drinks,Lunch; Dinner,Piña Colada and Big Wave Dave “swirled” with a floater of Don Q Reserva 7 Rum.,16.00,disney-springs/splitsville
2026-09-05,Splitsville Dining Room,Disney Springs,Orange Crush,Frozen Drinks,Lunch; Dinner,"A Florida original! Vodka, 153 Grain and orange",16.00,disney-springs/splitsville
2026-09-05,Splitsville Dining Room,Disney Springs,Swampwater,Frozen Drinks,Lunch; Dinner,A frozen swirl of Orange Crush and Big Wave Dave,16.00,disney-springs/splitsville
2026-09-05,Splitsville Dining Room,Disney Springs,Rumrunner,Frozen Drinks,Lunch; Dinner,"This Florida Keys original combines 151 Rum, blackberry brandy, Crème de Banana, pineapple and lime.",16.00,disney-springs/splitsville
2026-09-05,Splitsville Dining Room,Disney Springs,Big Wave Dave,Frozen Drinks,Lunch; Dinner,"Wheatley Vodka, grain alcohol and blue raspberry. It will get you where you want to go.",16.00,disney-springs/splitsville
2026-09-05,Splitsville Dining Room,Disney Springs,Beach Bum,Frozen Drinks,Lunch; Dinner,A mixture of all four of our frozen drinks. Experts only.,16.00,disney-springs/splitsville
2026-09-05,Splitsville Dining Room,Disney Springs,Miami Vice,Frozen Drinks,Lunch; Dinner,"If a Piña Colada and a Rumrunner had a baby, this would be it",16.00,disney-springs/splitsville
2026-09-05,Splitsville Dining Room,Disney Springs,Margarita,Frozen Drinks,Lunch; Dinner,"Jose Cuervo Silver, triple sec and fresh lime juice served frozen with a salt rim. Add fresh pureed strawberry, mango, watermelon or passionfruit: +$1",16.00,disney-springs/splitsville
2026-09-05,Splitsville Dining Room,Disney Springs,Dreamsicle,Frozen Drinks,Lunch; Dinner,An adults-only version of the classic frozen treat. Our signature Piña Colada swirled with Orange Crush,16.00,disney-springs/splitsville
2026-09-05,Splitsville Dining Room,Disney Springs,Bamboo Flight,Frozen Drinks,Lunch; Dinner,"We take you around the world with these vacation classics, Blue Lagoon, Tiki Punch and Piña Colada",23.00,disney-springs/splitsville
2026-09-05,Splitsville Dining Room,Disney Springs,Frozen Flight,Frozen Drinks,Lunch; Dinner,"A sampling of our famous frozen drinks, Piña Colada, Strawberry Margarita, Rum Runner and Big Wave Dave.",28.00,disney-springs/splitsville
2026-09-05,Splitsville Dining Room,Disney Springs,Florida Screwdriver,Resort Classics,Lunch; Dinner,"Tito’s Handmade Vodka, fresh-squeezed orange juice and muddled strawberries",16.00,disney-springs/splitsville
2026-09-05,Splitsville Dining Room,Disney Springs,Guava Lemonade,Resort Classics,Lunch; Dinner,"Stoli Vodka, guava, fresh-squeezed lemon, simple syrup and a splash of soda water.",16.00,disney-springs/splitsville
2026-09-05,Splitsville Dining Room,Disney Springs,Tiki Punch,Resort Classics,Lunch; Dinner,"Bacardi Reserva Ocho Rum, Bacardi Dragonberry, Don Q 151 Rum and fruit juices. This tropical combination of rums deserves your attention.",16.00,disney-springs/splitsville
2026-09-05,Splitsville Dining Room,Disney Springs,Tropical Long Island,Resort Classics,Lunch; Dinner,"A spirited combination of gin, vodka, coconut rum, triple sec, simple syrup and fresh lime and pineapple juices.",16.00,disney-springs/splitsville
2026-09-05,Splitsville Dining Room,Disney Springs,Blue Lagoon,Resort Classics,Lunch; Dinner,"Jose Cuervo Silver Tequila, Blue Curaçao, fresh lime, pineapple and agave. The perfect blend of tropical and tart.",16.00,disney-springs/splitsville
2026-09-05,Splitsville Dining Room,Disney Springs,Spicy Watermelon,Resort Classics,Lunch; Dinner,"Jalapeno-infused Dobel Diamante tequila and Ancho Reyes Chile Liqueur find balance with fresh watermelon, lime and agave.",16.00,disney-springs/splitsville
2026-09-05,Splitsville Dining Room,Disney Springs,Pain Killer,Resort Classics,Lunch; Dinner,"Pusser’s Gunpowder Proof Rum, Siesta Key Coconut Rum, pineapple, OJ, coconut and sprinkle of nutmeg. It will cure whatever ails you.",16.00,disney-springs/splitsville
2026-09-05,Splitsville Dining Room,Disney Springs,Bahama Mama,Resort Classics,Lunch; Dinner,"Diplomatico Reserva Exclusiva Rum, RumHaven Coconut and Kahlua mixed with pineapple and grenadine.",16.00,disney-springs/splitsville
2026-09-05,Splitsville Dining Room,Disney Springs,Key Lime Martini,Crafty Cocktails,Lunch; Dinner,"Tito’s Handmade Vodka, Licor 43, fresh lime, simple syrup and splash of heavy cream. With a crushed graham cracker rim and lime wheel it’s like Key West in a glass.",16.00,disney-springs/splitsville
2026-09-05,Splitsville Dining Room,Disney Springs,Mai Tai,Crafty Cocktails,Lunch; Dinner,"Appleton’s 8-Year, Orange Curacao, orgeat, lime, simple syrup and a floater of Trader Vic’s Dark Rum. A nod to one of the most famous cocktails in the world.",17.00,disney-springs/splitsville
2026-09-05,Splitsville Dining Room,Disney Springs,Michters Mule,Crafty Cocktails,Lunch; Dinner,"Michter’s Bourbon, wildflower honey, ginger beer and squeeze of lemon. Served with a gingersnap cookie.",18.00,disney-springs/splitsville
2026-09-05,Splitsville Dining Room,Disney Springs,1915 Old Fashioned,Crafty Cocktails,Lunch; Dinner,Old Forester 1920 and 1910 are blended with Italicus Liqueur and Bittercube Bolivar Bitters. The bourbon lover’s old fashioned.,18.00,disney-springs/splitsville
2026-09-05,Splitsville Dining Room,Disney Springs,Espresso Martini,Crafty Cocktails,Lunch; Dinner,"Stoli Vanilla Vodka, coffee liqueur, Trader Vic’s Macadamia Nut Liqueur, espresso and simple syrup. Served with a lady finger for the perfect post-dinner pick-me-up",16.00,disney-springs/splitsville
2026-09-05,Splitsville Dining Room,Disney Springs,Bees Knees,Crafty Cocktails,Lunch; Dinner,"Ford’s Gin, wildflower honey, squeeze of lemon, and splash of soda water. Garnished with a mini honey dipper and a candy bee.",16.00,disney-springs/splitsville
2026-09-05,Splitsville Dining Room,Disney Springs,Dirty Tito's,Crafty Cocktails,Lunch; Dinner,"The best kind of dirty. Ice-cold Tito’s Handmade Vodka, dash of vermouth and splash of olive juice with bleu cheese-stuffed olives",16.00,disney-springs/splitsville
2026-09-05,Splitsville Dining Room,Disney Springs,The Perfect Margarita,Crafty Cocktails,Lunch; Dinner,"Clean and organic! Crafted with Jose Cuervo Familia Reserva Platino, 100% agave nectar, Cointreau and fresh lime, shaken and served on the rocks.",18.00,disney-springs/splitsville
2026-09-05,Splitsville Dining Room,Disney Springs,Blue Moon Draft,Draft Beer,Lunch; Dinner,,9.75,disney-springs/splitsville
2026-09-05,Splitsville Dining Room,Disney Springs,Coors Light Draft,Draft Beer,Lunch; Dinner,,9.25,disney-springs/splitsville
2026-09-05,Splitsville Dining Room,Disney Springs,Miller Lite Draft,Draft Beer,Lunch; Dinner,,9.25,disney-springs/splitsville
2026-09-05,Splitsville Dining Room,Disney Springs,Modelo Especial,Draft Beer,Lunch; Dinner,,9.75,disney-springs/splitsville
2026-09-05,Splitsville Dining Room,Disney Springs,Orange Blossom City Beautiful IPA,Draft Beer,Lunch; Dinner,,9.75,disney-springs/splitsville
2026-09-05,Splitsville Dining Room,Disney Springs,Orange Blossom Pilsner,Draft Beer,Lunch; Dinner,,9.25,disney-springs/splitsville
2026-09-05,Splitsville Dining Room,Disney Springs,Sam Adams Seasonal Draft,Draft Beer,Lunch; Dinner,,9.75,disney-springs/splitsville
2026-09-05,Splitsville Dining Room,Disney Springs,Sierra Nevada Hazy Little Thing IPA,Draft Beer,Lunch; Dinner,,9.75,disney-springs/splitsville
2026-09-05,Splitsville Dining Room,Disney Springs,Stella Artois Draft,Draft Beer,Lunch; Dinner,,10.00,disney-springs/splitsville
2026-09-05,Splitsville Dining Room,Disney Springs,Yuengling Draft,Draft Beer,Lunch; Dinner,,9.25,disney-springs/splitsville
2026-09-05,Splitsville Dining Room,Disney Springs,Angry Orchard Hard Cider,Bottles & Cans,Lunch; Dinner,,9.00,disney-springs/splitsville
2026-09-05,Splitsville Dining Room,Disney Springs,Bud Light Bottle,Bottles & Cans,Lunch; Dinner,,8.00,disney-springs/splitsville
2026-09-05,Splitsville Dining Room,Disney Springs,Cigar City Jai Alai IPA,Bottles & Cans,Lunch; Dinner,,9.00,disney-springs/splitsville
2026-09-05,Splitsville Dining Room,Disney Springs,Corona Bottle,Bottles & Cans,Lunch; Dinner,,9.00,disney-springs/splitsville
2026-09-05,Splitsville Dining Room,Disney Springs,Elysian Space Dust IPA,Bottles & Cans,Lunch; Dinner,,9.00,disney-springs/splitsville
2026-09-05,Splitsville Dining Room,Disney Springs,Guinness Draught Bottle,Bottles & Cans,Lunch; Dinner,,9.00,disney-springs/splitsville
2026-09-05,Splitsville Dining Room,Disney Springs,Heineken Bottle,Bottles & Cans,Lunch; Dinner,,9.00,disney-springs/splitsville
2026-09-05,Splitsville Dining Room,Disney Springs,Kona Big Wave Golden Ale Bottle,Bottles & Cans,Lunch; Dinner,,9.00,disney-springs/splitsville
2026-09-05,Splitsville Dining Room,Disney Springs,Michelob Amber Bock Bottle,Bottles & Cans,Lunch; Dinner,,9.00,disney-springs/splitsville
2026-09-05,Splitsville Dining Room,Disney Springs,Michelob Ultra Bottle,Bottles & Cans,Lunch; Dinner,,9.00,disney-springs/splitsville
2026-09-05,Splitsville Dining Room,Disney Springs,Miller High Life (16 oz can),Bottles & Cans,Lunch; Dinner,,9.00,disney-springs/splitsville
2026-09-05,Splitsville Dining Room,Disney Springs,High Noon Hard Seltzers,Bottles & Cans,Lunch; Dinner,,10.00,disney-springs/splitsville
2026-09-05,Splitsville Dining Room,Disney Springs,Surfside Canned Cocktails,Bottles & Cans,Lunch; Dinner,,10.00,disney-springs/splitsville
2026-09-05,Splitsville Dining Room,Disney Springs,Jose Cuervo Sparkling Cocktails,Bottles & Cans,Lunch; Dinner,,10.00,disney-springs/splitsville
2026-09-05,Splitsville Dining Room,Disney Springs,Red Bull,Bottles & Cans,Lunch; Dinner,,5.50,disney-springs/splitsville
2026-09-05,Splitsville Dining Room,Disney Springs,"Orin Swift, Red Blend",Red Wines,Lunch; Dinner,,76.00,disney-springs/splitsville
2026-09-05,Splitsville Dining Room,Disney Springs,"Decoy, Pinot Noir",Red Wines,Lunch; Dinner,,56.00,disney-springs/splitsville
2026-09-05,Splitsville Dining Room,Disney Springs,"Raeburn, Pinot Noir",Red Wines,Lunch; Dinner,,64.00,disney-springs/splitsville
2026-09-05,Splitsville Dining Room,Disney Springs,"Louis Martini Sonoma, Cabernet",Red Wines,Lunch; Dinner,,60.00,disney-springs/splitsville
2026-09-05,Splitsville Dining Room,Disney Springs,"Daou, Cabernet",Red Wines,Lunch; Dinner,,60.00,disney-springs/splitsville
2026-09-05,Splitsville Dining Room,Disney Springs,"Sonoma-Cutrer, Chardonnay",White Wines,Lunch; Dinner,,60.00,disney-springs/splitsville
2026-09-05,Splitsville Dining Room,Disney Springs,"William Hill, Chardonnay",White Wines,Lunch; Dinner,,48.00,disney-springs/splitsville
2026-09-05,Splitsville Dining Room,Disney Springs,"Honig, Sauvignon Blanc",White Wines,Lunch; Dinner,,68.00,disney-springs/splitsville
2026-09-05,Splitsville Dining Room,Disney Springs,"Maso Canali, Pinot Grigio",White Wines,Lunch; Dinner,,52.00,disney-springs/splitsville
2026-09-05,Splitsville Dining Room,Disney Springs,"Santa Margherita, Pinot Grigio",White Wines,Lunch; Dinner,,76.00,disney-springs/splitsville
2026-09-05,Splitsville Dining Room,Disney Springs,"La Perlina, Moscato",Blush & Bubbly ,Lunch; Dinner,,48.00,disney-springs/splitsville
2026-09-05,Splitsville Dining Room,Disney Springs,"Daou, Rose",Blush & Bubbly ,Lunch; Dinner,,52.00,disney-springs/splitsville
2026-09-05,Splitsville Dining Room,Disney Springs,"La Marca, Prosecco",Blush & Bubbly ,Lunch; Dinner,,52.00,disney-springs/splitsville
2026-09-05,STARBUCKS® at Disney Springs Marketplace,Disney Springs,Caramel Protein Matcha Latte - Grande,Seasonal Offerings,Snack,,6.95,disney-springs/starbucks-at-marketplace
2026-09-05,STARBUCKS® at Disney Springs Marketplace,Disney Springs,Pistachio Crème Cold Brew - Grande,Seasonal Offerings,Snack,,5.75,disney-springs/starbucks-at-marketplace
2026-09-05,STARBUCKS® at Disney Springs Marketplace,Disney Springs,Iced Dubai Chocolate Matcha - Grande,Seasonal Offerings,Snack,,6.75,disney-springs/starbucks-at-marketplace
2026-09-05,STARBUCKS® at Disney Springs Marketplace,Disney Springs,Iced Ube Coconut Macchiato - Grande,Seasonal Offerings,Snack,,6.95,disney-springs/starbucks-at-marketplace
2026-09-05,STARBUCKS® at Disney Springs Marketplace,Disney Springs,Iced Lavender Cream Matcha - Grande,Seasonal Offerings,Snack,,6.75,disney-springs/starbucks-at-marketplace
2026-09-05,STARBUCKS® at Disney Springs Marketplace,Disney Springs,Iced Lavender Cream Chai - Grande,Seasonal Offerings,Snack,,6.75,disney-springs/starbucks-at-marketplace
2026-09-05,STARBUCKS® at Disney Springs Marketplace,Disney Springs,Dragon Drink Energy Refresher - Grande,Seasonal Offerings,Snack,,6.65,disney-springs/starbucks-at-marketplace
2026-09-05,STARBUCKS® at Disney Springs Marketplace,Disney Springs,Mango Strawberry Lemonade Energy Refresher - Grande,Seasonal Offerings,Snack,,6.65,disney-springs/starbucks-at-marketplace
2026-09-05,STARBUCKS® at Disney Springs Marketplace,Disney Springs,Blended Pink Energy Drink - Grande,Seasonal Offerings,Snack,,6.65,disney-springs/starbucks-at-marketplace
2026-09-05,STARBUCKS® at Disney Springs Marketplace,Disney Springs,Vanilla Sweet Cream Cold Brew - Tall,Espresso & Coffee,Snack,,4.25,disney-springs/starbucks-at-marketplace
2026-09-05,STARBUCKS® at Disney Springs Marketplace,Disney Springs,Vanilla Sweet Cream Cold Brew - Grande,Espresso & Coffee,Snack,,4.75,disney-springs/starbucks-at-marketplace
2026-09-05,STARBUCKS® at Disney Springs Marketplace,Disney Springs,Vanilla Sweet Cream Cold Brew - Venti,Espresso & Coffee,Snack,,4.95,disney-springs/starbucks-at-marketplace
2026-09-05,STARBUCKS® at Disney Springs Marketplace,Disney Springs,Salted Cream Cold Foam Cold Brew,Espresso & Coffee,Snack,,4.25,disney-springs/starbucks-at-marketplace
2026-09-05,STARBUCKS® at Disney Springs Marketplace,Disney Springs,Salted Cream Cold Foam Cold Brew - Grande,Espresso & Coffee,Snack,,4.75,disney-springs/starbucks-at-marketplace
2026-09-05,STARBUCKS® at Disney Springs Marketplace,Disney Springs,Salted Cream Cold Foam Cold Brew - Venti,Espresso & Coffee,Snack,,4.95,disney-springs/starbucks-at-marketplace
2026-09-05,STARBUCKS® at Disney Springs Marketplace,Disney Springs,Caffè Americano - Tall,Espresso & Coffee,Snack,,3.45,disney-springs/starbucks-at-marketplace
2026-09-05,STARBUCKS® at Disney Springs Marketplace,Disney Springs,Caffè Americano - Grande,Espresso & Coffee,Snack,,3.75,disney-springs/starbucks-at-marketplace
2026-09-05,STARBUCKS® at Disney Springs Marketplace,Disney Springs,Caffè Americano - Venti,Espresso & Coffee,Snack,,3.95,disney-springs/starbucks-at-marketplace
2026-09-05,STARBUCKS® at Disney Springs Marketplace,Disney Springs,Cappuccino - Tall,Espresso & Coffee,Snack,,4.25,disney-springs/starbucks-at-marketplace
2026-09-05,STARBUCKS® at Disney Springs Marketplace,Disney Springs,Cappuccino - Grande,Espresso & Coffee,Snack,,4.65,disney-springs/starbucks-at-marketplace
2026-09-05,STARBUCKS® at Disney Springs Marketplace,Disney Springs,Cappuccino - Venti,Espresso & Coffee,Snack,,4.95,disney-springs/starbucks-at-marketplace
2026-09-05,STARBUCKS® at Disney Springs Marketplace,Disney Springs,Starbucks Doubleshot on Ice - Tall,Espresso & Coffee,Snack,,3.45,disney-springs/starbucks-at-marketplace
2026-09-05,STARBUCKS® at Disney Springs Marketplace,Disney Springs,Starbucks Doubleshot on Ice - Grande,Espresso & Coffee,Snack,,3.95,disney-springs/starbucks-at-marketplace
2026-09-05,STARBUCKS® at Disney Springs Marketplace,Disney Springs,Starbucks Doubleshot on Ice - Venti,Espresso & Coffee,Snack,,4.75,disney-springs/starbucks-at-marketplace
2026-09-05,STARBUCKS® at Disney Springs Marketplace,Disney Springs,Espresso - Solo,Espresso & Coffee,Snack,,2.45,disney-springs/starbucks-at-marketplace
2026-09-05,STARBUCKS® at Disney Springs Marketplace,Disney Springs,Espresso Con Panna,Espresso & Coffee,Snack,,2.55,disney-springs/starbucks-at-marketplace
2026-09-05,STARBUCKS® at Disney Springs Marketplace,Disney Springs,Flat White - Tall,Espresso & Coffee,Snack,,4.95,disney-springs/starbucks-at-marketplace
2026-09-05,STARBUCKS® at Disney Springs Marketplace,Disney Springs,Flat White - Grande,Espresso & Coffee,Snack,,5.45,disney-springs/starbucks-at-marketplace
2026-09-05,STARBUCKS® at Disney Springs Marketplace,Disney Springs,Flat White - Venti,Espresso & Coffee,Snack,,5.75,disney-springs/starbucks-at-marketplace
2026-09-05,STARBUCKS® at Disney Springs Marketplace,Disney Springs,Caffè Latte - Tall,Espresso & Coffee,Snack,,4.25,disney-springs/starbucks-at-marketplace
2026-09-05,STARBUCKS® at Disney Springs Marketplace,Disney Springs,Caffè Latte - Grande,Espresso & Coffee,Snack,,4.65,disney-springs/starbucks-at-marketplace
2026-09-05,STARBUCKS® at Disney Springs Marketplace,Disney Springs,Caffè Latte - Venti,Espresso & Coffee,Snack,,4.95,disney-springs/starbucks-at-marketplace
2026-09-05,STARBUCKS® at Disney Springs Marketplace,Disney Springs,Freshly Brewed Coffee - Tall,Espresso & Coffee,Snack,Regular or Decaf,2.45,disney-springs/starbucks-at-marketplace
2026-09-05,STARBUCKS® at Disney Springs Marketplace,Disney Springs,Freshly Brewed Coffee - Grande,Espresso & Coffee,Snack,Regular or Decaf,2.85,disney-springs/starbucks-at-marketplace
2026-09-05,STARBUCKS® at Disney Springs Marketplace,Disney Springs,Freshly Brewed Coffee - Venti,Espresso & Coffee,Snack,Regular or Decaf,3.25,disney-springs/starbucks-at-marketplace
2026-09-05,STARBUCKS® at Disney Springs Marketplace,Disney Springs,Caffè Misto - Tall,Espresso & Coffee,Snack,,3.15,disney-springs/starbucks-at-marketplace
2026-09-05,STARBUCKS® at Disney Springs Marketplace,Disney Springs,Caffè Misto - Grande,Espresso & Coffee,Snack,,3.55,disney-springs/starbucks-at-marketplace
2026-09-05,STARBUCKS® at Disney Springs Marketplace,Disney Springs,Caffè Misto - Venti,Espresso & Coffee,Snack,,3.95,disney-springs/starbucks-at-marketplace
2026-09-05,STARBUCKS® at Disney Springs Marketplace,Disney Springs,Iced Coffee - Tall,Espresso & Coffee,Snack,,3.25,disney-springs/starbucks-at-marketplace
2026-09-05,STARBUCKS® at Disney Springs Marketplace,Disney Springs,Iced Green Tea - Grande,Espresso & Coffee,Snack,,3.25,disney-springs/starbucks-at-marketplace
2026-09-05,STARBUCKS® at Disney Springs Marketplace,Disney Springs,Iced Coffee - Venti,Espresso & Coffee,Snack,,3.95,disney-springs/starbucks-at-marketplace
2026-09-05,STARBUCKS® at Disney Springs Marketplace,Disney Springs,Starbucks Cold Brew - Tall,Espresso & Coffee,Snack,,3.65,disney-springs/starbucks-at-marketplace
2026-09-05,STARBUCKS® at Disney Springs Marketplace,Disney Springs,Starbucks Cold Brew - Grande,Espresso & Coffee,Snack,,4.25,disney-springs/starbucks-at-marketplace
2026-09-05,STARBUCKS® at Disney Springs Marketplace,Disney Springs,Starbucks Cold Brew- Venti,Espresso & Coffee,Snack,,4.74,disney-springs/starbucks-at-marketplace
2026-09-05,STARBUCKS® at Disney Springs Marketplace,Disney Springs,Nitro Cold Brew - Tall,Espresso & Coffee,Snack,,4.75,disney-springs/starbucks-at-marketplace
2026-09-05,STARBUCKS® at Disney Springs Marketplace,Disney Springs,Nitro Cold Brew - Grande,Espresso & Coffee,Snack,,5.25,disney-springs/starbucks-at-marketplace
2026-09-05,STARBUCKS® at Disney Springs Marketplace,Disney Springs,Cinnamon Dolce Latte - Tall,Espresso & Coffee,Snack,,4.95,disney-springs/starbucks-at-marketplace
2026-09-05,STARBUCKS® at Disney Springs Marketplace,Disney Springs,Cinnamon Dolce Latte - Grande,Espresso & Coffee,Snack,,5.45,disney-springs/starbucks-at-marketplace
2026-09-05,STARBUCKS® at Disney Springs Marketplace,Disney Springs,Chai Tea Latte - Venti,Espresso & Coffee,Snack,,5.75,disney-springs/starbucks-at-marketplace
2026-09-05,STARBUCKS® at Disney Springs Marketplace,Disney Springs,Skinny Cinnamon Dolce Latte - Tall,Espresso & Coffee,Snack,,4.95,disney-springs/starbucks-at-marketplace
2026-09-05,STARBUCKS® at Disney Springs Marketplace,Disney Springs,Skinny Cinnamon Dolce Latte - Grande,Espresso & Coffee,Snack,,5.45,disney-springs/starbucks-at-marketplace
2026-09-05,STARBUCKS® at Disney Springs Marketplace,Disney Springs,Skinny Cinnamon Dolce Latte - Venti,Espresso & Coffee,Snack,,5.75,disney-springs/starbucks-at-marketplace
2026-09-05,STARBUCKS® at Disney Springs Marketplace,Disney Springs,Caramel Macchiato - Tall,Espresso & Coffee,Snack,,4.95,disney-springs/starbucks-at-marketplace
2026-09-05,STARBUCKS® at Disney Springs Marketplace,Disney Springs,Caramel Macchiato - Grande,Espresso & Coffee,Snack,,5.45,disney-springs/starbucks-at-marketplace
2026-09-05,STARBUCKS® at Disney Springs Marketplace,Disney Springs,Caramel Macchiato - Venti,Espresso & Coffee,Snack,,5.75,disney-springs/starbucks-at-marketplace
2026-09-05,STARBUCKS® at Disney Springs Marketplace,Disney Springs,Caramel Cloud Macchiato - Tall,Espresso & Coffee,Snack,,5.25,disney-springs/starbucks-at-marketplace
2026-09-05,STARBUCKS® at Disney Springs Marketplace,Disney Springs,Caramel Cloud Macchiato - Grande,Espresso & Coffee,Snack,,5.65,disney-springs/starbucks-at-marketplace
2026-09-05,STARBUCKS® at Disney Springs Marketplace,Disney Springs,Caramel Cloud Macchiato - Venti,Espresso & Coffee,Snack,,5.95,disney-springs/starbucks-at-marketplace
2026-09-05,STARBUCKS® at Disney Springs Marketplace,Disney Springs,Espresso Macchiato,Espresso & Coffee,Snack,,2.55,disney-springs/starbucks-at-marketplace
2026-09-05,STARBUCKS® at Disney Springs Marketplace,Disney Springs,Caffe Mocha - Tall,Espresso & Coffee,Snack,,4.75,disney-springs/starbucks-at-marketplace
2026-09-05,STARBUCKS® at Disney Springs Marketplace,Disney Springs,Caffe Mocha - Grande,Espresso & Coffee,Snack,,5.15,disney-springs/starbucks-at-marketplace
2026-09-05,STARBUCKS® at Disney Springs Marketplace,Disney Springs,Caffe Mocha - Venti,Espresso & Coffee,Snack,,5.45,disney-springs/starbucks-at-marketplace
2026-09-05,STARBUCKS® at Disney Springs Marketplace,Disney Springs,White Chocolate Mocha - Tall,Espresso & Coffee,Snack,,4.95,disney-springs/starbucks-at-marketplace
2026-09-05,STARBUCKS® at Disney Springs Marketplace,Disney Springs,White Chocolate Mocha - Grande,Espresso & Coffee,Snack,,5.45,disney-springs/starbucks-at-marketplace
2026-09-05,STARBUCKS® at Disney Springs Marketplace,Disney Springs,White Chocolate Mocha - Venti,Espresso & Coffee,Snack,,5.75,disney-springs/starbucks-at-marketplace
2026-09-05,STARBUCKS® at Disney Springs Marketplace,Disney Springs,Pumpkin Spice Latte - Grande,Espresso & Coffee,Snack,,6.75,disney-springs/starbucks-at-marketplace
2026-09-05,STARBUCKS® at Disney Springs Marketplace,Disney Springs,Pecan Crunch Oatmilk Latte - Grande,Espresso & Coffee,Snack,,6.75,disney-springs/starbucks-at-marketplace
2026-09-05,STARBUCKS® at Disney Springs Marketplace,Disney Springs,Pumpkin Cream Cold Brew - Grande,Espresso & Coffee,Snack,,5.95,disney-springs/starbucks-at-marketplace
2026-09-05,STARBUCKS® at Disney Springs Marketplace,Disney Springs,Caramel Frappuccino® - Tall,Classic Beverages,Snack,,5.25,disney-springs/starbucks-at-marketplace
2026-09-05,STARBUCKS® at Disney Springs Marketplace,Disney Springs,Caramel Frappuccino® - Grande,Classic Beverages,Snack,,5.75,disney-springs/starbucks-at-marketplace
2026-09-05,STARBUCKS® at Disney Springs Marketplace,Disney Springs,Caramel Frappuccino® - Venti,Classic Beverages,Snack,,5.95,disney-springs/starbucks-at-marketplace
2026-09-05,STARBUCKS® at Disney Springs Marketplace,Disney Springs,Caffè Vanilla Frappuccino® - Tall,Classic Beverages,Snack,,5.25,disney-springs/starbucks-at-marketplace
2026-09-05,STARBUCKS® at Disney Springs Marketplace,Disney Springs,Caffè Vanilla Frappuccino® - Grande,Classic Beverages,Snack,,5.75,disney-springs/starbucks-at-marketplace
2026-09-05,STARBUCKS® at Disney Springs Marketplace,Disney Springs,Caffè Vanilla Frappuccino® - Venti,Classic Beverages,Snack,,5.95,disney-springs/starbucks-at-marketplace
2026-09-05,STARBUCKS® at Disney Springs Marketplace,Disney Springs,Coffee Frappuccino® - Tall,Classic Beverages,Snack,,4.95,disney-springs/starbucks-at-marketplace
2026-09-05,STARBUCKS® at Disney Springs Marketplace,Disney Springs,Coffee Frappuccino® - Grande,Classic Beverages,Snack,,5.45,disney-springs/starbucks-at-marketplace
2026-09-05,STARBUCKS® at Disney Springs Marketplace,Disney Springs,Coffee Frappuccino® - Venti,Classic Beverages,Snack,,5.75,disney-springs/starbucks-at-marketplace
2026-09-05,STARBUCKS® at Disney Springs Marketplace,Disney Springs,Espresso Frappuccino® - Tall,Classic Beverages,Snack,,5.85,disney-springs/starbucks-at-marketplace
2026-09-05,STARBUCKS® at Disney Springs Marketplace,Disney Springs,Espresso Frappuccino® - Grande,Classic Beverages,Snack,,6.35,disney-springs/starbucks-at-marketplace
2026-09-05,STARBUCKS® at Disney Springs Marketplace,Disney Springs,Espresso Frappuccino® - Venti,Classic Beverages,Snack,,6.65,disney-springs/starbucks-at-marketplace
2026-09-05,STARBUCKS® at Disney Springs Marketplace,Disney Springs,Java Chip Frappuccino® - Tall,Classic Beverages,Snack,,5.25,disney-springs/starbucks-at-marketplace
2026-09-05,STARBUCKS® at Disney Springs Marketplace,Disney Springs,Java Chip Frappuccino® - Grande,Classic Beverages,Snack,,5.75,disney-springs/starbucks-at-marketplace
2026-09-05,STARBUCKS® at Disney Springs Marketplace,Disney Springs,Java Chip Frappuccino® - Venti,Classic Beverages,Snack,,5.95,disney-springs/starbucks-at-marketplace
2026-09-05,STARBUCKS® at Disney Springs Marketplace,Disney Springs,Mocha Frappuccino® - Tall,Classic Beverages,Snack,,5.25,disney-springs/starbucks-at-marketplace
2026-09-05,STARBUCKS® at Disney Springs Marketplace,Disney Springs,Mocha Frappuccino® - Grande,Classic Beverages,Snack,,5.75,disney-springs/starbucks-at-marketplace
2026-09-05,STARBUCKS® at Disney Springs Marketplace,Disney Springs,Mocha Frappuccino® - Venti,Classic Beverages,Snack,,5.95,disney-springs/starbucks-at-marketplace
2026-09-05,STARBUCKS® at Disney Springs Marketplace,Disney Springs,White Chocolate Mocha Frappuccino® - Tall,Classic Beverages,Snack,,5.25,disney-springs/starbucks-at-marketplace
2026-09-05,STARBUCKS® at Disney Springs Marketplace,Disney Springs,White Chocolate Mocha Frappuccino® - Grande,Classic Beverages,Snack,,5.75,disney-springs/starbucks-at-marketplace
2026-09-05,STARBUCKS® at Disney Springs Marketplace,Disney Springs,White Chocolate Mocha Frappuccino® - Venti,Classic Beverages,Snack,,5.95,disney-springs/starbucks-at-marketplace
2026-09-05,STARBUCKS® at Disney Springs Marketplace,Disney Springs,Strawberry Frappuccino® - Tall,Classic Beverages,Snack,,5.25,disney-springs/starbucks-at-marketplace
2026-09-05,STARBUCKS® at Disney Springs Marketplace,Disney Springs,Strawberry Frappuccino® - Grande,Classic Beverages,Snack,,5.75,disney-springs/starbucks-at-marketplace
2026-09-05,STARBUCKS® at Disney Springs Marketplace,Disney Springs,Strawberry Frappuccino® - Venti,Classic Beverages,Snack,,5.95,disney-springs/starbucks-at-marketplace
2026-09-05,STARBUCKS® at Disney Springs Marketplace,Disney Springs,Chai Crème Frappuccino® - Tall,Classic Beverages,Snack,,5.25,disney-springs/starbucks-at-marketplace
2026-09-05,STARBUCKS® at Disney Springs Marketplace,Disney Springs,Chai Crème Frappuccino® - Grande,Classic Beverages,Snack,,5.75,disney-springs/starbucks-at-marketplace
2026-09-05,STARBUCKS® at Disney Springs Marketplace,Disney Springs,Chai Crème Frappuccino® - Venti,Classic Beverages,Snack,,5.95,disney-springs/starbucks-at-marketplace
2026-09-05,STARBUCKS® at Disney Springs Marketplace,Disney Springs,Double Chocolaty Chip Crème Frappuccino® - Tall,Classic Beverages,Snack,,5.25,disney-springs/starbucks-at-marketplace
2026-09-05,STARBUCKS® at Disney Springs Marketplace,Disney Springs,Double Chocolaty Chip Crème Frappuccino® - Grande,Classic Beverages,Snack,,5.75,disney-springs/starbucks-at-marketplace
2026-09-05,STARBUCKS® at Disney Springs Marketplace,Disney Springs,Double Chocolaty Chip Crème Frappuccino® - Venti,Classic Beverages,Snack,,5.95,disney-springs/starbucks-at-marketplace
2026-09-05,STARBUCKS® at Disney Springs Marketplace,Disney Springs,Matcha Green Tea Crème Frappuccino® - Tall,Classic Beverages,Snack,,5.25,disney-springs/starbucks-at-marketplace
2026-09-05,STARBUCKS® at Disney Springs Marketplace,Disney Springs,Matcha Green Tea Crème Frappuccino® - Grande,Classic Beverages,Snack,,5.45,disney-springs/starbucks-at-marketplace
2026-09-05,STARBUCKS® at Disney Springs Marketplace,Disney Springs,Matcha Green Tea Crème Frappuccino® - Venti,Classic Beverages,Snack,,5.75,disney-springs/starbucks-at-marketplace
2026-09-05,STARBUCKS® at Disney Springs Marketplace,Disney Springs,Vanilla Bean Crème Frappuccino® - Tall,Classic Beverages,Snack,,4.95,disney-springs/starbucks-at-marketplace
2026-09-05,STARBUCKS® at Disney Springs Marketplace,Disney Springs,Vanilla Bean Crème Frappuccino® - Grande,Classic Beverages,Snack,,5.45,disney-springs/starbucks-at-marketplace
2026-09-05,STARBUCKS® at Disney Springs Marketplace,Disney Springs,Vanilla Bean Crème Frappuccino® - Venti,Classic Beverages,Snack,,5.75,disney-springs/starbucks-at-marketplace
2026-09-05,STARBUCKS® at Disney Springs Marketplace,Disney Springs,White Chocolate Crème Frappuccino® - Tall,Classic Beverages,Snack,,5.25,disney-springs/starbucks-at-marketplace
2026-09-05,STARBUCKS® at Disney Springs Marketplace,Disney Springs,White Chocolate Crème Frappuccino® - Grande,Classic Beverages,Snack,,5.75,disney-springs/starbucks-at-marketplace
2026-09-05,STARBUCKS® at Disney Springs Marketplace,Disney Springs,White Chocolate Crème Frappuccino® - Venti,Classic Beverages,Snack,,5.95,disney-springs/starbucks-at-marketplace
2026-09-05,STARBUCKS® at Disney Springs Marketplace,Disney Springs,Chai Tea Latte - Tall,Teas & Refreshers,Snack,,4.45,disney-springs/starbucks-at-marketplace
2026-09-05,STARBUCKS® at Disney Springs Marketplace,Disney Springs,Chai Tea Latte - Grande,Teas & Refreshers,Snack,,4.95,disney-springs/starbucks-at-marketplace
2026-09-05,STARBUCKS® at Disney Springs Marketplace,Disney Springs,Chai Tea Latte - Venti,Teas & Refreshers,Snack,,5.25,disney-springs/starbucks-at-marketplace
2026-09-05,STARBUCKS® at Disney Springs Marketplace,Disney Springs,Matcha Green Tea Latte - Tall,Teas & Refreshers,Snack,,4.45,disney-springs/starbucks-at-marketplace
2026-09-05,STARBUCKS® at Disney Springs Marketplace,Disney Springs,Matcha Green Tea Latte - Grande,Teas & Refreshers,Snack,,4.95,disney-springs/starbucks-at-marketplace
2026-09-05,STARBUCKS® at Disney Springs Marketplace,Disney Springs,Matcha Green Tea Latte - Venti,Teas & Refreshers,Snack,,5.25,disney-springs/starbucks-at-marketplace
2026-09-05,STARBUCKS® at Disney Springs Marketplace,Disney Springs,Iced Black Tea - Tall,Teas & Refreshers,Snack,,2.75,disney-springs/starbucks-at-marketplace
2026-09-05,STARBUCKS® at Disney Springs Marketplace,Disney Springs,Iced Black Tea - Grande,Teas & Refreshers,Snack,,3.25,disney-springs/starbucks-at-marketplace
2026-09-05,STARBUCKS® at Disney Springs Marketplace,Disney Springs,Iced Black Tea - Venti,Teas & Refreshers,Snack,,3.65,disney-springs/starbucks-at-marketplace
2026-09-05,STARBUCKS® at Disney Springs Marketplace,Disney Springs,Iced Black Tea Lemonade - Tall,Teas & Refreshers,Snack,,3.95,disney-springs/starbucks-at-marketplace
2026-09-05,STARBUCKS® at Disney Springs Marketplace,Disney Springs,Iced Black Tea Lemonade - Grande,Teas & Refreshers,Snack,,4.65,disney-springs/starbucks-at-marketplace
2026-09-05,STARBUCKS® at Disney Springs Marketplace,Disney Springs,Iced Black Tea Lemonade- Venti,Teas & Refreshers,Snack,,4.95,disney-springs/starbucks-at-marketplace
2026-09-05,STARBUCKS® at Disney Springs Marketplace,Disney Springs,Iced Blueberry Black Tea - Tall,Teas & Refreshers,Snack,,3.95,disney-springs/starbucks-at-marketplace
2026-09-05,STARBUCKS® at Disney Springs Marketplace,Disney Springs,Iced Blueberry Black Tea - Grande,Teas & Refreshers,Snack,,4.45,disney-springs/starbucks-at-marketplace
2026-09-05,STARBUCKS® at Disney Springs Marketplace,Disney Springs,Iced Blueberry Black Tea - Venti,Teas & Refreshers,Snack,,4.75,disney-springs/starbucks-at-marketplace
2026-09-05,STARBUCKS® at Disney Springs Marketplace,Disney Springs,Iced Blueberry Black Tea Lemonade - Tall,Teas & Refreshers,Snack,,4.45,disney-springs/starbucks-at-marketplace
2026-09-05,STARBUCKS® at Disney Springs Marketplace,Disney Springs,Iced Blueberry Black Tea Lemonade- Grande,Teas & Refreshers,Snack,,4.75,disney-springs/starbucks-at-marketplace
2026-09-05,STARBUCKS® at Disney Springs Marketplace,Disney Springs,Iced Blueberry Black Tea Lemonade - Venti,Teas & Refreshers,Snack,,5.25,disney-springs/starbucks-at-marketplace
2026-09-05,STARBUCKS® at Disney Springs Marketplace,Disney Springs,Iced Green Tea - Tall,Teas & Refreshers,Snack,,2.75,disney-springs/starbucks-at-marketplace
2026-09-05,STARBUCKS® at Disney Springs Marketplace,Disney Springs,Iced Green Tea - Grande,Teas & Refreshers,Snack,,3.25,disney-springs/starbucks-at-marketplace
2026-09-05,STARBUCKS® at Disney Springs Marketplace,Disney Springs,Iced Green Tea - Venti,Teas & Refreshers,Snack,,3.65,disney-springs/starbucks-at-marketplace
2026-09-05,STARBUCKS® at Disney Springs Marketplace,Disney Springs,Iced Green Tea Lemonade- Tall,Teas & Refreshers,Snack,,3.95,disney-springs/starbucks-at-marketplace
2026-09-05,STARBUCKS® at Disney Springs Marketplace,Disney Springs,Iced Green Tea Lemonade- Grande,Teas & Refreshers,Snack,,4.65,disney-springs/starbucks-at-marketplace
2026-09-05,STARBUCKS® at Disney Springs Marketplace,Disney Springs,Iced Green Tea Lemonade- Venti,Teas & Refreshers,Snack,,4.95,disney-springs/starbucks-at-marketplace
2026-09-05,STARBUCKS® at Disney Springs Marketplace,Disney Springs,Iced Peach Green Tea - Tall,Teas & Refreshers,Snack,,3.95,disney-springs/starbucks-at-marketplace
2026-09-05,STARBUCKS® at Disney Springs Marketplace,Disney Springs,Iced Peach Green Tea - Grande,Teas & Refreshers,Snack,,4.65,disney-springs/starbucks-at-marketplace
2026-09-05,STARBUCKS® at Disney Springs Marketplace,Disney Springs,Iced Peach Green Tea - Venti,Teas & Refreshers,Snack,,4.75,disney-springs/starbucks-at-marketplace
2026-09-05,STARBUCKS® at Disney Springs Marketplace,Disney Springs,Iced Peach Green Tea Lemonade - Tall,Teas & Refreshers,Snack,,4.45,disney-springs/starbucks-at-marketplace
2026-09-05,STARBUCKS® at Disney Springs Marketplace,Disney Springs,Iced Peach Green Tea Lemonade - Grande,Teas & Refreshers,Snack,,4.75,disney-springs/starbucks-at-marketplace
2026-09-05,STARBUCKS® at Disney Springs Marketplace,Disney Springs,Iced Peach Green Tea Lemonade - Venti,Teas & Refreshers,Snack,,5.25,disney-springs/starbucks-at-marketplace
2026-09-05,STARBUCKS® at Disney Springs Marketplace,Disney Springs,Iced Passion Tango Tea - Tall,Teas & Refreshers,Snack,,2.75,disney-springs/starbucks-at-marketplace
2026-09-05,STARBUCKS® at Disney Springs Marketplace,Disney Springs,Iced Passion Tango Tea - Grande,Teas & Refreshers,Snack,,3.25,disney-springs/starbucks-at-marketplace
2026-09-05,STARBUCKS® at Disney Springs Marketplace,Disney Springs,Iced Passion Tango Tea - Venti,Teas & Refreshers,Snack,,3.65,disney-springs/starbucks-at-marketplace
2026-09-05,STARBUCKS® at Disney Springs Marketplace,Disney Springs,Iced Passion Tango Tea Lemonade - Tall,Teas & Refreshers,Snack,,3.95,disney-springs/starbucks-at-marketplace
2026-09-05,STARBUCKS® at Disney Springs Marketplace,Disney Springs,Iced Passion Tango Tea Lemonade - Grande,Teas & Refreshers,Snack,,4.65,disney-springs/starbucks-at-marketplace
2026-09-05,STARBUCKS® at Disney Springs Marketplace,Disney Springs,Iced Passion Tango Tea Lemonade - Venti,Teas & Refreshers,Snack,,4.95,disney-springs/starbucks-at-marketplace
2026-09-05,STARBUCKS® at Disney Springs Marketplace,Disney Springs,Iced White Tea - Tall,Teas & Refreshers,Snack,,2.75,disney-springs/starbucks-at-marketplace
2026-09-05,STARBUCKS® at Disney Springs Marketplace,Disney Springs,Iced White Tea - Grande,Teas & Refreshers,Snack,,3.25,disney-springs/starbucks-at-marketplace
2026-09-05,STARBUCKS® at Disney Springs Marketplace,Disney Springs,Iced White Tea - Venti,Teas & Refreshers,Snack,,3.65,disney-springs/starbucks-at-marketplace
2026-09-05,STARBUCKS® at Disney Springs Marketplace,Disney Springs,Iced White Tea Lemonade - Tall,Teas & Refreshers,Snack,,3.95,disney-springs/starbucks-at-marketplace
2026-09-05,STARBUCKS® at Disney Springs Marketplace,Disney Springs,Iced White Tea Lemonade - Grande,Teas & Refreshers,Snack,,4.65,disney-springs/starbucks-at-marketplace
2026-09-05,STARBUCKS® at Disney Springs Marketplace,Disney Springs,Iced White Tea Lemonade - Venti,Teas & Refreshers,Snack,,4.95,disney-springs/starbucks-at-marketplace
2026-09-05,STARBUCKS® at Disney Springs Marketplace,Disney Springs,Iced Guava White Tea - Tall,Teas & Refreshers,Snack,,3.95,disney-springs/starbucks-at-marketplace
2026-09-05,STARBUCKS® at Disney Springs Marketplace,Disney Springs,Iced Guava White Tea - Grande,Teas & Refreshers,Snack,,4.45,disney-springs/starbucks-at-marketplace
2026-09-05,STARBUCKS® at Disney Springs Marketplace,Disney Springs,Iced Guava White Tea - Venti,Teas & Refreshers,Snack,,4.75,disney-springs/starbucks-at-marketplace
2026-09-05,STARBUCKS® at Disney Springs Marketplace,Disney Springs,Iced Guava White Tea Lemonade - Tall,Teas & Refreshers,Snack,,4.45,disney-springs/starbucks-at-marketplace
2026-09-05,STARBUCKS® at Disney Springs Marketplace,Disney Springs,Iced Guava White Tea Lemonade - Grande,Teas & Refreshers,Snack,,4.75,disney-springs/starbucks-at-marketplace
2026-09-05,STARBUCKS® at Disney Springs Marketplace,Disney Springs,Iced Guava White Tea Lemonade- Venti,Teas & Refreshers,Snack,,5.25,disney-springs/starbucks-at-marketplace
2026-09-05,STARBUCKS® at Disney Springs Marketplace,Disney Springs,Mango Dragonfruit Starbucks Refresher - Tall,Teas & Refreshers,Snack,,4.25,disney-springs/starbucks-at-marketplace
2026-09-05,STARBUCKS® at Disney Springs Marketplace,Disney Springs,Mango Dragonfruit Starbucks Refresher - Grande,Teas & Refreshers,Snack,,4.75,disney-springs/starbucks-at-marketplace
2026-09-05,STARBUCKS® at Disney Springs Marketplace,Disney Springs,Mango Dragonfruit Starbucks Refresher - Venti,Teas & Refreshers,Snack,,5.25,disney-springs/starbucks-at-marketplace
2026-09-05,STARBUCKS® at Disney Springs Marketplace,Disney Springs,Mango Dragonfruit Lemonade Starbucks Refresher - Tall,Teas & Refreshers,Snack,,4.75,disney-springs/starbucks-at-marketplace
2026-09-05,STARBUCKS® at Disney Springs Marketplace,Disney Springs,Mango Dragonfruit Lemonade Starbucks Refresher - Grande,Teas & Refreshers,Snack,,5.25,disney-springs/starbucks-at-marketplace
2026-09-05,STARBUCKS® at Disney Springs Marketplace,Disney Springs,Mango Dragonfruit Lemonade Starbucks Refresher - Venti,Teas & Refreshers,Snack,,5.75,disney-springs/starbucks-at-marketplace
2026-09-05,STARBUCKS® at Disney Springs Marketplace,Disney Springs,Dragon Drink - Tall,Teas & Refreshers,Snack,,4.85,disney-springs/starbucks-at-marketplace
2026-09-05,STARBUCKS® at Disney Springs Marketplace,Disney Springs,Dragon Drink - Grande,Teas & Refreshers,Snack,,5.35,disney-springs/starbucks-at-marketplace
2026-09-05,STARBUCKS® at Disney Springs Marketplace,Disney Springs,Dragon Drink - Venti,Teas & Refreshers,Snack,,5.85,disney-springs/starbucks-at-marketplace
2026-09-05,STARBUCKS® at Disney Springs Marketplace,Disney Springs,Strawberry Acai Refreshers™ - Tall,Teas & Refreshers,Snack,,4.25,disney-springs/starbucks-at-marketplace
2026-09-05,STARBUCKS® at Disney Springs Marketplace,Disney Springs,Strawberry Acai Refreshers™ - Venti,Teas & Refreshers,Snack,,5.25,disney-springs/starbucks-at-marketplace
2026-09-05,STARBUCKS® at Disney Springs Marketplace,Disney Springs,Strawberry Acai Lemonade Starbucks Refreshers™ - Tall,Teas & Refreshers,Snack,,4.75,disney-springs/starbucks-at-marketplace
2026-09-05,STARBUCKS® at Disney Springs Marketplace,Disney Springs,Strawberry Acai Lemonade Starbucks Refreshers™ - Grande,Teas & Refreshers,Snack,,5.25,disney-springs/starbucks-at-marketplace
2026-09-05,STARBUCKS® at Disney Springs Marketplace,Disney Springs,Strawberry Acai Lemonade Starbucks Refreshers™ - Venti,Teas & Refreshers,Snack,,5.75,disney-springs/starbucks-at-marketplace
2026-09-05,STARBUCKS® at Disney Springs Marketplace,Disney Springs,Pink Drink - Tall,Teas & Refreshers,Snack,,4.85,disney-springs/starbucks-at-marketplace
2026-09-05,STARBUCKS® at Disney Springs Marketplace,Disney Springs,Pink Drink - Grande,Teas & Refreshers,Snack,,5.35,disney-springs/starbucks-at-marketplace
2026-09-05,STARBUCKS® at Disney Springs Marketplace,Disney Springs,Pink Drink - Venti,Teas & Refreshers,Snack,,5.85,disney-springs/starbucks-at-marketplace
2026-09-05,STARBUCKS® at Disney Springs Marketplace,Disney Springs,Very Berry Hibiscus Refreshers™ - Tall,Teas & Refreshers,Snack,,4.25,disney-springs/starbucks-at-marketplace
2026-09-05,STARBUCKS® at Disney Springs Marketplace,Disney Springs,Very Berry Hibiscus Refreshers™ - Grande,Teas & Refreshers,Snack,,4.75,disney-springs/starbucks-at-marketplace
2026-09-05,STARBUCKS® at Disney Springs Marketplace,Disney Springs,Very Berry Hibiscus Refreshers™ - Venti,Teas & Refreshers,Snack,,5.25,disney-springs/starbucks-at-marketplace
2026-09-05,STARBUCKS® at Disney Springs Marketplace,Disney Springs,Very Berry Hibiscus Lemonade Refreshers™ - Tall,Teas & Refreshers,Snack,,4.75,disney-springs/starbucks-at-marketplace
2026-09-05,STARBUCKS® at Disney Springs Marketplace,Disney Springs,Very Berry Hibiscus Lemonade Refreshers™ - Grande,Teas & Refreshers,Snack,,5.25,disney-springs/starbucks-at-marketplace
2026-09-05,STARBUCKS® at Disney Springs Marketplace,Disney Springs,Very Berry Hibiscus Lemonade Refreshers™ - Venti,Teas & Refreshers,Snack,,5.75,disney-springs/starbucks-at-marketplace
2026-09-05,STARBUCKS® at Disney Springs Marketplace,Disney Springs,Violet Drink - Tall,Teas & Refreshers,Snack,,4.85,disney-springs/starbucks-at-marketplace
2026-09-05,STARBUCKS® at Disney Springs Marketplace,Disney Springs,Violet Drink - Grande (5.35),Teas & Refreshers,Snack,,5.35,disney-springs/starbucks-at-marketplace
2026-09-05,STARBUCKS® at Disney Springs Marketplace,Disney Springs,Violet Drink - Venti,Teas & Refreshers,Snack,,5.85,disney-springs/starbucks-at-marketplace
2026-09-05,STARBUCKS® at Disney Springs Marketplace,Disney Springs,Iced Banana Bread Matcha Tea Latte - Grande,Teas & Refreshers,Snack,,6.95,disney-springs/starbucks-at-marketplace
2026-09-05,STARBUCKS® at Disney Springs Marketplace,Disney Springs,Iced Pumpkin Cream Chai Tea Latte - Grande,Teas & Refreshers,Snack,,6.75,disney-springs/starbucks-at-marketplace
2026-09-05,STARBUCKS® at Disney Springs Marketplace,Disney Springs,Plain Bagel,Pastries & Treats,Snack,,2.25,disney-springs/starbucks-at-marketplace
2026-09-05,STARBUCKS® at Disney Springs Marketplace,Disney Springs,Everything Bagel,Pastries & Treats,Snack,,2.25,disney-springs/starbucks-at-marketplace
2026-09-05,STARBUCKS® at Disney Springs Marketplace,Disney Springs,Sprout Grain Bagel,Pastries & Treats,Snack,,2.25,disney-springs/starbucks-at-marketplace
2026-09-05,STARBUCKS® at Disney Springs Marketplace,Disney Springs,Almond Croissant,Pastries & Treats,Snack,,3.45,disney-springs/starbucks-at-marketplace
2026-09-05,STARBUCKS® at Disney Springs Marketplace,Disney Springs,Butter Croissant,Pastries & Treats,Snack,,2.95,disney-springs/starbucks-at-marketplace
2026-09-05,STARBUCKS® at Disney Springs Marketplace,Disney Springs,Cheese Danish,Pastries & Treats,Snack,,2.95,disney-springs/starbucks-at-marketplace
2026-09-05,STARBUCKS® at Disney Springs Marketplace,Disney Springs,Chocolate Croissant,Pastries & Treats,Snack,,2.95,disney-springs/starbucks-at-marketplace
2026-09-05,STARBUCKS® at Disney Springs Marketplace,Disney Springs,Ham & Cheese Croissant,Pastries & Treats,Snack,,3.95,disney-springs/starbucks-at-marketplace
2026-09-05,STARBUCKS® at Disney Springs Marketplace,Disney Springs,Old-fashioned Glazed Doughnut,Pastries & Treats,Snack,,2.25,disney-springs/starbucks-at-marketplace
2026-09-05,STARBUCKS® at Disney Springs Marketplace,Disney Springs,Morning Bun,Pastries & Treats,Snack,,2.95,disney-springs/starbucks-at-marketplace
2026-09-05,STARBUCKS® at Disney Springs Marketplace,Disney Springs,Blueberry Muffin,Pastries & Treats,Snack,,2.95,disney-springs/starbucks-at-marketplace
2026-09-05,STARBUCKS® at Disney Springs Marketplace,Disney Springs,Blueberry Scone,Pastries & Treats,Snack,,2.95,disney-springs/starbucks-at-marketplace
2026-09-05,STARBUCKS® at Disney Springs Marketplace,Disney Springs,Pumpkin Bread,Pastries & Treats,Snack,,2.95,disney-springs/starbucks-at-marketplace
2026-09-05,STARBUCKS® at Disney Springs Marketplace,Disney Springs,Banana Nut Bread,Pastries & Treats,Snack,,2.95,disney-springs/starbucks-at-marketplace
2026-09-05,STARBUCKS® at Disney Springs Marketplace,Disney Springs,Lemon Bread,Pastries & Treats,Snack,,2.95,disney-springs/starbucks-at-marketplace
2026-09-05,STARBUCKS® at Disney Springs Marketplace,Disney Springs,Classic Coffee Cake,Pastries & Treats,Snack,,2.95,disney-springs/starbucks-at-marketplace
2026-09-05,STARBUCKS® at Disney Springs Marketplace,Disney Springs,Birthday Cake Pop,Pastries & Treats,Snack,,2.25,disney-springs/starbucks-at-marketplace
2026-09-05,STARBUCKS® at Disney Springs Marketplace,Disney Springs,Chocolate Chip Cookie Dough Cake Pop,Pastries & Treats,Snack,,2.25,disney-springs/starbucks-at-marketplace
2026-09-05,STARBUCKS® at Disney Springs Marketplace,Disney Springs,Chocolate Cake Pop,Pastries & Treats,Snack,,2.25,disney-springs/starbucks-at-marketplace
2026-09-05,STARBUCKS® at Disney Springs Marketplace,Disney Springs,Double Chocolate Chunk Brownie,Pastries & Treats,Snack,,2.95,disney-springs/starbucks-at-marketplace
2026-09-05,STARBUCKS® at Disney Springs Marketplace,Disney Springs,Hedgehog Cake Pop,Pastries & Treats,Snack,,3.45,disney-springs/starbucks-at-marketplace
2026-09-05,STARBUCKS® at Disney Springs Marketplace,Disney Springs,Pumpkin Cream Cheese Muffin,Pastries & Treats,Snack,,4.99,disney-springs/starbucks-at-marketplace
2026-09-05,STARBUCKS® at Disney Springs Marketplace,Disney Springs,Smoked Shoulder Bacon Breakfast Sandwich,Hot Breakfast,Snack,,5.75,disney-springs/starbucks-at-marketplace
2026-09-05,STARBUCKS® at Disney Springs Marketplace,Disney Springs,"Bacon, Gouda & Egg Sandwich",Hot Breakfast,Snack,,4.65,disney-springs/starbucks-at-marketplace
2026-09-05,STARBUCKS® at Disney Springs Marketplace,Disney Springs,"Double-Smoked Bacon, Cheddar & Egg Sandwich",Hot Breakfast,Snack,,5.15,disney-springs/starbucks-at-marketplace
2026-09-05,STARBUCKS® at Disney Springs Marketplace,Disney Springs,Reduced-fat Turkey Bacon and Cage-Free Egg Sandwich,Hot Breakfast,Snack,,4.45,disney-springs/starbucks-at-marketplace
2026-09-05,STARBUCKS® at Disney Springs Marketplace,Disney Springs,"Sausage, Cheddar and Egg Sandwich",Hot Breakfast,Snack,,4.45,disney-springs/starbucks-at-marketplace
2026-09-05,STARBUCKS® at Disney Springs Marketplace,Disney Springs,"Roasted Ham, Swiss and Egg Sandwich",Hot Breakfast,Snack,,5.15,disney-springs/starbucks-at-marketplace
2026-09-05,STARBUCKS® at Disney Springs Marketplace,Disney Springs,"Spinach, Feta, and Cage-Free Egg White Wrap",Hot Breakfast,Snack,,4.45,disney-springs/starbucks-at-marketplace
2026-09-05,STARBUCKS® at Disney Springs Marketplace,Disney Springs,Chicken Sausage and Bacon Biscuit,Hot Breakfast,Snack,,5.15,disney-springs/starbucks-at-marketplace
2026-09-05,STARBUCKS® at Disney Springs Marketplace,Disney Springs,"Spicy Chorizo, Monterey Jack and Egg Sandwich",Hot Breakfast,Snack,,5.15,disney-springs/starbucks-at-marketplace
2026-09-05,STARBUCKS® at Disney Springs Marketplace,Disney Springs,Sous Vide Egg Bites: Egg White and Red Pepper,Hot Breakfast,Snack,,4.95,disney-springs/starbucks-at-marketplace
2026-09-05,STARBUCKS® at Disney Springs Marketplace,Disney Springs,Crispy Grilled Cheese Sandwich,Lunch,Snack,,5.95,disney-springs/starbucks-at-marketplace
2026-09-05,STARBUCKS® at Disney Springs Marketplace,Disney Springs,Ham and Swiss Panini,Lunch,Snack,,6.95,disney-springs/starbucks-at-marketplace
2026-09-05,STARBUCKS® at Disney Springs Marketplace,Disney Springs,Turkey and Basil Pesto Panini,Lunch,Snack,,6.45,disney-springs/starbucks-at-marketplace
2026-09-05,STARBUCKS® at Disney Springs Marketplace,Disney Springs,Chicken Caprese Panini,Lunch,Snack,,6.95,disney-springs/starbucks-at-marketplace
2026-09-05,STARBUCKS® at Disney Springs Marketplace,Disney Springs,Chicken and Double-Smoked Bacon Panini,Lunch,Snack,,6.95,disney-springs/starbucks-at-marketplace
2026-09-05,STARBUCKS® at Disney Springs Marketplace,Disney Springs,Tomato and Mozzarella Panini,Lunch,Snack,,6.25,disney-springs/starbucks-at-marketplace
2026-09-05,STARBUCKS® at Disney Springs Marketplace,Disney Springs,Chicken Wrap Protein Box,Protein Boxes,Snack,,7.95,disney-springs/starbucks-at-marketplace
2026-09-05,STARBUCKS® at Disney Springs Marketplace,Disney Springs,Smoked Turkey Protein Box,Protein Boxes,Snack,,7.95,disney-springs/starbucks-at-marketplace
2026-09-05,STARBUCKS® at Disney Springs Marketplace,Disney Springs,Egg and Cheese Protein Box,Protein Boxes,Snack,,6.25,disney-springs/starbucks-at-marketplace
2026-09-05,STARBUCKS® at Disney Springs Marketplace,Disney Springs,Cheese and Fruit Protein Box,Protein Boxes,Snack,,5.75,disney-springs/starbucks-at-marketplace
2026-09-05,STARBUCKS® at Disney Springs Marketplace,Disney Springs,PB&J Protein Box,Protein Boxes,Snack,,5.75,disney-springs/starbucks-at-marketplace
2026-09-05,STARBUCKS® at Disney Springs West Side,Disney Springs,Caramel Protein Matcha Latte - Grande,Seasonal Offerings,Snack,,6.95,disney-springs/starbucks-west-side
2026-09-05,STARBUCKS® at Disney Springs West Side,Disney Springs,Pistachio Crème Cold Brew - Grande,Seasonal Offerings,Snack,,5.75,disney-springs/starbucks-west-side
2026-09-05,STARBUCKS® at Disney Springs West Side,Disney Springs,Iced Dubai Chocolate Matcha - Grande,Seasonal Offerings,Snack,,6.75,disney-springs/starbucks-west-side
2026-09-05,STARBUCKS® at Disney Springs West Side,Disney Springs,Iced Ube Coconut Macchiato - Grande,Seasonal Offerings,Snack,,6.95,disney-springs/starbucks-west-side
2026-09-05,STARBUCKS® at Disney Springs West Side,Disney Springs,Iced Lavender Cream Matcha - Grande,Seasonal Offerings,Snack,,6.75,disney-springs/starbucks-west-side
2026-09-05,STARBUCKS® at Disney Springs West Side,Disney Springs,Iced Lavender Cream Chai - Grande,Seasonal Offerings,Snack,,6.75,disney-springs/starbucks-west-side
2026-09-05,STARBUCKS® at Disney Springs West Side,Disney Springs,Dragon Drink Energy Refresher - Grande,Seasonal Offerings,Snack,,6.65,disney-springs/starbucks-west-side
2026-09-05,STARBUCKS® at Disney Springs West Side,Disney Springs,Mango Strawberry Lemonade Energy Refresher - Grande,Seasonal Offerings,Snack,,6.65,disney-springs/starbucks-west-side
2026-09-05,STARBUCKS® at Disney Springs West Side,Disney Springs,Blended Pink Energy Drink - Grande,Seasonal Offerings,Snack,,6.65,disney-springs/starbucks-west-side
2026-09-05,STARBUCKS® at Disney Springs West Side,Disney Springs,Vanilla Sweet Cream Cold Brew - Tall,Espresso & Coffee,Snack,,4.25,disney-springs/starbucks-west-side
2026-09-05,STARBUCKS® at Disney Springs West Side,Disney Springs,Vanilla Sweet Cream Cold Brew - Grande,Espresso & Coffee,Snack,,4.75,disney-springs/starbucks-west-side
2026-09-05,STARBUCKS® at Disney Springs West Side,Disney Springs,Vanilla Sweet Cream Cold Brew - Venti,Espresso & Coffee,Snack,,4.95,disney-springs/starbucks-west-side
2026-09-05,STARBUCKS® at Disney Springs West Side,Disney Springs,Salted Cream Cold Foam Cold Brew,Espresso & Coffee,Snack,,4.25,disney-springs/starbucks-west-side
2026-09-05,STARBUCKS® at Disney Springs West Side,Disney Springs,Salted Cream Cold Foam Cold Brew - Grande,Espresso & Coffee,Snack,,4.75,disney-springs/starbucks-west-side
2026-09-05,STARBUCKS® at Disney Springs West Side,Disney Springs,Salted Cream Cold Foam Cold Brew - Venti,Espresso & Coffee,Snack,,4.95,disney-springs/starbucks-west-side
2026-09-05,STARBUCKS® at Disney Springs West Side,Disney Springs,Caffè Americano - Tall,Espresso & Coffee,Snack,,3.45,disney-springs/starbucks-west-side
2026-09-05,STARBUCKS® at Disney Springs West Side,Disney Springs,Caffè Americano - Grande,Espresso & Coffee,Snack,,3.75,disney-springs/starbucks-west-side
2026-09-05,STARBUCKS® at Disney Springs West Side,Disney Springs,Caffè Americano - Venti,Espresso & Coffee,Snack,,3.95,disney-springs/starbucks-west-side
2026-09-05,STARBUCKS® at Disney Springs West Side,Disney Springs,Cappuccino - Tall,Espresso & Coffee,Snack,,4.25,disney-springs/starbucks-west-side
2026-09-05,STARBUCKS® at Disney Springs West Side,Disney Springs,Cappuccino - Grande,Espresso & Coffee,Snack,,4.65,disney-springs/starbucks-west-side
2026-09-05,STARBUCKS® at Disney Springs West Side,Disney Springs,Cappuccino - Venti,Espresso & Coffee,Snack,,4.95,disney-springs/starbucks-west-side
2026-09-05,STARBUCKS® at Disney Springs West Side,Disney Springs,Starbucks Doubleshot on Ice - Tall,Espresso & Coffee,Snack,,3.45,disney-springs/starbucks-west-side
2026-09-05,STARBUCKS® at Disney Springs West Side,Disney Springs,Starbucks Doubleshot on Ice - Grande,Espresso & Coffee,Snack,,3.95,disney-springs/starbucks-west-side
2026-09-05,STARBUCKS® at Disney Springs West Side,Disney Springs,Starbucks Doubleshot on Ice - Venti,Espresso & Coffee,Snack,,4.75,disney-springs/starbucks-west-side
2026-09-05,STARBUCKS® at Disney Springs West Side,Disney Springs,Espresso - Solo,Espresso & Coffee,Snack,,2.45,disney-springs/starbucks-west-side
2026-09-05,STARBUCKS® at Disney Springs West Side,Disney Springs,Espresso Con Panna,Espresso & Coffee,Snack,,2.55,disney-springs/starbucks-west-side
2026-09-05,STARBUCKS® at Disney Springs West Side,Disney Springs,Flat White - Tall,Espresso & Coffee,Snack,,4.95,disney-springs/starbucks-west-side
2026-09-05,STARBUCKS® at Disney Springs West Side,Disney Springs,Flat White - Grande,Espresso & Coffee,Snack,,5.45,disney-springs/starbucks-west-side
2026-09-05,STARBUCKS® at Disney Springs West Side,Disney Springs,Flat White - Venti,Espresso & Coffee,Snack,,5.75,disney-springs/starbucks-west-side
2026-09-05,STARBUCKS® at Disney Springs West Side,Disney Springs,Caffè Latte - Tall,Espresso & Coffee,Snack,,4.25,disney-springs/starbucks-west-side
2026-09-05,STARBUCKS® at Disney Springs West Side,Disney Springs,Caffè Latte - Grande,Espresso & Coffee,Snack,,4.65,disney-springs/starbucks-west-side
2026-09-05,STARBUCKS® at Disney Springs West Side,Disney Springs,Caffè Latte - Venti,Espresso & Coffee,Snack,,4.95,disney-springs/starbucks-west-side
2026-09-05,STARBUCKS® at Disney Springs West Side,Disney Springs,Freshly Brewed Coffee - Tall,Espresso & Coffee,Snack,Regular or Decaf,2.45,disney-springs/starbucks-west-side
2026-09-05,STARBUCKS® at Disney Springs West Side,Disney Springs,Freshly Brewed Coffee - Grande,Espresso & Coffee,Snack,Regular or Decaf,2.85,disney-springs/starbucks-west-side
2026-09-05,STARBUCKS® at Disney Springs West Side,Disney Springs,Freshly Brewed Coffee - Venti,Espresso & Coffee,Snack,Regular or Decaf,3.25,disney-springs/starbucks-west-side
2026-09-05,STARBUCKS® at Disney Springs West Side,Disney Springs,Caffè Misto - Tall,Espresso & Coffee,Snack,,3.15,disney-springs/starbucks-west-side
2026-09-05,STARBUCKS® at Disney Springs West Side,Disney Springs,Caffè Misto - Grande,Espresso & Coffee,Snack,,3.55,disney-springs/starbucks-west-side
2026-09-05,STARBUCKS® at Disney Springs West Side,Disney Springs,Caffè Misto - Venti,Espresso & Coffee,Snack,,3.95,disney-springs/starbucks-west-side
2026-09-05,STARBUCKS® at Disney Springs West Side,Disney Springs,Iced Coffee - Tall,Espresso & Coffee,Snack,,3.25,disney-springs/starbucks-west-side
2026-09-05,STARBUCKS® at Disney Springs West Side,Disney Springs,Iced Green Tea - Grande,Espresso & Coffee,Snack,,3.25,disney-springs/starbucks-west-side
2026-09-05,STARBUCKS® at Disney Springs West Side,Disney Springs,Iced Coffee - Venti,Espresso & Coffee,Snack,,3.95,disney-springs/starbucks-west-side
2026-09-05,STARBUCKS® at Disney Springs West Side,Disney Springs,Starbucks Cold Brew - Tall,Espresso & Coffee,Snack,,3.65,disney-springs/starbucks-west-side
2026-09-05,STARBUCKS® at Disney Springs West Side,Disney Springs,Starbucks Cold Brew - Grande,Espresso & Coffee,Snack,,4.25,disney-springs/starbucks-west-side
2026-09-05,STARBUCKS® at Disney Springs West Side,Disney Springs,Starbucks Cold Brew- Venti,Espresso & Coffee,Snack,,4.74,disney-springs/starbucks-west-side
2026-09-05,STARBUCKS® at Disney Springs West Side,Disney Springs,Nitro Cold Brew - Tall,Espresso & Coffee,Snack,,4.75,disney-springs/starbucks-west-side
2026-09-05,STARBUCKS® at Disney Springs West Side,Disney Springs,Nitro Cold Brew - Grande,Espresso & Coffee,Snack,,5.25,disney-springs/starbucks-west-side
2026-09-05,STARBUCKS® at Disney Springs West Side,Disney Springs,Cinnamon Dolce Latte - Tall,Espresso & Coffee,Snack,,4.95,disney-springs/starbucks-west-side
2026-09-05,STARBUCKS® at Disney Springs West Side,Disney Springs,Cinnamon Dolce Latte - Grande,Espresso & Coffee,Snack,,5.45,disney-springs/starbucks-west-side
2026-09-05,STARBUCKS® at Disney Springs West Side,Disney Springs,Chai Tea Latte - Venti,Espresso & Coffee,Snack,,5.75,disney-springs/starbucks-west-side
2026-09-05,STARBUCKS® at Disney Springs West Side,Disney Springs,Skinny Cinnamon Dolce Latte - Tall,Espresso & Coffee,Snack,,4.95,disney-springs/starbucks-west-side
2026-09-05,STARBUCKS® at Disney Springs West Side,Disney Springs,Skinny Cinnamon Dolce Latte - Grande,Espresso & Coffee,Snack,,5.45,disney-springs/starbucks-west-side
2026-09-05,STARBUCKS® at Disney Springs West Side,Disney Springs,Skinny Cinnamon Dolce Latte - Venti,Espresso & Coffee,Snack,,5.75,disney-springs/starbucks-west-side
2026-09-05,STARBUCKS® at Disney Springs West Side,Disney Springs,Caramel Macchiato - Tall,Espresso & Coffee,Snack,,4.95,disney-springs/starbucks-west-side
2026-09-05,STARBUCKS® at Disney Springs West Side,Disney Springs,Caramel Macchiato - Grande,Espresso & Coffee,Snack,,5.45,disney-springs/starbucks-west-side
2026-09-05,STARBUCKS® at Disney Springs West Side,Disney Springs,Caramel Macchiato - Venti,Espresso & Coffee,Snack,,5.75,disney-springs/starbucks-west-side
2026-09-05,STARBUCKS® at Disney Springs West Side,Disney Springs,Caramel Cloud Macchiato - Tall,Espresso & Coffee,Snack,,5.25,disney-springs/starbucks-west-side
2026-09-05,STARBUCKS® at Disney Springs West Side,Disney Springs,Caramel Cloud Macchiato - Grande,Espresso & Coffee,Snack,,5.65,disney-springs/starbucks-west-side
2026-09-05,STARBUCKS® at Disney Springs West Side,Disney Springs,Caramel Cloud Macchiato - Venti,Espresso & Coffee,Snack,,5.95,disney-springs/starbucks-west-side
2026-09-05,STARBUCKS® at Disney Springs West Side,Disney Springs,Espresso Macchiato,Espresso & Coffee,Snack,,2.55,disney-springs/starbucks-west-side
2026-09-05,STARBUCKS® at Disney Springs West Side,Disney Springs,Caffe Mocha - Tall,Espresso & Coffee,Snack,,4.75,disney-springs/starbucks-west-side
2026-09-05,STARBUCKS® at Disney Springs West Side,Disney Springs,Caffe Mocha - Grande,Espresso & Coffee,Snack,,5.15,disney-springs/starbucks-west-side
2026-09-05,STARBUCKS® at Disney Springs West Side,Disney Springs,Caffe Mocha - Venti,Espresso & Coffee,Snack,,5.45,disney-springs/starbucks-west-side
2026-09-05,STARBUCKS® at Disney Springs West Side,Disney Springs,White Chocolate Mocha - Tall,Espresso & Coffee,Snack,,4.95,disney-springs/starbucks-west-side
2026-09-05,STARBUCKS® at Disney Springs West Side,Disney Springs,White Chocolate Mocha - Grande,Espresso & Coffee,Snack,,5.45,disney-springs/starbucks-west-side
2026-09-05,STARBUCKS® at Disney Springs West Side,Disney Springs,White Chocolate Mocha - Venti,Espresso & Coffee,Snack,,5.75,disney-springs/starbucks-west-side
2026-09-05,STARBUCKS® at Disney Springs West Side,Disney Springs,Pumpkin Spice Latte - Grande,Espresso & Coffee,Snack,,6.75,disney-springs/starbucks-west-side
2026-09-05,STARBUCKS® at Disney Springs West Side,Disney Springs,Pecan Crunch Oatmilk Latte - Grande,Espresso & Coffee,Snack,,6.75,disney-springs/starbucks-west-side
2026-09-05,STARBUCKS® at Disney Springs West Side,Disney Springs,Pumpkin Cream Cold Brew - Grande,Espresso & Coffee,Snack,,5.95,disney-springs/starbucks-west-side
2026-09-05,STARBUCKS® at Disney Springs West Side,Disney Springs,Caramel Frappuccino® - Tall,Classic Beverages,Snack,,5.25,disney-springs/starbucks-west-side
2026-09-05,STARBUCKS® at Disney Springs West Side,Disney Springs,Caramel Frappuccino® - Grande,Classic Beverages,Snack,,5.75,disney-springs/starbucks-west-side
2026-09-05,STARBUCKS® at Disney Springs West Side,Disney Springs,Caramel Frappuccino® - Venti,Classic Beverages,Snack,,5.95,disney-springs/starbucks-west-side
2026-09-05,STARBUCKS® at Disney Springs West Side,Disney Springs,Caffè Vanilla Frappuccino® - Tall,Classic Beverages,Snack,,5.25,disney-springs/starbucks-west-side
2026-09-05,STARBUCKS® at Disney Springs West Side,Disney Springs,Caffè Vanilla Frappuccino® - Grande,Classic Beverages,Snack,,5.75,disney-springs/starbucks-west-side
2026-09-05,STARBUCKS® at Disney Springs West Side,Disney Springs,Caffè Vanilla Frappuccino® - Venti,Classic Beverages,Snack,,5.95,disney-springs/starbucks-west-side
2026-09-05,STARBUCKS® at Disney Springs West Side,Disney Springs,Coffee Frappuccino® - Tall,Classic Beverages,Snack,,4.95,disney-springs/starbucks-west-side
2026-09-05,STARBUCKS® at Disney Springs West Side,Disney Springs,Coffee Frappuccino® - Grande,Classic Beverages,Snack,,5.45,disney-springs/starbucks-west-side
2026-09-05,STARBUCKS® at Disney Springs West Side,Disney Springs,Coffee Frappuccino® - Venti,Classic Beverages,Snack,,5.75,disney-springs/starbucks-west-side
2026-09-05,STARBUCKS® at Disney Springs West Side,Disney Springs,Espresso Frappuccino® - Tall,Classic Beverages,Snack,,5.85,disney-springs/starbucks-west-side
2026-09-05,STARBUCKS® at Disney Springs West Side,Disney Springs,Espresso Frappuccino® - Grande,Classic Beverages,Snack,,6.35,disney-springs/starbucks-west-side
2026-09-05,STARBUCKS® at Disney Springs West Side,Disney Springs,Espresso Frappuccino® - Venti,Classic Beverages,Snack,,6.65,disney-springs/starbucks-west-side
2026-09-05,STARBUCKS® at Disney Springs West Side,Disney Springs,Java Chip Frappuccino® - Tall,Classic Beverages,Snack,,5.25,disney-springs/starbucks-west-side
2026-09-05,STARBUCKS® at Disney Springs West Side,Disney Springs,Java Chip Frappuccino® - Grande,Classic Beverages,Snack,,5.75,disney-springs/starbucks-west-side
2026-09-05,STARBUCKS® at Disney Springs West Side,Disney Springs,Java Chip Frappuccino® - Venti,Classic Beverages,Snack,,5.95,disney-springs/starbucks-west-side
2026-09-05,STARBUCKS® at Disney Springs West Side,Disney Springs,Mocha Frappuccino® - Tall,Classic Beverages,Snack,,5.25,disney-springs/starbucks-west-side
2026-09-05,STARBUCKS® at Disney Springs West Side,Disney Springs,Mocha Frappuccino® - Grande,Classic Beverages,Snack,,5.75,disney-springs/starbucks-west-side
2026-09-05,STARBUCKS® at Disney Springs West Side,Disney Springs,Mocha Frappuccino® - Venti,Classic Beverages,Snack,,5.95,disney-springs/starbucks-west-side
2026-09-05,STARBUCKS® at Disney Springs West Side,Disney Springs,White Chocolate Mocha Frappuccino® - Tall,Classic Beverages,Snack,,5.25,disney-springs/starbucks-west-side
2026-09-05,STARBUCKS® at Disney Springs West Side,Disney Springs,White Chocolate Mocha Frappuccino® - Grande,Classic Beverages,Snack,,5.75,disney-springs/starbucks-west-side
2026-09-05,STARBUCKS® at Disney Springs West Side,Disney Springs,White Chocolate Mocha Frappuccino® - Venti,Classic Beverages,Snack,,5.95,disney-springs/starbucks-west-side
2026-09-05,STARBUCKS® at Disney Springs West Side,Disney Springs,Strawberry Frappuccino® - Tall,Classic Beverages,Snack,,5.25,disney-springs/starbucks-west-side
2026-09-05,STARBUCKS® at Disney Springs West Side,Disney Springs,Strawberry Frappuccino® - Grande,Classic Beverages,Snack,,5.75,disney-springs/starbucks-west-side
2026-09-05,STARBUCKS® at Disney Springs West Side,Disney Springs,Strawberry Frappuccino® - Venti,Classic Beverages,Snack,,5.95,disney-springs/starbucks-west-side
2026-09-05,STARBUCKS® at Disney Springs West Side,Disney Springs,Chai Crème Frappuccino® - Tall,Classic Beverages,Snack,,5.25,disney-springs/starbucks-west-side
2026-09-05,STARBUCKS® at Disney Springs West Side,Disney Springs,Chai Crème Frappuccino® - Grande,Classic Beverages,Snack,,5.75,disney-springs/starbucks-west-side
2026-09-05,STARBUCKS® at Disney Springs West Side,Disney Springs,Chai Crème Frappuccino® - Venti,Classic Beverages,Snack,,5.95,disney-springs/starbucks-west-side
2026-09-05,STARBUCKS® at Disney Springs West Side,Disney Springs,Double Chocolaty Chip Crème Frappuccino® - Tall,Classic Beverages,Snack,,5.25,disney-springs/starbucks-west-side
2026-09-05,STARBUCKS® at Disney Springs West Side,Disney Springs,Double Chocolaty Chip Crème Frappuccino® - Grande,Classic Beverages,Snack,,5.75,disney-springs/starbucks-west-side
2026-09-05,STARBUCKS® at Disney Springs West Side,Disney Springs,Double Chocolaty Chip Crème Frappuccino® - Venti,Classic Beverages,Snack,,5.95,disney-springs/starbucks-west-side
2026-09-05,STARBUCKS® at Disney Springs West Side,Disney Springs,Matcha Green Tea Crème Frappuccino® - Tall,Classic Beverages,Snack,,5.25,disney-springs/starbucks-west-side
2026-09-05,STARBUCKS® at Disney Springs West Side,Disney Springs,Matcha Green Tea Crème Frappuccino® - Grande,Classic Beverages,Snack,,5.45,disney-springs/starbucks-west-side
2026-09-05,STARBUCKS® at Disney Springs West Side,Disney Springs,Matcha Green Tea Crème Frappuccino® - Venti,Classic Beverages,Snack,,5.75,disney-springs/starbucks-west-side
2026-09-05,STARBUCKS® at Disney Springs West Side,Disney Springs,Vanilla Bean Crème Frappuccino® - Tall,Classic Beverages,Snack,,4.95,disney-springs/starbucks-west-side
2026-09-05,STARBUCKS® at Disney Springs West Side,Disney Springs,Vanilla Bean Crème Frappuccino® - Grande,Classic Beverages,Snack,,5.45,disney-springs/starbucks-west-side
2026-09-05,STARBUCKS® at Disney Springs West Side,Disney Springs,Vanilla Bean Crème Frappuccino® - Venti,Classic Beverages,Snack,,5.75,disney-springs/starbucks-west-side
2026-09-05,STARBUCKS® at Disney Springs West Side,Disney Springs,White Chocolate Crème Frappuccino® - Tall,Classic Beverages,Snack,,5.25,disney-springs/starbucks-west-side
2026-09-05,STARBUCKS® at Disney Springs West Side,Disney Springs,White Chocolate Crème Frappuccino® - Grande,Classic Beverages,Snack,,5.75,disney-springs/starbucks-west-side
2026-09-05,STARBUCKS® at Disney Springs West Side,Disney Springs,White Chocolate Crème Frappuccino® - Venti,Classic Beverages,Snack,,5.95,disney-springs/starbucks-west-side
2026-09-05,STARBUCKS® at Disney Springs West Side,Disney Springs,Chai Tea Latte - Tall,Teas & Refreshers,Snack,,4.45,disney-springs/starbucks-west-side
2026-09-05,STARBUCKS® at Disney Springs West Side,Disney Springs,Chai Tea Latte - Grande,Teas & Refreshers,Snack,,4.95,disney-springs/starbucks-west-side
2026-09-05,STARBUCKS® at Disney Springs West Side,Disney Springs,Chai Tea Latte - Venti,Teas & Refreshers,Snack,,5.25,disney-springs/starbucks-west-side
2026-09-05,STARBUCKS® at Disney Springs West Side,Disney Springs,Matcha Green Tea Latte - Tall,Teas & Refreshers,Snack,,4.45,disney-springs/starbucks-west-side
2026-09-05,STARBUCKS® at Disney Springs West Side,Disney Springs,Matcha Green Tea Latte - Grande,Teas & Refreshers,Snack,,4.95,disney-springs/starbucks-west-side
2026-09-05,STARBUCKS® at Disney Springs West Side,Disney Springs,Matcha Green Tea Latte - Venti,Teas & Refreshers,Snack,,5.25,disney-springs/starbucks-west-side
2026-09-05,STARBUCKS® at Disney Springs West Side,Disney Springs,Iced Black Tea - Tall,Teas & Refreshers,Snack,,2.75,disney-springs/starbucks-west-side
2026-09-05,STARBUCKS® at Disney Springs West Side,Disney Springs,Iced Black Tea - Grande,Teas & Refreshers,Snack,,3.25,disney-springs/starbucks-west-side
2026-09-05,STARBUCKS® at Disney Springs West Side,Disney Springs,Iced Black Tea - Venti,Teas & Refreshers,Snack,,3.65,disney-springs/starbucks-west-side
2026-09-05,STARBUCKS® at Disney Springs West Side,Disney Springs,Iced Black Tea Lemonade - Tall,Teas & Refreshers,Snack,,3.95,disney-springs/starbucks-west-side
2026-09-05,STARBUCKS® at Disney Springs West Side,Disney Springs,Iced Black Tea Lemonade - Grande,Teas & Refreshers,Snack,,4.65,disney-springs/starbucks-west-side
2026-09-05,STARBUCKS® at Disney Springs West Side,Disney Springs,Iced Black Tea Lemonade- Venti,Teas & Refreshers,Snack,,4.95,disney-springs/starbucks-west-side
2026-09-05,STARBUCKS® at Disney Springs West Side,Disney Springs,Iced Blueberry Black Tea - Tall,Teas & Refreshers,Snack,,3.95,disney-springs/starbucks-west-side
2026-09-05,STARBUCKS® at Disney Springs West Side,Disney Springs,Iced Blueberry Black Tea - Grande,Teas & Refreshers,Snack,,4.45,disney-springs/starbucks-west-side
2026-09-05,STARBUCKS® at Disney Springs West Side,Disney Springs,Iced Blueberry Black Tea - Venti,Teas & Refreshers,Snack,,4.75,disney-springs/starbucks-west-side
2026-09-05,STARBUCKS® at Disney Springs West Side,Disney Springs,Iced Blueberry Black Tea Lemonade - Tall,Teas & Refreshers,Snack,,4.45,disney-springs/starbucks-west-side
2026-09-05,STARBUCKS® at Disney Springs West Side,Disney Springs,Iced Blueberry Black Tea Lemonade- Grande,Teas & Refreshers,Snack,,4.75,disney-springs/starbucks-west-side
2026-09-05,STARBUCKS® at Disney Springs West Side,Disney Springs,Iced Blueberry Black Tea Lemonade - Venti,Teas & Refreshers,Snack,,5.25,disney-springs/starbucks-west-side
2026-09-05,STARBUCKS® at Disney Springs West Side,Disney Springs,Iced Green Tea - Tall,Teas & Refreshers,Snack,,2.75,disney-springs/starbucks-west-side
2026-09-05,STARBUCKS® at Disney Springs West Side,Disney Springs,Iced Green Tea - Grande,Teas & Refreshers,Snack,,3.25,disney-springs/starbucks-west-side
2026-09-05,STARBUCKS® at Disney Springs West Side,Disney Springs,Iced Green Tea - Venti,Teas & Refreshers,Snack,,3.65,disney-springs/starbucks-west-side
2026-09-05,STARBUCKS® at Disney Springs West Side,Disney Springs,Iced Green Tea Lemonade- Tall,Teas & Refreshers,Snack,,3.95,disney-springs/starbucks-west-side
2026-09-05,STARBUCKS® at Disney Springs West Side,Disney Springs,Iced Green Tea Lemonade- Grande,Teas & Refreshers,Snack,,4.65,disney-springs/starbucks-west-side
2026-09-05,STARBUCKS® at Disney Springs West Side,Disney Springs,Iced Green Tea Lemonade- Venti,Teas & Refreshers,Snack,,4.95,disney-springs/starbucks-west-side
2026-09-05,STARBUCKS® at Disney Springs West Side,Disney Springs,Iced Peach Green Tea - Tall,Teas & Refreshers,Snack,,3.95,disney-springs/starbucks-west-side
2026-09-05,STARBUCKS® at Disney Springs West Side,Disney Springs,Iced Peach Green Tea - Grande,Teas & Refreshers,Snack,,4.65,disney-springs/starbucks-west-side
2026-09-05,STARBUCKS® at Disney Springs West Side,Disney Springs,Iced Peach Green Tea - Venti,Teas & Refreshers,Snack,,4.75,disney-springs/starbucks-west-side
2026-09-05,STARBUCKS® at Disney Springs West Side,Disney Springs,Iced Peach Green Tea Lemonade - Tall,Teas & Refreshers,Snack,,4.45,disney-springs/starbucks-west-side
2026-09-05,STARBUCKS® at Disney Springs West Side,Disney Springs,Iced Peach Green Tea Lemonade - Grande,Teas & Refreshers,Snack,,4.75,disney-springs/starbucks-west-side
2026-09-05,STARBUCKS® at Disney Springs West Side,Disney Springs,Iced Peach Green Tea Lemonade - Venti,Teas & Refreshers,Snack,,5.25,disney-springs/starbucks-west-side
2026-09-05,STARBUCKS® at Disney Springs West Side,Disney Springs,Iced Passion Tango Tea - Tall,Teas & Refreshers,Snack,,2.75,disney-springs/starbucks-west-side
2026-09-05,STARBUCKS® at Disney Springs West Side,Disney Springs,Iced Passion Tango Tea - Grande,Teas & Refreshers,Snack,,3.25,disney-springs/starbucks-west-side
2026-09-05,STARBUCKS® at Disney Springs West Side,Disney Springs,Iced Passion Tango Tea - Venti,Teas & Refreshers,Snack,,3.65,disney-springs/starbucks-west-side
2026-09-05,STARBUCKS® at Disney Springs West Side,Disney Springs,Iced Passion Tango Tea Lemonade - Tall,Teas & Refreshers,Snack,,3.95,disney-springs/starbucks-west-side
2026-09-05,STARBUCKS® at Disney Springs West Side,Disney Springs,Iced Passion Tango Tea Lemonade - Grande,Teas & Refreshers,Snack,,4.65,disney-springs/starbucks-west-side
2026-09-05,STARBUCKS® at Disney Springs West Side,Disney Springs,Iced Passion Tango Tea Lemonade - Venti,Teas & Refreshers,Snack,,4.95,disney-springs/starbucks-west-side
2026-09-05,STARBUCKS® at Disney Springs West Side,Disney Springs,Iced White Tea - Tall,Teas & Refreshers,Snack,,2.75,disney-springs/starbucks-west-side
2026-09-05,STARBUCKS® at Disney Springs West Side,Disney Springs,Iced White Tea - Grande,Teas & Refreshers,Snack,,3.25,disney-springs/starbucks-west-side
2026-09-05,STARBUCKS® at Disney Springs West Side,Disney Springs,Iced White Tea - Venti,Teas & Refreshers,Snack,,3.65,disney-springs/starbucks-west-side
2026-09-05,STARBUCKS® at Disney Springs West Side,Disney Springs,Iced White Tea Lemonade - Tall,Teas & Refreshers,Snack,,3.95,disney-springs/starbucks-west-side
2026-09-05,STARBUCKS® at Disney Springs West Side,Disney Springs,Iced White Tea Lemonade - Grande,Teas & Refreshers,Snack,,4.65,disney-springs/starbucks-west-side
2026-09-05,STARBUCKS® at Disney Springs West Side,Disney Springs,Iced White Tea Lemonade - Venti,Teas & Refreshers,Snack,,4.95,disney-springs/starbucks-west-side
2026-09-05,STARBUCKS® at Disney Springs West Side,Disney Springs,Iced Guava White Tea - Tall,Teas & Refreshers,Snack,,3.95,disney-springs/starbucks-west-side
2026-09-05,STARBUCKS® at Disney Springs West Side,Disney Springs,Iced Guava White Tea - Grande,Teas & Refreshers,Snack,,4.45,disney-springs/starbucks-west-side
2026-09-05,STARBUCKS® at Disney Springs West Side,Disney Springs,Iced Guava White Tea - Venti,Teas & Refreshers,Snack,,4.75,disney-springs/starbucks-west-side
2026-09-05,STARBUCKS® at Disney Springs West Side,Disney Springs,Iced Guava White Tea Lemonade - Tall,Teas & Refreshers,Snack,,4.45,disney-springs/starbucks-west-side
2026-09-05,STARBUCKS® at Disney Springs West Side,Disney Springs,Iced Guava White Tea Lemonade - Grande,Teas & Refreshers,Snack,,4.75,disney-springs/starbucks-west-side
2026-09-05,STARBUCKS® at Disney Springs West Side,Disney Springs,Iced Guava White Tea Lemonade- Venti,Teas & Refreshers,Snack,,5.25,disney-springs/starbucks-west-side
2026-09-05,STARBUCKS® at Disney Springs West Side,Disney Springs,Mango Dragonfruit Starbucks Refresher - Tall,Teas & Refreshers,Snack,,4.25,disney-springs/starbucks-west-side
2026-09-05,STARBUCKS® at Disney Springs West Side,Disney Springs,Mango Dragonfruit Starbucks Refresher - Grande,Teas & Refreshers,Snack,,4.75,disney-springs/starbucks-west-side
2026-09-05,STARBUCKS® at Disney Springs West Side,Disney Springs,Mango Dragonfruit Starbucks Refresher - Venti,Teas & Refreshers,Snack,,5.25,disney-springs/starbucks-west-side
2026-09-05,STARBUCKS® at Disney Springs West Side,Disney Springs,Mango Dragonfruit Lemonade Starbucks Refresher - Tall,Teas & Refreshers,Snack,,4.75,disney-springs/starbucks-west-side
2026-09-05,STARBUCKS® at Disney Springs West Side,Disney Springs,Mango Dragonfruit Lemonade Starbucks Refresher - Grande,Teas & Refreshers,Snack,,5.25,disney-springs/starbucks-west-side
2026-09-05,STARBUCKS® at Disney Springs West Side,Disney Springs,Mango Dragonfruit Lemonade Starbucks Refresher - Venti,Teas & Refreshers,Snack,,5.75,disney-springs/starbucks-west-side
2026-09-05,STARBUCKS® at Disney Springs West Side,Disney Springs,Dragon Drink - Tall,Teas & Refreshers,Snack,,4.85,disney-springs/starbucks-west-side
2026-09-05,STARBUCKS® at Disney Springs West Side,Disney Springs,Dragon Drink - Grande,Teas & Refreshers,Snack,,5.35,disney-springs/starbucks-west-side
2026-09-05,STARBUCKS® at Disney Springs West Side,Disney Springs,Dragon Drink - Venti,Teas & Refreshers,Snack,,5.85,disney-springs/starbucks-west-side
2026-09-05,STARBUCKS® at Disney Springs West Side,Disney Springs,Strawberry Acai Refreshers™ - Tall,Teas & Refreshers,Snack,,4.25,disney-springs/starbucks-west-side
2026-09-05,STARBUCKS® at Disney Springs West Side,Disney Springs,Strawberry Acai Refreshers™ - Venti,Teas & Refreshers,Snack,,5.25,disney-springs/starbucks-west-side
2026-09-05,STARBUCKS® at Disney Springs West Side,Disney Springs,Strawberry Acai Lemonade Starbucks Refreshers™ - Tall,Teas & Refreshers,Snack,,4.75,disney-springs/starbucks-west-side
2026-09-05,STARBUCKS® at Disney Springs West Side,Disney Springs,Strawberry Acai Lemonade Starbucks Refreshers™ - Grande,Teas & Refreshers,Snack,,5.25,disney-springs/starbucks-west-side
2026-09-05,STARBUCKS® at Disney Springs West Side,Disney Springs,Strawberry Acai Lemonade Starbucks Refreshers™ - Venti,Teas & Refreshers,Snack,,5.75,disney-springs/starbucks-west-side
2026-09-05,STARBUCKS® at Disney Springs West Side,Disney Springs,Pink Drink - Tall,Teas & Refreshers,Snack,,4.85,disney-springs/starbucks-west-side
2026-09-05,STARBUCKS® at Disney Springs West Side,Disney Springs,Pink Drink - Grande,Teas & Refreshers,Snack,,5.35,disney-springs/starbucks-west-side
2026-09-05,STARBUCKS® at Disney Springs West Side,Disney Springs,Pink Drink - Venti,Teas & Refreshers,Snack,,5.85,disney-springs/starbucks-west-side
2026-09-05,STARBUCKS® at Disney Springs West Side,Disney Springs,Very Berry Hibiscus Refreshers™ - Tall,Teas & Refreshers,Snack,,4.25,disney-springs/starbucks-west-side
2026-09-05,STARBUCKS® at Disney Springs West Side,Disney Springs,Very Berry Hibiscus Refreshers™ - Grande,Teas & Refreshers,Snack,,4.75,disney-springs/starbucks-west-side
2026-09-05,STARBUCKS® at Disney Springs West Side,Disney Springs,Very Berry Hibiscus Refreshers™ - Venti,Teas & Refreshers,Snack,,5.25,disney-springs/starbucks-west-side
2026-09-05,STARBUCKS® at Disney Springs West Side,Disney Springs,Very Berry Hibiscus Lemonade Refreshers™ - Tall,Teas & Refreshers,Snack,,4.75,disney-springs/starbucks-west-side
2026-09-05,STARBUCKS® at Disney Springs West Side,Disney Springs,Very Berry Hibiscus Lemonade Refreshers™ - Grande,Teas & Refreshers,Snack,,5.25,disney-springs/starbucks-west-side
2026-09-05,STARBUCKS® at Disney Springs West Side,Disney Springs,Very Berry Hibiscus Lemonade Refreshers™ - Venti,Teas & Refreshers,Snack,,5.75,disney-springs/starbucks-west-side
2026-09-05,STARBUCKS® at Disney Springs West Side,Disney Springs,Violet Drink - Tall,Teas & Refreshers,Snack,,4.85,disney-springs/starbucks-west-side
2026-09-05,STARBUCKS® at Disney Springs West Side,Disney Springs,Violet Drink - Grande (5.35),Teas & Refreshers,Snack,,5.35,disney-springs/starbucks-west-side
2026-09-05,STARBUCKS® at Disney Springs West Side,Disney Springs,Violet Drink - Venti,Teas & Refreshers,Snack,,5.85,disney-springs/starbucks-west-side
2026-09-05,STARBUCKS® at Disney Springs West Side,Disney Springs,Iced Banana Bread Matcha Tea Latte - Grande,Teas & Refreshers,Snack,,6.95,disney-springs/starbucks-west-side
2026-09-05,STARBUCKS® at Disney Springs West Side,Disney Springs,Iced Pumpkin Cream Chai Tea Latte - Grande,Teas & Refreshers,Snack,,6.75,disney-springs/starbucks-west-side
2026-09-05,STARBUCKS® at Disney Springs West Side,Disney Springs,Plain Bagel,Pastries & Treats,Snack,,2.25,disney-springs/starbucks-west-side
2026-09-05,STARBUCKS® at Disney Springs West Side,Disney Springs,Everything Bagel,Pastries & Treats,Snack,,2.25,disney-springs/starbucks-west-side
2026-09-05,STARBUCKS® at Disney Springs West Side,Disney Springs,Sprout Grain Bagel,Pastries & Treats,Snack,,2.25,disney-springs/starbucks-west-side
2026-09-05,STARBUCKS® at Disney Springs West Side,Disney Springs,Almond Croissant,Pastries & Treats,Snack,,3.45,disney-springs/starbucks-west-side
2026-09-05,STARBUCKS® at Disney Springs West Side,Disney Springs,Butter Croissant,Pastries & Treats,Snack,,2.95,disney-springs/starbucks-west-side
2026-09-05,STARBUCKS® at Disney Springs West Side,Disney Springs,Cheese Danish,Pastries & Treats,Snack,,2.95,disney-springs/starbucks-west-side
2026-09-05,STARBUCKS® at Disney Springs West Side,Disney Springs,Chocolate Croissant,Pastries & Treats,Snack,,2.95,disney-springs/starbucks-west-side
2026-09-05,STARBUCKS® at Disney Springs West Side,Disney Springs,Ham & Cheese Croissant,Pastries & Treats,Snack,,3.95,disney-springs/starbucks-west-side
2026-09-05,STARBUCKS® at Disney Springs West Side,Disney Springs,Old-fashioned Glazed Doughnut,Pastries & Treats,Snack,,2.25,disney-springs/starbucks-west-side
2026-09-05,STARBUCKS® at Disney Springs West Side,Disney Springs,Morning Bun,Pastries & Treats,Snack,,2.95,disney-springs/starbucks-west-side
2026-09-05,STARBUCKS® at Disney Springs West Side,Disney Springs,Blueberry Muffin,Pastries & Treats,Snack,,2.95,disney-springs/starbucks-west-side
2026-09-05,STARBUCKS® at Disney Springs West Side,Disney Springs,Blueberry Scone,Pastries & Treats,Snack,,2.95,disney-springs/starbucks-west-side
2026-09-05,STARBUCKS® at Disney Springs West Side,Disney Springs,Pumpkin Bread,Pastries & Treats,Snack,,2.95,disney-springs/starbucks-west-side
2026-09-05,STARBUCKS® at Disney Springs West Side,Disney Springs,Banana Nut Bread,Pastries & Treats,Snack,,2.95,disney-springs/starbucks-west-side
2026-09-05,STARBUCKS® at Disney Springs West Side,Disney Springs,Lemon Bread,Pastries & Treats,Snack,,2.95,disney-springs/starbucks-west-side
2026-09-05,STARBUCKS® at Disney Springs West Side,Disney Springs,Classic Coffee Cake,Pastries & Treats,Snack,,2.95,disney-springs/starbucks-west-side
2026-09-05,STARBUCKS® at Disney Springs West Side,Disney Springs,Birthday Cake Pop,Pastries & Treats,Snack,,2.25,disney-springs/starbucks-west-side
2026-09-05,STARBUCKS® at Disney Springs West Side,Disney Springs,Chocolate Chip Cookie Dough Cake Pop,Pastries & Treats,Snack,,2.25,disney-springs/starbucks-west-side
2026-09-05,STARBUCKS® at Disney Springs West Side,Disney Springs,Chocolate Cake Pop,Pastries & Treats,Snack,,2.25,disney-springs/starbucks-west-side
2026-09-05,STARBUCKS® at Disney Springs West Side,Disney Springs,Double Chocolate Chunk Brownie,Pastries & Treats,Snack,,2.95,disney-springs/starbucks-west-side
2026-09-05,STARBUCKS® at Disney Springs West Side,Disney Springs,Hedgehog Cake Pop,Pastries & Treats,Snack,,3.45,disney-springs/starbucks-west-side
2026-09-05,STARBUCKS® at Disney Springs West Side,Disney Springs,Pumpkin Cream Cheese Muffin,Pastries & Treats,Snack,,4.99,disney-springs/starbucks-west-side
2026-09-05,STARBUCKS® at Disney Springs West Side,Disney Springs,Smoked Shoulder Bacon Breakfast Sandwich,Hot Breakfast,Snack,,5.75,disney-springs/starbucks-west-side
2026-09-05,STARBUCKS® at Disney Springs West Side,Disney Springs,"Bacon, Gouda & Egg Sandwich",Hot Breakfast,Snack,,4.65,disney-springs/starbucks-west-side
2026-09-05,STARBUCKS® at Disney Springs West Side,Disney Springs,"Double-Smoked Bacon, Cheddar & Egg Sandwich",Hot Breakfast,Snack,,5.15,disney-springs/starbucks-west-side
2026-09-05,STARBUCKS® at Disney Springs West Side,Disney Springs,Reduced-fat Turkey Bacon and Cage-Free Egg Sandwich,Hot Breakfast,Snack,,4.45,disney-springs/starbucks-west-side
2026-09-05,STARBUCKS® at Disney Springs West Side,Disney Springs,"Sausage, Cheddar and Egg Sandwich",Hot Breakfast,Snack,,4.45,disney-springs/starbucks-west-side
2026-09-05,STARBUCKS® at Disney Springs West Side,Disney Springs,"Roasted Ham, Swiss and Egg Sandwich",Hot Breakfast,Snack,,5.15,disney-springs/starbucks-west-side
2026-09-05,STARBUCKS® at Disney Springs West Side,Disney Springs,"Spinach, Feta, and Cage-Free Egg White Wrap",Hot Breakfast,Snack,,4.45,disney-springs/starbucks-west-side
2026-09-05,STARBUCKS® at Disney Springs West Side,Disney Springs,Chicken Sausage and Bacon Biscuit,Hot Breakfast,Snack,,5.15,disney-springs/starbucks-west-side
2026-09-05,STARBUCKS® at Disney Springs West Side,Disney Springs,"Spicy Chorizo, Monterey Jack and Egg Sandwich",Hot Breakfast,Snack,,5.15,disney-springs/starbucks-west-side
2026-09-05,STARBUCKS® at Disney Springs West Side,Disney Springs,Sous Vide Egg Bites: Egg White and Red Pepper,Hot Breakfast,Snack,,4.95,disney-springs/starbucks-west-side
2026-09-05,STARBUCKS® at Disney Springs West Side,Disney Springs,Crispy Grilled Cheese Sandwich,Lunch,Snack,,5.95,disney-springs/starbucks-west-side
2026-09-05,STARBUCKS® at Disney Springs West Side,Disney Springs,Ham and Swiss Panini,Lunch,Snack,,6.95,disney-springs/starbucks-west-side
2026-09-05,STARBUCKS® at Disney Springs West Side,Disney Springs,Turkey and Basil Pesto Panini,Lunch,Snack,,6.45,disney-springs/starbucks-west-side
2026-09-05,STARBUCKS® at Disney Springs West Side,Disney Springs,Chicken Caprese Panini,Lunch,Snack,,6.95,disney-springs/starbucks-west-side
2026-09-05,STARBUCKS® at Disney Springs West Side,Disney Springs,Chicken and Double-Smoked Bacon Panini,Lunch,Snack,,6.95,disney-springs/starbucks-west-side
2026-09-05,STARBUCKS® at Disney Springs West Side,Disney Springs,Tomato and Mozzarella Panini,Lunch,Snack,,6.25,disney-springs/starbucks-west-side
2026-09-05,STARBUCKS® at Disney Springs West Side,Disney Springs,Chicken Wrap Protein Box,Protein Boxes,Snack,,7.95,disney-springs/starbucks-west-side
2026-09-05,STARBUCKS® at Disney Springs West Side,Disney Springs,Smoked Turkey Protein Box,Protein Boxes,Snack,,7.95,disney-springs/starbucks-west-side
2026-09-05,STARBUCKS® at Disney Springs West Side,Disney Springs,Egg and Cheese Protein Box,Protein Boxes,Snack,,6.25,disney-springs/starbucks-west-side
2026-09-05,STARBUCKS® at Disney Springs West Side,Disney Springs,Cheese and Fruit Protein Box,Protein Boxes,Snack,,5.75,disney-springs/starbucks-west-side
2026-09-05,STARBUCKS® at Disney Springs West Side,Disney Springs,PB&J Protein Box,Protein Boxes,Snack,,5.75,disney-springs/starbucks-west-side
2026-09-05,Stargazers Bar,Disney Springs,Pretzel,Stargazer Bites,Bar – Lounge,Soft baked Pretzel with or without Salt. served with super melty Cheese and Creole Mustard,10.00,disney-springs/stargazers-bar
2026-09-05,Stargazers Bar,Disney Springs,Hot Dog Foot Long,Stargazer Bites,Bar – Lounge,,10.00,disney-springs/stargazers-bar
2026-09-05,Stargazers Bar,Disney Springs,Hot Dog Foot Long,Stargazer Bites,Bar – Lounge,with Chili and Cheese,13.50,disney-springs/stargazers-bar
2026-09-05,Stargazers Bar,Disney Springs,Budweiser,Bottled Beer,Bar – Lounge,,7.50,disney-springs/stargazers-bar
2026-09-05,Stargazers Bar,Disney Springs,Bud Light,Bottled Beer,Bar – Lounge,,7.50,disney-springs/stargazers-bar
2026-09-05,Stargazers Bar,Disney Springs,Coors Light,Bottled Beer,Bar – Lounge,,7.50,disney-springs/stargazers-bar
2026-09-05,Stargazers Bar,Disney Springs,Michelob Ultra,Bottled Beer,Bar – Lounge,,7.50,disney-springs/stargazers-bar
2026-09-05,Stargazers Bar,Disney Springs,Samuel Adams Boston Lager,Bottled Beer,Bar – Lounge,,8.00,disney-springs/stargazers-bar
2026-09-05,Stargazers Bar,Disney Springs,Corona,Bottled Beer,Bar – Lounge,,8.00,disney-springs/stargazers-bar
2026-09-05,Stargazers Bar,Disney Springs,Heineken,Bottled Beer,Bar – Lounge,,8.00,disney-springs/stargazers-bar
2026-09-05,Stargazers Bar,Disney Springs,Rebel IPA,Bottled Beer,Bar – Lounge,,8.00,disney-springs/stargazers-bar
2026-09-05,Stargazers Bar,Disney Springs,O'Douls,Bottled Beer,Bar – Lounge,Non-Alcoholic,8.00,disney-springs/stargazers-bar
2026-09-05,Stargazers Bar,Disney Springs,Bud Light Draft,Draft Beer,Bar – Lounge,,8.00,disney-springs/stargazers-bar
2026-09-05,Stargazers Bar,Disney Springs,Blue Moon Draft,Draft Beer,Bar – Lounge,,9.00,disney-springs/stargazers-bar
2026-09-05,Stargazers Bar,Disney Springs,Stella Artois Draft,Draft Beer,Bar – Lounge,,9.00,disney-springs/stargazers-bar
2026-09-05,Stargazers Bar,Disney Springs,Samuel Adams Seasonal Draft,Draft Beer,Bar – Lounge,,9.00,disney-springs/stargazers-bar
2026-09-05,Stargazers Bar,Disney Springs,Key West Sunset Ale,Florida Craft Beer,Bar – Lounge,Amber Ale - Florida Beer Co.,9.00,disney-springs/stargazers-bar
2026-09-05,Stargazers Bar,Disney Springs,Jai Alai IPA,Florida Craft Beer,Bar – Lounge,India Pale Ale - Cigar City Brewing,9.00,disney-springs/stargazers-bar
2026-09-05,Stargazers Bar,Disney Springs,Florida Cracker,Florida Craft Beer,Bar – Lounge,Belgian-Style White Ale - Cigar City Brewing,9.00,disney-springs/stargazers-bar
2026-09-05,Stargazers Bar,Disney Springs,Key Lime,Florida Craft Beer,Bar – Lounge,Apple Cider - 3 Daughters Brewing,9.00,disney-springs/stargazers-bar
2026-09-05,Stargazers Bar,Disney Springs,Pulp Friction,Florida Craft Beer,Bar – Lounge,Grapefruit IPA - Motorworks Brewing,9.00,disney-springs/stargazers-bar
2026-09-05,Stargazers Bar,Disney Springs,High Stepper,Florida Craft Beer,Bar – Lounge,American IPA - Crooked Can Brewing Co.,9.00,disney-springs/stargazers-bar
2026-09-05,Stargazers Bar,Disney Springs,Choose Four Local Florida Craft Draft Beers,Beer Flights,Bar – Lounge,,12.00,disney-springs/stargazers-bar
2026-09-05,Stargazers Bar,Disney Springs,Choose Four Local Florida Craft Draft Beers & a Shot of Jameson Irish Whiskey,Beer Flights,Bar – Lounge,,20.00,disney-springs/stargazers-bar
2026-09-05,Stargazers Bar,Disney Springs,House Pinot Grigio,Wines,Bar – Lounge,,9.00,disney-springs/stargazers-bar
2026-09-05,Stargazers Bar,Disney Springs,Kim Crawford Sauvignon Blanc,Wines,Bar – Lounge,,42.00,disney-springs/stargazers-bar
2026-09-05,Stargazers Bar,Disney Springs,Kendall-Jackson Vintner's Reserve Chardonnay,Wines,Bar – Lounge,,39.00,disney-springs/stargazers-bar
2026-09-05,Stargazers Bar,Disney Springs,Vanderpump Lisa Vanderpump's Rosé,Wines,Bar – Lounge,,42.00,disney-springs/stargazers-bar
2026-09-05,Stargazers Bar,Disney Springs,Beringer White Zinfandel,Wines,Bar – Lounge,,28.00,disney-springs/stargazers-bar
2026-09-05,Stargazers Bar,Disney Springs,Chateau Ste. Michelle Riesling,Wines,Bar – Lounge,,31.00,disney-springs/stargazers-bar
2026-09-05,Stargazers Bar,Disney Springs,House Red Blend,Wines,Bar – Lounge,,9.00,disney-springs/stargazers-bar
2026-09-05,Stargazers Bar,Disney Springs,Mark West Pinot Noir,Wines,Bar – Lounge,,31.00,disney-springs/stargazers-bar
2026-09-05,Stargazers Bar,Disney Springs,Dreaming Tree Crush Dave Matthews Band's Red Blend,Wines,Bar – Lounge,,39.00,disney-springs/stargazers-bar
2026-09-05,Stargazers Bar,Disney Springs,Joel Gott Cabernet Sauvignon,Wines,Bar – Lounge,,42.00,disney-springs/stargazers-bar
2026-09-05,Stargazers Bar,Disney Springs,Bellissima Christie Brinkley's Prosecco DOC Brut,Wines,Bar – Lounge,,42.00,disney-springs/stargazers-bar
2026-09-05,Stargazers Bar,Disney Springs,La Marca Prosecco,Wines,Bar – Lounge,,12.00,disney-springs/stargazers-bar
2026-09-05,Stargazers Bar,Disney Springs,Domaine Chandon,Wines,Bar – Lounge,,45.00,disney-springs/stargazers-bar
2026-09-05,Stargazers Bar,Disney Springs,Veuve Clicquot Brut Yellow Label,Wines,Bar – Lounge,,125.00,disney-springs/stargazers-bar
2026-09-05,Stargazers Bar,Disney Springs,Arnold's Lemonade,Fresh Florida Hand-Crafted Cocktails,Bar – Lounge,"Tito’s vodka, Bottega Limoncino, Iced Tea and Lemonade",15.00,disney-springs/stargazers-bar
2026-09-05,Stargazers Bar,Disney Springs,Celebrity Margarita,Fresh Florida Hand-Crafted Cocktails,Bar – Lounge,"Cuervo Silver Tequila, Grand Marnier and fresh Sour",15.00,disney-springs/stargazers-bar
2026-09-05,Stargazers Bar,Disney Springs,It's Showtime Mojito,Fresh Florida Hand-Crafted Cocktails,Bar – Lounge,"Bacardi Superior Rum, fresh Lime Juice and Reàl Blueberry Syrup with fresh Blueberries and Mint",15.00,disney-springs/stargazers-bar
2026-09-05,Stargazers Bar,Disney Springs,The Perfect Storm,Fresh Florida Hand-Crafted Cocktails,Bar – Lounge,"Rum, Vodka, Gin, Tequila, DeKuyper Blue Curacao, fresh Sour and Sprite®",19.99,disney-springs/stargazers-bar
2026-09-05,Stargazers Bar,Disney Springs,Pineapple Express,Fresh Florida Hand-Crafted Cocktails,Bar – Lounge,"SKYY Infusions Blood Orange Vodka, SKYY Infusions Pineapple Vodka, Orange & Pineapple juices, Sprite® and Grenadine",12.99,disney-springs/stargazers-bar
2026-09-05,Stargazers Bar,Disney Springs,B-A-N-A-N-A-S,Fresh Florida Hand-Crafted Cocktails,Bar – Lounge,"Cruzan Coconut Rum, Banana Liqueur, Coconut Purée and Chocolate Milk",12.99,disney-springs/stargazers-bar
2026-09-05,Stargazers Bar,Disney Springs,The Black Pearl Mai Tai,Fresh Florida Hand-Crafted Cocktails,Bar – Lounge,"Cruzan White Rum, Lime & Orange juices, Reàl Passion Fruit Syrup and Grenadine with a Myers’s Dark Rum Float",12.99,disney-springs/stargazers-bar
2026-09-05,STK® Steakhouse,Disney Springs,Baby Gem Caesar,Market Salads & Starters,Brunch; Lunch; Dinner,parmigiano reggiano - lemon black pepper emulsion - herb crouton,25.00,disney-springs/stk-steakhouse
2026-09-05,STK® Steakhouse,Disney Springs,Blue Iceberg,Market Salads & Starters,Brunch; Lunch; Dinner,nueske’s applewood smoked bacon - point reyes blue - cherry tomato,24.00,disney-springs/stk-steakhouse
2026-09-05,STK® Steakhouse,Disney Springs,Tuna Tartare*,Market Salads & Starters,Brunch; Lunch; Dinner,hass avocado - taro chips - soy-honey emulsion,31.00,disney-springs/stk-steakhouse
2026-09-05,STK® Steakhouse,Disney Springs,Crispy Calamari,Market Salads & Starters,Brunch; Lunch; Dinner,basil - shishito peppers - roasted garlic & lime aioli - asian chili sauce,28.00,disney-springs/stk-steakhouse
2026-09-05,STK® Steakhouse,Disney Springs,Lil' BRGs*,Market Salads & Starters,Brunch; Lunch; Dinner,wagyu beef - special sauce - sesame seed bun,26.00,disney-springs/stk-steakhouse
2026-09-05,STK® Steakhouse,Disney Springs,Oysters on a Half Shell* - Half Dozen,Raw Bar,Brunch; Dinner,mignonette - cocktail sauce - lemon,29.00,disney-springs/stk-steakhouse
2026-09-05,STK® Steakhouse,Disney Springs,Oysters on a Half Shell* - Dozen,Raw Bar,Brunch; Dinner,mignonette - cocktail sauce - lemon,56.00,disney-springs/stk-steakhouse
2026-09-05,STK® Steakhouse,Disney Springs,STK Pearls*,Raw Bar,Brunch; Dinner,1/2 dozen oysters - 1 oz american caviar - mignonette cocktail sauce - lemon,69.00,disney-springs/stk-steakhouse
2026-09-05,STK® Steakhouse,Disney Springs,Jalapeño Pickled Shrimp Cocktail,Raw Bar,Brunch; Dinner,cocktail sauce - lemon,33.00,disney-springs/stk-steakhouse
2026-09-05,STK® Steakhouse,Disney Springs,Ceviché*,Raw Bar,Brunch; Dinner,chef's daily creation,27.00,disney-springs/stk-steakhouse
2026-09-05,STK® Steakhouse,Disney Springs,Shellfish Platter for the Table (2 person minimum),Shellfish Platters,Brunch; Dinner,"oysters* - ceviche* - clams - mussels - jalapeño pickled shrimp - dungeness crab - Maine lobster: served family-style for the table with cocktails sauce, mignonette, and lemon dijonnaise (2 person minimum)",54.00,disney-springs/stk-steakhouse
2026-09-05,STK® Steakhouse,Disney Springs,Smoked Pork Belly Benedict,Entrees,Brunch,maple glazed bacon - shishito peppers - poached eggs - hollandaise - toasted english muffin - chili flakes,30.00,disney-springs/stk-steakhouse
2026-09-05,STK® Steakhouse,Disney Springs,Eggs & Avocado on Toast,Entrees,Brunch,smashed avocado - cilantro - grilled sourdough bread - poached eggs - jalapeño - extra virgin olive oil - toasted pumpkin seeds,29.00,disney-springs/stk-steakhouse
2026-09-05,STK® Steakhouse,Disney Springs,Lobster & Eggs Benedict,Entrees,Brunch,lobster - baby spinach - poached eggs - caviar hollandaise - toasted english muffin,46.00,disney-springs/stk-steakhouse
2026-09-05,STK® Steakhouse,Disney Springs,Halibut Fish & Chips,Entrees,Brunch,beer battered halibut filet - hand cut chunky fries - coleslaw - hot yuzu tartar sauce,63.00,disney-springs/stk-steakhouse
2026-09-05,STK® Steakhouse,Disney Springs,Wagyu Burger BKFT,Entrees,Brunch,7oz beef patty - american cheese - bacon - fried egg - lettuce - tomato - onion - special sauce - fries,9.99,disney-springs/stk-steakhouse
2026-09-05,STK® Steakhouse,Disney Springs,Cinnamon French Toast,Entrees,Brunch,brioche - berries - cream cheese icing - maple syrup,25.00,disney-springs/stk-steakhouse
2026-09-05,STK® Steakhouse,Disney Springs,Truffle Steak and Egg*,Entrees,Brunch,wagyu flat iron 8oz - fried egg - shaved truffle - crispy potatoes - truffle buttered brioche,55.00,disney-springs/stk-steakhouse
2026-09-05,STK® Steakhouse,Disney Springs,Egg White Omelet,Entrees,Brunch,roasted pepper relish - caramelized onions - avocado - sautéed spinach - mushrooms - emmental cheese - baby green leaves,27.00,disney-springs/stk-steakhouse
2026-09-05,STK® Steakhouse,Disney Springs,Hot Chicken & Waffle,Entrees,Brunch,buttermilk waffles - fried hot chicken thigh - pickles - coleslaw - maple BBQ sauce,30.00,disney-springs/stk-steakhouse
2026-09-05,STK® Steakhouse,Disney Springs,Filet 6oz,STK,Brunch; Dinner,,59.00,disney-springs/stk-steakhouse
2026-09-05,STK® Steakhouse,Disney Springs,Steakhouse Skirt 8oz*,STK,Brunch; Lunch; Dinner,,49.00,disney-springs/stk-steakhouse
2026-09-05,STK® Steakhouse,Disney Springs,Ribeye Spinalis 8oz*,STK,Brunch; Lunch; Dinner,,73.00,disney-springs/stk-steakhouse
2026-09-05,STK® Steakhouse,Disney Springs,Filet 10oz*,STK,Brunch; Lunch; Dinner,,74.00,disney-springs/stk-steakhouse
2026-09-05,STK® Steakhouse,Disney Springs,Ribeye Filet 10oz*,STK,Brunch; Lunch; Dinner,,83.00,disney-springs/stk-steakhouse
2026-09-05,STK® Steakhouse,Disney Springs,NY Strip 14oz*,STK,Brunch; Lunch; Dinner,,71.00,disney-springs/stk-steakhouse
2026-09-05,STK® Steakhouse,Disney Springs,Bone-In Filet 14oz*,STK,Brunch; Lunch; Dinner,,88.00,disney-springs/stk-steakhouse
2026-09-05,STK® Steakhouse,Disney Springs,Dry-Aged Delmonico 14oz*,STK,Brunch; Lunch; Dinner,,112.00,disney-springs/stk-steakhouse
2026-09-05,STK® Steakhouse,Disney Springs,Cowgirl Bone-In Ribeye 16oz*,STK,Brunch; Lunch; Dinner,,98.00,disney-springs/stk-steakhouse
2026-09-05,STK® Steakhouse,Disney Springs,Dry-Aged Bone-In Strip 18oz*,STK,Brunch; Lunch; Dinner,,92.00,disney-springs/stk-steakhouse
2026-09-05,STK® Steakhouse,Disney Springs,Dry-Aged Porterhouse 28oz,STK,Brunch; Dinner,,122.00,disney-springs/stk-steakhouse
2026-09-05,STK® Steakhouse,Disney Springs,Dry-Aged Tomahawk 34oz,STK,Brunch; Dinner,,160.00,disney-springs/stk-steakhouse
2026-09-05,STK® Steakhouse,Disney Springs,Australian Flat Iron 8oz*,STK,Brunch; Lunch; Dinner,,69.00,disney-springs/stk-steakhouse
2026-09-05,STK® Steakhouse,Disney Springs,Japanese A5 Strip*,STK,Brunch; Lunch; Dinner,39 per oz,39.00,disney-springs/stk-steakhouse
2026-09-05,STK® Steakhouse,Disney Springs,Japanese A5 Filet,STK,Brunch; Dinner,44 per oz,44.00,disney-springs/stk-steakhouse
2026-09-05,STK® Steakhouse,Disney Springs,Surf & Turf: Filet and Lobster Tail,STK,Brunch; Dinner,6oz filet - Lobster Tail,89.00,disney-springs/stk-steakhouse
2026-09-05,STK® Steakhouse,Disney Springs,Surf & Turf: Filet and Grilled Prawns,STK,Brunch; Dinner,6oz filet - 3 grilled prawns,79.00,disney-springs/stk-steakhouse
2026-09-05,STK® Steakhouse,Disney Springs,King Crab Oscar,Toppings,Brunch; Lunch; Dinner,,44.00,disney-springs/stk-steakhouse
2026-09-05,STK® Steakhouse,Disney Springs,Shrimp,Toppings,Brunch; Lunch; Dinner,(each),11.00,disney-springs/stk-steakhouse
2026-09-05,STK® Steakhouse,Disney Springs,Peppercorn Crusted,Toppings,Brunch; Lunch; Dinner,,5.00,disney-springs/stk-steakhouse
2026-09-05,STK® Steakhouse,Disney Springs,Signature Butter,Toppings,Brunch; Lunch; Dinner,"truffle, lobster, or wagyu umami",12.00,disney-springs/stk-steakhouse
2026-09-05,STK® Steakhouse,Disney Springs,Yukon Gold Mashed Potatoes,Sides,Brunch; Lunch; Dinner,parmesan crust,19.00,disney-springs/stk-steakhouse
2026-09-05,STK® Steakhouse,Disney Springs,Tater Tots,Sides,Brunch; Lunch; Dinner,,19.00,disney-springs/stk-steakhouse
2026-09-05,STK® Steakhouse,Disney Springs,Parmesan Truffle Fries,Sides,Brunch; Lunch; Dinner,,19.00,disney-springs/stk-steakhouse
2026-09-05,STK® Steakhouse,Disney Springs,Sweet Corn Pudding,Sides,Brunch; Lunch; Dinner,,19.00,disney-springs/stk-steakhouse
2026-09-05,STK® Steakhouse,Disney Springs,Asparagus,Sides,Brunch; Dinner,,19.00,disney-springs/stk-steakhouse
2026-09-05,STK® Steakhouse,Disney Springs,Market Vegetables,Sides,Brunch; Lunch; Dinner,,19.00,disney-springs/stk-steakhouse
2026-09-05,STK® Steakhouse,Disney Springs,Traditional Mac & Cheese,Sides,Brunch; Lunch; Dinner,,19.00,disney-springs/stk-steakhouse
2026-09-05,STK® Steakhouse,Disney Springs,Bacon Mac & Cheese,Sides,Brunch; Lunch; Dinner,,22.00,disney-springs/stk-steakhouse
2026-09-05,STK® Steakhouse,Disney Springs,Lobster Mac & Cheese,Sides,Brunch; Lunch; Dinner,,32.00,disney-springs/stk-steakhouse
2026-09-05,STK® Steakhouse,Disney Springs,Cheesecake,Desserts,Brunch; Lunch; Dinner,raspberry coulis - berries,15.00,disney-springs/stk-steakhouse
2026-09-05,STK® Steakhouse,Disney Springs,Bag O' Donuts,Desserts,Brunch; Lunch; Dinner,cinnamon sugar - dulce de leche - spiced chocolate - raspberry,15.00,disney-springs/stk-steakhouse
2026-09-05,STK® Steakhouse,Disney Springs,Warm Chocolate Chip Cookie,Desserts,Brunch; Lunch; Dinner,vanilla ice cream - caramel sauce,15.00,disney-springs/stk-steakhouse
2026-09-05,STK® Steakhouse,Disney Springs,Apple Pie,Desserts,Brunch; Lunch; Dinner,cinnamon crumble - maple crème fraîche,15.00,disney-springs/stk-steakhouse
2026-09-05,STK® Steakhouse,Disney Springs,Chocolate Cake,Desserts,Brunch; Lunch; Dinner,chocolate ganache sauce,15.00,disney-springs/stk-steakhouse
2026-09-05,STK® Steakhouse,Disney Springs,Red Bull,Red Bull,Brunch; Lunch; Dinner,classic | sugar free | red edition,8.00,disney-springs/stk-steakhouse
2026-09-05,STK® Steakhouse,Disney Springs,*Award Winning* Spiced Watermelon,Cocktails,Brunch; Lunch; Dinner,patrón silver tequila - st~germain - watermelon purée - fresh lime - jalapeño,21.00,disney-springs/stk-steakhouse
2026-09-05,STK® Steakhouse,Disney Springs,Cucumber Stiletto,Cocktails,Brunch; Lunch; Dinner,grey goose le citron vodka - st ~germain - muddled cucumber & mint,21.00,disney-springs/stk-steakhouse
2026-09-05,STK® Steakhouse,Disney Springs,Not Your Daddy's Old Fashioned,Cocktails,Brunch; Lunch; Dinner,woodford reserve bourbon - angostura bitters - brown sugar - vanilla bean,21.00,disney-springs/stk-steakhouse
2026-09-05,STK® Steakhouse,Disney Springs,Strawberry Cobbler,Cocktails,Brunch; Lunch; Dinner,belvedere vodka - muddled strawberry - graham cracker crust,21.00,disney-springs/stk-steakhouse
2026-09-05,STK® Steakhouse,Disney Springs,STK Mule,Cocktails,Brunch; Lunch; Dinner,belvedere organic ginger & pear - green chartreuse - fresh lime - fever tree ginger beer,21.00,disney-springs/stk-steakhouse
2026-09-05,STK® Steakhouse,Disney Springs,Perfect Margarita,Cocktails,Brunch; Lunch; Dinner,milagro silver tequila - cointreau - fresh lime,21.00,disney-springs/stk-steakhouse
2026-09-05,STK® Steakhouse,Disney Springs,Espresso Martini,Cocktails,Brunch; Lunch; Dinner,tito’s vodka - owen’s nitro-infused espresso - crème de cacao,21.00,disney-springs/stk-steakhouse
2026-09-05,STK® Steakhouse,Disney Springs,Unchained Passion,Cocktails,Brunch; Lunch; Dinner,don julio blanco tequila - carpano bianco vermouth reàl passion fruit - chandon,21.00,disney-springs/stk-steakhouse
2026-09-05,STK® Steakhouse,Disney Springs,Fade to Blackberry,Cocktails,Brunch; Lunch; Dinner,blackened whiskey - muddled mint - blackberries - fresh lime,21.00,disney-springs/stk-steakhouse
2026-09-05,STK® Steakhouse,Disney Springs,Mojito,Cocktails,Brunch; Lunch; Dinner,bacardi - muddled mint & lime,21.00,disney-springs/stk-steakhouse
2026-09-05,STK® Steakhouse,Disney Springs,Sweet Berry Dreams,Cocktails,Brunch; Lunch; Dinner,hennessy vs - cranberry - chambord,21.00,disney-springs/stk-steakhouse
2026-09-05,STK® Steakhouse,Disney Springs,Bonded & Free,Cocktails,Brunch; Lunch; Dinner,jack daniel’s bonded whiskey - cointreau - reàl peach purée rosemary,21.00,disney-springs/stk-steakhouse
2026-09-05,STK® Steakhouse,Disney Springs,Hibiscus Sparkler,Cocktails,Brunch; Lunch; Dinner,botanist gin - monin hibiscus - la marca rosé,21.00,disney-springs/stk-steakhouse
2026-09-05,STK® Steakhouse,Disney Springs,Dragon's Flare,Cocktails,Brunch; Lunch; Dinner,ketel one vodka - cointreau - rèal prickly pear - strawberry lemonade,21.00,disney-springs/stk-steakhouse
2026-09-05,STK® Steakhouse,Disney Springs,Guava Berry Kiss,Cocktails,Brunch; Lunch; Dinner,hendrick’s gin - strawberry - reàl guava - fresh lime,21.00,disney-springs/stk-steakhouse
2026-09-05,STK® Steakhouse,Disney Springs,El Toro Rojo,Cocktails,Brunch; Lunch; Dinner,volcán tequila - campari - fever tree grapefruit - grenadine - fresh lemon,21.00,disney-springs/stk-steakhouse
2026-09-05,STK® Steakhouse,Disney Springs,Paloma Bucket,Cocktails,Brunch; Lunch; Dinner,375mL casamigos blanco tequila - choice of 4 fever tree grapefruit or blood orange ginger beer - fresh lime juice - tajin,109.00,disney-springs/stk-steakhouse
2026-09-05,STK® Steakhouse,Disney Springs,"la marca, prosecco, it",Wine by the Glass,Brunch; Lunch; Dinner,,16.00,disney-springs/stk-steakhouse
2026-09-05,STK® Steakhouse,Disney Springs,"michele chiarlo 'nivole' moscato d'asttt docg, it",Wine by the Glass,Brunch; Lunch; Dinner,,18.00,disney-springs/stk-steakhouse
2026-09-05,STK® Steakhouse,Disney Springs,"caposaldo moscato, provincia di pavla, it",Wine by the Glass,Brunch; Lunch; Dinner,,16.00,disney-springs/stk-steakhouse
2026-09-05,STK® Steakhouse,Disney Springs,"domaine chandon, sparkling rosé, ca",Wine by the Glass,Brunch; Lunch; Dinner,,20.00,disney-springs/stk-steakhouse
2026-09-05,STK® Steakhouse,Disney Springs,"champagne, veuve clicquot, yellow label brut, fr",Wine by the Glass,Brunch; Lunch; Dinner,,30.00,disney-springs/stk-steakhouse
2026-09-05,STK® Steakhouse,Disney Springs,"champagne, moët & chandon, impérial rosé, fr",Wine by the Glass,Brunch; Lunch; Dinner,,44.00,disney-springs/stk-steakhouse
2026-09-05,STK® Steakhouse,Disney Springs,"justin, central coast, ca",Wine by the Glass,Brunch; Lunch; Dinner,,16.00,disney-springs/stk-steakhouse
2026-09-05,STK® Steakhouse,Disney Springs,"whispering angel, provence, fr",Wine by the Glass,Brunch; Lunch; Dinner,,17.00,disney-springs/stk-steakhouse
2026-09-05,STK® Steakhouse,Disney Springs,"AIX, vin de provence, fr",Wine by the Glass,Brunch; Lunch; Dinner,,18.00,disney-springs/stk-steakhouse
2026-09-05,STK® Steakhouse,Disney Springs,"sauvignon blanc, kim crawford, marlborough, nz",Wine by the Glass,Brunch; Lunch; Dinner,,18.00,disney-springs/stk-steakhouse
2026-09-05,STK® Steakhouse,Disney Springs,"sauvignon blanc, matanzas creek, sonoma, ca",Wine by the Glass,Brunch; Lunch; Dinner,,17.00,disney-springs/stk-steakhouse
2026-09-05,STK® Steakhouse,Disney Springs,"sauvignon blanc, twomey by silver oak, napa, ca",Wine by the Glass,Brunch; Lunch; Dinner,,20.00,disney-springs/stk-steakhouse
2026-09-05,STK® Steakhouse,Disney Springs,"sauvignon blanc cloudy bay, marlborough, nz",Wine by the Glass,Brunch; Lunch; Dinner,,22.00,disney-springs/stk-steakhouse
2026-09-05,STK® Steakhouse,Disney Springs,"pinot grigio, gabbiano, venezie, it",Wine by the Glass,Brunch; Lunch; Dinner,,16.00,disney-springs/stk-steakhouse
2026-09-05,STK® Steakhouse,Disney Springs,"chardonnay, sonoma cutrer, russian river valley, ca",Wine by the Glass,Brunch; Lunch; Dinner,,20.00,disney-springs/stk-steakhouse
2026-09-05,STK® Steakhouse,Disney Springs,"chardonnay, landmark, overlook, sonoma, ca",Wine by the Glass,Brunch; Lunch; Dinner,,21.00,disney-springs/stk-steakhouse
2026-09-05,STK® Steakhouse,Disney Springs,"chardonnay, rombaurer, carneros, ca",Wine by the Glass,Brunch; Lunch; Dinner,,27.00,disney-springs/stk-steakhouse
2026-09-05,STK® Steakhouse,Disney Springs,"pinot noir, imagery, ca",Wine by the Glass,Brunch; Lunch; Dinner,,18.00,disney-springs/stk-steakhouse
2026-09-05,STK® Steakhouse,Disney Springs,"pinot noir, elouan, or",Wine by the Glass,Brunch; Lunch; Dinner,,20.00,disney-springs/stk-steakhouse
2026-09-05,STK® Steakhouse,Disney Springs,"pinot noir, belle glos ‘dairyman’ russian river, ca",Wine by the Glass,Brunch; Lunch; Dinner,,29.00,disney-springs/stk-steakhouse
2026-09-05,STK® Steakhouse,Disney Springs,"merlot, emmolo, napa valley, ca",Wine by the Glass,Brunch; Lunch; Dinner,,24.00,disney-springs/stk-steakhouse
2026-09-05,STK® Steakhouse,Disney Springs,"cabernet, bonanza by caymus, ca",Wine by the Glass,Brunch; Lunch; Dinner,,18.00,disney-springs/stk-steakhouse
2026-09-05,STK® Steakhouse,Disney Springs,"cabernet, decoy by duckhorn, sonoma, ca",Wine by the Glass,Brunch; Lunch; Dinner,,18.00,disney-springs/stk-steakhouse
2026-09-05,STK® Steakhouse,Disney Springs,"cabernet, justin, paso robles, ca",Wine by the Glass,Brunch; Lunch; Dinner,,21.00,disney-springs/stk-steakhouse
2026-09-05,STK® Steakhouse,Disney Springs,"cabernet, caymus, napa, ca",Wine by the Glass,Brunch; Lunch; Dinner,,57.00,disney-springs/stk-steakhouse
2026-09-05,STK® Steakhouse,Disney Springs,"cabernet, silver oak, alexander valley, ca",Wine by the Glass,Brunch; Lunch; Dinner,,62.00,disney-springs/stk-steakhouse
2026-09-05,STK® Steakhouse,Disney Springs,"blend, tooth & nail ‘the possessor’, paso robles, ca",Wine by the Glass,Brunch; Lunch; Dinner,,22.00,disney-springs/stk-steakhouse
2026-09-05,STK® Steakhouse,Disney Springs,"blend, sleight of hand ‘conjurer’ columbia valley, wa",Wine by the Glass,Brunch; Lunch; Dinner,,22.00,disney-springs/stk-steakhouse
2026-09-05,STK® Steakhouse,Disney Springs,"blend, justin, isoceles, paso robles, ca",Wine by the Glass,Brunch; Lunch; Dinner,,37.00,disney-springs/stk-steakhouse
2026-09-05,STK® Steakhouse,Disney Springs,"petite sirah, caymus, ‘suisun grand durif’, napa, ca",Wine by the Glass,Brunch; Lunch; Dinner,,24.00,disney-springs/stk-steakhouse
2026-09-05,STK® Steakhouse,Disney Springs,"malbec, terrazas, mendoza, ar",Wine by the Glass,Brunch; Lunch; Dinner,,19.00,disney-springs/stk-steakhouse
2026-09-05,STK® Steakhouse,Disney Springs,Stella Artois,Beer,Brunch; Lunch; Dinner,,9.00,disney-springs/stk-steakhouse
2026-09-05,STK® Steakhouse,Disney Springs,Modelo Especial,Beer,Brunch; Lunch; Dinner,,9.00,disney-springs/stk-steakhouse
2026-09-05,STK® Steakhouse,Disney Springs,Modelo Negra,Beer,Brunch; Lunch; Dinner,,9.00,disney-springs/stk-steakhouse
2026-09-05,STK® Steakhouse,Disney Springs,Mango Cart,Beer,Brunch; Lunch; Dinner,,9.00,disney-springs/stk-steakhouse
2026-09-05,STK® Steakhouse,Disney Springs,Goose Island IPA,Beer,Brunch; Lunch; Dinner,,9.00,disney-springs/stk-steakhouse
2026-09-05,STK® Steakhouse,Disney Springs,Blue Moon,Beer,Brunch; Lunch; Dinner,,9.00,disney-springs/stk-steakhouse
2026-09-05,STK® Steakhouse,Disney Springs,Michelob Ultra,Beer,Brunch; Lunch; Dinner,,9.00,disney-springs/stk-steakhouse
2026-09-05,STK® Steakhouse,Disney Springs,Chimay,Beer,Brunch; Lunch; Dinner,,14.00,disney-springs/stk-steakhouse
2026-09-05,STK® Steakhouse,Disney Springs,Heineken 0.0 (non-alcoholic),Beer,Brunch; Lunch; Dinner,,9.00,disney-springs/stk-steakhouse
2026-09-05,STK® Steakhouse,Disney Springs,Jalapeño Pickled Shrimp Cocktail,Market Salads & Starters,Lunch,cocktail sauce - lemon,33.00,disney-springs/stk-steakhouse
2026-09-05,STK® Steakhouse,Disney Springs,STK Sandwich*,Entrées,Lunch,shaved coffee-rubbed ribeye - gruyere - caramelized onion - horseradish cream,22.00,disney-springs/stk-steakhouse
2026-09-05,STK® Steakhouse,Disney Springs,Steak Frites*,Entrées,Lunch,8oz ribeye - french fries - choice of sauce,32.00,disney-springs/stk-steakhouse
2026-09-05,STK® Steakhouse,Disney Springs,Chicken Breast Sandwich,Entrées,Lunch,grilled or fried - blt - white cheddar - ranch dressing,23.00,disney-springs/stk-steakhouse
2026-09-05,STK® Steakhouse,Disney Springs,Braised Short Rib Quesadilla,Entrées,Lunch,fontina cheese - tomatoes - chimichurri - flour tortilla - mustard cream,25.00,disney-springs/stk-steakhouse
2026-09-05,STK® Steakhouse,Disney Springs,The FSH,Entrées,Lunch,brioche bun - beer battered cod filet - togarashi sauce - pickles - cheddar cheese - iceberg lettuce - tomato,26.00,disney-springs/stk-steakhouse
2026-09-05,STK® Steakhouse,Disney Springs,Wagyu Burger* & Fries,Entrées,Lunch,7oz beef patty - lettuce - tomato - onion - american cheese - special sauce - fries . add ons: egg 3 | bacon 3 | grilled onions 3 | avocado 3.5,9.99,disney-springs/stk-steakhouse
2026-09-05,STK® Steakhouse,Disney Springs,Buttermilk Fried Chicken Thigh,Entrées,Lunch,honey bbq sauce - coleslaw - homemade pickles,21.00,disney-springs/stk-steakhouse
2026-09-05,STK® Steakhouse,Disney Springs,Shrimp Scampi,Entrées,Lunch,sautéed shrimp - linguini - tomato - garlic white wine sauce,34.00,disney-springs/stk-steakhouse
2026-09-05,STK® Steakhouse,Disney Springs,Wagyu Meatballs,Entrées,Lunch,chunky tomato sauce - cherry tomatoes - spaghetti,27.00,disney-springs/stk-steakhouse
2026-09-05,STK® Steakhouse,Disney Springs,Free Range Chicken,Entrées,Lunch; Dinner,peas & beans - confit garlic - toasted mustard seed jus,50.00,disney-springs/stk-steakhouse
2026-09-05,STK® Steakhouse,Disney Springs,Maple Rubbed Salmon*,Entrées,Lunch; Dinner,pickled cherry tomatoes - piquillo broccolini - olive dressing,52.00,disney-springs/stk-steakhouse
2026-09-05,STK® Steakhouse,Disney Springs,Halibut Fish & Chips,Entrées,Lunch; Dinner,beer battered halibut filet - hand cut chunky fries - coleslaw - hot yuzu tartar sauce,63.00,disney-springs/stk-steakhouse
2026-09-05,STK® Steakhouse,Disney Springs,Filet + Salad,STK,Lunch,choice of caesar or iceberg,19.99,disney-springs/stk-steakhouse
2026-09-05,STK® Steakhouse,Disney Springs,Filet + Fries,STK,Lunch,sub any other side 5.00,19.99,disney-springs/stk-steakhouse
2026-09-05,STK® Steakhouse,Disney Springs,Filet Sandwich,STK,Lunch,caramelized onion - gruyere - horseradish cream - fries (sub any other side 5.00),19.99,disney-springs/stk-steakhouse
2026-09-05,STK® Steakhouse,Disney Springs,Crispy Brussels Sprouts,Sides,Lunch; Dinner,bacon - cider glaze,19.00,disney-springs/stk-steakhouse
2026-09-05,STK® Steakhouse,Disney Springs,Creamed Spinach,Sides,Lunch; Dinner,,19.00,disney-springs/stk-steakhouse
2026-09-05,STK® Steakhouse,Disney Springs,Lobster Tail,Toppings,Lunch; Dinner,,41.00,disney-springs/stk-steakhouse
2026-09-05,STK® Steakhouse,Disney Springs,STK Zingy Rub,Toppings,Lunch; Dinner,,6.00,disney-springs/stk-steakhouse
2026-09-05,STK® Steakhouse,Disney Springs,Maple & Bourbon Nueske's Bacon,Market Salads & Starters,Dinner,apple cabbage slaw - pickled mustard seeds,28.00,disney-springs/stk-steakhouse
2026-09-05,STK® Steakhouse,Disney Springs,Jumbo Lump Crab Cake,Market Salads & Starters,Dinner,whole grain mustard cream - chili thread - cucumber mustard seeds salad,39.00,disney-springs/stk-steakhouse
2026-09-05,STK® Steakhouse,Disney Springs,Burrata,Market Salads & Starters,Dinner,marinated beetroot - pickled red onions - basil oil - crunchy sourdough,28.00,disney-springs/stk-steakhouse
2026-09-05,STK® Steakhouse,Disney Springs,Braised Beef Short Rib,Entrées,Dinner,creamed potatoes - roasted pepper relish - crispy shallots - red wine glaze,51.00,disney-springs/stk-steakhouse
2026-09-05,STK® Steakhouse,Disney Springs,Maine Lobster Linguini,Entrées,Dinner,tomato - lemon - garlic - creamy lobster sauce - parmesan,66.00,disney-springs/stk-steakhouse
2026-09-05,STK® Steakhouse,Disney Springs,Mushroom and Truffle Tagliatelle,Entrées,Dinner,pecorino - braised mushrooms - shaved black truffle,55.00,disney-springs/stk-steakhouse
2026-09-05,STK® Steakhouse,Disney Springs,Miso Glazed Chilean Sea Bass*,Entrées,Dinner,sautéed bok choy - ginger - crispy shallots - thai basil,58.00,disney-springs/stk-steakhouse
2026-09-05,STK® Steakhouse,Disney Springs,Roasted Lamb Rack*,Entrées,Dinner,glazed carrots - baby kale - rosemary jus,66.00,disney-springs/stk-steakhouse
2026-09-05,STK® Steakhouse,Disney Springs,Confit Mushrooms,Sides,Dinner,bacon - cheese,19.00,disney-springs/stk-steakhouse
2026-09-05,STK® Steakhouse,Disney Springs,Oysters on the Half Shell,Social Hour (Mon-Fri 3pm - 6:30pm | Sat-Sun 3pm - 5:30pm | Sun-Thurs 10pm - Close),Lounge,,3.00,disney-springs/stk-steakhouse
2026-09-05,STK® Steakhouse,Disney Springs,Tater Tots,Social Hour (Mon-Fri 3pm - 6:30pm | Sat-Sun 3pm - 5:30pm | Sun-Thurs 10pm - Close),Lounge,,3.00,disney-springs/stk-steakhouse
2026-09-05,STK® Steakhouse,Disney Springs,Falafel & Chili Tahini,Social Hour (Mon-Fri 3pm - 6:30pm | Sat-Sun 3pm - 5:30pm | Sun-Thurs 10pm - Close),Lounge,,3.00,disney-springs/stk-steakhouse
2026-09-05,STK® Steakhouse,Disney Springs,Lil' BRG and Truffle Fries*,Social Hour (Mon-Fri 3pm - 6:30pm | Sat-Sun 3pm - 5:30pm | Sun-Thurs 10pm - Close),Lounge,,6.00,disney-springs/stk-steakhouse
2026-09-05,STK® Steakhouse,Disney Springs,Lil' Shroom Cheeseburger & Truffle Fries,Social Hour (Mon-Fri 3pm - 6:30pm | Sat-Sun 3pm - 5:30pm | Sun-Thurs 10pm - Close),Lounge,,6.00,disney-springs/stk-steakhouse
2026-09-05,STK® Steakhouse,Disney Springs,Wagyu Meatballs,Social Hour (Mon-Fri 3pm - 6:30pm | Sat-Sun 3pm - 5:30pm | Sun-Thurs 10pm - Close),Lounge,,6.00,disney-springs/stk-steakhouse
2026-09-05,STK® Steakhouse,Disney Springs,Short Rib Quesadilla,Social Hour (Mon-Fri 3pm - 6:30pm | Sat-Sun 3pm - 5:30pm | Sun-Thurs 10pm - Close),Lounge,,6.00,disney-springs/stk-steakhouse
2026-09-05,STK® Steakhouse,Disney Springs,Vodka Cured Cucumber & Salmon Stiletto*,Social Hour (Mon-Fri 3pm - 6:30pm | Sat-Sun 3pm - 5:30pm | Sun-Thurs 10pm - Close),Lounge,,6.00,disney-springs/stk-steakhouse
2026-09-05,STK® Steakhouse,Disney Springs,Japanese A5 Wagyu Taco,Social Hour (Mon-Fri 3pm - 6:30pm | Sat-Sun 3pm - 5:30pm | Sun-Thurs 10pm - Close),Lounge,,9.00,disney-springs/stk-steakhouse
2026-09-05,STK® Steakhouse,Disney Springs,Beef Tartare*,Social Hour (Mon-Fri 3pm - 6:30pm | Sat-Sun 3pm - 5:30pm | Sun-Thurs 10pm - Close),Lounge,,9.00,disney-springs/stk-steakhouse
2026-09-05,STK® Steakhouse,Disney Springs,Tuna Tartare Taco*,Social Hour (Mon-Fri 3pm - 6:30pm | Sat-Sun 3pm - 5:30pm | Sun-Thurs 10pm - Close),Lounge,,9.00,disney-springs/stk-steakhouse
2026-09-05,STK® Steakhouse,Disney Springs,Popcorn Chicken,Social Hour (Mon-Fri 3pm - 6:30pm | Sat-Sun 3pm - 5:30pm | Sun-Thurs 10pm - Close),Lounge,,9.00,disney-springs/stk-steakhouse
2026-09-05,STK® Steakhouse,Disney Springs,Crispy Calamari,Social Hour (Mon-Fri 3pm - 6:30pm | Sat-Sun 3pm - 5:30pm | Sun-Thurs 10pm - Close),Lounge,,9.00,disney-springs/stk-steakhouse
2026-09-05,STK® Steakhouse,Disney Springs,Jalapeño Pickled Shrimp Cocktail,Social Hour (Mon-Fri 3pm - 6:30pm | Sat-Sun 3pm - 5:30pm | Sun-Thurs 10pm - Close),Lounge,,9.00,disney-springs/stk-steakhouse
2026-09-05,STK® Steakhouse,Disney Springs,STK* & Frites,Social Hour (Mon-Fri 3pm - 6:30pm | Sat-Sun 3pm - 5:30pm | Sun-Thurs 10pm - Close),Lounge,,9.00,disney-springs/stk-steakhouse
2026-09-05,STK® Steakhouse,Disney Springs,Happy Surf & Turf,Social Hour (Mon-Fri 3pm - 6:30pm | Sat-Sun 3pm - 5:30pm | Sun-Thurs 10pm - Close),Lounge,3oz filet & jumbo prawn,19.00,disney-springs/stk-steakhouse
2026-09-05,T-REX ™,Disney Springs,Supersaurus Sampler,Appetizers,Lunch; Dinner,"Cheesy Skillet Meatballs, Nashville Hot Boneless Wings, Chili con Queso, Caprese Flatbread, and Mozzarella Sticks | Add St. Louis-style Pork Spareribs $12.29",35.99,disney-springs/t-rex
2026-09-05,T-REX ™,Disney Springs,Colosso Beef Nachos,Appetizers,Lunch; Dinner,"Peppers, onions, black bean chili, Monterey Jack cheese, cheddar cheese, Chili Con Queso, green onions, sour cream, pico de gallo, salsa",23.79,disney-springs/t-rex
2026-09-05,T-REX ™,Disney Springs,Mozzarella Sticks,Appetizers,Lunch; Dinner,,15.99,disney-springs/t-rex
2026-09-05,T-REX ™,Disney Springs,Buffalo Chicken Dip,Appetizers,Lunch; Dinner,"Shredded chicken, buffalo sauce, cream cheese, Monterey Jack cheese, cheddar, bleu cheese crumbles, tortilla chips",17.99,disney-springs/t-rex
2026-09-05,T-REX ™,Disney Springs,Cheesy Skillet Meatballs,Appetizers,Lunch; Dinner,"Meatballs, fresh mozzarella cheese, herbed focaccia bread",17.49,disney-springs/t-rex
2026-09-05,T-REX ™,Disney Springs,Caprese Flatbread,Appetizers,Lunch; Dinner,"Herb oil, Roma tomatoes, fresh mozzarella cheese, arugula, balsamic glaze",17.49,disney-springs/t-rex
2026-09-05,T-REX ™,Disney Springs,Coconut Shrimp,Appetizers,Lunch; Dinner,Sweet Thai Chili Dipping Sauce,16.29,disney-springs/t-rex
2026-09-05,T-REX ™,Disney Springs,Dexter's Dip,Appetizers,Lunch; Dinner,"Cheesy spinach dip, pita bread & tortilla chips",16.59,disney-springs/t-rex
2026-09-05,T-REX ™,Disney Springs,BBQ Chicken Flatbread,Appetizers,Lunch; Dinner,"BBQ chicken, mozzarella and smoked Gouda cheese, red onions, cilantro",17.49,disney-springs/t-rex
2026-09-05,T-REX ™,Disney Springs,Garden Appetizer,Appetizers,Lunch; Dinner,"Hummus, tzatziki sauce, cucumber, tomato, olive & feta salad, served with fresh veggies & pita bread",16.99,disney-springs/t-rex
2026-09-05,T-REX ™,Disney Springs,French Onion Soup,Soup & Salads,Lunch; Dinner,,14.49,disney-springs/t-rex
2026-09-05,T-REX ™,Disney Springs,Soup of the Day,Soup & Salads,Lunch; Dinner,,11.29,disney-springs/t-rex
2026-09-05,T-REX ™,Disney Springs,House Salad,Soup & Salads,Lunch; Dinner,"Mixed greens, tomatoes, carrots, cucumbers, croutons, choice of dressing",10.29,disney-springs/t-rex
2026-09-05,T-REX ™,Disney Springs,Cobb Salad,Soup & Salads,Lunch; Dinner,"Grilled chicken, blue cheese, black olives, tomatoes, eggs, cucumbers, bacon, green onions, balsamic vinaigrette",25.79,disney-springs/t-rex
2026-09-05,T-REX ™,Disney Springs,Caesar-saurus Salad,Soup & Salads,Lunch; Dinner,,20.49,disney-springs/t-rex
2026-09-05,T-REX ™,Disney Springs,Omnivore's Delight,Soup & Salads,Lunch; Dinner,"Mixed greens, tomatoes, seasonal berries, fried goat cheese, apple cider vinaigrette",22.79,disney-springs/t-rex
2026-09-05,T-REX ™,Disney Springs,Greek Chopped Salad,Soup & Salads,Lunch; Dinner,"Romaine, tomatoes, cucumbers, red onion, feta cheese, kalamata olives, bell peppers, vinaigrette dressing",22.79,disney-springs/t-rex
2026-09-05,T-REX ™,Disney Springs,Bronto Burger*,Burgers & Sandwiches,Lunch; Dinner,"American cheese, brioche bun",20.49,disney-springs/t-rex
2026-09-05,T-REX ™,Disney Springs,BBQ Bacon Cheese Burger*,Burgers & Sandwiches,Lunch; Dinner,"Bourbon BBQ sauce, cheddar cheese, bacon, crispy fried onions",23.79,disney-springs/t-rex
2026-09-05,T-REX ™,Disney Springs,Mushroom and Swiss Burger*,Burgers & Sandwiches,Lunch; Dinner,"Mushrooms, Swiss cheese, brioche bun.",23.79,disney-springs/t-rex
2026-09-05,T-REX ™,Disney Springs,Paleozoic Chicken Sandwich,Burgers & Sandwiches,Lunch; Dinner,"Panko-parmesan crusted chicken, arugula, fresh mozzarella, tomato, basil pesto, balsamic glaze",23.79,disney-springs/t-rex
2026-09-05,T-REX ™,Disney Springs,Woolly Mammoth,Burgers & Sandwiches,Lunch; Dinner,"Ham, capicola, salami, pepperoni, Swiss cheese, Calabrian chili aioli, shredded lettuce, tomatoes, onions, red wine vinaigrette",23.49,disney-springs/t-rex
2026-09-05,T-REX ™,Disney Springs,Volcano Shrimp Bowl,Seafood,Lunch; Dinner,"Panko crusted shrimp, Dino-mite slaw, Jasmine rice, volcano sauce",28.99,disney-springs/t-rex
2026-09-05,T-REX ™,Disney Springs,Fish-N-Chips,Seafood,Lunch; Dinner,"English-style, tartar sauce, seasoned fries, Dino-mite slaw",25.79,disney-springs/t-rex
2026-09-05,T-REX ™,Disney Springs,Coconut Shrimp,Seafood,Lunch; Dinner,"Jasmine rice, seasonal vegetables, Sweet Thai chili dipping sauce",28.99,disney-springs/t-rex
2026-09-05,T-REX ™,Disney Springs,Crustacean Shrimp Platter,Seafood,Lunch; Dinner,"Coconut shrimp, Shrimp Scampi, Grilled Shrimp, Raptor rice, seasonal vegetables",34.99,disney-springs/t-rex
2026-09-05,T-REX ™,Disney Springs,Hot Honey Salmon* & Coconut Shrimp,Seafood,Lunch; Dinner,"Hot honey galzed salmon, Coconut Shrimp, Jasmine rice, seasonal vegetables",37.99,disney-springs/t-rex
2026-09-05,T-REX ™,Disney Springs,Creole Chicken & Shrimp Ravioli (Spicy),Pastas,Lunch; Dinner,"Shrimp, grilled chicken, bell peppers, onions, tomatoes, andouille sausage, hot & spicy Cajun sauce, cheese ravioli",35.49,disney-springs/t-rex
2026-09-05,T-REX ™,Disney Springs,Prehistoric Pasta,Pastas,Lunch; Dinner,"Alfredo sauce, penne pasta",24.79,disney-springs/t-rex
2026-09-05,T-REX ™,Disney Springs,Protein Pasta Primavera,Pastas,Lunch; Dinner,"Protein+ pasta™, fresh vegetables, marinara, cottage cheese, basil",23.49,disney-springs/t-rex
2026-09-05,T-REX ™,Disney Springs,Boneyard Buffet,Carnivores,Lunch; Dinner,"Fire-Roasted Rotisserie Chicken, slow roasted St. Louis style pork spareribs, seasoned fries, Dino-mite slaw",36.99,disney-springs/t-rex
2026-09-05,T-REX ™,Disney Springs,Fire-Roasted Rotisserie Chicken,Carnivores,Lunch; Dinner,"Half of a chicken, red skinned mashed potatoes, seasonal vegetables",26.79,disney-springs/t-rex
2026-09-05,T-REX ™,Disney Springs,Mes-O-Bones,Carnivores,Lunch; Dinner,"Half rack of slow roasted St. Louis style pork spareribs, BBQ sauce, seasoned fries, Dino-mite slaw | Add additional half rack $15.99",31.79,disney-springs/t-rex
2026-09-05,T-REX ™,Disney Springs,Triassic Trio*,Carnivores,Lunch; Dinner,"Crab and shrimp gratin, chimichurri shrimp, char-grilled sirloin steak, steak butter, Raptor rice, seasonal vegetables",40.99,disney-springs/t-rex
2026-09-05,T-REX ™,Disney Springs,Tuscan Chicken,Carnivores,Lunch; Dinner,"Panko-parmesan crusted chicken, arugula, tomato & parmesan, fresh mozzarella salad, balsamic glaze, Jasmine rice, seasonal vegetables",30.49,disney-springs/t-rex
2026-09-05,T-REX ™,Disney Springs,**New York Strip*,Carnivores,Lunch; Dinner,"Char-grilled, topped with steak butter, red skinned mashed potatoes, seasonal vegetables ** Not included on the Disney Dining Plan",46.29,disney-springs/t-rex
2026-09-05,T-REX ™,Disney Springs,**Surf & Turf-asaurus*,Carnivores,Lunch; Dinner,"8oz. filet, chimichurri shrimp, red skinned mashed potatoes, seasonal vegetables",53.99,disney-springs/t-rex
2026-09-05,T-REX ™,Disney Springs,Steak Enhancements,Carnivores,Lunch; Dinner,"Cowboy butter, blue cheese steak butter, sauteed mushrooms, or grilled onions & garlic butter",4.99,disney-springs/t-rex
2026-09-05,T-REX ™,Disney Springs,Add on Bacon or Mushrooms,Sides and Enhancements,Lunch; Dinner,,4.99,disney-springs/t-rex
2026-09-05,T-REX ™,Disney Springs,Seasoned Fries,Sides and Enhancements,Lunch; Dinner,,6.29,disney-springs/t-rex
2026-09-05,T-REX ™,Disney Springs,Dino-mite slaw,Sides and Enhancements,Lunch; Dinner,,6.29,disney-springs/t-rex
2026-09-05,T-REX ™,Disney Springs,Raptor Rice,Sides and Enhancements,Lunch; Dinner,,6.29,disney-springs/t-rex
2026-09-05,T-REX ™,Disney Springs,Seasonal Vegetables,Sides and Enhancements,Lunch; Dinner,,6.29,disney-springs/t-rex
2026-09-05,T-REX ™,Disney Springs,Red Skinned Mashed Potatoes,Sides and Enhancements,Lunch; Dinner,,6.29,disney-springs/t-rex
2026-09-05,T-REX ™,Disney Springs,Add on House or Small Caesar-saurus Salad,Sides and Enhancements,Lunch; Dinner,,9.29,disney-springs/t-rex
2026-09-05,T-REX ™,Disney Springs,Add on Soup of the Day,Sides and Enhancements,Lunch; Dinner,,9.99,disney-springs/t-rex
2026-09-05,T-REX ™,Disney Springs,"Grilled, Fried, Coconut, or Shrimp Scampi",Sides and Enhancements,Lunch; Dinner,,10.29,disney-springs/t-rex
2026-09-05,T-REX ™,Disney Springs,Add on St. Louis Style Pork Spareribs,Sides and Enhancements,Lunch; Dinner,,12.29,disney-springs/t-rex
2026-09-05,T-REX ™,Disney Springs,Loaded Mashed Potatoes (Shareable),Sides and Enhancements,Lunch; Dinner,,13.49,disney-springs/t-rex
2026-09-05,T-REX ™,Disney Springs,Bacon Mac & Cheese (Shareable),Sides and Enhancements,Lunch; Dinner,,13.49,disney-springs/t-rex
2026-09-05,T-REX ™,Disney Springs,Grilled Chicken,Kids' Entrées,Lunch; Dinner,served with choice of side and drink. Add Cheese $.99,11.99,disney-springs/t-rex
2026-09-05,T-REX ™,Disney Springs,Fresh Fish,Kids' Entrées,Lunch; Dinner,Breaded or grilled. Served with choice of side and drink.,12.99,disney-springs/t-rex
2026-09-05,T-REX ™,Disney Springs,Raptor Ravioli,Kids' Entrées,Lunch; Dinner,"Alfredo or marinara served with choice of side and drink. Add meatballs, chicken or shrimp for $2.49",11.99,disney-springs/t-rex
2026-09-05,T-REX ™,Disney Springs,Chicken Strips & Mozzarella Sticks,Kids' Entrées,Lunch; Dinner,served with choice of side and drink,11.99,disney-springs/t-rex
2026-09-05,T-REX ™,Disney Springs,Jurassic Chicken Tidbits,Kids' Entrées,Lunch; Dinner,Dinosaur-shaped chicken nuggets. Substitute Chicken Tenders $1.00.,11.99,disney-springs/t-rex
2026-09-05,T-REX ™,Disney Springs,Dexter's Hot Dog,Kids' Entrées,Lunch; Dinner,served with choice of side and drink,11.99,disney-springs/t-rex
2026-09-05,T-REX ™,Disney Springs,Sly's Slider,Kids' Entrées,Lunch; Dinner,Char-broiled chicken or mini burger with American Cheese served with one side and a drink. Add Bacon $.99,11.99,disney-springs/t-rex
2026-09-05,T-REX ™,Disney Springs,Rocksy's Pasta,Kids' Entrées,Lunch; Dinner,"Tossed with your choice of Alfredo, Butter, or Marinara sauce and served with choice of side and drink. Add meatballs, chicken or shrimp $2.49",11.99,disney-springs/t-rex
2026-09-05,T-REX ™,Disney Springs,Cosmo's Cheesy Macaroni,Kids' Entrées,Lunch; Dinner,Pasta with lots of cheese served with choice of side and drink. Add chicken or beefy mac $2.49,11.99,disney-springs/t-rex
2026-09-05,T-REX ™,Disney Springs,Tricera-Sticks,Kids' Entrées,Lunch; Dinner,Steak tips served with choice of side and drink,14.99,disney-springs/t-rex
2026-09-05,T-REX ™,Disney Springs,Tarpit Shrimp,Kids' Entrées,Lunch; Dinner,,11.99,disney-springs/t-rex
2026-09-05,T-REX ™,Disney Springs,Paleo Pizza,Kids' Entrées,Lunch; Dinner,"Cheese or pepperoni served with choice of side and beverage. Add mushrooms, bacon or chicken $.99 each",11.99,disney-springs/t-rex
2026-09-05,T-REX ™,Disney Springs,Chicken and Shrimp Combo,Kids' Entrées,Lunch; Dinner,,11.99,disney-springs/t-rex
2026-09-05,T-REX ™,Disney Springs,Chocolate Tarpit,Kids' Desserts,Lunch; Dinner,Creamy chocolate pudding with crushed Oreo® cookies and gummy worms,4.99,disney-springs/t-rex
2026-09-05,T-REX ™,Disney Springs,Chocolate Chip Ice Cream Sandwich,Kids' Desserts,Lunch; Dinner,A chocolate chip cookies with vanilla ice cream,4.99,disney-springs/t-rex
2026-09-05,T-REX ™,Disney Springs,Cosmic Key Lime Pie,Desserts,Lunch; Dinner,,13.99,disney-springs/t-rex
2026-09-05,T-REX ™,Disney Springs,Chocolate Extinction (For Three or Four),Desserts,Lunch; Dinner,,24.99,disney-springs/t-rex
2026-09-05,T-REX ™,Disney Springs,New York Style Cheesecake,Desserts,Lunch; Dinner,,13.99,disney-springs/t-rex
2026-09-05,T-REX ™,Disney Springs,Abrictosaurus Apple Crisp,Desserts,Lunch; Dinner,"Granny Smith apples, buttery crumble, salted caramel sauce, whipped topping",13.99,disney-springs/t-rex
2026-09-05,T-REX ™,Disney Springs,Megaloceros Layer Cake,Desserts,Lunch; Dinner,"Chocolate layer cake, chocolate and raspberry sauces, whipped topping",14.49,disney-springs/t-rex
2026-09-05,T-REX ™,Disney Springs,The Ultimate Prehistoric Smoothie with Two Treats,Desserts,Lunch; Dinner,"Butterfinger®, M&M's®, Reese's® Peanut Butter Cups, Oreo® Crumbles, Fresh Bananas, Strawberries, Chocolate Syrup",8.50,disney-springs/t-rex
2026-09-05,T-REX ™,Disney Springs,The Ultimate Prehistoric Smoothie with Three Treats,Desserts,Lunch; Dinner,"Butterfinger®, M&M's®, Reese's® Peanut Butter Cups, Oreo® Crumbles, Fresh Bananas, Strawberries, Chocolate Syrup",9.50,disney-springs/t-rex
2026-09-05,T-REX ™,Disney Springs,Caveman Punch,The Watering Hole,Lunch; Dinner,"Captain Morgan Original Spiced Rum, DeKuyper Banana liqueur, DeKuyper Peachtree Schnapps, and tropical fruit juices. Available in a souvenir glass for $17.",14.50,disney-springs/t-rex
2026-09-05,T-REX ™,Disney Springs,Cretaceous Cooler,The Watering Hole,Lunch; Dinner,"New Amsterdam Pineapple Vodka, Island Oasis Pina Colada, citrus juices",14.50,disney-springs/t-rex
2026-09-05,T-REX ™,Disney Springs,Journey to the Center,The Watering Hole,Lunch; Dinner,"Don Q Cristal Rum, Cruzan Mango Rum, Cruzan Strawberry Rum, triple sec, fruit juices and Finest Call Grenadine. Available in a souvenir glass $17.",14.50,disney-springs/t-rex
2026-09-05,T-REX ™,Disney Springs,Ice Cave Margarita,The Watering Hole,Lunch; Dinner,"Casamigos Reposado Tequila, Grand Marnier Orange Liqueur, sweet & sour, lime juice. Includes shaker to take home.",19.00,disney-springs/t-rex
2026-09-05,T-REX ™,Disney Springs,Lava Flow,The Watering Hole,Lunch; Dinner,"Don Q Coconut Rum, Tropics Piña Colada mix and Strawberry Purée. Available in a souvenir glass $17.",14.50,disney-springs/t-rex
2026-09-05,T-REX ™,Disney Springs,Raptor Rita,The Watering Hole,Lunch; Dinner,Sauza Blue Silver Tequila and sweet-and-sour topped with Patrón Citrónge Orange Liqueur. Available in a souvenir glass $17.,14.50,disney-springs/t-rex
2026-09-05,T-REX ™,Disney Springs,Tropical Dragon Rita,The Watering Hole,Lunch; Dinner,"Don Julio Blanco Tequila, Monin Dragon Fruit Syrup, sweet & sour, pineapple & lime juices*includes shaker to take home!",19.00,disney-springs/t-rex
2026-09-05,T-REX ™,Disney Springs,Coronarita,The Watering Hole,Lunch; Dinner,"Frozen Mastodon Margarita with a Coronita Extra®. Available in Original, Blood Orange, Blue and Strawberry flavors",16.00,disney-springs/t-rex
2026-09-05,T-REX ™,Disney Springs,The Megladon,The Watering Hole,Lunch; Dinner,"Bacardi Limón Rum, Don Q 151 Rum, Svedka Vodka, DeKuyper Blue Curacao, grenadine and sweet & sour",17.00,disney-springs/t-rex
2026-09-05,T-REX ™,Disney Springs,Espresso Martini,The Watering Hole,Lunch; Dinner,"Ketel One Vodka, Kahlua Coffee Liqueur, Maven Cold Brew",18.00,disney-springs/t-rex
2026-09-05,T-REX ™,Disney Springs,Key Lime Pie Martini,The Watering Hole,Lunch; Dinner,"Absolut Vanilla Vodka, Patron Citronge Orange Liqueur, Coco Real Cream of Coconut, key lime juice",18.00,disney-springs/t-rex
2026-09-05,T-REX ™,Disney Springs,Aperol Spritz,The Watering Hole,Lunch; Dinner,"Aperol, Chandon Brut, club soda",16.00,disney-springs/t-rex
2026-09-05,T-REX ™,Disney Springs,Raptors Refresh,The Watering Hole,Lunch; Dinner,"Free of Spirit-Cut Above Zero Proof Agave Blanco Tequila, Monin Dragon Fruit Syrup, lime juice, sweet & sour",15.00,disney-springs/t-rex
2026-09-05,T-REX ™,Disney Springs,Chandon Brut (187ml),Wines,Lunch; Dinner,,16.00,disney-springs/t-rex
2026-09-05,T-REX ™,Disney Springs,Maso Canali Pinot Grigio,Wines,Lunch; Dinner,,51.00,disney-springs/t-rex
2026-09-05,T-REX ™,Disney Springs,Mohua Sauvignon Blanc,Wines,Lunch; Dinner,,47.00,disney-springs/t-rex
2026-09-05,T-REX ™,Disney Springs,Markham Chardonnay,Wines,Lunch; Dinner,,55.00,disney-springs/t-rex
2026-09-05,T-REX ™,Disney Springs,Hampton Water Rosé,Wines,Lunch; Dinner,,59.00,disney-springs/t-rex
2026-09-05,T-REX ™,Disney Springs,Erath Pinot Noir,Wines,Lunch; Dinner,,55.00,disney-springs/t-rex
2026-09-05,T-REX ™,Disney Springs,Decoy by Duckhorn Merlot,Wines,Lunch; Dinner,,55.00,disney-springs/t-rex
2026-09-05,T-REX ™,Disney Springs,Prati by Louis Martini Cabernet Sauvignon,Wines,Lunch; Dinner,,59.00,disney-springs/t-rex
2026-09-05,Terralina Crafted Italian,Disney Springs,Breakfast Pizza,Brunch Offerings (available Saturday and Sunday from 11:30pm - 3:00pm),Lunch,"Bacon, Roasted Red Peppers, Mozzarella and a sunny side up Egg",17.00,disney-springs/terralina-crafted-italian
2026-09-05,Terralina Crafted Italian,Disney Springs,Bread Pudding French Toast,Brunch Offerings (available Saturday and Sunday from 11:30pm - 3:00pm),Lunch,Berry Compote and Powdered Sugar,16.00,disney-springs/terralina-crafted-italian
2026-09-05,Terralina Crafted Italian,Disney Springs,Terralina Poached Eggs,Brunch Offerings (available Saturday and Sunday from 11:30pm - 3:00pm),Lunch,"crispy Polenta Cake, Marinara and seasonal Vegetables",18.00,disney-springs/terralina-crafted-italian
2026-09-05,Terralina Crafted Italian,Disney Springs,Spaghetti Carbonara,Brunch Offerings (available Saturday and Sunday from 11:30pm - 3:00pm),Lunch,"Parmesan Egg Yolk Cream Sauce, Peas and Bacon",24.00,disney-springs/terralina-crafted-italian
2026-09-05,Terralina Crafted Italian,Disney Springs,Smash Burger,Brunch Offerings (available Saturday and Sunday from 11:30pm - 3:00pm),Lunch,"Cheddar, Arugula, Tomato, Garlic Aioli and Fried Egg served with crispy Potato Planks",24.00,disney-springs/terralina-crafted-italian
2026-09-05,Terralina Crafted Italian,Disney Springs,Bloody Mary,Brunch Offerings (available Saturday and Sunday from 11:30pm - 3:00pm),Lunch,"Spiced Mozzarella, Pepperoni, Tomato and Marinated Olives",18.00,disney-springs/terralina-crafted-italian
2026-09-05,Terralina Crafted Italian,Disney Springs,Bellini,Brunch Offerings (available Saturday and Sunday from 11:30pm - 3:00pm),Lunch,Peach and Prosecco,14.00,disney-springs/terralina-crafted-italian
2026-09-05,Terralina Crafted Italian,Disney Springs,Mimosa,Brunch Offerings (available Saturday and Sunday from 11:30pm - 3:00pm),Lunch,"Prosecco with choice of Orange, Pineapple, or Grapefruit",14.00,disney-springs/terralina-crafted-italian
2026-09-05,Terralina Crafted Italian,Disney Springs,Mimosa Flight,Brunch Offerings (available Saturday and Sunday from 11:30pm - 3:00pm),Lunch,"Cranberry Orange, Strawberry Hibiscus and Grapefruit Rosemary",22.00,disney-springs/terralina-crafted-italian
2026-09-05,Terralina Crafted Italian,Disney Springs,Espresso Martini,Brunch Offerings (available Saturday and Sunday from 11:30pm - 3:00pm),Lunch,"Grind Espresso Rum, Stoli Vanilla, Kahlua, Espresso",18.00,disney-springs/terralina-crafted-italian
2026-09-05,Terralina Crafted Italian,Disney Springs,Juice,Brunch Offerings (available Saturday and Sunday from 11:30pm - 3:00pm),Lunch,"Apple, Cranberry, Grapefruit, Orange or Pineapple",6.50,disney-springs/terralina-crafted-italian
2026-09-05,Terralina Crafted Italian,Disney Springs,Antipasti Tower (serves four),Antipasti,Lunch; Dinner,"prosciutto, spicy capicola, soppressata, fresh mozzarella, pecorino, grana padano, seasonal vegetables, parmesan crisps, olives, grilled crostini (serves 2 for $23)",46.00,disney-springs/terralina-crafted-italian
2026-09-05,Terralina Crafted Italian,Disney Springs,Burrata Duo,Antipasti,Lunch; Dinner,"pistachio pesto, speck, fig jam, grilled crostini",23.00,disney-springs/terralina-crafted-italian
2026-09-05,Terralina Crafted Italian,Disney Springs,Mozzarella Stuffed Rice Balls,Antipasti,Lunch; Dinner,"san marzano tomatoes, basil",17.00,disney-springs/terralina-crafted-italian
2026-09-05,Terralina Crafted Italian,Disney Springs,Crispy Calamari,Antipasti,Lunch; Dinner,"pickled peppers, caper aioli, lemon",20.00,disney-springs/terralina-crafted-italian
2026-09-05,Terralina Crafted Italian,Disney Springs,Beef Meatballs,Antipasti,Lunch; Dinner,"beef, san marzano tomatoes, basil, creamy polenta, shaved parmesan",18.00,disney-springs/terralina-crafted-italian
2026-09-05,Terralina Crafted Italian,Disney Springs,Bruschetta,Antipasti,Lunch; Dinner,"tomatoes, basil pesto, shaved parmesan, balsamic reduction",15.00,disney-springs/terralina-crafted-italian
2026-09-05,Terralina Crafted Italian,Disney Springs,Mussels,Antipasti,Lunch; Dinner,"spicy tomato broth, lemon, grilled sourdough",19.00,disney-springs/terralina-crafted-italian
2026-09-05,Terralina Crafted Italian,Disney Springs,Seasonal Soup,Antipasti,Lunch; Dinner,,10.00,disney-springs/terralina-crafted-italian
2026-09-05,Terralina Crafted Italian,Disney Springs,Caprese,From the Garden,Lunch; Dinner,"tomatoes, fresh mozzarella, basil, extra virgin olive oil, balsamic reduction",17.00,disney-springs/terralina-crafted-italian
2026-09-05,Terralina Crafted Italian,Disney Springs,Caesar,From the Garden,Lunch; Dinner,"Croutons, Shaved Parmesan, Garlic Anchovy Dressing",16.00,disney-springs/terralina-crafted-italian
2026-09-05,Terralina Crafted Italian,Disney Springs,Spinach with Beets,From the Garden,Lunch; Dinner,"Gorgonzola, Bacon, Fennel, Honey Balsamic Vinaigrette",17.00,disney-springs/terralina-crafted-italian
2026-09-05,Terralina Crafted Italian,Disney Springs,Terralina Crafted Italian Salad,From the Garden,Lunch; Dinner,"Romaine, Fresh Mozzarella, Shaved Parmesan, Fennel, Cherry Tomatoes, Red Onion, Salami, Pepperoncini, Red Wine Vinaigrette",19.00,disney-springs/terralina-crafted-italian
2026-09-05,Terralina Crafted Italian,Disney Springs,Arugula,From the Garden,Lunch; Dinner,"shaved parmesan, lemon vinaigrette, black pepper",14.00,disney-springs/terralina-crafted-italian
2026-09-05,Terralina Crafted Italian,Disney Springs,Burrata,Wood-fired Pizza,Lunch; Dinner,"spicy vodka, mozzarella, basil",23.00,disney-springs/terralina-crafted-italian
2026-09-05,Terralina Crafted Italian,Disney Springs,Margherita,Wood-fired Pizza,Lunch; Dinner,"Fresh Mozzarella, Tomato, Basil",19.00,disney-springs/terralina-crafted-italian
2026-09-05,Terralina Crafted Italian,Disney Springs,Hot Honey Pepperoni,Wood-fired Pizza,Lunch; Dinner,"Cupping Pepperoni, Sweet Peppers, Hot Honey, Basil, Parmesan | Traditional Pepperoni $21",23.00,disney-springs/terralina-crafted-italian
2026-09-05,Terralina Crafted Italian,Disney Springs,Prosciutto,Wood-fired Pizza,Lunch; Dinner,"roasted garlic, mozzarella, arugula",22.00,disney-springs/terralina-crafted-italian
2026-09-05,Terralina Crafted Italian,Disney Springs,Pesto,Wood-fired Pizza,Lunch; Dinner,"mozzarella, red onion, cherry tomatoes, balsamic reduction",19.00,disney-springs/terralina-crafted-italian
2026-09-05,Terralina Crafted Italian,Disney Springs,Quattro Formaggi,Wood-fired Pizza,Lunch; Dinner,"mozzarella, gorgonzola, grana padano, herbed ricotta",21.00,disney-springs/terralina-crafted-italian
2026-09-05,Terralina Crafted Italian,Disney Springs,Mushroom Ravioli,Pasta,Lunch; Dinner,"brown butter, marsala, peas, mushrooms, shaved parmesan",29.00,disney-springs/terralina-crafted-italian
2026-09-05,Terralina Crafted Italian,Disney Springs,Rigatoni Bolognese,Pasta,Lunch; Dinner,"Beef & Pork Ragu, Tomato Cream",31.00,disney-springs/terralina-crafted-italian
2026-09-05,Terralina Crafted Italian,Disney Springs,Mushroom Risotto,Pasta,Lunch; Dinner,"arborio rice, truffle oil, shaved parmesan, balsamic reduction",30.00,disney-springs/terralina-crafted-italian
2026-09-05,Terralina Crafted Italian,Disney Springs,Potato Gnocchi,Pasta,Lunch; Dinner,nonna's Pork Ragu,30.00,disney-springs/terralina-crafted-italian
2026-09-05,Terralina Crafted Italian,Disney Springs,House-made Lasagna,Pasta,Lunch; Dinner,"Spinach, Ricotta, Mozzarella, Pecorino, Tomato Sauce, Basil. Add Meat Sauce $30",27.00,disney-springs/terralina-crafted-italian
2026-09-05,Terralina Crafted Italian,Disney Springs,Spaghetti & Meatballs,Pasta,Lunch; Dinner,"Tomato, Basil, Garlic",29.00,disney-springs/terralina-crafted-italian
2026-09-05,Terralina Crafted Italian,Disney Springs,Terralina Fettuccine Alfredo,Pasta,Lunch; Dinner,"Chicken, Sun-dried Tomato, Peas | Substitute Shrimp $34",30.00,disney-springs/terralina-crafted-italian
2026-09-05,Terralina Crafted Italian,Disney Springs,Shrimp Scampi Fettuccini,Pasta,Lunch; Dinner,"lemon butter, white wine, parsley, sun-dried tomato, toasted garlic",34.00,disney-springs/terralina-crafted-italian
2026-09-05,Terralina Crafted Italian,Disney Springs,Seafood Fettuccini,Pasta,Lunch; Dinner,"mussels, shrimp, market fish, spicy tomato broth, lemon",36.00,disney-springs/terralina-crafted-italian
2026-09-05,Terralina Crafted Italian,Disney Springs,Chicken Parmesan,Classics,Lunch; Dinner,"Crispy Chicken Cutlet, Spaghetti Pomodoro",32.00,disney-springs/terralina-crafted-italian
2026-09-05,Terralina Crafted Italian,Disney Springs,Eggplant Parmesan,Classics,Lunch; Dinner,"Crispy Breaded Eggplant, Spaghetti Pomodoro",28.00,disney-springs/terralina-crafted-italian
2026-09-05,Terralina Crafted Italian,Disney Springs,Parmesan Duo,Classics,Lunch; Dinner,"Chicken & Eggplant Parmesan, Spaghetti Pomodoro",30.00,disney-springs/terralina-crafted-italian
2026-09-05,Terralina Crafted Italian,Disney Springs,Italian Grinder,Classics,Lunch; Dinner,"basil pesto, spicy capicola ham, pepperoni, roasted red peppers, mozzarella, tomato, arugula, balsamic reduction, housemade potato chips. Substitute a caesar salad for $5 or french fries for $4",22.00,disney-springs/terralina-crafted-italian
2026-09-05,Terralina Crafted Italian,Disney Springs,Chicken Parmesan Sandwich,Classics,Lunch; Dinner,"basil pesto aioli, housemade potato chips. Substitute a caesar salad for $5 or french fries for $4",19.00,disney-springs/terralina-crafted-italian
2026-09-05,Terralina Crafted Italian,Disney Springs,Mahi Peperonatta,From the Grill,Lunch; Dinner,"Creamy Polenta, Roasted Peppers, Capers, Onion, Lemon Zest, Tomato and Fennel Salad, fresh Herbs",38.00,disney-springs/terralina-crafted-italian
2026-09-05,Terralina Crafted Italian,Disney Springs,Flat Iron Steak*,From the Grill,Lunch; Dinner,"served sliced, crispy mashed potatoes, grilled broccolini, garlic & lemon gremolata",45.00,disney-springs/terralina-crafted-italian
2026-09-05,Terralina Crafted Italian,Disney Springs,Salmon*,From the Grill,Lunch; Dinner,"crispy mashed potatoes, garlic spinach, olive tapenade",35.00,disney-springs/terralina-crafted-italian
2026-09-05,Terralina Crafted Italian,Disney Springs,Artichoke Chicken*,From the Grill,Lunch; Dinner,"Creamy Mashed Potatoes, Asparagus, lemon-artichoke cream sauce",32.00,disney-springs/terralina-crafted-italian
2026-09-05,Terralina Crafted Italian,Disney Springs,Grilled Broccolini,Sides,Lunch; Dinner,,10.00,disney-springs/terralina-crafted-italian
2026-09-05,Terralina Crafted Italian,Disney Springs,Sauteed Broccoli,Sides,Lunch; Dinner,,10.00,disney-springs/terralina-crafted-italian
2026-09-05,Terralina Crafted Italian,Disney Springs,Grilled Asparagus,Sides,Lunch; Dinner,,10.00,disney-springs/terralina-crafted-italian
2026-09-05,Terralina Crafted Italian,Disney Springs,Crispy Mashed Potatoes,Sides,Lunch; Dinner,,10.00,disney-springs/terralina-crafted-italian
2026-09-05,Terralina Crafted Italian,Disney Springs,Creamy Polenta,Sides,Lunch; Dinner,,10.00,disney-springs/terralina-crafted-italian
2026-09-05,Terralina Crafted Italian,Disney Springs,Meatball,Add-ons,Lunch; Dinner,,6.00,disney-springs/terralina-crafted-italian
2026-09-05,Terralina Crafted Italian,Disney Springs,Chicken,Add-ons,Lunch; Dinner,,10.00,disney-springs/terralina-crafted-italian
2026-09-05,Terralina Crafted Italian,Disney Springs,Shrimp,Add-ons,Lunch; Dinner,,12.00,disney-springs/terralina-crafted-italian
2026-09-05,Terralina Crafted Italian,Disney Springs,Salmon,Add-ons,Lunch; Dinner,,12.00,disney-springs/terralina-crafted-italian
2026-09-05,Terralina Crafted Italian,Disney Springs,Burrata,Add-ons,Lunch; Dinner,,10.00,disney-springs/terralina-crafted-italian
2026-09-05,Terralina Crafted Italian,Disney Springs,Espresso Crème Brulee,Desserts,Lunch; Dinner,,12.00,disney-springs/terralina-crafted-italian
2026-09-05,Terralina Crafted Italian,Disney Springs,Double Chocolate Cake,Desserts,Lunch; Dinner,"Caramel Sauce, Toffee Crunch, Fresh Berries",14.00,disney-springs/terralina-crafted-italian
2026-09-05,Terralina Crafted Italian,Disney Springs,Seasonal Panna Cotta,Desserts,Lunch; Dinner,Wild Berry Compote,13.00,disney-springs/terralina-crafted-italian
2026-09-05,Terralina Crafted Italian,Disney Springs,Cannoli,Desserts,Lunch; Dinner,"Chocolate Chips, Toffee Crunch",12.00,disney-springs/terralina-crafted-italian
2026-09-05,Terralina Crafted Italian,Disney Springs,Tiramisu,Desserts,Lunch; Dinner,"Espresso soaked Lady Fingers, Coffee Liqueur, Mascarpone, Cocoa, Fresh Berries",14.00,disney-springs/terralina-crafted-italian
2026-09-05,Terralina Crafted Italian,Disney Springs,Ice Cream,Desserts,Lunch; Dinner,Vanilla or Chocolate,8.00,disney-springs/terralina-crafted-italian
2026-09-05,Terralina Crafted Italian,Disney Springs,Sorbet,Desserts,Lunch; Dinner,seasonal selection,8.00,disney-springs/terralina-crafted-italian
2026-09-05,Terralina Crafted Italian,Disney Springs,Kid's Spaghetti with Tomato Sauce,Kids' Entrées,Lunch; Dinner,,8.00,disney-springs/terralina-crafted-italian
2026-09-05,Terralina Crafted Italian,Disney Springs,Kid's Spaghetti with Meat Sauce,Kids' Entrées,Lunch; Dinner,,10.00,disney-springs/terralina-crafted-italian
2026-09-05,Terralina Crafted Italian,Disney Springs,Kid's Spaghetti with Meatball,Kids' Entrées,Lunch; Dinner,,10.00,disney-springs/terralina-crafted-italian
2026-09-05,Terralina Crafted Italian,Disney Springs,Mac & Cheese,Kids' Entrées,Lunch; Dinner,Creamy Cheddar,10.00,disney-springs/terralina-crafted-italian
2026-09-05,Terralina Crafted Italian,Disney Springs,Cheeseburger,Kids' Entrées,Lunch; Dinner,"Accompanied by your choice of Applesauce, fresh Fruit, Seasonal Vegetables, or French Fries",10.00,disney-springs/terralina-crafted-italian
2026-09-05,Terralina Crafted Italian,Disney Springs,Chicken Fingers,Kids' Entrées,Lunch; Dinner,"Accompanied by your choice of Applesauce, fresh Fruit, Seasonal Vegetables, or French Fries",10.00,disney-springs/terralina-crafted-italian
2026-09-05,Terralina Crafted Italian,Disney Springs,Hot Dog,Kids' Entrées,Lunch; Dinner,"Accompanied by your choice of Applesauce, fresh Fruit, Seasonal Vegetables, or French Fries",10.00,disney-springs/terralina-crafted-italian
2026-09-05,Terralina Crafted Italian,Disney Springs,Grilled Chicken,Kids' Entrées,Lunch; Dinner,"Accompanied by your choice of Applesauce, fresh Fruit, Seasonal Vegetables, or French Fries",12.00,disney-springs/terralina-crafted-italian
2026-09-05,Terralina Crafted Italian,Disney Springs,Grilled Fresh Fish,Kids' Entrées,Lunch; Dinner,"Accompanied by your choice of Applesauce, fresh Fruit, Seasonal Vegetables, or French Fries",13.00,disney-springs/terralina-crafted-italian
2026-09-05,Terralina Crafted Italian,Disney Springs,Fried Cheese Ravioli,Kids' Entrées,Lunch; Dinner,with Tomato Sauce,10.00,disney-springs/terralina-crafted-italian
2026-09-05,Terralina Crafted Italian,Disney Springs,Cheese Pizza,Kids' Entrées,Lunch; Dinner,Mozzarella and Tomato Sauce,10.00,disney-springs/terralina-crafted-italian
2026-09-05,Terralina Crafted Italian,Disney Springs,Pepperoni Pizza,Kids' Entrées,Lunch; Dinner,"Mozzarella, Pepperoni, and Tomato Sauce",11.00,disney-springs/terralina-crafted-italian
2026-09-05,Terralina Crafted Italian,Disney Springs,Fresh Fruit,Kids' Desserts,Lunch; Dinner,,6.00,disney-springs/terralina-crafted-italian
2026-09-05,Terralina Crafted Italian,Disney Springs,Sorbet,Kids' Desserts,Lunch; Dinner,,6.00,disney-springs/terralina-crafted-italian
2026-09-05,Terralina Crafted Italian,Disney Springs,Sundae,Kids' Desserts,Lunch; Dinner,"choice of gelato, chocolate sauce, whipped cream, cherry",8.00,disney-springs/terralina-crafted-italian
2026-09-05,Terralina Crafted Italian,Disney Springs,Limoncello Mojito,Cocktails,Lunch; Dinner,"Limoncello, Muddled Mint, Simple Syrup",17.00,disney-springs/terralina-crafted-italian
2026-09-05,Terralina Crafted Italian,Disney Springs,Dolce Vita,Cocktails,Lunch; Dinner,"Chinola Passion Fruit, Passoa Passion Fruit, Bacardi Limon, Sprite, lemon",17.50,disney-springs/terralina-crafted-italian
2026-09-05,Terralina Crafted Italian,Disney Springs,Italian Margarita,Cocktails,Lunch; Dinner,"Cimarron Tequila, Amaretto, Lime",17.50,disney-springs/terralina-crafted-italian
2026-09-05,Terralina Crafted Italian,Disney Springs,Mediterranean Martini,Cocktails,Lunch; Dinner,"Malfy Limone Gin, Elderflower, Lemon, Simple Syrup",18.00,disney-springs/terralina-crafted-italian
2026-09-05,Terralina Crafted Italian,Disney Springs,Twisted Gimlet,Cocktails,Lunch; Dinner,"Stoli Blueberry Vodka, Malfy Gin, Mint, Cucumber, Lime",17.50,disney-springs/terralina-crafted-italian
2026-09-05,Terralina Crafted Italian,Disney Springs,Negroni,Cocktails,Lunch; Dinner,"Malfy gin, Aperitivo, Cocchi vermouth di Torino, Orange",18.00,disney-springs/terralina-crafted-italian
2026-09-05,Terralina Crafted Italian,Disney Springs,Revered Heritage,Cocktails,Lunch; Dinner,"Rough Rider double cask bourbon, Cardamaro, Cocchi Vermouth di Torino, teapot Bitters and Bourbon Cherry",18.50,disney-springs/terralina-crafted-italian
2026-09-05,Terralina Crafted Italian,Disney Springs,Paloma,Cocktails,Lunch; Dinner,"Cimmaron Tequila, Grapefruit Soda and Lime",17.50,disney-springs/terralina-crafted-italian
2026-09-05,Terralina Crafted Italian,Disney Springs,Sangria,Cocktails,Lunch; Dinner,Red or White,60.00,disney-springs/terralina-crafted-italian
2026-09-05,Terralina Crafted Italian,Disney Springs,Hugo - Elderflower & Lemon,Bottled Spritz,Lunch; Dinner,Serves 4 | Glass 17 | Flight 25,60.00,disney-springs/terralina-crafted-italian
2026-09-05,Terralina Crafted Italian,Disney Springs,Classico - Aperitivo,Bottled Spritz,Lunch; Dinner,Serves 4 | Glass 17 | Flight 25,60.00,disney-springs/terralina-crafted-italian
2026-09-05,Terralina Crafted Italian,Disney Springs,Rosa - Grapefruit,Bottled Spritz,Lunch; Dinner,Serves 4 | Glass 17 | Flight 25,60.00,disney-springs/terralina-crafted-italian
2026-09-05,Terralina Crafted Italian,Disney Springs,Passion Fruit No-Jito,Beverages,Lunch; Dinner,"Passion Fruit, Lime, Mint and Simple Syrup",12.00,disney-springs/terralina-crafted-italian
2026-09-05,Terralina Crafted Italian,Disney Springs,Sunlight on the Riviera,Beverages,Lunch; Dinner,"blend of Orange, Pineapple, Passion Fruit and Grapefruit juices",13.00,disney-springs/terralina-crafted-italian
2026-09-05,Terralina Crafted Italian,Disney Springs,Terralina Lemonade,Beverages,Lunch; Dinner,"strawberry, passion fruit, mango or peach",11.00,disney-springs/terralina-crafted-italian
2026-09-05,Terralina Crafted Italian,Disney Springs,Orange Dream,Beverages,Lunch; Dinner,"Fanta Orange, vanilla, cream",13.00,disney-springs/terralina-crafted-italian
2026-09-05,Terralina Crafted Italian,Disney Springs,Hank's Root Beer,Beverages,Lunch; Dinner,,9.00,disney-springs/terralina-crafted-italian
2026-09-05,Terralina Crafted Italian,Disney Springs,Q Spectacular Grapefruit Soda,Beverages,Lunch; Dinner,,9.00,disney-springs/terralina-crafted-italian
2026-09-05,Terralina Crafted Italian,Disney Springs,Q Spectacular Ginger Beer,Beverages,Lunch; Dinner,,9.00,disney-springs/terralina-crafted-italian
2026-09-05,Terralina Crafted Italian,Disney Springs,Bottled Water,Beverages,Lunch; Dinner,"Sparkling - Pellegrino, Still - Acqua Panna",9.00,disney-springs/terralina-crafted-italian
2026-09-05,Terralina Crafted Italian,Disney Springs,100% Natural Italian Cola (11.5 oz),Beverages,Lunch; Dinner,,10.00,disney-springs/terralina-crafted-italian
2026-09-05,Terralina Crafted Italian,Disney Springs,Unsweetened Citrus Iced Tea,Beverages,Lunch; Dinner,,5.50,disney-springs/terralina-crafted-italian
2026-09-05,Terralina Crafted Italian,Disney Springs,Soft Drinks,Beverages,Lunch; Dinner,"Coke, Diet Coke, Sprite, Ginger Ale, Sweet Tea, Fanta Orange, Lemonade",5.50,disney-springs/terralina-crafted-italian
2026-09-05,Terralina Crafted Italian,Disney Springs,Juice,Beverages,Lunch; Dinner,"Apple, Cranberry, Grapefruit, Orange or Pineapple",6.50,disney-springs/terralina-crafted-italian
2026-09-05,Terralina Crafted Italian,Disney Springs,Domestic Beer,Beer Selections,Lunch; Dinner,"Bud Light, Miller Lite, Coors Light, Michelob Ultra, Sam Adams, or Budweiser Zero N/A",9.00,disney-springs/terralina-crafted-italian
2026-09-05,Terralina Crafted Italian,Disney Springs,Imported Beer,Beer Selections,Lunch; Dinner,"Peroni, Menabrea Bionda, Heineken, Corona Extra, Modelo Especial, or Stella Artois",10.00,disney-springs/terralina-crafted-italian
2026-09-05,Terralina Crafted Italian,Disney Springs,"Lagunitas IPA - Petaluma, CA",Beer Selections,Lunch; Dinner,,11.00,disney-springs/terralina-crafted-italian
2026-09-05,Terralina Crafted Italian,Disney Springs,"Fat Tire Amber Ale - Fort Collins, CO",Beer Selections,Lunch; Dinner,,11.00,disney-springs/terralina-crafted-italian
2026-09-05,Terralina Crafted Italian,Disney Springs,"Breckenridge Vanilla Porter - Littleton, CO",Beer Selections,Lunch; Dinner,,11.00,disney-springs/terralina-crafted-italian
2026-09-05,Terralina Crafted Italian,Disney Springs,"Allagash White Belgian-Style Wheat, Portland, ME",Beer Selections,Lunch; Dinner,,11.00,disney-springs/terralina-crafted-italian
2026-09-05,Terralina Crafted Italian,Disney Springs,"Crooked Can High Stepper American IPA - Winter Garden, FL",Beer Selections,Lunch; Dinner,,11.00,disney-springs/terralina-crafted-italian
2026-09-05,Terralina Crafted Italian,Disney Springs,"Sierra Nevada Hazy Little Thing IPA - Chico, CA",Beer Selections,Lunch; Dinner,,11.00,disney-springs/terralina-crafted-italian
2026-09-05,Terralina Crafted Italian,Disney Springs,"Del Ducato Torrente - Parm, Italy",Beer Selections,Lunch; Dinner,,15.00,disney-springs/terralina-crafted-italian
2026-09-05,Terralina Crafted Italian,Disney Springs,"Baladin Wayan - Piemonte, Italy",Beer Selections,Lunch; Dinner,,15.00,disney-springs/terralina-crafted-italian
2026-09-05,Terralina Crafted Italian,Disney Springs,"Baladin Nazionale - Piemonte, Italy",Beer Selections,Lunch; Dinner,,15.00,disney-springs/terralina-crafted-italian
2026-09-05,Terralina Crafted Italian,Disney Springs,High Noon,Beer Selections,Lunch; Dinner,"Peach, Pineapple, Watermelon",11.00,disney-springs/terralina-crafted-italian
2026-09-05,Terralina Crafted Italian,Disney Springs,Angry Orchard Cider,Beer Selections,Lunch; Dinner,,10.00,disney-springs/terralina-crafted-italian
2026-09-05,The Basket at Wine Bar George,Disney Springs,Wake Up Call,Featured Alcoholic Beverage,Brunch; Lunch And Dinner,espresso-infused pisco / espresso liqueur,18.00,disney-springs/the-basket
2026-09-05,The Basket at Wine Bar George,Disney Springs,French Fries,Bites To-Go,Brunch; Lunch And Dinner,Plain or Queso,10.00,disney-springs/the-basket
2026-09-05,The Basket at Wine Bar George,Disney Springs,Porchetta Sandwich,Bites To-Go,Brunch; Lunch And Dinner,onion aioli / lettuce / fried prosciutto,12.00,disney-springs/the-basket
2026-09-05,The Basket at Wine Bar George,Disney Springs,House-made Hummus,Bites To-Go,Brunch; Lunch And Dinner,cucumber / olive oil / naan bread / chipotle,14.00,disney-springs/the-basket
2026-09-05,The Basket at Wine Bar George,Disney Springs,Landjäger,Bites To-Go,Brunch; Lunch And Dinner,"World‘s Best Jerky, German Style",5.00,disney-springs/the-basket
2026-09-05,The Basket at Wine Bar George,Disney Springs,Crispy Mac & Cheese Bites,Bites To-Go,Brunch; Lunch And Dinner,tomato nage / pecorino,16.00,disney-springs/the-basket
2026-09-05,The Basket at Wine Bar George,Disney Springs,Seasonal Hand Pie,Bites To-Go,Brunch; Lunch And Dinner,Savory chef inspired filling,10.00,disney-springs/the-basket
2026-09-05,The Basket at Wine Bar George,Disney Springs,House-Made Meatballs,Bites To-Go,Brunch; Lunch And Dinner,triple cheese polenta / tomato sauce,16.00,disney-springs/the-basket
2026-09-05,The Basket at Wine Bar George,Disney Springs,Millionaire’s Shortbread,Bites To-Go,Brunch; Lunch And Dinner,buttery shortbread / caramel / dark chocolate,8.00,disney-springs/the-basket
2026-09-05,The Basket at Wine Bar George,Disney Springs,Cheese & Meat Box,Bites To-Go,Brunch; Lunch And Dinner,two artisanal cheeses and two craft cheeses,19.00,disney-springs/the-basket
2026-09-05,The Basket at Wine Bar George,Disney Springs,Jar of Bacon Pepper Relish,Bites To-Go,Brunch; Lunch And Dinner,,8.00,disney-springs/the-basket
2026-09-05,The Basket at Wine Bar George,Disney Springs,Key Lime Pie,Sweets,Brunch; Lunch And Dinner,A Florida favorite,8.00,disney-springs/the-basket
2026-09-05,The Basket at Wine Bar George,Disney Springs,Olive Oil Cake,Sweets,Brunch; Lunch And Dinner,"candied olives, lemon mascarpone",8.00,disney-springs/the-basket
2026-09-05,The Basket at Wine Bar George,Disney Springs,Chocolate Almond Tart,Sweets,Brunch; Lunch And Dinner,chocolate ganache / green chartreuse,9.00,disney-springs/the-basket
2026-09-05,The Basket at Wine Bar George,Disney Springs,Frozcato made with DOLE WHIP® Pineapple,Frozen,Brunch; Lunch And Dinner,Moscato / Vodka / Pineapple,15.00,disney-springs/the-basket
2026-09-05,The Basket at Wine Bar George,Disney Springs,Frosé,Frozen,Brunch; Lunch And Dinner,Rosé / Vodka / Strawberry,15.00,disney-springs/the-basket
2026-09-05,The Basket at Wine Bar George,Disney Springs,Frozen Old Fashioned made with DOLE Whip® Orange,Frozen,Brunch; Lunch And Dinner,George Dickel 8-year-old Bourbon,15.00,disney-springs/the-basket
2026-09-05,The Basket at Wine Bar George,Disney Springs,Freaujolais,Frozen,Brunch; Lunch And Dinner,Beaujolais / Vodka / Raspberry,15.00,disney-springs/the-basket
2026-09-05,The Basket at Wine Bar George,Disney Springs,Jorge’s Red Sangria,Cocktails,Brunch; Lunch And Dinner,Ordóñez Family Secret Recipe,16.00,disney-springs/the-basket
2026-09-05,The Basket at Wine Bar George,Disney Springs,Wake Up Call,Cocktails,Brunch; Lunch And Dinner,espresso-infused pisco / espresso liqueur,18.00,disney-springs/the-basket
2026-09-05,The Basket at Wine Bar George,Disney Springs,American 75,Cocktails,Brunch; Lunch And Dinner,gin / sparkling wine / lemon,16.00,disney-springs/the-basket
2026-09-05,The Basket at Wine Bar George,Disney Springs,Wine Bar George Old Fashioned,Cocktails,Brunch; Lunch And Dinner,Hooten Young American Whiskey / Aromatic and Orange Bitters,18.00,disney-springs/the-basket
2026-09-05,The Basket at Wine Bar George,Disney Springs,Remember Me Tomorrow,Cocktails,Brunch; Lunch And Dinner,beet-infused rum / lime,18.00,disney-springs/the-basket
2026-09-05,The Basket at Wine Bar George,Disney Springs,Layover in Glasgow,Cocktails,Brunch; Lunch And Dinner,scotch / aperol / spiced pear liqueur / lemon,18.00,disney-springs/the-basket
2026-09-05,The Basket at Wine Bar George,Disney Springs,Wabbit Season,Cocktails,Brunch; Lunch And Dinner,tequila / carrot / nonino / lemon / sage,18.00,disney-springs/the-basket
2026-09-05,The Basket at Wine Bar George,Disney Springs,"Honestly, Not for Everyone",Cocktails,Brunch; Lunch And Dinner,black garlic - infused gin / bergamot liqueur,18.00,disney-springs/the-basket
2026-09-05,The Basket at Wine Bar George,Disney Springs,Curacao Cookie,Cocktails,Brunch; Lunch And Dinner,cognac / curacao / madeira / jaggery / orange,18.00,disney-springs/the-basket
2026-09-05,The Basket at Wine Bar George,Disney Springs,"Vezzi, Barbera",Wine on Tap,Brunch; Lunch And Dinner,"Piedmont, Italy ‘18",9.00,disney-springs/the-basket
2026-09-05,The Basket at Wine Bar George,Disney Springs,"Trefethen, Chardonnay",Wine on Tap,Brunch; Lunch And Dinner,Oak Knoll District Napa Valley California ‘18,14.00,disney-springs/the-basket
2026-09-05,The Basket at Wine Bar George,Disney Springs,"Sabine, Rosé",Wine on Tap,Brunch; Lunch And Dinner,"Provence, France ‘20",9.00,disney-springs/the-basket
2026-09-05,The Basket at Wine Bar George,Disney Springs,Eric Bordelet Sidre Brut,Beer and Cider,Brunch; Lunch And Dinner,"Sparkling Dry Cider | 6 oz pour, 6.5% abv, Charchigne, France",10.00,disney-springs/the-basket
2026-09-05,The Basket at Wine Bar George,Disney Springs,Stiegl Radler,Beer and Cider,Brunch; Lunch And Dinner,"Grapefruit Radler| 16 oz can, 2% abv, Waunakee, Wisconsin",16.00,disney-springs/the-basket
2026-09-05,The Basket at Wine Bar George,Disney Springs,Von Trapp Helles,Beer and Cider,Brunch; Lunch And Dinner,"Golden Lager | 12 oz, 4.9% abv, Stowe, Vermont",12.00,disney-springs/the-basket
2026-09-05,The Basket at Wine Bar George,Disney Springs,Untitled Arts Brewing NA,Beer and Cider,Brunch; Lunch And Dinner,"Italian Style Pilsner | 12 oz can, 0.5% abv, Waunakee, Wisconsin",12.00,disney-springs/the-basket
2026-09-05,The Basket at Wine Bar George,Disney Springs,Rotating Sour,Beer and Cider,Brunch; Lunch And Dinner,Hand selected seasonal sour,16.00,disney-springs/the-basket
2026-09-05,The Basket at Wine Bar George,Disney Springs,Orgeat Lemonade,Mocktails,Brunch; Lunch And Dinner,orgeat / lemon,10.00,disney-springs/the-basket
2026-09-05,The Basket at Wine Bar George,Disney Springs,Cherry Smash,Mocktails,Brunch; Lunch And Dinner,cherry / lime / soda,10.00,disney-springs/the-basket
2026-09-05,Vivoli il Gelato,Disney Springs,Kids Cup,Gelato and Sorbetto,Snack,,6.95,disney-springs/vivoli-il-gelato
2026-09-05,Vivoli il Gelato,Disney Springs,One Scoop Cup,Gelato and Sorbetto,Snack,,7.95,disney-springs/vivoli-il-gelato
2026-09-05,Vivoli il Gelato,Disney Springs,Two Scoops Cup,Gelato and Sorbetto,Snack,,9.95,disney-springs/vivoli-il-gelato
2026-09-05,Vivoli il Gelato,Disney Springs,Toppings,Gelato and Sorbetto,Snack,,1.50,disney-springs/vivoli-il-gelato
2026-09-05,Vivoli il Gelato,Disney Springs,Waffle Cone,Gelato and Sorbetto,Snack,,2.00,disney-springs/vivoli-il-gelato
2026-09-05,Vivoli il Gelato,Disney Springs,Waffle Boat,Gelato and Sorbetto,Snack,,2.50,disney-springs/vivoli-il-gelato
2026-09-05,Vivoli il Gelato,Disney Springs,Original Affogato,Affogato,Snack,Crema gelato with a shot of espresso,10.50,disney-springs/vivoli-il-gelato
2026-09-05,Vivoli il Gelato,Disney Springs,Pistachio Affogato,Affogato,Snack,Pistachio gelato with a shot of espresso and chopped pistachios,11.50,disney-springs/vivoli-il-gelato
2026-09-05,Vivoli il Gelato,Disney Springs,Cannoli Affogato,Affogato,Snack,Cannoli gelato with a shot of espresso and chopped pistachios,11.50,disney-springs/vivoli-il-gelato
2026-09-05,Vivoli il Gelato,Disney Springs,Biscoff Affogato,Affogato,Snack,"Biscoff gelato, Espresso and Biscoff cookie crumbles",11.00,disney-springs/vivoli-il-gelato
2026-09-05,Vivoli il Gelato,Disney Springs,Pumpkin Spice Affogato,Affogato,Snack,"pumpkin gelato, shot of espresso, and brown sugar",11.50,disney-springs/vivoli-il-gelato
2026-09-05,Vivoli il Gelato,Disney Springs,Build Your Own Shake,Milkshakes (Split Shake $2.00),Snack,"Up to two flavors of gelato, milk, whipped cream",11.50,disney-springs/vivoli-il-gelato
2026-09-05,Vivoli il Gelato,Disney Springs,Mint Cookies and Cream Shake,Milkshakes (Split Shake $2.00),Snack,"Mint chocolate chip and cookies and cream gelato, with chocolate sauce and whipped cream",13.00,disney-springs/vivoli-il-gelato
2026-09-05,Vivoli il Gelato,Disney Springs,Spiked Pink Lemonade,Milkshakes (Split Shake $2.00),Snack,"Lemon Sorbetto, with Sun Cruiser Iced Tea Vodka",12.50,disney-springs/vivoli-il-gelato
2026-09-05,Vivoli il Gelato,Disney Springs,Java Chip,Milkshakes (Split Shake $2.00),Snack,"Coffee and chocolate chip gelato, chocolate sauce, and chocolate chips",13.00,disney-springs/vivoli-il-gelato
2026-09-05,Vivoli il Gelato,Disney Springs,Cake Batter,Milkshakes (Split Shake $2.00),Snack,"Cake Batter gelato, whipped cream and sprinkles",13.00,disney-springs/vivoli-il-gelato
2026-09-05,Vivoli il Gelato,Disney Springs,Werewolf Shake,Milkshakes (Split Shake $2.00),Snack,"Chocolate and Vanilla gelato, chocolate sauce, whipped cream and chocolate chips",13.25,disney-springs/vivoli-il-gelato
2026-09-05,Vivoli il Gelato,Disney Springs,Gremlin Shake,Milkshakes (Split Shake $2.00),Snack,"Mint chocolate chip gelato, chocolate sauce, whipped cream and chocolate chips",13.25,disney-springs/vivoli-il-gelato
2026-09-05,Vivoli il Gelato,Disney Springs,Frosé Sorbetto (21+),Vivoli 21+ ,Snack,A sorbetto made with strawberries and prosecco | Add Prosecco $5,8.25,disney-springs/vivoli-il-gelato
2026-09-05,Vivoli il Gelato,Disney Springs,Lemoncello Spritz  (21+),Vivoli 21+ ,Snack,"Lemon sorbetto and lemoncello prosecco, and Sprite",13.25,disney-springs/vivoli-il-gelato
2026-09-05,Vivoli il Gelato,Disney Springs,Bellini (21+),Vivoli 21+ ,Snack,"White Peach sorbetto, Cipriani Bellini Prosecco",13.25,disney-springs/vivoli-il-gelato
2026-09-05,Vivoli il Gelato,Disney Springs,Spiked Pink Lemonade,Vivoli 21+ ,Snack,"Lemon Sorbetto, with Sun Cruiser Iced Tea Vodka",12.50,disney-springs/vivoli-il-gelato
2026-09-05,Vivoli il Gelato,Disney Springs,Espresso Martini,Vivoli 21+ ,Snack,Vanilla gelato with espresso martini cocktail wine,13.25,disney-springs/vivoli-il-gelato
2026-09-05,Vivoli il Gelato,Disney Springs,Blueberry Spritz (21+),Vivoli 21+ ,Snack,"Blueberry Sorbetto, Prosecco, and Sprite",13.25,disney-springs/vivoli-il-gelato
2026-09-05,Vivoli il Gelato,Disney Springs,Guava Spritz  (21+),Vivoli 21+ ,Snack,Guava sorbetto and prosecco,13.25,disney-springs/vivoli-il-gelato
2026-09-05,Vivoli il Gelato,Disney Springs,Signature Cannoli,Pastries,Snack,Sweet ricotta cream topped with chocolate chips or pistachios,8.25,disney-springs/vivoli-il-gelato
2026-09-05,Vivoli il Gelato,Disney Springs,Dubai Chocolate Cannoli,Pastries,Snack,Sweet ricotta cream with pistachio and katif in a chocolate pastry shell,8.50,disney-springs/vivoli-il-gelato
2026-09-05,Vivoli il Gelato,Disney Springs,Tiramisu,Pastries,Snack,Mascarpone cream with layers of coffee-soaked lady fingers,10.50,disney-springs/vivoli-il-gelato
2026-09-05,Vivoli il Gelato,Disney Springs,Bomboloni,Pastries,Snack,"an Italian donut plain, Nutella, or Raspberry",5.99,disney-springs/vivoli-il-gelato
2026-09-05,Vivoli il Gelato,Disney Springs,Croissant,Pastries,Snack,"Plain, Nutella, Almond, Pistachio",5.99,disney-springs/vivoli-il-gelato
2026-09-05,Vivoli il Gelato,Disney Springs,Biscotti,Pastries,Snack,"Almond, Pistachio, and Lemon",4.25,disney-springs/vivoli-il-gelato
2026-09-05,Vivoli il Gelato,Disney Springs,Sea Salt Macadamia Cannoli,Pastries,Snack,Sea Salt Macadamia Cannoli cream topped with chopped macadamia nuts,8.50,disney-springs/vivoli-il-gelato
2026-09-05,Vivoli il Gelato,Disney Springs,Pumpkin Cannoli,Pastries,Snack,Ricotta and mascarpone cream with pumpkin and brown sugar,8.50,disney-springs/vivoli-il-gelato
2026-09-05,Vivoli il Gelato,Disney Springs,Oreo Tiramisu,Pastries,Snack,Mascarpone cream with layers of coffee soaked Oreos,13.25,disney-springs/vivoli-il-gelato
2026-09-05,Vivoli il Gelato,Disney Springs,Espresso,Cafè,Snack,,4.00,disney-springs/vivoli-il-gelato
2026-09-05,Vivoli il Gelato,Disney Springs,Double Espresso,Cafè,Snack,,5.00,disney-springs/vivoli-il-gelato
2026-09-05,Vivoli il Gelato,Disney Springs,Cappuccino,Cafè,Snack,,6.00,disney-springs/vivoli-il-gelato
2026-09-05,Vivoli il Gelato,Disney Springs,Café Latte,Cafè,Snack,,6.00,disney-springs/vivoli-il-gelato
2026-09-05,Vivoli il Gelato,Disney Springs,Americano,Cafè,Snack,,4.00,disney-springs/vivoli-il-gelato
2026-09-05,Vivoli il Gelato,Disney Springs,Hot Tea,Cafè,Snack,,4.00,disney-springs/vivoli-il-gelato
2026-09-05,Vivoli il Gelato,Disney Springs,Shaken Affogato,Cafè,Snack,"Cream Custard Gelato, Espresso, and Milk over Ice",11.50,disney-springs/vivoli-il-gelato
2026-09-05,Vivoli il Gelato,Disney Springs,Cup of Milk,Beverages,Snack,,4.00,disney-springs/vivoli-il-gelato
2026-09-05,Vivoli il Gelato,Disney Springs,DASANI®,Beverages,Snack,,5.00,disney-springs/vivoli-il-gelato
2026-09-05,Vivoli il Gelato,Disney Springs,Bottled Beverages,Beverages,Snack,,5.50,disney-springs/vivoli-il-gelato
2026-09-05,Wetzel's Pretzels Kiosk at Disney Springs Marketplace,Disney Springs,Original Pretzel,Pretzels,Snack,,7.50,disney-springs/wetzels-pretzels
2026-09-05,Wetzel's Pretzels Kiosk at Disney Springs Marketplace,Disney Springs,Flavored Pretzel,Pretzels,Snack,Sinful Cinnamon ∙ Almond Crunch,8.50,disney-springs/wetzels-pretzels
2026-09-05,Wetzel's Pretzels Kiosk at Disney Springs Marketplace,Disney Springs,Baked Cheese Pretzel,Pretzels,Snack,Cheese Meltdown ∙ Pepperoni Twist ∙ Jalaroni ∙ Jalapeño Cheese,9.50,disney-springs/wetzels-pretzels
2026-09-05,Wetzel's Pretzels Kiosk at Disney Springs Marketplace,Disney Springs,Wetzel Bitz,Pretzels,Snack,,9.50,disney-springs/wetzels-pretzels
2026-09-05,Wetzel's Pretzels Kiosk at Disney Springs Marketplace,Disney Springs,Gourmet Bitz,Pretzels,Snack,Sinful Cinnamon ∙ Almond Crunch,10.50,disney-springs/wetzels-pretzels
2026-09-05,Wetzel's Pretzels Kiosk at Disney Springs Marketplace,Disney Springs,Pizza Bitz,Pretzels,Snack,,10.50,disney-springs/wetzels-pretzels
2026-09-05,Wetzel's Pretzels Kiosk at Disney Springs Marketplace,Disney Springs,Pretzel Dip,Pretzels,Snack,Cheddar Cheese ∙ Jalapeño Cheese ∙ Sweet Caramel ∙ Pizza Sauce ∙ Sweet Glaze ∙ Cream Cheese,2.50,disney-springs/wetzels-pretzels
2026-09-05,Wetzel's Pretzels Kiosk at Disney Springs Marketplace,Disney Springs,Wetzel Dog,Pretzels,Snack,,9.00,disney-springs/wetzels-pretzels
2026-09-05,Wetzel's Pretzels Kiosk at Disney Springs Marketplace,Disney Springs,Cheese Dog,Pretzels,Snack,,10.00,disney-springs/wetzels-pretzels
2026-09-05,Wetzel's Pretzels Kiosk at Disney Springs Marketplace,Disney Springs,Cheesy Dog Bites,Pretzels,Snack,,11.50,disney-springs/wetzels-pretzels
2026-09-05,Wetzel's Pretzels Kiosk at Disney Springs Marketplace,Disney Springs,Dog Bites,Pretzels,Snack,,10.50,disney-springs/wetzels-pretzels
2026-09-05,Wetzel's Pretzels Kiosk at Disney Springs Marketplace,Disney Springs,Fresh Lemonade,Beverages,Snack,Original ∙ Strawberry,7.50,disney-springs/wetzels-pretzels
2026-09-05,Wetzel's Pretzels Kiosk at Disney Springs Marketplace,Disney Springs,Frozen Lemonade,Beverages,Snack,Original ∙ Strawberry,8.50,disney-springs/wetzels-pretzels
2026-09-05,Wetzel's Pretzels Kiosk at Disney Springs Marketplace,Disney Springs,Mango Boba Lemonade,Beverages,Snack,,10.00,disney-springs/wetzels-pretzels
2026-09-05,Wetzel's Pretzels Kiosk at Disney Springs Marketplace,Disney Springs,Frozen Granita,Beverages,Snack,,8.50,disney-springs/wetzels-pretzels
2026-09-05,Wetzel's Pretzels Kiosk at Disney Springs Marketplace,Disney Springs,Soda,Beverages,Snack,,6.00,disney-springs/wetzels-pretzels
2026-09-05,Wetzel's Pretzels Kiosk at Disney Springs Marketplace,Disney Springs,POWERADE®,Beverages,Snack,,5.25,disney-springs/wetzels-pretzels
2026-09-05,Wetzel's Pretzels Kiosk at Disney Springs Marketplace,Disney Springs,Bottled Water,Beverages,Snack,,4.50,disney-springs/wetzels-pretzels
2026-09-05,Wetzel's Pretzels Kiosk at Disney Springs West Side,Disney Springs,Original Pretzel,Pretzels,Snack,,7.50,disney-springs/wetzels-pretzels-west-side
2026-09-05,Wetzel's Pretzels Kiosk at Disney Springs West Side,Disney Springs,Flavored Pretzel,Pretzels,Snack,Sinful Cinnamon ∙ Almond Crunch,8.50,disney-springs/wetzels-pretzels-west-side
2026-09-05,Wetzel's Pretzels Kiosk at Disney Springs West Side,Disney Springs,Baked Cheese Pretzel,Pretzels,Snack,Cheese Meltdown ∙ Pepperoni Twist ∙ Jalaroni ∙ Jalapeño Cheese,9.50,disney-springs/wetzels-pretzels-west-side
2026-09-05,Wetzel's Pretzels Kiosk at Disney Springs West Side,Disney Springs,Wetzel Bitz,Pretzels,Snack,,9.50,disney-springs/wetzels-pretzels-west-side
2026-09-05,Wetzel's Pretzels Kiosk at Disney Springs West Side,Disney Springs,Gourmet Bitz,Pretzels,Snack,Sinful Cinnamon ∙ Almond Crunch,10.50,disney-springs/wetzels-pretzels-west-side
2026-09-05,Wetzel's Pretzels Kiosk at Disney Springs West Side,Disney Springs,Pizza Bitz,Pretzels,Snack,,10.50,disney-springs/wetzels-pretzels-west-side
2026-09-05,Wetzel's Pretzels Kiosk at Disney Springs West Side,Disney Springs,Pretzel Dip,Pretzels,Snack,Cheddar Cheese ∙ Jalapeño Cheese ∙ Sweet Caramel ∙ Pizza Sauce ∙ Sweet Glaze ∙ Cream Cheese,2.50,disney-springs/wetzels-pretzels-west-side
2026-09-05,Wetzel's Pretzels Kiosk at Disney Springs West Side,Disney Springs,Wetzel Dog,Pretzels,Snack,,9.00,disney-springs/wetzels-pretzels-west-side
2026-09-05,Wetzel's Pretzels Kiosk at Disney Springs West Side,Disney Springs,Cheese Dog,Pretzels,Snack,,10.00,disney-springs/wetzels-pretzels-west-side
2026-09-05,Wetzel's Pretzels Kiosk at Disney Springs West Side,Disney Springs,Cheesy Dog Bites,Pretzels,Snack,,11.50,disney-springs/wetzels-pretzels-west-side
2026-09-05,Wetzel's Pretzels Kiosk at Disney Springs West Side,Disney Springs,Dog Bites,Pretzels,Snack,,10.50,disney-springs/wetzels-pretzels-west-side
2026-09-05,Wetzel's Pretzels Kiosk at Disney Springs West Side,Disney Springs,Fresh Lemonade,Beverages,Snack,Original ∙ Strawberry,7.50,disney-springs/wetzels-pretzels-west-side
2026-09-05,Wetzel's Pretzels Kiosk at Disney Springs West Side,Disney Springs,Frozen Lemonade,Beverages,Snack,Original ∙ Strawberry,8.50,disney-springs/wetzels-pretzels-west-side
2026-09-05,Wetzel's Pretzels Kiosk at Disney Springs West Side,Disney Springs,Mango Boba Lemonade,Beverages,Snack,,10.00,disney-springs/wetzels-pretzels-west-side
2026-09-05,Wetzel's Pretzels Kiosk at Disney Springs West Side,Disney Springs,Frozen Granita,Beverages,Snack,,8.50,disney-springs/wetzels-pretzels-west-side
2026-09-05,Wetzel's Pretzels Kiosk at Disney Springs West Side,Disney Springs,Soda,Beverages,Snack,,6.00,disney-springs/wetzels-pretzels-west-side
2026-09-05,Wetzel's Pretzels Kiosk at Disney Springs West Side,Disney Springs,POWERADE®,Beverages,Snack,,5.25,disney-springs/wetzels-pretzels-west-side
2026-09-05,Wetzel's Pretzels Kiosk at Disney Springs West Side,Disney Springs,Bottled Water,Beverages,Snack,,4.50,disney-springs/wetzels-pretzels-west-side
2026-09-05,Wine Bar George – A Restaurant & Bar,Disney Springs,House-made Hummus,Wine Country Brunch Small Plates (Available Saturday & Sunday 10:30am - 2pm),Brunch,cucumber / olive oil / naan bread / chipotle,14.00,disney-springs/wine-bar-george
2026-09-05,Wine Bar George – A Restaurant & Bar,Disney Springs,Crispy Mac & Cheese Bites,Wine Country Brunch Small Plates (Available Saturday & Sunday 10:30am - 2pm),Brunch,tomato nage / pecorino,16.00,disney-springs/wine-bar-george
2026-09-05,Wine Bar George – A Restaurant & Bar,Disney Springs,Dippy Egg*,Wine Country Brunch Small Plates (Available Saturday & Sunday 10:30am - 2pm),Brunch,spinach whipped potatoes / bacon / coddled egg / ciabatta,10.00,disney-springs/wine-bar-george
2026-09-05,Wine Bar George – A Restaurant & Bar,Disney Springs,Warm Spiced Olives,Wine Country Brunch Small Plates (Available Saturday & Sunday 10:30am - 2pm),Brunch,lemon / chili peppers,9.00,disney-springs/wine-bar-george
2026-09-05,Wine Bar George – A Restaurant & Bar,Disney Springs,Yogurt Parfait,Wine Country Brunch Small Plates (Available Saturday & Sunday 10:30am - 2pm),Brunch,greek yogurt / fresh fruit / granola,10.00,disney-springs/wine-bar-george
2026-09-05,Wine Bar George – A Restaurant & Bar,Disney Springs,Seasonal Salad,Wine Country Brunch Small Plates (Available Saturday & Sunday 10:30am - 2pm),Brunch,vegetables / croutons / shallot vinaigrette,14.00,disney-springs/wine-bar-george
2026-09-05,Wine Bar George – A Restaurant & Bar,Disney Springs,Seasonal Puff Tart,Wine Country Brunch Small Plates (Available Saturday & Sunday 10:30am - 2pm),Brunch,available in limited quantities,11.00,disney-springs/wine-bar-george
2026-09-05,Wine Bar George – A Restaurant & Bar,Disney Springs,Artisanal Cheese Board,Wine Country Brunch Boards (Available Saturday & Sunday 10:30am - 2pm),Brunch,four artisanal cheeses / condiments,32.00,disney-springs/wine-bar-george
2026-09-05,Wine Bar George – A Restaurant & Bar,Disney Springs,Charcuterie Board,Wine Country Brunch Boards (Available Saturday & Sunday 10:30am - 2pm),Brunch,four artisanal meats / condiment,29.00,disney-springs/wine-bar-george
2026-09-05,Wine Bar George – A Restaurant & Bar,Disney Springs,Brunch Board,Wine Country Brunch Boards (Available Saturday & Sunday 10:30am - 2pm),Brunch,breakfast sausage / maple dusted chicharrones / hashbrowns / candied pork belly / cheddar / Manchego / condiments,30.00,disney-springs/wine-bar-george
2026-09-05,Wine Bar George – A Restaurant & Bar,Disney Springs,Burrata,Wine Country Brunch Main Plates (Available Saturday & Sunday 10:30am - 2pm),Brunch,avocado / tomatoes / Neuske’s Bacon / ciabatta,22.00,disney-springs/wine-bar-george
2026-09-05,Wine Bar George – A Restaurant & Bar,Disney Springs,Wine Country Omelet,Wine Country Brunch Main Plates (Available Saturday & Sunday 10:30am - 2pm),Brunch,cotija / avocado / corn / tomatillo crema,18.00,disney-springs/wine-bar-george
2026-09-05,Wine Bar George – A Restaurant & Bar,Disney Springs,Pastrami Smoked Salmon,Wine Country Brunch Main Plates (Available Saturday & Sunday 10:30am - 2pm),Brunch,toasted bagel / mustard mascarpone / red onion / fried capers,24.00,disney-springs/wine-bar-george
2026-09-05,Wine Bar George – A Restaurant & Bar,Disney Springs,French Toast,Wine Country Brunch Main Plates (Available Saturday & Sunday 10:30am - 2pm),Brunch,diplomat cream / fresh fruit / maple syrup,19.00,disney-springs/wine-bar-george
2026-09-05,Wine Bar George – A Restaurant & Bar,Disney Springs,Sausage Gravy and Biscuits,Wine Country Brunch Main Plates (Available Saturday & Sunday 10:30am - 2pm),Brunch,house-made biscuits / bacon / add 2 eggs (6) / add pork belly (12),18.00,disney-springs/wine-bar-george
2026-09-05,Wine Bar George – A Restaurant & Bar,Disney Springs,Breakfast Croissant Sandwich,Wine Country Brunch Main Plates (Available Saturday & Sunday 10:30am - 2pm),Brunch,bacon / egg / hashbrown / avocado / cheese / grits,18.00,disney-springs/wine-bar-george
2026-09-05,Wine Bar George – A Restaurant & Bar,Disney Springs,Steak and Eggs*,Wine Country Brunch Main Plates (Available Saturday & Sunday 10:30am - 2pm),Brunch,sunny side eggs / roasted potatoes / sriracha hollandaise,26.00,disney-springs/wine-bar-george
2026-09-05,Wine Bar George – A Restaurant & Bar,Disney Springs,Two Eggs,Wine Country Brunch Sides (Available Saturday & Sunday 10:30am - 2pm),Brunch,,6.00,disney-springs/wine-bar-george
2026-09-05,Wine Bar George – A Restaurant & Bar,Disney Springs,Pork Breakfast Sausage,Wine Country Brunch Sides (Available Saturday & Sunday 10:30am - 2pm),Brunch,,6.00,disney-springs/wine-bar-george
2026-09-05,Wine Bar George – A Restaurant & Bar,Disney Springs,Bacon,Wine Country Brunch Sides (Available Saturday & Sunday 10:30am - 2pm),Brunch,,6.00,disney-springs/wine-bar-george
2026-09-05,Wine Bar George – A Restaurant & Bar,Disney Springs,House-Made Buttermilk Biscuits,Wine Country Brunch Sides (Available Saturday & Sunday 10:30am - 2pm),Brunch,,8.00,disney-springs/wine-bar-george
2026-09-05,Wine Bar George – A Restaurant & Bar,Disney Springs,Hashbrowns (2),Wine Country Brunch Sides (Available Saturday & Sunday 10:30am - 2pm),Brunch,,6.00,disney-springs/wine-bar-george
2026-09-05,Wine Bar George – A Restaurant & Bar,Disney Springs,Key Lime Pie,Wine Country Brunch Sweets (Available Saturday & Sunday 10:30am - 2pm),Brunch,A Florida favorite,8.00,disney-springs/wine-bar-george
2026-09-05,Wine Bar George – A Restaurant & Bar,Disney Springs,Olive Oil Cake,Wine Country Brunch Sweets (Available Saturday & Sunday 10:30am - 2pm),Brunch,"candied olives, lemon mascarpone",8.00,disney-springs/wine-bar-george
2026-09-05,Wine Bar George – A Restaurant & Bar,Disney Springs,Chocolate Almond Tart,Wine Country Brunch Sweets (Available Saturday & Sunday 10:30am - 2pm),Brunch,chocolate ganache / green chartreuse,9.00,disney-springs/wine-bar-george
2026-09-05,Wine Bar George – A Restaurant & Bar,Disney Springs,French Toast,Wine Country Brunch Kids' Entrées (Available Saturday & Sunday 10:30am - 2pm),Brunch,served with fresh fruit and apple juice,10.00,disney-springs/wine-bar-george
2026-09-05,Wine Bar George – A Restaurant & Bar,Disney Springs,Mac & Cheese,Wine Country Brunch Kids' Entrées (Available Saturday & Sunday 10:30am - 2pm),Brunch,served with fresh fruit and apple juice,10.00,disney-springs/wine-bar-george
2026-09-05,Wine Bar George – A Restaurant & Bar,Disney Springs,Crispy Chicken Tenders,Wine Country Brunch Kids' Entrées (Available Saturday & Sunday 10:30am - 2pm),Brunch,served with fresh fruit and apple juice,10.00,disney-springs/wine-bar-george
2026-09-05,Wine Bar George – A Restaurant & Bar,Disney Springs,Hot Dog,Wine Country Brunch Kids' Entrées (Available Saturday & Sunday 10:30am - 2pm),Brunch,served with fresh fruit and apple juice,10.00,disney-springs/wine-bar-george
2026-09-05,Wine Bar George – A Restaurant & Bar,Disney Springs,House-made Hummus,Bites & Boards (Available Saturday & Sunday 2pm - 3pm),Brunch,cucumber / olive oil / naan bread / chipotle,14.00,disney-springs/wine-bar-george
2026-09-05,Wine Bar George – A Restaurant & Bar,Disney Springs,Burrata,Bites & Boards (Available Saturday & Sunday 2pm - 3pm),Brunch,heirloom tomatoes / fresh corn / local sourdough,19.00,disney-springs/wine-bar-george
2026-09-05,Wine Bar George – A Restaurant & Bar,Disney Springs,Crispy Mac & Cheese Bites,Bites & Boards (Available Saturday & Sunday 2pm - 3pm),Brunch,tomato nage / pecorino,16.00,disney-springs/wine-bar-george
2026-09-05,Wine Bar George – A Restaurant & Bar,Disney Springs,Seasonal Salad,Bites & Boards (Available Saturday & Sunday 2pm - 3pm),Brunch,vegetables / croutons / shallot vinaigrette,14.00,disney-springs/wine-bar-george
2026-09-05,Wine Bar George – A Restaurant & Bar,Disney Springs,The Big Board,Bites & Boards (Available Saturday & Sunday 2pm - 3pm),Brunch,six artisanal cheeses & five artisanal meats / condiments,67.00,disney-springs/wine-bar-george
2026-09-05,Wine Bar George – A Restaurant & Bar,Disney Springs,Artisanal Cheese Board,Bites & Boards (Available Saturday & Sunday 2pm - 3pm),Brunch,four artisanal cheeses / condiments,32.00,disney-springs/wine-bar-george
2026-09-05,Wine Bar George – A Restaurant & Bar,Disney Springs,Charcuterie Board,Bites & Boards (Available Saturday & Sunday 2pm - 3pm),Brunch,four artisanal meats / condiment,29.00,disney-springs/wine-bar-george
2026-09-05,Wine Bar George – A Restaurant & Bar,Disney Springs,Key Lime Pie,Bites & Boards (Available Saturday & Sunday 2pm - 3pm),Brunch,A Florida favorite,8.00,disney-springs/wine-bar-george
2026-09-05,Wine Bar George – A Restaurant & Bar,Disney Springs,Olive Oil Cake,Bites & Boards (Available Saturday & Sunday 2pm - 3pm),Brunch,"candied olives, lemon mascarpone",8.00,disney-springs/wine-bar-george
2026-09-05,Wine Bar George – A Restaurant & Bar,Disney Springs,Orgeat Lemonade,Mocktails,Brunch; Lunch; Dinner,orgeat / lemon,10.00,disney-springs/wine-bar-george
2026-09-05,Wine Bar George – A Restaurant & Bar,Disney Springs,Cherry Smash,Mocktails,Brunch; Lunch; Dinner,cherry / lime / soda,10.00,disney-springs/wine-bar-george
2026-09-05,Wine Bar George – A Restaurant & Bar,Disney Springs,Jorge’s Red Sangria,Cocktails,Brunch; Lunch; Dinner,Ordóñez Family Secret Recipe,16.00,disney-springs/wine-bar-george
2026-09-05,Wine Bar George – A Restaurant & Bar,Disney Springs,Wake Up Call,Cocktails,Brunch; Lunch; Dinner,espresso-infused pisco / espresso liqueur,18.00,disney-springs/wine-bar-george
2026-09-05,Wine Bar George – A Restaurant & Bar,Disney Springs,American 75,Cocktails,Brunch; Lunch; Dinner,gin / sparkling wine / lemon,16.00,disney-springs/wine-bar-george
2026-09-05,Wine Bar George – A Restaurant & Bar,Disney Springs,Wine Bar George Old Fashioned,Cocktails,Brunch; Lunch; Dinner,Hooten Young American Whiskey / Aromatic and Orange Bitters,18.00,disney-springs/wine-bar-george
2026-09-05,Wine Bar George – A Restaurant & Bar,Disney Springs,Remember Me Tomorrow,Cocktails,Brunch; Lunch; Dinner,beet-infused rum / lime,18.00,disney-springs/wine-bar-george
2026-09-05,Wine Bar George – A Restaurant & Bar,Disney Springs,Layover in Glasgow,Cocktails,Brunch; Lunch; Dinner,scotch / aperol / spiced pear liqueur / lemon,18.00,disney-springs/wine-bar-george
2026-09-05,Wine Bar George – A Restaurant & Bar,Disney Springs,Wabbit Season,Cocktails,Brunch; Lunch; Dinner,tequila / carrot / nonino / lemon / sage,18.00,disney-springs/wine-bar-george
2026-09-05,Wine Bar George – A Restaurant & Bar,Disney Springs,"Honestly, Not for Everyone",Cocktails,Brunch; Lunch; Dinner,black garlic - infused gin / bergamot liqueur,18.00,disney-springs/wine-bar-george
2026-09-05,Wine Bar George – A Restaurant & Bar,Disney Springs,Curacao Cookie,Cocktails,Brunch; Lunch; Dinner,cognac / curacao / madeira / jaggery / orange,18.00,disney-springs/wine-bar-george
2026-09-05,Wine Bar George – A Restaurant & Bar,Disney Springs,Frozcato made with DOLE WHIP® Pineapple,Frozen,Brunch; Lunch; Dinner,Moscato / Vodka / Pineapple,15.00,disney-springs/wine-bar-george
2026-09-05,Wine Bar George – A Restaurant & Bar,Disney Springs,Frosé,Frozen,Brunch; Lunch; Dinner,Rosé / Vodka / Strawberry,15.00,disney-springs/wine-bar-george
2026-09-05,Wine Bar George – A Restaurant & Bar,Disney Springs,Frozen Old Fashioned made with DOLE Whip® Orange,Frozen,Brunch; Lunch; Dinner,George Dickel 8-year-old Bourbon,15.00,disney-springs/wine-bar-george
2026-09-05,Wine Bar George – A Restaurant & Bar,Disney Springs,Freaujolais,Frozen,Brunch; Lunch; Dinner,Beaujolais / Vodka / Raspberry,15.00,disney-springs/wine-bar-george
2026-09-05,Wine Bar George – A Restaurant & Bar,Disney Springs,Eric Bordelet Sidre Brut,Beer and Cider,Brunch; Lunch; Dinner,"Sparkling Dry Cider | 6 oz pour, 6.5% abv, Charchigne, France",10.00,disney-springs/wine-bar-george
2026-09-05,Wine Bar George – A Restaurant & Bar,Disney Springs,Stiegl Radler,Beer and Cider,Brunch; Lunch; Dinner,"Grapefruit Radler| 16 oz can, 2% abv, Waunakee, Wisconsin",16.00,disney-springs/wine-bar-george
2026-09-05,Wine Bar George – A Restaurant & Bar,Disney Springs,Von Trapp Helles,Beer and Cider,Brunch; Lunch; Dinner,"Golden Lager | 12 oz, 4.9% abv, Stowe, Vermont",12.00,disney-springs/wine-bar-george
2026-09-05,Wine Bar George – A Restaurant & Bar,Disney Springs,Untitled Arts Brewing NA,Beer and Cider,Brunch; Lunch; Dinner,"Italian Style Pilsner | 12 oz can, 0.5% abv, Waunakee, Wisconsin",12.00,disney-springs/wine-bar-george
2026-09-05,Wine Bar George – A Restaurant & Bar,Disney Springs,Rotating Sour,Beer and Cider,Brunch; Lunch; Dinner,Hand selected seasonal sour,16.00,disney-springs/wine-bar-george
2026-09-05,Wine Bar George – A Restaurant & Bar,Disney Springs,House-made Hummus,Small Plates,Lunch; Dinner,cucumber / olive oil / naan bread / chipotle,14.00,disney-springs/wine-bar-george
2026-09-05,Wine Bar George – A Restaurant & Bar,Disney Springs,Crispy Mac & Cheese Bites,Small Plates,Lunch; Dinner,tomato nage / pecorino,16.00,disney-springs/wine-bar-george
2026-09-05,Wine Bar George – A Restaurant & Bar,Disney Springs,House-Made Meatballs,Small Plates,Lunch; Dinner,triple cheese polenta / tomato sauce,16.00,disney-springs/wine-bar-george
2026-09-05,Wine Bar George – A Restaurant & Bar,Disney Springs,Warm Spiced Olives,Small Plates,Lunch; Dinner,lemon / chili peppers,9.00,disney-springs/wine-bar-george
2026-09-05,Wine Bar George – A Restaurant & Bar,Disney Springs,Saganaki on Fire,Small Plates,Lunch; Dinner,Vlahotiri / Metaxa / crostini,17.00,disney-springs/wine-bar-george
2026-09-05,Wine Bar George – A Restaurant & Bar,Disney Springs,Burrata,Small Plates,Lunch; Dinner,heirloom tomatoes / fresh corn / local sourdough,19.00,disney-springs/wine-bar-george
2026-09-05,Wine Bar George – A Restaurant & Bar,Disney Springs,Pork Belly,Small Plates,Lunch; Dinner,shoyu glaze / charred cabbage / grapefruit,18.00,disney-springs/wine-bar-george
2026-09-05,Wine Bar George – A Restaurant & Bar,Disney Springs,Five-Onion Dip,Small Plates,Lunch; Dinner,house chips / aleppo,8.00,disney-springs/wine-bar-george
2026-09-05,Wine Bar George – A Restaurant & Bar,Disney Springs,Tomato Goat Cheese Risotto,Small Plates,Lunch; Dinner,oyster mushrooms / cippolini onions,16.00,disney-springs/wine-bar-george
2026-09-05,Wine Bar George – A Restaurant & Bar,Disney Springs,Seasonal Salad,Small Plates,Lunch; Dinner,vegetables / croutons / shallot vinaigrette,14.00,disney-springs/wine-bar-george
2026-09-05,Wine Bar George – A Restaurant & Bar,Disney Springs,Artisanal Cheese Board,Boards,Lunch; Dinner,four artisanal cheeses / condiments,32.00,disney-springs/wine-bar-george
2026-09-05,Wine Bar George – A Restaurant & Bar,Disney Springs,Charcuterie Board,Boards,Lunch; Dinner,four artisanal meats / condiment,29.00,disney-springs/wine-bar-george
2026-09-05,Wine Bar George – A Restaurant & Bar,Disney Springs,The Big Board,Boards,Lunch; Dinner,six artisanal cheeses & five artisanal meats / condiments,67.00,disney-springs/wine-bar-george
2026-09-05,Wine Bar George – A Restaurant & Bar,Disney Springs,Meatball Sub,Main Plates (Available Monday - Friday 12:00pm - 3:00pm),Lunch,meatballs / tomato sauce / Havarti cheese / fries,19.00,disney-springs/wine-bar-george
2026-09-05,Wine Bar George – A Restaurant & Bar,Disney Springs,BLT + C,Main Plates (Available Monday - Friday 12:00pm - 3:00pm),Lunch,brioche / four cheese sauce / house chips,17.00,disney-springs/wine-bar-george
2026-09-05,Wine Bar George – A Restaurant & Bar,Disney Springs,Braised Pork Sandwich,Main Plates (Available Monday - Friday 12:00pm - 3:00pm),Lunch,roasted tomatoes / brioche / house-made chips,19.00,disney-springs/wine-bar-george
2026-09-05,Wine Bar George – A Restaurant & Bar,Disney Springs,Chicken Quinoa Salad,Main Plates (Available Monday - Friday 12:00pm - 3:00pm),Lunch,almonds / spinach / tomato / citrus vinaigrette,18.00,disney-springs/wine-bar-george
2026-09-05,Wine Bar George – A Restaurant & Bar,Disney Springs,Chicken Salad Sandwich,Main Plates (Available Monday - Friday 12:00pm - 3:00pm),Lunch,roasted tomatoes / brioche / house-made chips,18.00,disney-springs/wine-bar-george
2026-09-05,Wine Bar George – A Restaurant & Bar,Disney Springs,Steak Frites*,Main Plates (Available Monday - Friday 12:00pm - 3:00pm),Lunch,skirt steak / caramelized onion aïoli / fries,24.00,disney-springs/wine-bar-george
2026-09-05,Wine Bar George – A Restaurant & Bar,Disney Springs,Smash Burger,Main Plates (Available Monday - Friday 12:00pm - 3:00pm),Lunch,beef patties / cheese / aioli / house chips,18.00,disney-springs/wine-bar-george
2026-09-05,Wine Bar George – A Restaurant & Bar,Disney Springs,Skirt Steak* (serves two),Main Plates (Available Monday - Friday 12:00pm - 3:00pm),Lunch,asparagus / roasted potatoes / chimichurri,83.00,disney-springs/wine-bar-george
2026-09-05,Wine Bar George – A Restaurant & Bar,Disney Springs,Key Lime Pie,Sweets,Lunch; Dinner,A Florida favorite,8.00,disney-springs/wine-bar-george
2026-09-05,Wine Bar George – A Restaurant & Bar,Disney Springs,Olive Oil Cake,Sweets,Lunch; Dinner,"candied olives, lemon mascarpone",8.00,disney-springs/wine-bar-george
2026-09-05,Wine Bar George – A Restaurant & Bar,Disney Springs,Chocolate Almond Tart,Sweets,Lunch; Dinner,chocolate ganache / green chartreuse,9.00,disney-springs/wine-bar-george
2026-09-05,Wine Bar George – A Restaurant & Bar,Disney Springs,Crispy Chicken Tenders,Kids' Meals,Lunch; Dinner,served with fresh fruit and apple juice,10.00,disney-springs/wine-bar-george
2026-09-05,Wine Bar George – A Restaurant & Bar,Disney Springs,House-Made Meatballs,Kids' Meals,Lunch; Dinner,served with fresh fruit and apple juice,10.00,disney-springs/wine-bar-george
2026-09-05,Wine Bar George – A Restaurant & Bar,Disney Springs,Mac & Cheese,Kids' Meals,Lunch; Dinner,served with fresh fruit and apple juice,10.00,disney-springs/wine-bar-george
2026-09-05,Wine Bar George – A Restaurant & Bar,Disney Springs,Hot Dog,Kids' Meals,Lunch; Dinner,served with fresh fruit and apple juice,10.00,disney-springs/wine-bar-george
2026-09-05,Wine Bar George – A Restaurant & Bar,Disney Springs,The King’s Experience 1oz Each,"Outstanding by the Ounce Reds (1-oz, 3-oz, or 6-oz Pour)",Lunch; Dinner,"Domaine Dujac, Clos de la Roche, France ‘18 | Penfolds, Grange, South Australia ‘17 | Margaux, Margaux, France ‘08 | Harlan Estate, Napa, California ‘18",260.00,disney-springs/wine-bar-george
2026-09-05,Wine Bar George – A Restaurant & Bar,Disney Springs,"Petit Metris, Anjou-Villages, France ‘18",Reds - Cabernet Franc,Lunch; Dinner,,64.00,disney-springs/wine-bar-george
2026-09-05,Wine Bar George – A Restaurant & Bar,Disney Springs,"Broadside, Paso Robles, California ‘20",Reds - Cabernet Sauvignon,Lunch; Dinner,,40.00,disney-springs/wine-bar-george
2026-09-05,Wine Bar George – A Restaurant & Bar,Disney Springs,"Freynelle, Bordeaux, France ‘19",Reds - Cabernet Sauvignon,Lunch; Dinner,,48.00,disney-springs/wine-bar-george
2026-09-05,Wine Bar George – A Restaurant & Bar,Disney Springs,"Lake Sonoma, Sonoma, California ‘19",Reds - Cabernet Sauvignon,Lunch; Dinner,,64.00,disney-springs/wine-bar-george
2026-09-05,Wine Bar George – A Restaurant & Bar,Disney Springs,"Leviathan, California ‘19",Reds - Cabernet Sauvignon,Lunch; Dinner,,80.00,disney-springs/wine-bar-george
2026-09-05,Wine Bar George – A Restaurant & Bar,Disney Springs,"Catena, Historic Rows, Mendoza, Argentina ‘18",Reds - Cabernet Sauvignon,Lunch; Dinner,,88.00,disney-springs/wine-bar-george
2026-09-05,Wine Bar George – A Restaurant & Bar,Disney Springs,"DeToren, Fusion V, Stellenbosch, South Africa ‘19",Reds - Cabernet Sauvignon,Lunch; Dinner,,120.00,disney-springs/wine-bar-george
2026-09-05,Wine Bar George – A Restaurant & Bar,Disney Springs,"Vasse Felix, Margaret River, Australia ‘18",Reds - Cabernet Sauvignon,Lunch; Dinner,,140.00,disney-springs/wine-bar-george
2026-09-05,Wine Bar George – A Restaurant & Bar,Disney Springs,"Volker Eisele, Napa Valley, California ‘14",Reds - Cabernet Sauvignon,Lunch; Dinner,,140.00,disney-springs/wine-bar-george
2026-09-05,Wine Bar George – A Restaurant & Bar,Disney Springs,"Secret Door, JML, Napa Valley, California ‘19",Reds - Cabernet Sauvignon,Lunch; Dinner,,120.00,disney-springs/wine-bar-george
2026-09-05,Wine Bar George – A Restaurant & Bar,Disney Springs,"Chateau Teynac, Saint-Julien, Bordeaux, France ‘14",Reds - Cabernet Sauvignon,Lunch; Dinner,,100.00,disney-springs/wine-bar-george
2026-09-05,Wine Bar George – A Restaurant & Bar,Disney Springs,"Misiones D Rengo, Gran Reserva, Maipo Valley, Chile ‘19",Reds - Carménère,Lunch; Dinner,,48.00,disney-springs/wine-bar-george
2026-09-05,Wine Bar George – A Restaurant & Bar,Disney Springs,"Chanrion, Côte de Brouilly, France ‘21",Reds - Gamay,Lunch; Dinner,,48.00,disney-springs/wine-bar-george
2026-09-05,Wine Bar George – A Restaurant & Bar,Disney Springs,"Thévenet, Vieilles Vignes, Morgon, France ‘21",Reds - Gamay,Lunch; Dinner,,100.00,disney-springs/wine-bar-george
2026-09-05,Wine Bar George – A Restaurant & Bar,Disney Springs,"Bodegas Breca, Calatayud, Spain ‘18",Reds - Garnacha/Grenache,Lunch; Dinner,,44.00,disney-springs/wine-bar-george
2026-09-05,Wine Bar George – A Restaurant & Bar,Disney Springs,"Cirillo, The Vincent, Survivor Vines, Barossa, Australia ‘20",Reds - Garnacha/Grenache,Lunch; Dinner,,80.00,disney-springs/wine-bar-george
2026-09-05,Wine Bar George – A Restaurant & Bar,Disney Springs,"Angelini Paolo, Arbian, Monferrato Casalese, Italy ‘17",Reds - Grignolino,Lunch; Dinner,,40.00,disney-springs/wine-bar-george
2026-09-05,Wine Bar George – A Restaurant & Bar,Disney Springs,"Zuccardi Serie A, Mendoza, Argentina ‘21",Reds - Malbec,Lunch; Dinner,,44.00,disney-springs/wine-bar-george
2026-09-05,Wine Bar George – A Restaurant & Bar,Disney Springs,"Catena La Consulta, Mendoza, Argentina ‘19",Reds - Malbec,Lunch; Dinner,,60.00,disney-springs/wine-bar-george
2026-09-05,Wine Bar George – A Restaurant & Bar,Disney Springs,"Zuccardi Concreto, Mendoza, Argentina ‘20",Reds - Malbec,Lunch; Dinner,,92.00,disney-springs/wine-bar-george
2026-09-05,Wine Bar George – A Restaurant & Bar,Disney Springs,"Avancia, Cuveé de O, Valdeorras, Spain ‘18",Reds - Mencia,Lunch; Dinner,,52.00,disney-springs/wine-bar-george
2026-09-05,Wine Bar George – A Restaurant & Bar,Disney Springs,"Seven Falls, Wahluke Slope, Washington ‘20",Reds - Merlot,Lunch; Dinner,,40.00,disney-springs/wine-bar-george
2026-09-05,Wine Bar George – A Restaurant & Bar,Disney Springs,"Pride, Napa/Sonoma, California  ‘19",Reds - Merlot,Lunch; Dinner,,88.00,disney-springs/wine-bar-george
2026-09-05,Wine Bar George – A Restaurant & Bar,Disney Springs,"Chateau Ste. Michelle Canoe Ridge, Horse Haven Hills, Washington ‘18",Reds - Merlot,Lunch; Dinner,,68.00,disney-springs/wine-bar-george
2026-09-05,Wine Bar George – A Restaurant & Bar,Disney Springs,"Le Grand Verdus, Petite Merlotte, Bordeaux, France ‘19",Reds - Merlot,Lunch; Dinner,,60.00,disney-springs/wine-bar-george
2026-09-05,Wine Bar George – A Restaurant & Bar,Disney Springs,"Mira Salinas, Alicante, Spain ‘16",Reds - Monastrell,Lunch; Dinner,,48.00,disney-springs/wine-bar-george
2026-09-05,Wine Bar George – A Restaurant & Bar,Disney Springs,"Chateau Pibarnon, Bandol, France ’17",Reds - Monastrell,Lunch; Dinner,,100.00,disney-springs/wine-bar-george
2026-09-05,Wine Bar George – A Restaurant & Bar,Disney Springs,"Borgogno, No Name, Langhe, Piedmont, Italy ’19",Reds - Nebbiolo,Lunch; Dinner,,72.00,disney-springs/wine-bar-george
2026-09-05,Wine Bar George – A Restaurant & Bar,Disney Springs,"Caymus Grand Durif, Suisun Valley, California ‘20",Reds - Petite Sirah,Lunch; Dinner,,80.00,disney-springs/wine-bar-george
2026-09-05,Wine Bar George – A Restaurant & Bar,Disney Springs,"Macedon, Tikveš, Macedonia ‘20",Reds - Pinot Noir,Lunch; Dinner,,36.00,disney-springs/wine-bar-george
2026-09-05,Wine Bar George – A Restaurant & Bar,Disney Springs,"La Crema, Sonoma Coast, California ‘21",Reds - Pinot Noir,Lunch; Dinner,,56.00,disney-springs/wine-bar-george
2026-09-05,Wine Bar George – A Restaurant & Bar,Disney Springs,"Evensham Wood, Willamette Valley, Oregon ‘21",Reds - Pinot Noir,Lunch; Dinner,,80.00,disney-springs/wine-bar-george
2026-09-05,Wine Bar George – A Restaurant & Bar,Disney Springs,"Maison de la Roche, Bourgogne, France ’20",Reds - Pinot Noir,Lunch; Dinner,,80.00,disney-springs/wine-bar-george
2026-09-05,Wine Bar George – A Restaurant & Bar,Disney Springs,"Kanonkop Kadette, Stellenbosch, South Africa ‘20",Pinotage,Lunch; Dinner,,48.00,disney-springs/wine-bar-george
2026-09-05,Wine Bar George – A Restaurant & Bar,Disney Springs,"Villa Antinori, Toscana, Italy ‘19",Reds - Sangiovese,Lunch; Dinner,,48.00,disney-springs/wine-bar-george
2026-09-05,Wine Bar George – A Restaurant & Bar,Disney Springs,"Villa Antinori Chianti Classico Riserva, Italy ‘19",Reds - Sangiovese,Lunch; Dinner,,68.00,disney-springs/wine-bar-george
2026-09-05,Wine Bar George – A Restaurant & Bar,Disney Springs,"Monsanto, Chianti Classico, Italy ‘19",Reds - Sangiovese,Lunch; Dinner,,80.00,disney-springs/wine-bar-george
2026-09-05,Wine Bar George – A Restaurant & Bar,Disney Springs,"Jam Jar Sweet, Western Cape, South Africa ‘21",Reds - Syrah/Shiraz,Lunch; Dinner,,32.00,disney-springs/wine-bar-george
2026-09-05,Wine Bar George – A Restaurant & Bar,Disney Springs,"Domaine St Patrice, Vieilles Vignes, Côtes du Rhône, France ‘17",Reds - Syrah/Shiraz,Lunch; Dinner,,40.00,disney-springs/wine-bar-george
2026-09-05,Wine Bar George – A Restaurant & Bar,Disney Springs,"Torbreck, Woodcutter’s, Barossa Valley, Australia ‘20",Reds - Syrah/Shiraz,Lunch; Dinner,,52.00,disney-springs/wine-bar-george
2026-09-05,Wine Bar George – A Restaurant & Bar,Disney Springs,"Hedges, DLD, Red Mountain, Washington ’17",Reds - Syrah/Shiraz,Lunch; Dinner,,80.00,disney-springs/wine-bar-george
2026-09-05,Wine Bar George – A Restaurant & Bar,Disney Springs,"Protocolo, La Mancha, Spain ‘20",Reds - Tempranillo,Lunch; Dinner,,32.00,disney-springs/wine-bar-george
2026-09-05,Wine Bar George – A Restaurant & Bar,Disney Springs,"Triton, Toro, Spain ’20",Reds - Tempranillo,Lunch; Dinner,,52.00,disney-springs/wine-bar-george
2026-09-05,Wine Bar George – A Restaurant & Bar,Disney Springs,"Sierra Cantabria Gran Reserva, Rioja, Spain ‘18",Reds - Tempranillo,Lunch; Dinner,,76.00,disney-springs/wine-bar-george
2026-09-05,Wine Bar George – A Restaurant & Bar,Disney Springs,"Ramirez De La Piscina, Gran Reserva, Rioja, Spain ‘16",Reds - Tempranillo,Lunch; Dinner,,80.00,disney-springs/wine-bar-george
2026-09-05,Wine Bar George – A Restaurant & Bar,Disney Springs,"Vatan, Toro, Spain ‘19",Reds - Tempranillo,Lunch; Dinner,,100.00,disney-springs/wine-bar-george
2026-09-05,Wine Bar George – A Restaurant & Bar,Disney Springs,"Mauritson, Dry Creek Valley, California ‘20",Reds - Zinfandel,Lunch; Dinner,,88.00,disney-springs/wine-bar-george
2026-09-05,Wine Bar George – A Restaurant & Bar,Disney Springs,"Van Zellers & Co., Douro, Portugal ’19",Reds - Douro Blend ,Lunch; Dinner,,80.00,disney-springs/wine-bar-george
2026-09-05,Wine Bar George – A Restaurant & Bar,Disney Springs,"Tselepos, Moschofilero, Amalia Brut, Peloponnese NV",George’s Eastern Europe Finds,Lunch; Dinner,,76.00,disney-springs/wine-bar-george
2026-09-05,Wine Bar George – A Restaurant & Bar,Disney Springs,"Gerovassilou, Malagousia, Epanomi, Macedonia ‘19",George’s Eastern Europe Finds,Lunch; Dinner,,100.00,disney-springs/wine-bar-george
2026-09-05,Wine Bar George – A Restaurant & Bar,Disney Springs,"Sigalas, Assyrtiko, Santorini ‘21",George’s Eastern Europe Finds,Lunch; Dinner,,120.00,disney-springs/wine-bar-george
2026-09-05,Wine Bar George – A Restaurant & Bar,Disney Springs,"Gai’a, Agiorgitiko, Koutsi, Nemea ‘19",George’s Eastern Europe Finds,Lunch; Dinner,,140.00,disney-springs/wine-bar-george
2026-09-05,Wine Bar George – A Restaurant & Bar,Disney Springs,"Alpha Estate, Xinomavro, Amynteo, Macedonia ‘17",George’s Eastern Europe Finds,Lunch; Dinner,,108.00,disney-springs/wine-bar-george
2026-09-05,Wine Bar George – A Restaurant & Bar,Disney Springs,"Economou, Liatiko/Mandilaria, Mirabello, Sitia, Crete ‘15",George’s Eastern Europe Finds,Lunch; Dinner,,180.00,disney-springs/wine-bar-george
2026-09-05,Wine Bar George – A Restaurant & Bar,Disney Springs,"Rodica, Sparkling Refosk, Truške, Istria, Slovenia ’18",George’s Eastern Europe Finds,Lunch; Dinner,,64.00,disney-springs/wine-bar-george
2026-09-05,Wine Bar George – A Restaurant & Bar,Disney Springs,"Zlatan Otok, Bodanusa & Posip, Bilo Idro, Dalmatia, Croatia ‘20",George’s Eastern Europe Finds,Lunch; Dinner,,40.00,disney-springs/wine-bar-george
2026-09-05,Wine Bar George – A Restaurant & Bar,Disney Springs,"Silk Road, Khikh Vi, Ovevri, Kaheti, Georgia ’17",George’s Eastern Europe Finds,Lunch; Dinner,,68.00,disney-springs/wine-bar-george
2026-09-05,Wine Bar George – A Restaurant & Bar,Disney Springs,"E. Miroglio, Mavrud & Rubin, Bio, Thracion Valley, Bulgaria ’19",George’s Eastern Europe Finds,Lunch; Dinner,,52.00,disney-springs/wine-bar-george
2026-09-05,Wine Bar George – A Restaurant & Bar,Disney Springs,"Bura, Zinfandel, Basina, Dalmatia, Croatia ’18",George’s Eastern Europe Finds,Lunch; Dinner,,72.00,disney-springs/wine-bar-george
2026-09-05,Wine Bar George – A Restaurant & Bar,Disney Springs,"Skegro, Blatina, Krs Crni, Mostar, Bosnia and Herzegovina ’19",George’s Eastern Europe Finds,Lunch; Dinner,,56.00,disney-springs/wine-bar-george
2026-09-05,Wine Bar George – A Restaurant & Bar,Disney Springs,"Misiones D Rengo, Central Valley, Chile ‘20",Whites - Sauvignon Blanc,Lunch; Dinner,,36.00,disney-springs/wine-bar-george
2026-09-05,Wine Bar George – A Restaurant & Bar,Disney Springs,"Mauritson Dry Creek, California ‘21",Whites - Sauvignon Blanc,Lunch; Dinner,,68.00,disney-springs/wine-bar-george
2026-09-05,Wine Bar George – A Restaurant & Bar,Disney Springs,"Eric Louis, Sancerre, France ‘21",Whites - Sauvignon Blanc,Lunch; Dinner,,96.00,disney-springs/wine-bar-george
2026-09-05,Wine Bar George – A Restaurant & Bar,Disney Springs,"Cloudy Bay, Marlborough, New Zealand ‘22",Whites - Sauvignon Blanc,Lunch; Dinner,,72.00,disney-springs/wine-bar-george
2026-09-05,Wine Bar George – A Restaurant & Bar,Disney Springs,"Honig, Reserve, Napa Valley, California ‘21",Whites - Sauvignon Blanc,Lunch; Dinner,,80.00,disney-springs/wine-bar-george
2026-09-05,Wine Bar George – A Restaurant & Bar,Disney Springs,"Spy Valley, Marlborough, New Zealand ’22",Whites - Sauvignon Blanc,Lunch; Dinner,,40.00,disney-springs/wine-bar-george
2026-09-05,Wine Bar George – A Restaurant & Bar,Disney Springs,"Paul Buisse, Touraine, France ’21",Whites - Sauvignon Blanc,Lunch; Dinner,,40.00,disney-springs/wine-bar-george
2026-09-05,Wine Bar George – A Restaurant & Bar,Disney Springs,"Excelsior, Robertson, South Africa ‘22",Whites - Chardonnay,Lunch; Dinner,,36.00,disney-springs/wine-bar-george
2026-09-05,Wine Bar George – A Restaurant & Bar,Disney Springs,"Kendall-Jackson Vintner's Reserve, California ‘21",Whites - Chardonnay,Lunch; Dinner,,40.00,disney-springs/wine-bar-george
2026-09-05,Wine Bar George – A Restaurant & Bar,Disney Springs,"to Mer Soleil Silver, Monterey, California ‘21",Whites - Chardonnay,Lunch; Dinner,,44.00,disney-springs/wine-bar-george
2026-09-05,Wine Bar George – A Restaurant & Bar,Disney Springs,"Markham, Napa, California ‘21",Whites - Chardonnay,Lunch; Dinner,,56.00,disney-springs/wine-bar-george
2026-09-05,Wine Bar George – A Restaurant & Bar,Disney Springs,"J.M. Boillot, Mâcon-Villages, Bourgogne, France ‘16",Whites - Chardonnay,Lunch; Dinner,,68.00,disney-springs/wine-bar-george
2026-09-05,Wine Bar George – A Restaurant & Bar,Disney Springs,"Chalk Hill, Chalk Hill, California ‘20",Whites - Chardonnay,Lunch; Dinner,,84.00,disney-springs/wine-bar-george
2026-09-05,Wine Bar George – A Restaurant & Bar,Disney Springs,"La Caña, Rias Baixas, Spain ‘21",Whites - Albariño,Lunch; Dinner,,52.00,disney-springs/wine-bar-george
2026-09-05,Wine Bar George – A Restaurant & Bar,Disney Springs,"Raats, Original, Stellenbosch, South Africa ‘21",Whites - Chenin Blanc,Lunch; Dinner,,48.00,disney-springs/wine-bar-george
2026-09-05,Wine Bar George – A Restaurant & Bar,Disney Springs,"Vincent Carème, Spring, Vouvray, France ‘19",Whites - Chenin Blanc,Lunch; Dinner,,52.00,disney-springs/wine-bar-george
2026-09-05,Wine Bar George – A Restaurant & Bar,Disney Springs,"Bernard Fouquet, Vouvray, France ‘21",Whites - Chenin Blanc,Lunch; Dinner,,60.00,disney-springs/wine-bar-george
2026-09-05,Wine Bar George – A Restaurant & Bar,Disney Springs,"Txomin Etxaniz, Getariako Txakolina, Sapin ‘21",Whites - Hondarrabi Zuri,Lunch; Dinner,,56.00,disney-springs/wine-bar-george
2026-09-05,Wine Bar George – A Restaurant & Bar,Disney Springs,"Selbach-Oster, Mosel, Germany ‘20",Whites - Gewürztraminer,Lunch; Dinner,,36.00,disney-springs/wine-bar-george
2026-09-05,Wine Bar George – A Restaurant & Bar,Disney Springs,"Avancia Cuveé de O, Valdeorras, Spain ‘21",Whites - Godello,Lunch; Dinner,,48.00,disney-springs/wine-bar-george
2026-09-05,Wine Bar George – A Restaurant & Bar,Disney Springs,"Trimbach, Alsace, France",Whites - Godello,Lunch; Dinner,,68.00,disney-springs/wine-bar-george
2026-09-05,Wine Bar George – A Restaurant & Bar,Disney Springs,"Nigl, Freiheit, Niederösterreich, Austria ‘20",Whites - Grüner Veltliner,Lunch; Dinner,,56.00,disney-springs/wine-bar-george
2026-09-05,Wine Bar George – A Restaurant & Bar,Disney Springs,"La Perlina, Veneto, Italy NV",Whites - Muscat/Moscato,Lunch; Dinner,,36.00,disney-springs/wine-bar-george
2026-09-05,Wine Bar George – A Restaurant & Bar,Disney Springs,"Botani, Malaga, Spain ‘19",Whites - Muscat/Moscato,Lunch; Dinner,,40.00,disney-springs/wine-bar-george
2026-09-05,Wine Bar George – A Restaurant & Bar,Disney Springs,"Giocato, Primorska, Slovenia ‘21",Whites - Pinot Gris/Pinot Grigio,Lunch; Dinner,,36.00,disney-springs/wine-bar-george
2026-09-05,Wine Bar George – A Restaurant & Bar,Disney Springs,"Luna Nuda, Vegneti Della Dolomiti, Itlay ‘21",Whites - Pinot Gris/Pinot Grigio,Lunch; Dinner,,44.00,disney-springs/wine-bar-george
2026-09-05,Wine Bar George – A Restaurant & Bar,Disney Springs,"Domaines Landron, Muscadet Sevre et Maine, France ‘19",Whites - Melon B,Lunch; Dinner,,60.00,disney-springs/wine-bar-george
2026-09-05,Wine Bar George – A Restaurant & Bar,Disney Springs,"Selbach-Oster, Bömer, Zeltinger Schlossberg, Mosel, Germany ‘20",Whites - Riesling,Lunch; Dinner,,80.00,disney-springs/wine-bar-george
2026-09-05,Wine Bar George – A Restaurant & Bar,Disney Springs,"Element, Finger Lakes, New York ‘14",Whites - Riesling,Lunch; Dinner,,60.00,disney-springs/wine-bar-george
2026-09-05,Wine Bar George – A Restaurant & Bar,Disney Springs,"Eroica, Washington State ‘21",Whites - Riesling,Lunch; Dinner,,52.00,disney-springs/wine-bar-george
2026-09-05,Wine Bar George – A Restaurant & Bar,Disney Springs,"Pewsey Vale, Eden Valley, Australia ‘21",Whites - Riesling,Lunch; Dinner,,48.00,disney-springs/wine-bar-george
2026-09-05,Wine Bar George – A Restaurant & Bar,Disney Springs,"Selbach-Oster Qualitätswein, Mosel, Germany ‘20",Whites - Riesling,Lunch; Dinner,,40.00,disney-springs/wine-bar-george
2026-09-05,Wine Bar George – A Restaurant & Bar,Disney Springs,"Schlosskellerei Gobelsberg,  Kamptal, Austria ‘20",Whites - Riesling,Lunch; Dinner,,56.00,disney-springs/wine-bar-george
2026-09-05,Wine Bar George – A Restaurant & Bar,Disney Springs,"Trimbach, Vieilles Vignes, Alsace, France ’19",Whites - Riesling,Lunch; Dinner,,90.00,disney-springs/wine-bar-george
2026-09-05,Wine Bar George – A Restaurant & Bar,Disney Springs,"Protocolo, La Mancha, Spain ‘21",Whites - Rosé,Lunch; Dinner,,32.00,disney-springs/wine-bar-george
2026-09-05,Wine Bar George – A Restaurant & Bar,Disney Springs,"Broadbent, Vinho Verde, Portugal NV",Whites - Rosé,Lunch; Dinner,,40.00,disney-springs/wine-bar-george
2026-09-05,Wine Bar George – A Restaurant & Bar,Disney Springs,"Liquid Farm, Vogelzang Vineyard, Happy Canyon of Santa Barbara, California ‘21",Whites - Rosé,Lunch; Dinner,,68.00,disney-springs/wine-bar-george
2026-09-05,Wine Bar George – A Restaurant & Bar,Disney Springs,"Zuccardi, Serie A, Salta, Argentina ‘21",Whites - Torrontés,Lunch; Dinner,,44.00,disney-springs/wine-bar-george
2026-09-05,Wine Bar George – A Restaurant & Bar,Disney Springs,"Nisia, Rueda, Spain ‘21",Whites - Verdejo,Lunch; Dinner,,48.00,disney-springs/wine-bar-george
2026-09-05,Wine Bar George – A Restaurant & Bar,Disney Springs,"Triennes, Sainte Fleur, Mediterranée, France ‘21",Whites - Viognier,Lunch; Dinner,,56.00,disney-springs/wine-bar-george
2026-09-05,Wine Bar George – A Restaurant & Bar,Disney Springs,"Chapoutier, La Combe Pilate, Collines Rhodaniennes, France ’18",Whites - Viognier,Lunch; Dinner,,65.00,disney-springs/wine-bar-george
2026-09-05,Wine Bar George – A Restaurant & Bar,Disney Springs,"Broadbent Malmsey 10-year, Madeira, Portugal NV",Dessert Wines,Lunch; Dinner,,125.00,disney-springs/wine-bar-george
2026-09-05,Wine Bar George – A Restaurant & Bar,Disney Springs,"Ordóñez, N° 1 Selección Especial, Muscat, Málaga, Spain ‘18",Dessert Wines,Lunch; Dinner,,48.00,disney-springs/wine-bar-george
2026-09-05,Wine Bar George – A Restaurant & Bar,Disney Springs,"Taylor Fladgate 20yr Tawny Port, Douro, Portugal NV",Dessert Wines,Lunch; Dinner,,125.00,disney-springs/wine-bar-george
2026-09-05,Wine Bar George – A Restaurant & Bar,Disney Springs,"Taylor Fladgate, LBV, Douro, Portugal ‘16",Dessert Wines,Lunch; Dinner,,70.00,disney-springs/wine-bar-george
2026-09-05,Wine Bar George – A Restaurant & Bar,Disney Springs,"Hétszolo, 6 puttonyos, Tokaji, Hungary ‘10 - (3oz. pour - $30)",Dessert Wines,Lunch; Dinner,,160.00,disney-springs/wine-bar-george
2026-09-05,Wine Bar George – A Restaurant & Bar,Disney Springs,"Alvear, 1927, Montilla-Moriles, Spain NV - (3oz. pour - $14)",Dessert Wines,Lunch; Dinner,,56.00,disney-springs/wine-bar-george
2026-09-05,Wine Bar George – A Restaurant & Bar,Disney Springs,"Trefethen, Chardonnay 14 Oak Knoll District, California ‘18",Wines on Tap,Lunch; Dinner,,14.00,disney-springs/wine-bar-george
2026-09-05,Wine Bar George – A Restaurant & Bar,Disney Springs,"Château Petit Roubie, Picpoul 10 Picpoul de Pinet, France ‘19",Wines on Tap,Lunch; Dinner,,10.00,disney-springs/wine-bar-george
2026-09-05,Wine Bar George – A Restaurant & Bar,Disney Springs,"Truth or Consequences, Moscato 10 Washington ‘19",Wines on Tap,Lunch; Dinner,,10.00,disney-springs/wine-bar-george
2026-09-05,Wine Bar George – A Restaurant & Bar,Disney Springs,"Sabine, Rosé 9 Provence, France ‘20",Wines on Tap,Lunch; Dinner,,9.00,disney-springs/wine-bar-george
2026-09-05,Wine Bar George – A Restaurant & Bar,Disney Springs,"Cleto Chiarli, Vecchia Modena Lambrusco di Sorbara, Italy NV",Sparkling and Champagne,Lunch; Dinner,,48.00,disney-springs/wine-bar-george
2026-09-05,Wine Bar George – A Restaurant & Bar,Disney Springs,"Caposaldo, Prosecco Veneto, Italy NV",Sparkling and Champagne,Lunch; Dinner,,44.00,disney-springs/wine-bar-george
2026-09-05,Wine Bar George – A Restaurant & Bar,Disney Springs,"Gelida, Gran Reserva Cava, Brut Penedes, Spain ‘16",Sparkling and Champagne,Lunch; Dinner,,12.00,disney-springs/wine-bar-george
2026-09-05,Wine Bar George – A Restaurant & Bar,Disney Springs,"Jansz, Brut Rosé Tasmania, Australia NV",Sparkling and Champagne,Lunch; Dinner,,72.00,disney-springs/wine-bar-george
2026-09-05,Wine Bar George – A Restaurant & Bar,Disney Springs,"Roederer Estate, Brut Anderson Valley, California",Sparkling and Champagne,Lunch; Dinner,,80.00,disney-springs/wine-bar-george
2026-09-05,Wine Bar George – A Restaurant & Bar,Disney Springs,"Digby Brut, Sussex, England NV",Sparkling and Champagne,Lunch; Dinner,,108.00,disney-springs/wine-bar-george
2026-09-05,Wine Bar George – A Restaurant & Bar,Disney Springs,"Chartogne-Taillet, Brut Merfy, Champagne, France NV",Sparkling and Champagne,Lunch; Dinner,,128.00,disney-springs/wine-bar-george
2026-09-05,Wine Bar George – A Restaurant & Bar,Disney Springs,"Gaston Chiquet Rosé, 1er Cru, Champagne, France NV",Sparkling and Champagne,Lunch; Dinner,,140.00,disney-springs/wine-bar-george
2026-09-05,Wine Bar George – A Restaurant & Bar,Disney Springs,"Marc Hebrart, Brut Rosé, 1er Cru Champagne, France NV",Sparkling and Champagne,Lunch; Dinner,,200.00,disney-springs/wine-bar-george
2026-09-05,Wine Bar George – A Restaurant & Bar,Disney Springs,"Egly-Ouriet, Brut Les Vignes de Vrigny 1er Cru, Champagne, France NV",Sparkling and Champagne,Lunch; Dinner,,310.00,disney-springs/wine-bar-george
2026-09-05,Wine Bar George – A Restaurant & Bar,Disney Springs,"Vilmart & Cie, Brut Couer de Cuvee 1er Cru, Champagne, France ‘11",Sparkling and Champagne,Lunch; Dinner,,420.00,disney-springs/wine-bar-george
2026-09-05,Wine Bar George – A Restaurant & Bar,Disney Springs,"The Champagne Experience, 2-oz each",Sparkling and Champagne,Lunch; Dinner,"Marc Hebrart, Brut Rosé, 1er Cru Champagne, France NV | Egly-Ouriet, Brut / Les Vignes de Vrigny 1er Cru NV | Vilmart & Cie, Brut / Couer de Cuvée 1er Cru ‘11",75.00,disney-springs/wine-bar-george
2026-09-05,Wine Bar George – A Restaurant & Bar,Disney Springs,Bouillabaisse,Small Plates,Dinner,grouper / clam / mussels / roasted tomatoes,24.00,disney-springs/wine-bar-george
2026-09-05,Wine Bar George – A Restaurant & Bar,Disney Springs,Lamb Chops*,Small Plates,Dinner,tahini vinaigrette / arugula,34.00,disney-springs/wine-bar-george
2026-09-05,Wine Bar George – A Restaurant & Bar,Disney Springs,Braised Chicken Breast,Main Plates,Dinner,asparagus & mushroom risotto,39.00,disney-springs/wine-bar-george
2026-09-05,Wine Bar George – A Restaurant & Bar,Disney Springs,Double Bone Pork Chop (14 oz),Main Plates,Dinner,roasted Brussels sprouts / rice grits / sorghum glaze,42.00,disney-springs/wine-bar-george
2026-09-05,Wine Bar George – A Restaurant & Bar,Disney Springs,Branzino,Main Plates,Dinner,white bean ragout / spinach / tomatoes,45.00,disney-springs/wine-bar-george
2026-09-05,Wine Bar George – A Restaurant & Bar,Disney Springs,Grilled Ribeye* (16 oz),Main Plates,Dinner,potato stuffed potato / peas / black garlic butter,64.00,disney-springs/wine-bar-george
2026-09-05,Wine Bar George – A Restaurant & Bar,Disney Springs,Skirt Steak* (serves two),Main Plates,Dinner,asparagus / roasted potatoes / chimichurri,83.00,disney-springs/wine-bar-george
2026-09-05,YeSake Kiosk,Disney Springs,Karaage,Street Food Snacks,Lunch And Dinner,Japanese-style Fried Chicken,7.00,disney-springs/yesake
2026-09-05,YeSake Kiosk,Disney Springs,Chicken Bun,Street Food Snacks,Lunch And Dinner,with Sweet Teriyaki Chicken,6.50,disney-springs/yesake
2026-09-05,YeSake Kiosk,Disney Springs,Taiyaki,Street Food Snacks,Lunch And Dinner,Sweet Red-Bean stuffed Pastry with Bavarian Cream,6.00,disney-springs/yesake
2026-09-05,YeSake Kiosk,Disney Springs,YeSake's Favorite,Fresh Bowls,Lunch And Dinner,"Sliced Beef, Lettuce, Cabbage, Onion, Cucumber, Pickled Red Ginger, Tempura Crunch and Spicy Mayo",12.00,disney-springs/yesake
2026-09-05,YeSake Kiosk,Disney Springs,Tofu Power Bowl,Fresh Bowls,Lunch And Dinner,"Organic Tofu, Avocado, Spinach, Carrot, Cabbage, Cucumber, Tempura Crunch and Wasabi Ponzu",13.00,disney-springs/yesake
2026-09-05,YeSake Kiosk,Disney Springs,Ahi Tuna Poke,Fresh Bowls,Lunch And Dinner,"Fresh Tuna*, Spinach Carrot, Avocado, Cucumber, Seaweed Salad, Tempura Crunch and Spicy Poke Sauce",14.00,disney-springs/yesake
2026-09-05,YeSake Kiosk,Disney Springs,Fresh Ahi Tuna*,Build Your Own Poke Bowl,Lunch And Dinner,"Choose between Jasmine Rice Bowl or Seasonal Greens as a base, then add your choice of Toppings and Sauces",12.00,disney-springs/yesake
2026-09-05,YeSake Kiosk,Disney Springs,Fresh Salmon,Build Your Own Poke Bowl,Lunch And Dinner,"Choose between Jasmine Rice Bowl or Seasonal Greens as a base, then add your choice of Toppings and Sauces",12.00,disney-springs/yesake
2026-09-05,YeSake Kiosk,Disney Springs,Chicken Breast,Build Your Own Poke Bowl,Lunch And Dinner,"Choose between Jasmine Rice Bowl or Seasonal Greens as a base, then add your choice of Toppings and Sauces",12.00,disney-springs/yesake
2026-09-05,YeSake Kiosk,Disney Springs,Sliced Beef,Build Your Own Poke Bowl,Lunch And Dinner,"Choose between Jasmine Rice Bowl or Seasonal Greens as a base, then add your choice of Toppings and Sauces",12.00,disney-springs/yesake
2026-09-05,YeSake Kiosk,Disney Springs,Organic Tofu,Build Your Own Poke Bowl,Lunch And Dinner,"Choose between Jasmine Rice Bowl or Seasonal Greens as a base, then add your choice of Toppings and Sauces",12.00,disney-springs/yesake
2026-09-05,YeSake Kiosk,Disney Springs,Avocado,Toppings,Lunch And Dinner,Additional Charge,1.00,disney-springs/yesake
2026-09-05,YeSake Kiosk,Disney Springs,Seaweed Salad,Toppings,Lunch And Dinner,,1.00,disney-springs/yesake
2026-09-05,YeSake Kiosk,Disney Springs,Assorted Bottled Beverages,Assorted Beverages,Lunch And Dinner,,4.50,disney-springs/yesake
2026-09-05,YeSake Kiosk,Disney Springs,DASANI® Bottled Water,Assorted Beverages,Lunch And Dinner,,3.50,disney-springs/yesake
2026-09-05,YeSake Kiosk,Disney Springs,Boba Tea,Assorted Beverages,Lunch And Dinner,"available in Hokkaido Black Milk, Strawberry Milk, Taro Milk",8.00,disney-springs/yesake
2026-09-05,YeSake Kiosk,Disney Springs,Kirin Frozen Draft Beer,Assorted Beer,Lunch And Dinner,,10.00,disney-springs/yesake
2026-09-05,YeSake Kiosk,Disney Springs,Sapporo Silver,Assorted Beer,Lunch And Dinner,,12.00,disney-springs/yesake
2026-09-05,YeSake Kiosk,Disney Springs,Sapporo Black,Assorted Beer,Lunch And Dinner,,12.00,disney-springs/yesake
2026-09-05,YeSake Kiosk,Disney Springs,Bud Light,Assorted Beer,Lunch And Dinner,,8.75,disney-springs/yesake
2026-09-05,YeSake Kiosk,Disney Springs,Strawberry Nigori Sake 4oz,Alcoholic Beverages,Lunch And Dinner,,9.50,disney-springs/yesake
2026-09-05,YeSake Kiosk,Disney Springs,Nigori Sake,Alcoholic Beverages,Lunch And Dinner,,9.50,disney-springs/yesake
2026-09-05,YeSake Kiosk,Disney Springs,Hot or Cold Sake,Alcoholic Beverages,Lunch And Dinner,,8.00,disney-springs/yesake
2026-09-05,YeSake Kiosk,Disney Springs,Sake Cocktail,Alcoholic Beverages,Lunch And Dinner,,10.00,disney-springs/yesake
