Pulled,Restaurant,Park,Item,Category,MealPeriods,Description,Price,Source
2026-09-04,Akershus Royal Banquet Hall,EPCOT,So Many Wishes,Non-Alcoholic Beverages,Breakfast,"Pomegranate Green Tea, Hibiscus, Lemon, and a dash of Stardust",6.79,epcot/akershus-royal-banquet-hall
2026-09-04,Akershus Royal Banquet Hall,EPCOT,Joffrey’s™ Cold Brew Coffee,Non-Alcoholic Beverages,Breakfast,,5.49,epcot/akershus-royal-banquet-hall
2026-09-04,Akershus Royal Banquet Hall,EPCOT,Enchanted Grove Lime Splash,Non-Alcoholic Beverages,Breakfast,Minute Maid® Limeade paired with the revitalizing flavors of Cucumber and Mint,6.29,epcot/akershus-royal-banquet-hall
2026-09-04,Akershus Royal Banquet Hall,EPCOT,Royal Berry Spritzer,Non-Alcoholic Beverages,Breakfast,"Blackberry, Pomegranate, and Lime blended with Topo Chico® Blueberry Hibiscus Sparkling Water",6.59,epcot/akershus-royal-banquet-hall
2026-09-04,Akershus Royal Banquet Hall,EPCOT,Viking Coffee,Specialty Cocktails,Breakfast,"Featuring Joffrey's Coffee™. A robust combination of Colombian Coffee, Kamora Coffee Liqueur, and Baileys Original Irish Cream Liqueur.",16.50,epcot/akershus-royal-banquet-hall
2026-09-04,Akershus Royal Banquet Hall,EPCOT,Midnight Sun,Specialty Cocktails,Breakfast,Perfect blend of LINIE Aquavit Liqueur and Minute Maid® Orange Juice with a splash of Grenadine that will take you to the place where sunset merges into sunrise,16.50,epcot/akershus-royal-banquet-hall
2026-09-04,Akershus Royal Banquet Hall,EPCOT,Blackberry-Orange Spritz,Specialty Cocktails,Breakfast,"Ketel One Botanical Peach & Orange Blossom Vodka, Rockey’s Botanical Liqueur, Kim Crawford Sauvignon Blanc, and Blackberry",17.50,epcot/akershus-royal-banquet-hall
2026-09-04,Akershus Royal Banquet Hall,EPCOT,Legacy Mimosa,Specialty Cocktails,Breakfast,"Uncle Nearest 1884 Small Batch Tennessee Whiskey, Grand Marnier Liqueur, Chateau Ste. Michelle Sparkling Wine, and Minute Maid® Orange Juice",20.50,epcot/akershus-royal-banquet-hall
2026-09-04,Akershus Royal Banquet Hall,EPCOT,Viking Bloody Mary,Specialty Cocktails,Breakfast,Blend of Helix7 Vodka with Bloody Mary Mix,18.50,epcot/akershus-royal-banquet-hall
2026-09-04,Akershus Royal Banquet Hall,EPCOT,Royal Berry Spritzer,Non-Alcoholic Specialty Beverages,Lunch; Dinner,"Blackberry, Pomegranate, and Lime blended with Topo Chico® Blueberry Hibiscus Sparkling Water",6.59,epcot/akershus-royal-banquet-hall
2026-09-04,Akershus Royal Banquet Hall,EPCOT,Enchanted Grove Lime Splash,Non-Alcoholic Specialty Beverages,Lunch; Dinner,Minute Maid® Limeade paired with the revitalizing flavors of Cucumber and Mint,6.29,epcot/akershus-royal-banquet-hall
2026-09-04,Akershus Royal Banquet Hall,EPCOT,So Many Wishes,Non-Alcoholic Specialty Beverages,Lunch; Dinner,"Pomegranate Green Tea, Hibiscus, Lemon, and a dash of Stardust",6.79,epcot/akershus-royal-banquet-hall
2026-09-04,Akershus Royal Banquet Hall,EPCOT,Joffrey’s™ Cold Brew Coffee,Non-Alcoholic Specialty Beverages,Lunch; Dinner,,5.49,epcot/akershus-royal-banquet-hall
2026-09-04,Akershus Royal Banquet Hall,EPCOT,Northern Lights Cocktail,Specialty Drinks,Lunch; Dinner,"Helix7 Vodka, Bols Blue Curaçao Liqueur, Blueberry, Desert Pear, and Sprite® with a souvenir Glow Cube",21.50,epcot/akershus-royal-banquet-hall
2026-09-04,Akershus Royal Banquet Hall,EPCOT,Blue Viking,Specialty Drinks,Lunch; Dinner,"This blend of Helix7 Vodka, Don Q Cristal Rum, El Jimador Blanco Tequila, Askur Gin, and Bols Blue Curaçao Liqueur will tame even the mightiest of Norse God thirst",18.50,epcot/akershus-royal-banquet-hall
2026-09-04,Akershus Royal Banquet Hall,EPCOT,The Bifröst,Specialty Drinks,Lunch; Dinner,This blend of LINIE Aquavit Liqueur and Orange Cream with a splash of Grenadine will bring you along the journey between Midgard and Asgard,18.50,epcot/akershus-royal-banquet-hall
2026-09-04,Akershus Royal Banquet Hall,EPCOT,The Stavanger,Specialty Drinks,Lunch; Dinner,"A refreshing frozen blend of Helix7 Vodka, LINIE Aquavit Liqueur, and Raspberry",18.50,epcot/akershus-royal-banquet-hall
2026-09-04,Akershus Royal Banquet Hall,EPCOT,The Oslo,Specialty Drinks,Lunch; Dinner,"A creation from the capital city, this frozen favorite combines Helix7 Vodka, LINIE Aquavit Liqueur, Bols Crème de Banana Liqueur, and Strawberries",18.50,epcot/akershus-royal-banquet-hall
2026-09-04,Akershus Royal Banquet Hall,EPCOT,Linie Aquavit Glacier Shot,Specialty Drinks,Lunch; Dinner,"Tradisjonell Norsk Spirit produced from potatoes and flavored with caraway, aniseed, and orange peel then matured in Oloroso Sherry casks that give the Norwegian Aquavit a golden color and soft notes of vanilla (Product of Norway 41.5% ABV)",16.50,epcot/akershus-royal-banquet-hall
2026-09-04,Akershus Royal Banquet Hall,EPCOT,Kornøl Norwegian Farmhouse Ale Draft,Beer and Hard Cider,Lunch; Dinner,,11.75,epcot/akershus-royal-banquet-hall
2026-09-04,Akershus Royal Banquet Hall,EPCOT,Einstok White Ale,Beer and Hard Cider,Lunch; Dinner,,12.25,epcot/akershus-royal-banquet-hall
2026-09-04,Akershus Royal Banquet Hall,EPCOT,Bud Light Lager,Beer and Hard Cider,Lunch; Dinner,,9.75,epcot/akershus-royal-banquet-hall
2026-09-04,Akershus Royal Banquet Hall,EPCOT,Bell's Two Hearted IPA,Beer and Hard Cider,Lunch; Dinner,,12.50,epcot/akershus-royal-banquet-hall
2026-09-04,Akershus Royal Banquet Hall,EPCOT,Stella Artois Lager,Beer and Hard Cider,Lunch; Dinner,,12.25,epcot/akershus-royal-banquet-hall
2026-09-04,Akershus Royal Banquet Hall,EPCOT,Breckenridge Brewery Vanilla Porter,Beer and Hard Cider,Lunch; Dinner,,11.25,epcot/akershus-royal-banquet-hall
2026-09-04,Akershus Royal Banquet Hall,EPCOT,Rekorderlig Strawberry & Lime Hard Cider,Beer and Hard Cider,Lunch; Dinner,,12.75,epcot/akershus-royal-banquet-hall
2026-09-04,Akershus Royal Banquet Hall,EPCOT,Rekorderlig Pear Hard Cider,Beer and Hard Cider,Lunch; Dinner,,12.75,epcot/akershus-royal-banquet-hall
2026-09-04,Akershus Royal Banquet Hall,EPCOT,Heineken 0.0 Non-Alcoholic Lager,Beer and Hard Cider,Lunch; Dinner,,10.00,epcot/akershus-royal-banquet-hall
2026-09-04,Akershus Royal Banquet Hall,EPCOT,"Simi Cabernet Sauvignon, Alexander Valley",Red Wine Selections,Lunch; Dinner,,79.00,epcot/akershus-royal-banquet-hall
2026-09-04,Akershus Royal Banquet Hall,EPCOT,"Fess Parker Pinot Noir, Sta. Rita Hills",Red Wine Selections,Lunch; Dinner,,74.00,epcot/akershus-royal-banquet-hall
2026-09-04,Akershus Royal Banquet Hall,EPCOT,"Chappellet Mountain Cuvée, Napa Valley",Red Wine Selections,Lunch; Dinner,,98.00,epcot/akershus-royal-banquet-hall
2026-09-04,Akershus Royal Banquet Hall,EPCOT,"Kurt Russell’s GoGi Wines 'Goldie' Chardonnay, Sta. Rita Hills",White Wine Selections,Lunch; Dinner,,115.00,epcot/akershus-royal-banquet-hall
2026-09-04,Akershus Royal Banquet Hall,EPCOT,"Scarpetta Pinot Grigio, Friuli",White Wine Selections,Lunch; Dinner,,67.00,epcot/akershus-royal-banquet-hall
2026-09-04,Akershus Royal Banquet Hall,EPCOT,"Fess Parker Riesling, Santa Barbara County",White Wine Selections,Lunch; Dinner,,56.00,epcot/akershus-royal-banquet-hall
2026-09-04,Akershus Royal Banquet Hall,EPCOT,"Domaine Ste. Michelle Brut, Columbia Valley",Sparkling Wine Selections,Lunch; Dinner,,56.00,epcot/akershus-royal-banquet-hall
2026-09-04,Akershus Royal Banquet Hall,EPCOT,"Banfi Rosa Regale Sparkling Red, Piedmont",Sparkling Wine Selections,Lunch; Dinner,,67.00,epcot/akershus-royal-banquet-hall
2026-09-04,Biergarten Restaurant,EPCOT,German Beer Flight (Four Pours - 5 oz each),Beer Selection,Lunch; Dinner,"Bitburger Premium Pilsner, Warsteiner Dunkel, König Ludwig Weissbier, and Schöfferhofer Grapefruit Hefeweizen",18.00,epcot/biergarten-restaurant
2026-09-04,Biergarten Restaurant,EPCOT,German White Wine Flight (Three Pours 2-oz each),White Wines,Lunch; Dinner,"Villa Wolf Pinot Gris, J.H. Selbach Blue Label Riesling, and Valckenberg 'Madonna' Riesling Spätlese",20.00,epcot/biergarten-restaurant
2026-09-04,Biergarten Restaurant,EPCOT,"Villa Wolf Pinot Gris, Pfalz",White Wines,Lunch; Dinner,"full-bodied and dry with refreshing, unoaked fruit and a crisp texture",56.00,epcot/biergarten-restaurant
2026-09-04,Biergarten Restaurant,EPCOT,"J.H. Selbach Blue Label Riesling, Mosel",White Wines,Lunch; Dinner,"crisp aromas of lemon, white peach, and melon with a hint of mineral on the palate",79.00,epcot/biergarten-restaurant
2026-09-04,Biergarten Restaurant,EPCOT,"Dr. Loosen, 'Dr. L' Riesling, Mosel",White Wines,Lunch; Dinner,"lightly sweet, green apple and citrus flavors elegantly laced with racy acidity and minerality from steep slate slopes",56.00,epcot/biergarten-restaurant
2026-09-04,Biergarten Restaurant,EPCOT,"Valckenberg 'Madonna' Riesling Spätlese, Rheinhessen",White Wines,Lunch; Dinner,"silky sweet aromas with flavors of apple, peach, and spiced pear",52.00,epcot/biergarten-restaurant
2026-09-04,Biergarten Restaurant,EPCOT,"August Kesseler 'Spätburgunder' Pinot Noir, Rheingau",Red Wines,Lunch; Dinner,"delicate, fine, light in style, and well structured with nice cherry flavors, a hint of black currant, and plenty of spice",62.00,epcot/biergarten-restaurant
2026-09-04,Biergarten Restaurant,EPCOT,"Heinz Eifel 'Shine' Dornfelder, Rheinhessen",Red Wines,Lunch; Dinner,full-bodied with flavors of dark red fruits with a well-balanced sweetness,56.00,epcot/biergarten-restaurant
2026-09-04,Biergarten Restaurant,EPCOT,Jägermeister,Schnapps and Shots,Lunch; Dinner,,15.50,epcot/biergarten-restaurant
2026-09-04,Biergarten Restaurant,EPCOT,Bärenjäger Honey & Bourbon,Schnapps and Shots,Lunch; Dinner,,15.50,epcot/biergarten-restaurant
2026-09-04,Block & Hans,EPCOT,Spicy Strawberry-Mango Smoothie,Food and Wine Festival Beverage Offering,Bar – Lounge,Minute Maid® Strawberry Smoothie Mix with Spicy Mango Syrup (non-alcoholic),6.29,epcot/block-hans
2026-09-04,Block & Hans,EPCOT,Spicy Strawberry-Mango Smoothie,Food and Wine Festival Alcoholic Beverage Offering,Bar – Lounge,Minute Maid® Strawberry Smoothie Mix with Spicy Mango Syrup with Ole Smoky Strawberry Moonshine,16.50,epcot/block-hans
2026-09-04,Block & Hans,EPCOT,Pretzel Nuggets,Snacks,Bar – Lounge,with House-made Beer-Cheese Sauce,8.79,epcot/block-hans
2026-09-04,Block & Hans,EPCOT,Spicy Strawberry-Mango Smoothie,Beverages,Bar – Lounge,Minute Maid® Strawberry Smoothie Mix with Spicy Mango Syrup (non-alcoholic),6.29,epcot/block-hans
2026-09-04,Block & Hans,EPCOT,DASANI® Bottled Water,Beverages,Bar – Lounge,,4.25,epcot/block-hans
2026-09-04,Block & Hans,EPCOT,"Kentucky Bourbon Barrel Ale - Lexington, KY",Alcoholic Beverages,Bar – Lounge,,13.00,epcot/block-hans
2026-09-04,Block & Hans,EPCOT,"Sierra Nevada Hazy Little Thing IPA - Chico, CA",Alcoholic Beverages,Bar – Lounge,,12.50,epcot/block-hans
2026-09-04,Block & Hans,EPCOT,"Orange Blossom Brewing Orange Blossom Pilsner - Orlando, FL",Alcoholic Beverages,Bar – Lounge,,13.00,epcot/block-hans
2026-09-04,Block & Hans,EPCOT,"Golden Road Brewing Mango Cart Wheat Ale- - Los Angeles, CA",Alcoholic Beverages,Bar – Lounge,,13.00,epcot/block-hans
2026-09-04,Block & Hans,EPCOT,"Ciderboys Strawberry Magic Hard Cider - Steven's Point, WI",Alcoholic Beverages,Bar – Lounge,,14.00,epcot/block-hans
2026-09-04,Block & Hans,EPCOT,"Owl's Brew Black Tea & Pineapple Hard Tea - New York, NY",Alcoholic Beverages,Bar – Lounge,,13.50,epcot/block-hans
2026-09-04,Block & Hans,EPCOT,Spicy Strawberry-Mango Smoothie,Alcoholic Beverages,Bar – Lounge,Minute Maid® Strawberry Smoothie Mix with Spicy Mango Syrup with Ole Smoky Strawberry Moonshine,16.50,epcot/block-hans
2026-09-04,La Cantina de San Angel,EPCOT,Arroz Bowl with Marinated Grilled Chicken,Entrées,Lunch And Dinner,"Rice bowl topped with grilled chicken, corn, spicy tomato salsa, pickled onions, queso fresco and cilantro",15.00,epcot/cantina-de-san-angel
2026-09-04,La Cantina de San Angel,EPCOT,Arroz Bowl with Barbacoa Beef or Shrimp,Entrées,Lunch And Dinner,"Rice bowl topped with barbacoa beef, corn, spicy tomato salsa, pickled onions, queso fresco and cilantro or Rice bowl topped with Mexican corn breaded shrimp, corn, shredded cabbage, salsa verde, and a mango relish",15.75,epcot/cantina-de-san-angel
2026-09-04,La Cantina de San Angel,EPCOT,Tacos de Barbacoa,Entrées,Lunch And Dinner,Shredded Beef on homemade Corn Tortillas topped with Red Salsa and Cilantro. Served with Rice and Black Beans with Queso Fresco,16.50,epcot/cantina-de-san-angel
2026-09-04,La Cantina de San Angel,EPCOT,Tacos de Pollo,Entrées,Lunch And Dinner,Marinated Grilled Chicken covered in Red Salsa on homemade Corn Tortillas topped with Cilantro. Served with Rice and Black Beans with Queso Fresco,15.75,epcot/cantina-de-san-angel
2026-09-04,La Cantina de San Angel,EPCOT,Tacos de Camarón,Entrées,Lunch And Dinner,"Mexican corn breaded shrimp on homemade corn tortillas, cabbage, salsa verde, and a mango relish. Served with rice and black beans with queso fresco",16.00,epcot/cantina-de-san-angel
2026-09-04,La Cantina de San Angel,EPCOT,Taco Trio,Entrées,Lunch And Dinner,"Barbacoa, Pollo, and Camarón Tacos on homemade Corn Tortillas. Served with Rice and Black Beans with Queso Fresco",16.25,epcot/cantina-de-san-angel
2026-09-04,La Cantina de San Angel,EPCOT,Empanadas con Queso,Entrées,Lunch And Dinner,"Fried Flour Tortillas filled with Cheese, topped with Sour Cream, Salsa Verde, and Queso Fresco. Served with Rice and Black Beans with Queso Fresco",15.00,epcot/cantina-de-san-angel
2026-09-04,La Cantina de San Angel,EPCOT,Nachos,Entrées,Lunch And Dinner,"Tortilla Chips topped with White Nacho Cheese, Ground Beef & Beans, Tomatoes, Jalapeños, and Sour Cream. Add Guacamole $3.00",15.75,epcot/cantina-de-san-angel
2026-09-04,La Cantina de San Angel,EPCOT,Guacamole with Totopos,Entrées,Lunch And Dinner,Traditional Gucamole with Tortilla Chips,12.50,epcot/cantina-de-san-angel
2026-09-04,La Cantina de San Angel,EPCOT,Rice,Sides,Lunch And Dinner,,3.49,epcot/cantina-de-san-angel
2026-09-04,La Cantina de San Angel,EPCOT,Black Beans,Sides,Lunch And Dinner,,3.49,epcot/cantina-de-san-angel
2026-09-04,La Cantina de San Angel,EPCOT,Fried Plantains,Sides,Lunch And Dinner,,5.49,epcot/cantina-de-san-angel
2026-09-04,La Cantina de San Angel,EPCOT,Guacamole,Sides,Lunch And Dinner,,6.99,epcot/cantina-de-san-angel
2026-09-04,La Cantina de San Angel,EPCOT,Sour Cream,Sides,Lunch And Dinner,,0.75,epcot/cantina-de-san-angel
2026-09-04,La Cantina de San Angel,EPCOT,Nacho Cheese,Sides,Lunch And Dinner,,0.75,epcot/cantina-de-san-angel
2026-09-04,La Cantina de San Angel,EPCOT,Empanadas con Queso,Kids' Meals,Lunch And Dinner,Served with corn chips and nacho cheese. Served with choice of Drink and a side of Fruit,9.50,epcot/cantina-de-san-angel
2026-09-04,La Cantina de San Angel,EPCOT,Chicken Tenders,Kids' Meals,Lunch And Dinner,Served with corn chips and nacho cheese. Served with choice of Drink and a side of Fruit,9.50,epcot/cantina-de-san-angel
2026-09-04,La Cantina de San Angel,EPCOT,Chicken Tacos,Kids' Meals,Lunch And Dinner,"Marinated grilled chicken on homemade corn tortillas, served with corn chips and nacho cheese. Served with choice of Drink and a side of Fruit",9.50,epcot/cantina-de-san-angel
2026-09-04,La Cantina de San Angel,EPCOT,Macaroni & Cheese,Kids' Meals,Lunch And Dinner,Cavatappi Pasta in White Cheddar Cheese Sauce and served with choice of Drink and a side of Fruit,9.50,epcot/cantina-de-san-angel
2026-09-04,La Cantina de San Angel,EPCOT,Churros,Desserts,Lunch And Dinner,with chocolate sauce,6.50,epcot/cantina-de-san-angel
2026-09-04,La Cantina de San Angel,EPCOT,Churro Sundae,Desserts,Lunch And Dinner,,7.99,epcot/cantina-de-san-angel
2026-09-04,La Cantina de San Angel,EPCOT,Mickey Ice Cream Sandwich,Desserts,Lunch And Dinner,,6.50,epcot/cantina-de-san-angel
2026-09-04,La Cantina de San Angel,EPCOT,La Cantina Slushy,Non-Alcoholic Beverages,Lunch And Dinner,,6.00,epcot/cantina-de-san-angel
2026-09-04,La Cantina de San Angel,EPCOT,Jarritos - Traditional Mexican Soda,Non-Alcoholic Beverages,Lunch And Dinner,"traditional Mexican Soda with choice of Pineapple, Mango, or Fruit Punch",4.25,epcot/cantina-de-san-angel
2026-09-04,La Cantina de San Angel,EPCOT,Assorted Fountain Beverages,Non-Alcoholic Beverages,Lunch And Dinner,,4.75,epcot/cantina-de-san-angel
2026-09-04,La Cantina de San Angel,EPCOT,DASANI® Bottled Water,Non-Alcoholic Beverages,Lunch And Dinner,,3.75,epcot/cantina-de-san-angel
2026-09-04,La Cantina de San Angel,EPCOT,"""Top Shelf"" Clásica on the Rocks",Alcoholic Beverages,Lunch And Dinner,"Centinela Reposado Tequila, Alma Finca Orange Liqueur, Fresh Lime Juice, Agave, Dried Chile Salt rim",18.50,epcot/cantina-de-san-angel
2026-09-04,La Cantina de San Angel,EPCOT,Acapulco Colada,Alcoholic Beverages,Lunch And Dinner,"Ten To One Rum, Nixta Corn Liqueur and Piña Colada Cream (Contains Dairy)",17.00,epcot/cantina-de-san-angel
2026-09-04,La Cantina de San Angel,EPCOT,Churro Margarita,Alcoholic Beverages,Lunch And Dinner,(Contains Dairy),18.00,epcot/cantina-de-san-angel
2026-09-04,La Cantina de San Angel,EPCOT,Frozen Mango Margarita,Alcoholic Beverages,Lunch And Dinner,,14.50,epcot/cantina-de-san-angel
2026-09-04,La Cantina de San Angel,EPCOT,Frozen Lime Margarita,Alcoholic Beverages,Lunch And Dinner,,14.50,epcot/cantina-de-san-angel
2026-09-04,La Cantina de San Angel,EPCOT,Tequila Sundae,Alcoholic Beverages,Lunch And Dinner,"Tequila 100% de agave, lime sorbet, spicy tamarind candy, chile lime rim",10.00,epcot/cantina-de-san-angel
2026-09-04,La Cantina de San Angel,EPCOT,Mexican Red Sangria,Alcoholic Beverages,Lunch And Dinner,,14.00,epcot/cantina-de-san-angel
2026-09-04,La Cantina de San Angel,EPCOT,Hercules Draft Beer,Alcoholic Beverages,Lunch And Dinner,Made with Mexican corn,13.00,epcot/cantina-de-san-angel
2026-09-04,La Cantina de San Angel,EPCOT,Seasonal Mexican Craft,Alcoholic Beverages,Lunch And Dinner,,13.50,epcot/cantina-de-san-angel
2026-09-04,La Cantina de San Angel,EPCOT,Dos Equis Lager Draft Beer,Alcoholic Beverages,Lunch And Dinner,,12.00,epcot/cantina-de-san-angel
2026-09-04,La Cava del Tequila,EPCOT,The Wild One,Specialty Drinks,Bar – Lounge,"Pasote blanco tequila, ilegal reposado mezcal, orange passion fruit cordial, black ant salt rim",19.00,epcot/cava-del-tequila
2026-09-04,La Cava del Tequila,EPCOT,La Cava Top Shelf,Specialty Drinks,Bar – Lounge,"Centinela añejo tequila, Alma Finca orange liqueur, Abasolo corn whiskey, fresh lime juice, black ant salt rim",24.00,epcot/cava-del-tequila
2026-09-04,La Cava del Tequila,EPCOT,The Cucumber,Specialty Drinks,Bar – Lounge,"Tromba blanco tequila, fresh cucumber and lime juice, Abasolo corn whiskey, Tajín chile-lime powder rim. Make it Spicy $2.00",19.00,epcot/cava-del-tequila
2026-09-04,La Cava del Tequila,EPCOT,The Vaquero's Falsetto,Specialty Drinks,Bar – Lounge,"Bardstown bourbon, Pasote reposado tequila, mole bitters, bourbon infused Luxardo Marachino cherry",24.00,epcot/cava-del-tequila
2026-09-04,La Cava del Tequila,EPCOT,La Paloma,Specialty Drinks,Bar – Lounge,"Mijenta blanco tequila, Dos Hombres mezcal, grapefruit soda, fresh lime, Tajín chile-lime powder rim",19.00,epcot/cava-del-tequila
2026-09-04,La Cava del Tequila,EPCOT,Malumita,Specialty Drinks,Bar – Lounge,"Contraluz reposado cristalino mezcal, pineapple juice, Ancho Reyes chile Poblano liqueur, ginger-peach cordial, Italicus, tortilla ash rim",25.00,epcot/cava-del-tequila
2026-09-04,La Cava del Tequila,EPCOT,Blood Orange,Specialty Drinks,Bar – Lounge,"Pasote blanco tequila, blood orange, LeJay black currant liqueur, ilegal reposado mezcal, Tajín chile-lime powder rim",19.00,epcot/cava-del-tequila
2026-09-04,La Cava del Tequila,EPCOT,Avocado,Specialty Drinks,Bar – Lounge,"World famous avocado margarita made with Dos Hombres mezcal or Flecha Azul tequila, melon-orange liqueur, fresh avocado, lime juice, hibiscus salt rim Dos Hombres mezcal. Add Flecha Azul tequila $19.50.",21.00,epcot/cava-del-tequila
2026-09-04,Chefs de France,EPCOT,Cassolette d’escargots de Bourgogne au beurre persillé (Escargot),Appetizers,Lunch; Dinner,Casserole of Burgundian escargots baked in parsley and garlic butter,17.95,epcot/chefs-de-france
2026-09-04,Chefs de France,EPCOT,Soupe à l’oignon gratinée (French Onion Soup),Appetizers,Lunch; Dinner,French Onion Soup topped with Gruyère cheese,13.95,epcot/chefs-de-france
2026-09-04,Chefs de France,EPCOT,Salade de Saison,Appetizers,Lunch; Dinner,"Mixed Greens, house vinaigrette, cherry tomatoes, cucumbers, croutons",12.95,epcot/chefs-de-france
2026-09-04,Chefs de France,EPCOT,Salade de betteraves et chévre frais,Appetizers,Lunch; Dinner,"Beets, arugula, goat cheese, balsamic vinaigrette, lemon zest, croutons",15.95,epcot/chefs-de-france
2026-09-04,Chefs de France,EPCOT,"Blinis de Saumon fumé,sauce à l’aneth *",Appetizers,Lunch; Dinner,"Smoked salmon, house made blini, mixed greens, dill cream",18.95,epcot/chefs-de-france
2026-09-04,Chefs de France,EPCOT,"Fruits de la Mer, tarte aux èpinard, sauce au homard",Entrées,Lunch; Dinner,"Gulf shrimp, sea scallops, spinach pastry, creamy lobster sauce",39.95,epcot/chefs-de-france
2026-09-04,Chefs de France,EPCOT,"Filet de saumon, riz pilaf, sauce beurre blanc",Entrées,Lunch; Dinner,"Seared Salmon, rice pilaf, sweet peas and carrots, beurre blanc sauce",38.95,epcot/chefs-de-france
2026-09-04,Chefs de France,EPCOT,Gratin de macaroni,Entrées,Lunch; Dinner,Macaroni baked with cream and Gruyère cheese,26.95,epcot/chefs-de-france
2026-09-04,Chefs de France,EPCOT,Ratatouille Provençale,Entrées,Lunch; Dinner,"Ratatouille, olive vinaigrette, basil, tomato sauce (Plant-based)",28.95,epcot/chefs-de-france
2026-09-04,Chefs de France,EPCOT,"Jarret de Proc Braise, ragout de lentilles de puy, petit oignons",Entrées,Lunch; Dinner,"Braised heritage pork shank, lentil ragu, pearl onions",39.95,epcot/chefs-de-france
2026-09-04,Chefs de France,EPCOT,Poulet au Vinaigre,Entrées,Lunch; Dinner,"Airline chicken breast, shallot and red vinegar sauce, tarragon, potato puree",39.95,epcot/chefs-de-france
2026-09-04,Chefs de France,EPCOT,Boeuf Bourguignon,Entrées,Lunch; Dinner,"Braised beef in Cabernet, pearl onions, carrots, mushrooms, linguine pasta",39.95,epcot/chefs-de-france
2026-09-04,Chefs de France,EPCOT,"Steak Frites, entrecote grillé, pommes frites, sauce bérnaise *",Entrées,Lunch; Dinner,"Grilled Strip Loin, french fries, béarnaise sauce",55.95,epcot/chefs-de-france
2026-09-04,Chefs de France,EPCOT,Plateau de fromages et charcuteries,Entrées,Lunch; Dinner,"Imported cheeses, charcuteries, house made walnut currant bread",40.95,epcot/chefs-de-france
2026-09-04,Chefs de France,EPCOT,Crème Brûlée,Desserts,Lunch; Dinner,Vanilla Crème Brûlée,13.95,epcot/chefs-de-france
2026-09-04,Chefs de France,EPCOT,"Gateau aux 3 chocolats, glace a la vanille",Desserts,Lunch; Dinner,"Three layered chocolate mousse cake, vanilla ice cream",14.95,epcot/chefs-de-france
2026-09-04,Chefs de France,EPCOT,"Nougat glace aux oranges confites, sorbet framboise",Desserts,Lunch; Dinner,"Frozen nougat with candied oranges, raspberry sorbet",13.95,epcot/chefs-de-france
2026-09-04,Chefs de France,EPCOT,Macaron a la fraise,Desserts,Lunch; Dinner,"Strawberry-Lime Macaron, strawberry sorbet",13.95,epcot/chefs-de-france
2026-09-04,Chefs de France,EPCOT,Baba,Desserts,Lunch; Dinner,"Vanilla soaked brioche, tropical compote, whipped cream",14.95,epcot/chefs-de-france
2026-09-04,Chefs de France,EPCOT,Assiette de Sorbets du jour,Desserts,Lunch; Dinner,Daily assortment of fresh sorbets with a Madeleine,13.95,epcot/chefs-de-france
2026-09-04,Chefs de France,EPCOT,Menu Francais,Prix Fixe Meal,Lunch; Dinner,"One Appetizer & Choice of one selected entrée (Filet de saumon, Gratin de macaroni, Rataouille sur quinoa, Poulet Cordon Bleu, Boeuf Bourguignon) & One Dessert & Choice of one glass of: Chardonnay, Cabernet Sauvignon Georges Duboeuf, Non Alcoholic Beverage. Discounts are not accepted and not included in the Disney Dining Plan.",67.95,epcot/chefs-de-france
2026-09-04,Chefs de France,EPCOT,"Blanc de Poulet, Frite",Kids' Entrées,Lunch; Dinner,"Cornmeal crusted chicken tenderloin served with choice of green beans, mashed potatoes or French fries",11.95,epcot/chefs-de-france
2026-09-04,Chefs de France,EPCOT,Croquette de Boeuf en Brioche (Ground Beef Steak),Kids' Entrées,Lunch; Dinner,"Ground beef steak in a brioche bun served with choice of green beans, mashed potatoes, or French fries",12.95,epcot/chefs-de-france
2026-09-04,Chefs de France,EPCOT,Filet de Saumon (Seared Salmon),Kids' Entrées,Lunch; Dinner,"Seared Salmon served with choice of green beans, mashed potatoes, or French fries",13.95,epcot/chefs-de-france
2026-09-04,Chefs de France,EPCOT,Mousse au Chocolat,Kids' Desserts,Lunch; Dinner,Chocolate Mousse,6.95,epcot/chefs-de-france
2026-09-04,Chefs de France,EPCOT,Tarte aux Fraises,Kids' Desserts,Lunch; Dinner,Strawberry Tart,6.75,epcot/chefs-de-france
2026-09-04,Chefs de France,EPCOT,Les Vins des Chefs,Wines,Lunch; Dinner,"Georges Duboeuf Selection, Pays d’Oc Chardonnay, Pinot Noir, Merlot, Cabernet Sauvignon",41.95,epcot/chefs-de-france
2026-09-04,Chefs de France,EPCOT,"Sparkling, Veuve Dubarry, Cuvée Prestige, Brut",Wines,Lunch; Dinner,,54.95,epcot/chefs-de-france
2026-09-04,Chefs de France,EPCOT,"Champagne, Malard, Excellence, Brut",Wines,Lunch; Dinner,,105.95,epcot/chefs-de-france
2026-09-04,Chefs de France,EPCOT,"Champagne, Veuve Clicquot Ponsardin, Brut, N.V.",Wines,Lunch; Dinner,,194.50,epcot/chefs-de-france
2026-09-04,Chefs de France,EPCOT,"Champagne, Laurent Perrier Rose, N.V.",Wines,Lunch; Dinner,,285.00,epcot/chefs-de-france
2026-09-04,Chefs de France,EPCOT,"Champagne, Dom Perignon, 2012",Wines,Lunch; Dinner,,765.00,epcot/chefs-de-france
2026-09-04,Chefs de France,EPCOT,"Bourgogne Blanc, Bouchard Ainé & fils, 2022",Wines,Lunch; Dinner,,78.45,epcot/chefs-de-france
2026-09-04,Chefs de France,EPCOT,"Pouilly Fuissé, Paul Bocuse, 2020",Wines,Lunch; Dinner,,131.25,epcot/chefs-de-france
2026-09-04,Chefs de France,EPCOT,"Sauvignon Blanc, Louis de Camponac, 2022",Wines,Lunch; Dinner,,56.95,epcot/chefs-de-france
2026-09-04,Chefs de France,EPCOT,"Pinot Blanc, Alsace, Pierre Sparr, 2022",Wines,Lunch; Dinner,,62.95,epcot/chefs-de-france
2026-09-04,Chefs de France,EPCOT,"Riesling, Alsace, Pierre Sparr, 2022",Wines,Lunch; Dinner,,66.15,epcot/chefs-de-france
2026-09-04,Chefs de France,EPCOT,"Vouvray, Loire Valley, Sauvion, 2022",Wines,Lunch; Dinner,,61.15,epcot/chefs-de-france
2026-09-04,Chefs de France,EPCOT,"L’Opale de La Presqu’ile de Saint-Tropez, 2023",Wines,Lunch; Dinner,,75.00,epcot/chefs-de-france
2026-09-04,Chefs de France,EPCOT,"Bourgogne Rouge, Bouchard Ainé & fils, 2022",Wines,Lunch; Dinner,,78.00,epcot/chefs-de-france
2026-09-04,Chefs de France,EPCOT,"Mercurey, Domaine Faiveley, 2021",Wines,Lunch; Dinner,,149.00,epcot/chefs-de-france
2026-09-04,Chefs de France,EPCOT,"Beaujolais Villages, G.Duboeuf, 2020",Wines,Lunch; Dinner,,57.25,epcot/chefs-de-france
2026-09-04,Chefs de France,EPCOT,"Morgon, G. Duboeuf, 2020",Wines,Lunch; Dinner,,78.50,epcot/chefs-de-france
2026-09-04,Chefs de France,EPCOT,"Malbec, Fleur des Templiers, 2023",Wines,Lunch; Dinner,,50.95,epcot/chefs-de-france
2026-09-04,Chefs de France,EPCOT,"Mas La Chevaliere, 2023",Wines,Lunch; Dinner,,49.30,epcot/chefs-de-france
2026-09-04,Chefs de France,EPCOT,"Château Larose-Trintaudon, Haut-Médoc, 2019",Wines,Lunch; Dinner,,103.15,epcot/chefs-de-france
2026-09-04,Chefs de France,EPCOT,"Château Baron de Brane, Margaux, 2019",Wines,Lunch; Dinner,,181.50,epcot/chefs-de-france
2026-09-04,Chefs de France,EPCOT,"Château Fonfroide, 2019",Wines,Lunch; Dinner,,54.55,epcot/chefs-de-france
2026-09-04,Chefs de France,EPCOT,"Château Haut Mondain, 2020",Wines,Lunch; Dinner,,61.70,epcot/chefs-de-france
2026-09-04,Chefs de France,EPCOT,"Château Cormeil Figeac, Saint-Emilion, 2018",Wines,Lunch; Dinner,,138.60,epcot/chefs-de-france
2026-09-04,Chefs de France,EPCOT,"Côtes du Rhône, Les Abeilles, J.L. Colombo, 2021",Wines,Lunch; Dinner,,58.55,epcot/chefs-de-france
2026-09-04,Chefs de France,EPCOT,"La Glaciere Blanc, Coteaux du Pont du Guard, Chardonnay",Wines,Lunch; Dinner,,62.95,epcot/chefs-de-france
2026-09-04,Chefs de France,EPCOT,"La Glaciere Rouge, Cevennes, Merlot and Syrah Blend",Wines,Lunch; Dinner,,62.95,epcot/chefs-de-france
2026-09-04,Chefs de France,EPCOT,French Fashioned,Cocktails & House Specialties,Lunch; Dinner,"Ninalys French Whisky, bitter syrup, orange foam",17.95,epcot/chefs-de-france
2026-09-04,Chefs de France,EPCOT,French Martini,Cocktails & House Specialties,Lunch; Dinner,"vodka, Chambord, pineapple juice, lemon lime foam",16.95,epcot/chefs-de-france
2026-09-04,Chefs de France,EPCOT,Cocktail des Chefs,Cocktails & House Specialties,Lunch; Dinner,"sparkling wine, Lejay cassis",13.95,epcot/chefs-de-france
2026-09-04,Chefs de France,EPCOT,St-Germain Cocktail,Cocktails & House Specialties,Lunch; Dinner,"sparkling wine, St-Germain, sparkling water",18.95,epcot/chefs-de-france
2026-09-04,Chefs de France,EPCOT,Coupe de Champagne,Cocktails & House Specialties,Lunch; Dinner,"Malard, Excellence, Brut",21.95,epcot/chefs-de-france
2026-09-04,Chefs de France,EPCOT,Kir Royal,Cocktails & House Specialties,Lunch; Dinner,"Champagne Malard, Lejay cassis",22.95,epcot/chefs-de-france
2026-09-04,Chefs de France,EPCOT,Kir Imperial,Cocktails & House Specialties,Lunch; Dinner,"Champagne Malard, Chambord",23.95,epcot/chefs-de-france
2026-09-04,Chefs de France,EPCOT,Kir au Cassis,Cocktails & House Specialties,Lunch; Dinner,"Chardonnay wine, Lejay cassis",11.95,epcot/chefs-de-france
2026-09-04,Chefs de France,EPCOT,Berry Rouge,Cocktails & House Specialties,Lunch; Dinner,"Grey Goose Berry Vodka, sparkling limonade, grenadine",18.95,epcot/chefs-de-france
2026-09-04,Chefs de France,EPCOT,Dubonnet Red,Cocktails & House Specialties,Lunch; Dinner,sweet wine aperitif on the rocks,9.40,epcot/chefs-de-france
2026-09-04,Chefs de France,EPCOT,Lillet Blanc,Cocktails & House Specialties,Lunch; Dinner,French wine based Apperitif,11.95,epcot/chefs-de-france
2026-09-04,Chefs de France,EPCOT,Bière Kronenbourg 1664,Cocktails & House Specialties,Lunch; Dinner,French beer - Bottle,9.95,epcot/chefs-de-france
2026-09-04,Chefs de France,EPCOT,"Coca-Cola®, Sprite®, or Diet Coke® Caffeine-free",Non-Alcoholic Beverages,Lunch; Dinner,,4.75,epcot/chefs-de-france
2026-09-04,Chefs de France,EPCOT,Thé Glacé - Nestea Iced Tea,Non-Alcoholic Beverages,Lunch; Dinner,,4.75,epcot/chefs-de-france
2026-09-04,Chefs de France,EPCOT,Lait - Milk,Non-Alcoholic Beverages,Lunch; Dinner,,4.29,epcot/chefs-de-france
2026-09-04,Chefs de France,EPCOT,Jus d'Orange - Orange Juice,Non-Alcoholic Beverages,Lunch; Dinner,,5.00,epcot/chefs-de-france
2026-09-04,Chefs de France,EPCOT,Diabolo Menthe,Non-Alcoholic Beverages,Lunch; Dinner,"Sprite®, Monin green mint syrup",5.25,epcot/chefs-de-france
2026-09-04,Chefs de France,EPCOT,Shirley Temple,Non-Alcoholic Beverages,Lunch; Dinner,Sprite® and grenadine with a maraschino cherry,5.25,epcot/chefs-de-france
2026-09-04,Chefs de France,EPCOT,Thé,Non-Alcoholic Beverages,Lunch; Dinner,Selections of teas,4.50,epcot/chefs-de-france
2026-09-04,Chefs de France,EPCOT,Café,Non-Alcoholic Beverages,Lunch; Dinner,"Locally roasted, signature blend coffee, 100% Arabica",4.25,epcot/chefs-de-france
2026-09-04,Chefs de France,EPCOT,Café Espresso,Non-Alcoholic Beverages,Lunch; Dinner,,4.75,epcot/chefs-de-france
2026-09-04,Chefs de France,EPCOT,Café Cappuccino,Non-Alcoholic Beverages,Lunch; Dinner,,5.25,epcot/chefs-de-france
2026-09-04,Chefs de France,EPCOT,Evian,Imported Water and Sodas,Lunch; Dinner,Non-Sparkling,9.95,epcot/chefs-de-france
2026-09-04,Chefs de France,EPCOT,Perrier 750mL,Imported Water and Sodas,Lunch; Dinner,Sparkling,9.95,epcot/chefs-de-france
2026-09-04,Chefs de France,EPCOT,Perrier 33mL,Imported Water and Sodas,Lunch; Dinner,Sparkling,5.00,epcot/chefs-de-france
2026-09-04,Chefs de France,EPCOT,Orangina,Imported Water and Sodas,Lunch; Dinner,French orange soda,6.75,epcot/chefs-de-france
2026-09-04,Chefs de France,EPCOT,Limonade,Imported Water and Sodas,Lunch; Dinner,French sparkling Limonade,6.25,epcot/chefs-de-france
2026-09-04,Choza de Margarita,EPCOT,Top Shelf Clásica,"Signature Margaritas ""On the Rocks""",Snack,"Centinela reposado tequila, Alma Finca orange liqueur, fresh lime juice, agave, dried chile salt rim",18.50,epcot/choza-de-margarita
2026-09-04,Choza de Margarita,EPCOT,The Cucumber,"Signature Margaritas ""On the Rocks""",Snack,"Tromba blanco tequila, fresh cucumber and lime juice, Abasolo corn whiskey, agave, Rhubarb bitters, Tajín chile-lime powder rim",18.25,epcot/choza-de-margarita
2026-09-04,Choza de Margarita,EPCOT,Blood Orange,"Signature Margaritas ""On the Rocks""",Snack,"Blanco tequila, blood orange-black currant liqueur, Ilegal reposado mezcal, Tajín chile-lime powder rim",18.50,epcot/choza-de-margarita
2026-09-04,Choza de Margarita,EPCOT,Seasonal Margarita,"Signature Margaritas ""On the Rocks""",Snack,Ask a Cast Member for details,22.00,epcot/choza-de-margarita
2026-09-04,Choza de Margarita,EPCOT,Classic Lime,Frozen Margaritas,Snack,,14.50,epcot/choza-de-margarita
2026-09-04,Choza de Margarita,EPCOT,Mango Loco,Frozen Margaritas,Snack,,14.50,epcot/choza-de-margarita
2026-09-04,Choza de Margarita,EPCOT,Strawberry,Frozen Margaritas,Snack,,14.95,epcot/choza-de-margarita
2026-09-04,Choza de Margarita,EPCOT,Fiesta,Frozen Margaritas,Snack,"A combination of strawberry, classic lime, and mango loco",15.25,epcot/choza-de-margarita
2026-09-04,Choza de Margarita,EPCOT,El Jefe,Frozen Margaritas,Snack,A grand expression of our traditional Fiesta Margarita,18.00,epcot/choza-de-margarita
2026-09-04,Choza de Margarita,EPCOT,Dos Equis,Cerveza,Snack,Golden pilsner-style beer,12.00,epcot/choza-de-margarita
2026-09-04,Choza de Margarita,EPCOT,Hercules,Cerveza,Snack,Lágermaiz craft beer made with Mexican corn,13.00,epcot/choza-de-margarita
2026-09-04,Choza de Margarita,EPCOT,Michelada,Cerveza,Snack,"Lágermaiz craft beer, served with mix of Clamato (tomato-clam), lime and orange juice, salsa Valentina, Maggi, soy, and Worcestershire sauce",14.00,epcot/choza-de-margarita
2026-09-04,Choza de Margarita,EPCOT,Dos Hombres Michelada,Cerveza,Snack,"Dos Hombres mezcal, Lágermaiz beer and housemade michelada",17.00,epcot/choza-de-margarita
2026-09-04,Choza de Margarita,EPCOT,DASANI® Bottled Water,Non-Alcoholic Beverages,Snack,,4.00,epcot/choza-de-margarita
2026-09-04,Choza de Margarita,EPCOT,Conga,Non-Alcoholic Beverages,Snack,"Mexican Fruit Punch made from Orange, Pineapple and Lemon Juice",6.00,epcot/choza-de-margarita
2026-09-04,Choza de Margarita,EPCOT,Tacos de Cochinita,Food,Snack,Tender Citrus marinated Pulled Pork served on Corn Tortillas with pickled Red Onions and a Mango Habanero Relish with a side of Corn Esquites,12.95,epcot/choza-de-margarita
2026-09-04,Choza de Margarita,EPCOT,Empanada de Barbacoa,Food,Snack,"Empanadas filled with Barbacoa Beef, topped with Chipotle Sauce, Crema Mexicana and Queso Fresco. Served with a side of Corn Esquites",13.75,epcot/choza-de-margarita
2026-09-04,Choza de Margarita,EPCOT,Pastor Quesadillas,Food,Snack,"Flour tortillas filled with pork pastor, Monterey Jack cheese, and pineapple relish with sides of salsa verde and esquites",13.50,epcot/choza-de-margarita
2026-09-04,Choza de Margarita,EPCOT,Tostada de Pollo,Food,Snack,"Crispy Corn Tortillas with Black Beans and Chipotle Chicken. Garnished with Crema Mexicana, Shredded Romaine Lettuce and Queso Cotija",11.95,epcot/choza-de-margarita
2026-09-04,Choza de Margarita,EPCOT,Guacamole,Sides,Snack,topped with Mango and Pumpkin Seeds. Served with Tortilla Chips,12.50,epcot/choza-de-margarita
2026-09-04,Choza de Margarita,EPCOT,Elote,Sides,Snack,"Sweet Corn on the Cob smothered with Chipotle Aioli, Queso Cotija and Tajin Chile-lime Powder",8.00,epcot/choza-de-margarita
2026-09-04,Coral Reef Restaurant,EPCOT,Lobster Bisque,Appetizers,Dinner,"Dry Sherry, Rock Lobster Relish",14.00,epcot/coral-reef-restaurant
2026-09-04,Coral Reef Restaurant,EPCOT,Chicken Wings,Appetizers,Dinner,"Jamaican-spiced Rum Glaze, Green Onions",16.00,epcot/coral-reef-restaurant
2026-09-04,Coral Reef Restaurant,EPCOT,Caribbean Salad,Appetizers,Dinner,"Tomatoes, Onions, Avocado, Crispy Plantains, Pigeon Peas, Key Lime Vinaigrette (plant-based)",12.00,epcot/coral-reef-restaurant
2026-09-04,Coral Reef Restaurant,EPCOT,Coconut Fried Shrimp,Appetizers,Dinner,Mango Chutney,20.00,epcot/coral-reef-restaurant
2026-09-04,Coral Reef Restaurant,EPCOT,Seafood Macaroni & Cheese,Entrées,Dinner,"Lobster, Shrimp, Bisque Cheese Sauce, Bread Gremolata",38.00,epcot/coral-reef-restaurant
2026-09-04,Coral Reef Restaurant,EPCOT,Coastal Palm Cakes,Entrées,Dinner,"Hearts of Palm, Quinoa, Kale, Pearl Peppers, Toy Box Tomatoes, Red Onions, Roasted Corn (plant-based)",28.00,epcot/coral-reef-restaurant
2026-09-04,Coral Reef Restaurant,EPCOT,Mojo Chicken,Entrées,Dinner,"Caribbean Rice, Black-eyed Peas, Crispy Garlic Plantains",32.00,epcot/coral-reef-restaurant
2026-09-04,Coral Reef Restaurant,EPCOT,Shrimp Fettuccine,Entrées,Dinner,"Garlic, Chardonnay-Cream Sauce, Lemon, Parsley",38.00,epcot/coral-reef-restaurant
2026-09-04,Coral Reef Restaurant,EPCOT,Surf and Turf*,Entrées,Dinner,"Filet Mignon, Grilled Shrimp, Garlic Mashed Potatoes, Key Lime Chimichurri",45.00,epcot/coral-reef-restaurant
2026-09-04,Coral Reef Restaurant,EPCOT,Grilled Snapper,Entrées,Dinner,"Coconut-Lime Rice, Mango Salsa, Avocado, Toasted Coconut, Chili-Lime Seasoning",35.00,epcot/coral-reef-restaurant
2026-09-04,Coral Reef Restaurant,EPCOT,Guava-braised Short Rib,Entrées,Dinner,"Garlic Mashed Potatoes, Field Greens, Florida Citrus",39.00,epcot/coral-reef-restaurant
2026-09-04,Coral Reef Restaurant,EPCOT,Key West Sunset,Desserts,Dinner,"Key Lime Tart, Chantilly, Raspberries",10.00,epcot/coral-reef-restaurant
2026-09-04,Coral Reef Restaurant,EPCOT,Pineapple-Coconut Bread Pudding,Desserts,Dinner,"Vanilla Ice Cream, Warm Rum Caramel, Shaved Coconut",11.00,epcot/coral-reef-restaurant
2026-09-04,Coral Reef Restaurant,EPCOT,Chocolate Mousse Bar,Desserts,Dinner,"Jack Daniel's Tennessee Whiskey, Chocolate Ganache, Almonds, Orange Coral (plant-based)",11.00,epcot/coral-reef-restaurant
2026-09-04,Coral Reef Restaurant,EPCOT,Jr. Garden Salad,Kids' Appetizers (à la carte),Dinner,with Ranch Dressing,3.25,epcot/coral-reef-restaurant
2026-09-04,Coral Reef Restaurant,EPCOT,Chicken Noodle Soup,Kids' Appetizers (à la carte),Dinner,,3.25,epcot/coral-reef-restaurant
2026-09-04,Coral Reef Restaurant,EPCOT,Fish of the Day,Kids' Create-Your-Own Entrées (choose one),Dinner,"Served with choice of two (2) Selections and choice of Small Lowfat Milk, Small DASANI® Water, or Small Minute Maid® Apple Juice",14.00,epcot/coral-reef-restaurant
2026-09-04,Coral Reef Restaurant,EPCOT,Grilled Chicken with Barbecue Sauce,Kids' Create-Your-Own Entrées (choose one),Dinner,"Served with choice of two (2) Selections and choice of Small Lowfat Milk, Small DASANI® Water, or Small Minute Maid® Apple Juice. Meets Disney Nutrition Guidelines for Complete Meals without substitutions.",13.00,epcot/coral-reef-restaurant
2026-09-04,Coral Reef Restaurant,EPCOT,Grilled Shrimp,Kids' Create-Your-Own Entrées (choose one),Dinner,"Served with choice of two (2) Selections and choice of Small Lowfat Milk, Small DASANI Water, or Small Minute Maid Apple Juice",14.00,epcot/coral-reef-restaurant
2026-09-04,Coral Reef Restaurant,EPCOT,Braised Short Rib,Kids' Create-Your-Own Entrées (choose one),Dinner,"Served with choice of two (2) Selections and choice of Small Lowfat Milk, Small DASANI® Water, or Small Minute Maid® Apple Juice",16.00,epcot/coral-reef-restaurant
2026-09-04,Coral Reef Restaurant,EPCOT,Macaroni & Cheese,Kids' Create-Your-Own Entrées (choose one),Dinner,"Served with choice of two (2) Selections and choice of Small Lowfat Milk, Small DASANI® Water, or Small Minute Maid® Apple Juice",13.00,epcot/coral-reef-restaurant
2026-09-04,Coral Reef Restaurant,EPCOT,Specialty Character Drink,Non-Alcoholic Specialty Beverages,Dinner,Minute Maid® Zero Sugar Lemonade with flavors of Cotton Candy served in a Souvenir Character Cup. Not included in the Dining Plan.,7.00,epcot/coral-reef-restaurant
2026-09-04,Coral Reef Restaurant,EPCOT,Pineapple Sunset,Non-Alcoholic Specialty Beverages,Dinner,"A mixture of tropical flavors with Minute Maid® Orange Juice, Ginger Beer, and a splash of Sprite®",5.99,epcot/coral-reef-restaurant
2026-09-04,Coral Reef Restaurant,EPCOT,The Shark Tank,Non-Alcoholic Specialty Beverages,Dinner,A refreshing lemonade inspired by the underwater sea life as seen in the aquarium. Not included in the Dining Plan.,9.29,epcot/coral-reef-restaurant
2026-09-04,Coral Reef Restaurant,EPCOT,Piña CoLAVA,Cocktails,Dinner,"Bacardí Raspberry Rum blended with flavors of Coconut, Pineapple, and Raspberry Purée",17.50,epcot/coral-reef-restaurant
2026-09-04,Coral Reef Restaurant,EPCOT,Rum Swizzle,Cocktails,Dinner,Mount Gay Eclipse Rum with Tropical Juices and flavors of Guava and Mango,16.50,epcot/coral-reef-restaurant
2026-09-04,Coral Reef Restaurant,EPCOT,Blood Orange Margarita,Cocktails,Dinner,"Lunazul Añejo Tequila, Cointreau Liqueur, Lime Juice, and Blood Orange Sour",17.50,epcot/coral-reef-restaurant
2026-09-04,Coral Reef Restaurant,EPCOT,Indigo Hibiscus,Cocktails,Dinner,"Empress 1908 Gin, Bols Blue Curaçao Liqueur, Minute Maid® Premium Lemonade, Orgeat (Almond), Lemon, and Hibiscus Grenadine",17.50,epcot/coral-reef-restaurant
2026-09-04,Coral Reef Restaurant,EPCOT,Raspberry Mojito,Cocktails,Dinner,"Bacardí Raspberry Rum, Mount Gay Eclipse Rum, Lime Juice, Mint, and Raspberry Purée topped with Soda Water. Also available without Alcohol.",16.50,epcot/coral-reef-restaurant
2026-09-04,Coral Reef Restaurant,EPCOT,The Abyss,Cocktails,Dinner,"WÓDKA Vodka, Bacardí Superior Rum, Bols Blue Curaçao Liqueur, and Pineapple Juice",16.50,epcot/coral-reef-restaurant
2026-09-04,Coral Reef Restaurant,EPCOT,Captain's Rum Runner,Cocktails,Dinner,"Captain Morgan Original Spiced Rum, Bols Blackberry Brandy, Bols Créme de Banana Liqueur, and Tropical Juices topped with a float of Myers's Original Dark Rum",17.50,epcot/coral-reef-restaurant
2026-09-04,Coral Reef Restaurant,EPCOT,Old Fashioned,Cocktails,Dinner,"Michter’s Small Batch Bourbon, Demerara Syrup, and Hella Cocktail Co. Aromatic & Orange Bitters",17.50,epcot/coral-reef-restaurant
2026-09-04,Coral Reef Restaurant,EPCOT,Spanish Coffee,Specialty Coffee,Dinner,Kahlúa Liqueur and E&J Brandy,15.50,epcot/coral-reef-restaurant
2026-09-04,Coral Reef Restaurant,EPCOT,Nutty Fisherman,Specialty Coffee,Dinner,Frangelico Liqueur and Baileys Original Irish Cream Liqueur,17.50,epcot/coral-reef-restaurant
2026-09-04,Coral Reef Restaurant,EPCOT,Irish Coffee,Specialty Coffee,Dinner,Jameson Irish Whiskey with Whipped Cream,15.50,epcot/coral-reef-restaurant
2026-09-04,Coral Reef Restaurant,EPCOT,"Paul Chaneau 'Lady of Spain' Cava Brut, Spain",Sparkling Wine,Dinner,,56.00,epcot/coral-reef-restaurant
2026-09-04,Coral Reef Restaurant,EPCOT,"Fess Parker Riesling, Santa Barbara County",White Wines,Dinner,,56.00,epcot/coral-reef-restaurant
2026-09-04,Coral Reef Restaurant,EPCOT,"Benvolio Pinot Grigio, Friuli",White Wines,Dinner,,44.00,epcot/coral-reef-restaurant
2026-09-04,Coral Reef Restaurant,EPCOT,"La Crema Pinot Gris, Monterey",White Wines,Dinner,,56.00,epcot/coral-reef-restaurant
2026-09-04,Coral Reef Restaurant,EPCOT,"Honig Sauvignon Blanc, Napa Valley (sustainably farmed)",White Wines,Dinner,,56.00,epcot/coral-reef-restaurant
2026-09-04,Coral Reef Restaurant,EPCOT,"Conundrum White Blend, California",White Wines,Dinner,,79.00,epcot/coral-reef-restaurant
2026-09-04,Coral Reef Restaurant,EPCOT,"Veramonte Chardonnay, Casablanca Valley",White Wines,Dinner,,56.00,epcot/coral-reef-restaurant
2026-09-04,Coral Reef Restaurant,EPCOT,"Gérard Bertrand Cote Des Roses, Rosé, Languedoc",Rosé and Red Wines,Dinner,,62.00,epcot/coral-reef-restaurant
2026-09-04,Coral Reef Restaurant,EPCOT,"Argyle Pinot Noir, Willamette Valley (certified sustainable)",Rosé and Red Wines,Dinner,,79.00,epcot/coral-reef-restaurant
2026-09-04,Coral Reef Restaurant,EPCOT,"Columbia Crest H3 Merlot, Columbia Valley",Rosé and Red Wines,Dinner,,52.00,epcot/coral-reef-restaurant
2026-09-04,Coral Reef Restaurant,EPCOT,"Catena 'Vista Flores' Malbec, Mendoza",Rosé and Red Wines,Dinner,,74.00,epcot/coral-reef-restaurant
2026-09-04,Coral Reef Restaurant,EPCOT,"Robert Mondavi Cabernet Sauvignon, Napa Valley",Rosé and Red Wines,Dinner,,98.00,epcot/coral-reef-restaurant
2026-09-04,Fife & Drum Tavern,EPCOT,Popcorn - Souvenir Bucket,Featured,Snack,(Plant-based),14.29,epcot/fife-and-drum-tavern
2026-09-04,Fife & Drum Tavern,EPCOT,Popcorn Bucket Refill,Featured,Snack,Valid for Length of Stay,2.49,epcot/fife-and-drum-tavern
2026-09-04,Fife & Drum Tavern,EPCOT,Popcorn,Featured,Snack,(Plant-based),5.99,epcot/fife-and-drum-tavern
2026-09-04,Fife & Drum Tavern,EPCOT,Jumbo Turkey Leg,Featured,Snack,,14.99,epcot/fife-and-drum-tavern
2026-09-04,Fife & Drum Tavern,EPCOT,Mickey-shaped Pretzel,Featured,Snack,Served with Cheese Sauce,8.49,epcot/fife-and-drum-tavern
2026-09-04,Fife & Drum Tavern,EPCOT,Hot Dog,Featured,Snack,Served with Chips,11.29,epcot/fife-and-drum-tavern
2026-09-04,Fife & Drum Tavern,EPCOT,Soft-serve in a Waffle Cone,Featured,Snack,"Vanilla, Chocolate, or Swirl",6.29,epcot/fife-and-drum-tavern
2026-09-04,Fife & Drum Tavern,EPCOT,The American Dream,Beverages,Snack,"Frozen Fanta® Wild Cherry, Vanilla Ice Cream, and Frozen Fanta® Blue Raspberry",6.99,epcot/fife-and-drum-tavern
2026-09-04,Fife & Drum Tavern,EPCOT,Frozen Slushy,Beverages,Snack,"Minute Maid® Premium Lemonade, Fanta® Wild Cherry, or Fanta® Blue Raspberry",6.29,epcot/fife-and-drum-tavern
2026-09-04,Fife & Drum Tavern,EPCOT,Barq's® Root Beer Float,Beverages,Snack,Barq's® Root Beer Float with Vanilla Ice Cream,6.79,epcot/fife-and-drum-tavern
2026-09-04,Fife & Drum Tavern,EPCOT,Assorted Fountain Beverages,Beverages,Snack,,4.79,epcot/fife-and-drum-tavern
2026-09-04,Fife & Drum Tavern,EPCOT,DASANI® Bottled Water,Beverages,Snack,,4.25,epcot/fife-and-drum-tavern
2026-09-04,Fife & Drum Tavern,EPCOT,Bud Light Lager Draft,Alcoholic Beverages,Snack,,10.00,epcot/fife-and-drum-tavern
2026-09-04,Fife & Drum Tavern,EPCOT,Yuengling Traditional Lager,Alcoholic Beverages,Snack,,10.50,epcot/fife-and-drum-tavern
2026-09-04,Fife & Drum Tavern,EPCOT,Samuel Adams Seasonal,Alcoholic Beverages,Snack,,13.00,epcot/fife-and-drum-tavern
2026-09-04,Fife & Drum Tavern,EPCOT,Blue Moon Belgian White Ale,Alcoholic Beverages,Snack,,10.50,epcot/fife-and-drum-tavern
2026-09-04,Fife & Drum Tavern,EPCOT,Frozen Black Cherry Bourbon Lemonade,Alcoholic Beverages,Snack,Jim Beam Red Stag Black Cherry Bourbon with Frozen Minute Maid® Lemonade,16.50,epcot/fife-and-drum-tavern
2026-09-04,Funnel Cake,EPCOT,Pumpkin Pie Funnel Cake,Food & Wine Festival Food Offering,Snack,"Funnel Cake with Pumpkin Pie Ice Cream, Whipped Cream, Dark Chocolate Sauce, Cinnamon Streusel, and Powdered Sugar",12.50,epcot/funnel-cake
2026-09-04,Funnel Cake,EPCOT,Funnel Cake with Sugar,Desserts,Snack,,10.00,epcot/funnel-cake
2026-09-04,Funnel Cake,EPCOT,Funnel Cake with Chocolate Sauce,Desserts,Snack,,11.50,epcot/funnel-cake
2026-09-04,Funnel Cake,EPCOT,Funnel Cake with Whipped Cream,Desserts,Snack,,12.00,epcot/funnel-cake
2026-09-04,Funnel Cake,EPCOT,Funnel Cake with Vanilla Ice Cream,Desserts,Snack,,13.50,epcot/funnel-cake
2026-09-04,Funnel Cake,EPCOT,Cookies ‘n Cream Funnel Cake,Desserts,Snack,"with Sugar, Vanilla Ice Cream, Crushed Cookies, and Chocolate Sauce",15.00,epcot/funnel-cake
2026-09-04,Funnel Cake,EPCOT,DASANI® Bottled Water,Beverage,Snack,,3.50,epcot/funnel-cake
2026-09-04,Funnel Cake,EPCOT,Funnel Cake Gift Kit,Funnel Cake Kit,Snack,,21.00,epcot/funnel-cake
2026-09-04,Garden Grill Restaurant,EPCOT,Specialty Character Drink,Non-Alcoholic Beverages,Breakfast; Lunch; Dinner,Minute Maid® Zero Sugar Lemonade with flavors of Cotton Candy served in a souvenir Character Cup. Not included in the Dining Plan.,7.00,epcot/garden-grill-restaurant
2026-09-04,Garden Grill Restaurant,EPCOT,Legacy Mimosa,Alcoholic Beverages,Breakfast,"Uncle Nearest 1884 Small Batch Tennessee Whiskey, Grand Marnier Liqueur, Chateau Ste. Michelle Sparkling Wine, and Minute Maid® Orange Juice",20.50,epcot/garden-grill-restaurant
2026-09-04,Garden Grill Restaurant,EPCOT,Bloody Mary,Alcoholic Beverages,Breakfast,"Tito’s Handmade Vodka, House-made Bloody Mary Mix",17.50,epcot/garden-grill-restaurant
2026-09-04,Garden Grill Restaurant,EPCOT,Cold Brew Martini,Alcoholic Beverages,Breakfast,"Kōloa Kauaʻi Cacao Rum, Tia Maria Liqueur, Joffrey’s™ Cold Brew Coffee",17.50,epcot/garden-grill-restaurant
2026-09-04,Garden Grill Restaurant,EPCOT,So Many Wishes,Non-Alcoholic Beverages,Lunch; Dinner,"Pomegranate Green Tea, Hibiscus, Lemon, a dash of Star Dust",6.79,epcot/garden-grill-restaurant
2026-09-04,Garden Grill Restaurant,EPCOT,Legacy Mimosa,Specialty Cocktails,Lunch; Dinner,"Uncle Nearest 1884 Small Batch Tennessee Whiskey, Grand Marnier Liqueur, Chateau Ste. Michelle Sparkling Wine, Minute Maid® Orange Juice",20.50,epcot/garden-grill-restaurant
2026-09-04,Garden Grill Restaurant,EPCOT,Bloody Mary,Specialty Cocktails,Lunch; Dinner,"Tito’s Handmade Vodka, House-made Bloody Mary Mix",17.50,epcot/garden-grill-restaurant
2026-09-04,Garden Grill Restaurant,EPCOT,Cold Brew Martini,Specialty Cocktails,Lunch; Dinner,"Kōloa Kauaʻi Cacao Rum, Tia Maria Liqueur, Joffrey’s™ Cold Brew Coffee",17.50,epcot/garden-grill-restaurant
2026-09-04,Garden Grill Restaurant,EPCOT,"Nino Franco Rustico Prosecco, Veneto",Wine Selections,Lunch; Dinner,,56.00,epcot/garden-grill-restaurant
2026-09-04,Garden Grill Restaurant,EPCOT,"Coppo Moncalvina Moscato d'Asti, Piedmont",Wine Selections,Lunch; Dinner,,56.00,epcot/garden-grill-restaurant
2026-09-04,Garden Grill Restaurant,EPCOT,"Franciscan Chardonnay, Monterey & Napa County",Wine Selections,Lunch; Dinner,,62.00,epcot/garden-grill-restaurant
2026-09-04,Garden Grill Restaurant,EPCOT,"Kim Crawford Sauvignon Blanc, Marlborough",Wine Selections,Lunch; Dinner,,67.00,epcot/garden-grill-restaurant
2026-09-04,Garden Grill Restaurant,EPCOT,"Benvolio Pinot Grigio, Friuli",Wine Selections,Lunch; Dinner,,44.00,epcot/garden-grill-restaurant
2026-09-04,Garden Grill Restaurant,EPCOT,"MacMurray Estate Vineyards Pinot Noir, Central Coast",Wine Selections,Lunch; Dinner,,74.00,epcot/garden-grill-restaurant
2026-09-04,Garden Grill Restaurant,EPCOT,"Columbia Crest H3 Merlot, Horse Heaven Hills",Wine Selections,Lunch; Dinner,,52.00,epcot/garden-grill-restaurant
2026-09-04,Garden Grill Restaurant,EPCOT,"Excelsior Cabernet Sauvignon, Robertson Valley",Wine Selections,Lunch; Dinner,,56.00,epcot/garden-grill-restaurant
2026-09-04,Garden Grill Restaurant,EPCOT,Bud Light Lager Draft,Bottle and Draft Beer,Lunch; Dinner,,9.25,epcot/garden-grill-restaurant
2026-09-04,Garden Grill Restaurant,EPCOT,Blue Moon Belgian White Ale Draft,Bottle and Draft Beer,Lunch; Dinner,,9.75,epcot/garden-grill-restaurant
2026-09-04,Garden Grill Restaurant,EPCOT,Goose Island IPA Draft,Bottle and Draft Beer,Lunch; Dinner,,11.75,epcot/garden-grill-restaurant
2026-09-04,Garden Grill Restaurant,EPCOT,Coors Light Lager,Bottle and Draft Beer,Lunch; Dinner,,8.50,epcot/garden-grill-restaurant
2026-09-04,Garden Grill Restaurant,EPCOT,Corona Extra Lager,Bottle and Draft Beer,Lunch; Dinner,,9.75,epcot/garden-grill-restaurant
2026-09-04,Garden Grill Restaurant,EPCOT,Stella Artois Lager,Bottle and Draft Beer,Lunch; Dinner,,11.00,epcot/garden-grill-restaurant
2026-09-04,Garden Grill Restaurant,EPCOT,Yuengling Traditional Lager,Bottle and Draft Beer,Lunch; Dinner,,9.50,epcot/garden-grill-restaurant
2026-09-04,Garden Grill Restaurant,EPCOT,Samuel Adams Seasonal,Bottle and Draft Beer,Lunch; Dinner,,11.50,epcot/garden-grill-restaurant
2026-09-04,Garden Grill Restaurant,EPCOT,Angry Orchard Crisp Apple Hard Cider,Bottle and Draft Beer,Lunch; Dinner,,10.50,epcot/garden-grill-restaurant
2026-09-04,Garden Grill Restaurant,EPCOT,White Claw Black Cherry Hard Seltzer,Bottle and Draft Beer,Lunch; Dinner,,11.00,epcot/garden-grill-restaurant
2026-09-04,GEO-82,EPCOT,Charcuterie Board,Small Bites,Lunch; Dinner,"Chef's Selection of Artisanal Cheeses, Cured Meats, and Accompaniments",29.00,epcot/geo-82-lounge
2026-09-04,GEO-82,EPCOT,Cannellini Hummus,Small Bites,Lunch; Dinner,"Pumpkin Seed Pistou, Radish, Preserved Lemon, Fresno Peppers, Lavash (Plant-based)",14.00,epcot/geo-82-lounge
2026-09-04,GEO-82,EPCOT,Funghi Flatbread,Small Bites,Lunch; Dinner,"Roasted Mushrooms, Miso-Mascarpone, Mozzarella, Fontina, Pickled Cippolini Onion, Black Garlic Molasses",15.00,epcot/geo-82-lounge
2026-09-04,GEO-82,EPCOT,Truffled Ahi Tuna*,Small Bites,Lunch; Dinner,"Barrel-aged Japanese Whisky-Soy-Truffle Ponzu, Nori, Sushi Rice, Daikon, Black Sesame Seeds",21.00,epcot/geo-82-lounge
2026-09-04,GEO-82,EPCOT,Jamón Ibérico Croquetas,Small Bites,Lunch; Dinner,"Tomato Gazpacho, Sea Salt, Sorrel Leaves",22.00,epcot/geo-82-lounge
2026-09-04,GEO-82,EPCOT,A Walk Through the Garden,Zero-Proof Cocktails,Lunch; Dinner,"Seedlip Garden 108 Non-Alcoholic Spirit, Basil, Fennel, Lemon, Hella Cocktail Co. Orange Bitters, The Bitter Truth Celery Bitters, Bubbles",17.00,epcot/geo-82-lounge
2026-09-04,GEO-82,EPCOT,Manhattan in the Morning,Zero-Proof Cocktails,Lunch; Dinner,"""Seedlip Spice 94 Non-Alcoholic Spirit, Joffrey’s™ Cold Brew Coffee, Maple, Verjus Blanc, Tart Cherry, Fee Brothers Black Walnut Bitters""",17.00,epcot/geo-82-lounge
2026-09-04,GEO-82,EPCOT,Tuscan Olive Oil Martini,Featured Cocktails,Lunch; Dinner,"VUSA African Vodka, Dolin Dry Vermouth de Chambéry, Olive Oil, Tomato, Parmesan Crisp",26.00,epcot/geo-82-lounge
2026-09-04,GEO-82,EPCOT,Brown Butter Old-Fashioned,Featured Cocktails,Lunch; Dinner,"Woodford Reserve Double Oaked Bourbon, Brown Butter, Maple, Hella Cocktail Co. Mexican Chocolate Bitters",28.00,epcot/geo-82-lounge
2026-09-04,GEO-82,EPCOT,Aged Rum Boulevardier,Featured Cocktails,Lunch; Dinner,"Coconut Cartel Añejo Rum, Campari Liqueur, Carpano Antica Formula Sweet Vermouth, Steeped Strawberry",25.00,epcot/geo-82-lounge
2026-09-04,GEO-82,EPCOT,Clarified Bee's Knees,Featured Cocktails,Lunch; Dinner,"Barr Hill Reserve Tom Cat Gin, Honey, Lemon, Thyme",25.00,epcot/geo-82-lounge
2026-09-04,GEO-82,EPCOT,High Brow Batanga,Featured Cocktails,Lunch; Dinner,"Tapatio Reposado Tequila, Ramazzotti Amaro, Kola Nut, Lime Cordial, Salt, Bubbles",25.00,epcot/geo-82-lounge
2026-09-04,GEO-82,EPCOT,Pink Peppercorn Clover Club,Featured Cocktails,Lunch; Dinner,"Fords Gin, Dolin Blanc Vermouth de Chambéry, Raspberry, Pink Peppercorn, Lemon",25.00,epcot/geo-82-lounge
2026-09-04,GEO-82,EPCOT,Peach Shrub Whisky Smash,Featured Cocktails,Lunch; Dinner,"Toki Suntory Whisky, Lustau Amontillado Sherry, Peach and Mint Shrub, Bubbles",26.00,epcot/geo-82-lounge
2026-09-04,GEO-82,EPCOT,Electron,Featured Cocktails,Lunch; Dinner,"Siete Misterios Doba-Yej Mezcal, Carrot, Cinnamon, Lime, Hella Cocktail Co. Orange Bitters, Pink Peppercorn",23.00,epcot/geo-82-lounge
2026-09-04,GEO-82,EPCOT,Brûlée Banana Highball,Featured Cocktails,Lunch; Dinner,"Toki Suntory Whisky, Lustau ‘Don Nuño’ Oloroso Sherry, Banana, Coffee, Cacao, Bubbles",26.00,epcot/geo-82-lounge
2026-09-04,GEO-82,EPCOT,Exclusive Disney Select Bourbon Flight,Featured Cocktails,Lunch; Dinner,"Uncle Nearest Single Barrel, Woodford Reserve Private Barrel, Blanton’s Gold Single Barrel, Stagg Private Barrel",55.00,epcot/geo-82-lounge
2026-09-04,GEO-82,EPCOT,A. Bergère ‘Origine’ Brut NV,Wine Selections,Lunch; Dinner,"Champagne, France",105.00,epcot/geo-82-lounge
2026-09-04,GEO-82,EPCOT,Schramsberg Brut Rosé,Wine Selections,Lunch; Dinner,"North Coast, CA",98.00,epcot/geo-82-lounge
2026-09-04,GEO-82,EPCOT,Arnot-Roberts Rosé,Wine Selections,Lunch; Dinner,"Clear Lake, CA",62.00,epcot/geo-82-lounge
2026-09-04,GEO-82,EPCOT,Muxagat Douro Branco,Wine Selections,Lunch; Dinner,"Douro Valley, Portugal",67.00,epcot/geo-82-lounge
2026-09-04,GEO-82,EPCOT,Domaine Siret-Courtaud ‘Quincy’ Sauvignon Blanc,Wine Selections,Lunch; Dinner,"Loire Valley, France",62.00,epcot/geo-82-lounge
2026-09-04,GEO-82,EPCOT,Massican Hyde Vineyards Chardonnay,Wine Selections,Lunch; Dinner,"Napa Valley, CA",98.00,epcot/geo-82-lounge
2026-09-04,GEO-82,EPCOT,Domaine Chapel ‘Fleurie’ Charbonnières,Wine Selections,Lunch; Dinner,"Beaujolais, France",85.00,epcot/geo-82-lounge
2026-09-04,GEO-82,EPCOT,Presqu’ile Pinot Noir,Wine Selections,Lunch; Dinner,"Santa Maria Valley, CA",74.00,epcot/geo-82-lounge
2026-09-04,GEO-82,EPCOT,Fisher Vineyard ‘Unity’ Cabernet Sauvignon,Wine Selections,Lunch; Dinner,"North Coast, CA",98.00,epcot/geo-82-lounge
2026-09-04,GEO-82,EPCOT,Robert Moncuit 'Vozémieux' Blanc de Blancs Grand Cru,Wine Selections,Lunch; Dinner,"Champagne, France",298.00,epcot/geo-82-lounge
2026-09-04,GEO-82,EPCOT,Chartogne-Taillet 'Sainte Anne' Brut,Wine Selections,Lunch; Dinner,"Champagne, France",138.00,epcot/geo-82-lounge
2026-09-04,GEO-82,EPCOT,Raphaël et Vincent Bérêche ‘Côte’ Millésimé,Wine Selections,Lunch; Dinner,"Champagne, France",290.00,epcot/geo-82-lounge
2026-09-04,GEO-82,EPCOT,Snowden Vineyards 'The Ranch' Cabernet Sauvignon,Wine Selections,Lunch; Dinner,"Napa Valley, CA",105.00,epcot/geo-82-lounge
2026-09-04,GEO-82,EPCOT,Lingua Franca Estate Pinot Noir,Wine Selections,Lunch; Dinner,"Willamette Valley, OR",105.00,epcot/geo-82-lounge
2026-09-04,GEO-82,EPCOT,Lingua Franca 'Bunker Hill' Chardonnay,Wine Selections,Lunch; Dinner,"Eola Amity Hills, OR",115.00,epcot/geo-82-lounge
2026-09-04,GEO-82,EPCOT,Garagisti Anonimi Friulani Sauvignon Blanc,Wine Selections,Lunch; Dinner,"Friuli, Italy",62.00,epcot/geo-82-lounge
2026-09-04,La Hacienda de San Angel,EPCOT,Guacamole,Starters,Dinner,With diced mango and corn chips. | Add Chorizo +4,16.00,epcot/hacienda-de-san-angel
2026-09-04,La Hacienda de San Angel,EPCOT,Flautas,Starters,Dinner,"Fried tortillas filled with pork carnitas and potato; topped with romaine, crema Mexicana and salsa ranchera",16.00,epcot/hacienda-de-san-angel
2026-09-04,La Hacienda de San Angel,EPCOT,Totopos,Starters,Dinner,Corn tortillas with sides of white cheddar cheese and salsa,10.00,epcot/hacienda-de-san-angel
2026-09-04,La Hacienda de San Angel,EPCOT,Queso Fundido,Starters,Dinner,"Melted cheese with chorizo, peppers, onions, and avocado mousse, served with flour tortillas",16.00,epcot/hacienda-de-san-angel
2026-09-04,La Hacienda de San Angel,EPCOT,Carne Asada Tlayuda,Starters,Dinner,"Oaxacan tostada, black beans, seared steak, avocado, crema Mexicana, chipotle salsa, queso fresco, and pickled onions",17.00,epcot/hacienda-de-san-angel
2026-09-04,La Hacienda de San Angel,EPCOT,Ensalada Hacienda,Starters,Dinner,"Bibb lettuce, pan seared queso fresco, spicy pumpkin seeds, shaved asparagus, carrots, and watermelon radish with a lime-serrano vinaigrette. Add Chicken +10.00 | Add Shrimp +12.00",15.00,epcot/hacienda-de-san-angel
2026-09-04,La Hacienda de San Angel,EPCOT,Empanada de Chorizo,Starters,Dinner,"Corn tortilla filed with plant-based chorizo and potatoes, fried and topped with salsa verde, crema Mexicana, queso fresco, and pickled onions",15.00,epcot/hacienda-de-san-angel
2026-09-04,La Hacienda de San Angel,EPCOT,Pescado del Día,House Specialties,Dinner,Market fresh Catch of the Day,42.00,epcot/hacienda-de-san-angel
2026-09-04,La Hacienda de San Angel,EPCOT,Osso Buco a la Mexicana,House Specialties,Dinner,"Braised short rib with whipped potatoes, carrots and roasted asparagus (**This offering is not included in the Disney Dining Plan)",49.00,epcot/hacienda-de-san-angel
2026-09-04,La Hacienda de San Angel,EPCOT,Carne Asada*,House Specialties,Dinner,Ancho agave marinated New York strip served with roasted asparagus and poblano gratin potatoes | Add Shrimp $12.00 | (This offering is not included in the Disney Dining Plan),54.00,epcot/hacienda-de-san-angel
2026-09-04,La Hacienda de San Angel,EPCOT,Parrillada del Mar,House Specialties,Dinner,"(Serves Two) Grilled shrimp, fish and scallops served with vegetables, esquites and corn tortillas | Substitute NY Strip for fish +30.00 (2 entitlements)",80.00,epcot/hacienda-de-san-angel
2026-09-04,La Hacienda de San Angel,EPCOT,Parillada La Hacienda,House Specialties,Dinner,"Ancho Agave Marinated New York Strip and Roasted Chicken Breast served with Vegetables, Esquites and Corn tortillas. | Add Shrimp +12.00 (2 entitlements)",80.00,epcot/hacienda-de-san-angel
2026-09-04,La Hacienda de San Angel,EPCOT,Cowboy Ribeye for Two*,House Specialties,Dinner,"Grilled 24 oz cowboy ribeye served with roasted mushrooms, vegetables, and mashed potatoes with cotija cheese (**This offering is not included in the Disney Dining Plan)",112.00,epcot/hacienda-de-san-angel
2026-09-04,La Hacienda de San Angel,EPCOT,Pollo Poblano,Entrées,Dinner,"Roasted chicken breast with poblano cream sauce served with baby zucchini, sweet potatoes, and roasted mushroom",33.00,epcot/hacienda-de-san-angel
2026-09-04,La Hacienda de San Angel,EPCOT,Alambre,Entrées,Dinner,"Choice of chopped seared tenderloin or chopped chicken breast, bacon, poblano and bell peppers, onions, Monterey Jack cheese, salsa verde, and rice. Served with flour tortillas",36.00,epcot/hacienda-de-san-angel
2026-09-04,La Hacienda de San Angel,EPCOT,Tacos de Camarón,Entrées,Dinner,"Fried shrimp, chipotle-lime aioli, cabbage and salsa verde in flour tortillas served with rice",33.00,epcot/hacienda-de-san-angel
2026-09-04,La Hacienda de San Angel,EPCOT,Beef Brisket Tacos,Entrées,Dinner,"Hardwood smoked beef brisket in flour tortillas, tomatillo slaw, and salsa verde. Served with rice",38.00,epcot/hacienda-de-san-angel
2026-09-04,La Hacienda de San Angel,EPCOT,Enchiladas de Chorizo,Entrées,Dinner,"Corn tortillas filed with a choice of chorizo or plant-based chorizo, atop beans, covered with salsa ranchera, Monterey Jack cheese, crema Mexicana, cotija cheese, and crispy onions. Served with plantains with crema Mexicana and cotija cheese",32.00,epcot/hacienda-de-san-angel
2026-09-04,La Hacienda de San Angel,EPCOT,Tacos al Pastor,Entrées,Dinner,"Marinated and seared pork topped with grilled pineapple, onions, and cilantro. Served with plantains with crema Mexicana and cotija cheese, sides of guacamole, rice, and corn tortillas",35.00,epcot/hacienda-de-san-angel
2026-09-04,La Hacienda de San Angel,EPCOT,Esquites,Sides,Dinner,,7.00,epcot/hacienda-de-san-angel
2026-09-04,La Hacienda de San Angel,EPCOT,Plantains,Sides,Dinner,,5.00,epcot/hacienda-de-san-angel
2026-09-04,La Hacienda de San Angel,EPCOT,Rice,Sides,Dinner,,5.00,epcot/hacienda-de-san-angel
2026-09-04,La Hacienda de San Angel,EPCOT,Beans,Sides,Dinner,,5.00,epcot/hacienda-de-san-angel
2026-09-04,La Hacienda de San Angel,EPCOT,Mashed potatoes with cotija cheese,Sides,Dinner,,8.00,epcot/hacienda-de-san-angel
2026-09-04,La Hacienda de San Angel,EPCOT,Seasonal Mushrooms,Sides,Dinner,,9.00,epcot/hacienda-de-san-angel
2026-09-04,La Hacienda de San Angel,EPCOT,Flan,Desserts,Dinner,"Vanilla flan with toasted almonds, berries and whipped cream",12.00,epcot/hacienda-de-san-angel
2026-09-04,La Hacienda de San Angel,EPCOT,Pan de Elotes Tres Leches,Desserts,Dinner,Rice milk-soaked Mexican corn bread topped with sweetcorn gelato and toasted almonds,12.00,epcot/hacienda-de-san-angel
2026-09-04,La Hacienda de San Angel,EPCOT,Helado De Palomitas,Desserts,Dinner,Sweet corn ice cream with popcorn and chile powder,10.00,epcot/hacienda-de-san-angel
2026-09-04,La Hacienda de San Angel,EPCOT,Nieve,Desserts,Dinner,Seasonal Mexican flavored sorbet,10.00,epcot/hacienda-de-san-angel
2026-09-04,La Hacienda de San Angel,EPCOT,Helado con Churros,Desserts,Dinner,Dulce de Leche ice cream with churros and cajeta,11.00,epcot/hacienda-de-san-angel
2026-09-04,La Hacienda de San Angel,EPCOT,Celebration Cake,Desserts,Dinner,Chocolate or Vanilla,39.00,epcot/hacienda-de-san-angel
2026-09-04,La Hacienda de San Angel,EPCOT,Jr Garden Salad,Kids' Appetizers (Á la carte),Dinner,Chopped Romaine Lettuce and Tomato topped with Queso Fresco and choice of dressing,4.00,epcot/hacienda-de-san-angel
2026-09-04,La Hacienda de San Angel,EPCOT,Fruit,Kids' Appetizers (Á la carte),Dinner,Chef's Selection,3.50,epcot/hacienda-de-san-angel
2026-09-04,La Hacienda de San Angel,EPCOT,Beef Tacos,Kids’ Create-Your-Own Entrées (choose one),Dinner,"Two flour tortillas filled with shaved ribeye and choice of fountain soda, milk, or small water",16.00,epcot/hacienda-de-san-angel
2026-09-04,La Hacienda de San Angel,EPCOT,Tacos,Kids’ Create-Your-Own Entrées (choose one),Dinner,"Two flour tortillas filled with grilled chicken and choice of fountain soda, milk, or small water",13.50,epcot/hacienda-de-san-angel
2026-09-04,La Hacienda de San Angel,EPCOT,Quesadillas,Kids’ Create-Your-Own Entrées (choose one),Dinner,"Two flour tortillas filled with Monterey Jack and grilled golden brown and choice of fountain soda, milk, or small water",12.00,epcot/hacienda-de-san-angel
2026-09-04,La Hacienda de San Angel,EPCOT,Grilled Chicken Breast,Kids’ Create-Your-Own Entrées (choose one),Dinner,"Served with choice of fountain soda, milk, or small water",13.25,epcot/hacienda-de-san-angel
2026-09-04,La Hacienda de San Angel,EPCOT,Chicken Tenders,Kids’ Create-Your-Own Entrées (choose one),Dinner,"Breaded and fried chicken tenderloins served with choice of fountain soda, milk, or small water",13.00,epcot/hacienda-de-san-angel
2026-09-04,La Hacienda de San Angel,EPCOT,Macaroni & Cheese,Kids’ Create-Your-Own Entrées (choose one),Dinner,"Cavatappi pasta in a rich white cheddar sauce and served with choice of fountain soda, milk, or small water",13.00,epcot/hacienda-de-san-angel
2026-09-04,La Hacienda de San Angel,EPCOT,Chocolate Brownie,Kids' Desserts,Dinner,,6.00,epcot/hacienda-de-san-angel
2026-09-04,La Hacienda de San Angel,EPCOT,Dulce de Leche Ice Cream,Kids' Desserts,Dinner,,5.00,epcot/hacienda-de-san-angel
2026-09-04,La Hacienda de San Angel,EPCOT,San Angel Inn Margarita,Handcrafted Premium Margaritas,Dinner,"Cincoro blanco tequila, Alma Finca orange liqueur, Abasolo corn whiskey, fresh lime juice, black ant salt rim (This offering is not included in the Disney Dining Plan)",24.00,epcot/hacienda-de-san-angel
2026-09-04,La Hacienda de San Angel,EPCOT,La Cava Avocado,Handcrafted Premium Margaritas,Dinner,"La Cava Avocado Flecha Azul blanco tequila, melon-orange liqueur, fresh avocado, lime juice, hibiscus salt rim",19.00,epcot/hacienda-de-san-angel
2026-09-04,La Hacienda de San Angel,EPCOT,El Diablo,Handcrafted Premium Margaritas,Dinner,"Lalo blanco tequila, Dos Hombres mezcal, fresh lime juice, cucumber-jalapeño juice, hibiscus salt rim",18.25,epcot/hacienda-de-san-angel
2026-09-04,La Hacienda de San Angel,EPCOT,It Takes Two to Mango,Handcrafted Premium Margaritas,Dinner,"LALO blanco tequila, mango puree, ilegal reposado mezcal, lime juice, Tajín chile powder and Chamoy Rim",19.00,epcot/hacienda-de-san-angel
2026-09-04,La Hacienda de San Angel,EPCOT,The Cucumber,Handcrafted Premium Margaritas,Dinner,"Tromba blanco tequila, Abasolo corn whiskey, fresh cucumber and lime juice, Tajín chile-lime powder rim",19.00,epcot/hacienda-de-san-angel
2026-09-04,La Hacienda de San Angel,EPCOT,Blood Orange,Handcrafted Premium Margaritas,Dinner,"Pasote blanco tequila, blood orange, mezcal, LeJay black currant liqueur, orange juice, Tajín chile-lime powder rim",19.00,epcot/hacienda-de-san-angel
2026-09-04,La Hacienda de San Angel,EPCOT,The Wild One,Handcrafted Premium Margaritas,Dinner,"Tesoro Azul blanco tequila, ilegal reposado mezcal, orange passion fruit cordial, lime juice, A-Game, black ant salt rim",19.00,epcot/hacienda-de-san-angel
2026-09-04,La Hacienda de San Angel,EPCOT,Clásica,Handcrafted Premium Margaritas,Dinner,"Centinela blanco tequila, orange liqueur, lime juice, agave, salt rim",18.00,epcot/hacienda-de-san-angel
2026-09-04,La Hacienda de San Angel,EPCOT,La Hacienda Smoked Old Fashioned,Handcrafted Premium Margaritas,Dinner,"Aged in house, Rough Rider bourbon, ilegal reposado mezcal private barrel, Ancho Reyes barrica chile liqueur, Nixta elote liqueur, chocolate-mole bitters (This offering is not included in the Disney Dining Plan)",28.00,epcot/hacienda-de-san-angel
2026-09-04,La Hacienda de San Angel,EPCOT,La Paloma,Handcrafted Premium Margaritas,Dinner,"Lalo blanco tequila, Dos Hombres mezcal, grapefruit juice with a splash of soda, fresh lime, Tajín chile - lime powder rim",19.00,epcot/hacienda-de-san-angel
2026-09-04,La Hacienda de San Angel,EPCOT,La Flaca,Handcrafted Premium Margaritas,Dinner,"Tromba reposado tequila, fresh lime juice, splash of agave with orange liquor, popcorn salt rim",20.00,epcot/hacienda-de-san-angel
2026-09-04,Joy of Tea,EPCOT,Pork Egg Rolls (2pc),Snacks,Snack,,5.95,epcot/joy-of-tea
2026-09-04,Joy of Tea,EPCOT,Peach Bubble Milk Tea,Tea and Bottled Drinks,Snack,"(Iced and Sweetened) Assam Black Tea, Whole Milk, Peach Syrup with Tapioca Boba",7.95,epcot/joy-of-tea
2026-09-04,Joy of Tea,EPCOT,Honey Hibiscus Iced Tea,Tea and Bottled Drinks,Snack,(Lightly Sweetened) Organic Tea and Blueberry Boba,7.95,epcot/joy-of-tea
2026-09-04,Joy of Tea,EPCOT,Lychee Bubble Tea,Tea and Bottled Drinks,Snack,"(Iced and Sweetened) Oolong Tea, Lychee Syrup, with Tapioca Boba",7.95,epcot/joy-of-tea
2026-09-04,Joy of Tea,EPCOT,Jasmine or Oolong Iced Tea,Tea and Bottled Drinks,Snack,(unsweetened),5.75,epcot/joy-of-tea
2026-09-04,Joy of Tea,EPCOT,Jasmine or Oolong Tea,Tea and Bottled Drinks,Snack,(Hot and Unsweetened),4.25,epcot/joy-of-tea
2026-09-04,Joy of Tea,EPCOT,DASANI® Bottled Water,Tea and Bottled Drinks,Snack,,4.25,epcot/joy-of-tea
2026-09-04,Joy of Tea,EPCOT,"Dragon Blossom, Draft (16oz)",Beer,Snack,"Pilsner, with Orange Blossom Honey and Green tea",10.75,epcot/joy-of-tea
2026-09-04,Joy of Tea,EPCOT,Dragon Butterfly,Specialty Cocktails,Snack,"Butterfly Pea Flower Gin, Vodka, Green Tea, Lemonade, Soda Water, Hibiscus, and Dragon Fruit Syrups, with Blueberry Popping Boba",15.00,epcot/joy-of-tea
2026-09-04,Joy of Tea,EPCOT,Tipsy Ducks in Love,Specialty Cocktails,Snack,"With Bourbon, Black Tea, Coffee, Cream and Chocolate",14.75,epcot/joy-of-tea
2026-09-04,Joy of Tea,EPCOT,Kung Fu Punch,Specialty Cocktails,Snack,"With Vodka, Triple Sec, Mango and Orange Juice",14.25,epcot/joy-of-tea
2026-09-04,Joy of Tea,EPCOT,Lychee Cha Cha,Specialty Cocktails,Snack,"Vodka, Oolong Tea, and Lychee Syrup",13.50,epcot/joy-of-tea
2026-09-04,Joy of Tea,EPCOT,Honey Hibiscus Hard Iced Tea,Specialty Cocktails,Snack,"With Organic Tea, Light Rum, Honey and Blueberry Boba",14.25,epcot/joy-of-tea
2026-09-04,Joy of Tea,EPCOT,Add Boba to any Cocktail,Specialty Cocktails,Snack,,1.50,epcot/joy-of-tea
2026-09-04,Kabuki Cafe,EPCOT,Kakigori with Single Flavor,Kakigori - Regular,Snack,,6.50,epcot/kabuki-cafe
2026-09-04,Kabuki Cafe,EPCOT,Kakigori with Two Flavors,Kakigori - Regular,Snack,,7.00,epcot/kabuki-cafe
2026-09-04,Kabuki Cafe,EPCOT,Kakigori Rainbow,Kakigori - Regular,Snack,,7.50,epcot/kabuki-cafe
2026-09-04,Kabuki Cafe,EPCOT,Kakigori with Single Flavor,Kakigori - Large,Snack,,6.50,epcot/kabuki-cafe
2026-09-04,Kabuki Cafe,EPCOT,Kakigori with Two Flavors,Kakigori - Large,Snack,,7.00,epcot/kabuki-cafe
2026-09-04,Kabuki Cafe,EPCOT,Kakigori Rainbow,Kakigori - Large,Snack,,7.50,epcot/kabuki-cafe
2026-09-04,Kabuki Cafe,EPCOT,Blood Orange,Sake Slushie,Snack,Alcoholic Shaved Ice,13.00,epcot/kabuki-cafe
2026-09-04,Kabuki Cafe,EPCOT,Coconut Pineapple,Sake Slushie,Snack,Alcoholic Shaved Ice,13.00,epcot/kabuki-cafe
2026-09-04,Kabuki Cafe,EPCOT,Blackberry,Sake Slushie,Snack,Alcoholic Shaved Ice,13.00,epcot/kabuki-cafe
2026-09-04,Kabuki Cafe,EPCOT,Violet Sake,Sake Slushie,Snack,,14.00,epcot/kabuki-cafe
2026-09-04,Kabuki Cafe,EPCOT,A5 Wagyu Nigiri Combo*,Sushi,Snack,Four pieces of California Roll & Three pieces of A5 Japanese Wagyu Nigiri,16.50,epcot/kabuki-cafe
2026-09-04,Kabuki Cafe,EPCOT,California Roll*,Sushi,Snack,"Avocado, Cucumber, Krab, Mayonnaise and Smelt Roe",12.50,epcot/kabuki-cafe
2026-09-04,Kabuki Cafe,EPCOT,Spicy Roll*,Sushi,Snack,"Spicy Tuna, Salmon mix with Cucumber and Volcano Sauce",12.50,epcot/kabuki-cafe
2026-09-04,Kabuki Cafe,EPCOT,Tokyo Sushi Combo*,Sushi,Snack,Four pieces of California Roll & Three pieces of Nigiri,14.50,epcot/kabuki-cafe
2026-09-04,Kabuki Cafe,EPCOT,Vegetable Roll,Sushi,Snack,,10.50,epcot/kabuki-cafe
2026-09-04,Kabuki Cafe,EPCOT,DASANI® Bottled Water,Beverages,Snack,,4.25,epcot/kabuki-cafe
2026-09-04,Kabuki Cafe,EPCOT,Assorted Bottled Beverages,Beverages,Snack,,4.99,epcot/kabuki-cafe
2026-09-04,Kabuki Cafe,EPCOT,POWERADE®,Beverages,Snack,,4.99,epcot/kabuki-cafe
2026-09-04,Kabuki Cafe,EPCOT,Kirin Ichiban,Alcoholic Beverages,Snack,,12.00,epcot/kabuki-cafe
2026-09-04,Kabuki Cafe,EPCOT,Sapporo Premium,Alcoholic Beverages,Snack,,12.00,epcot/kabuki-cafe
2026-09-04,Kabuki Cafe,EPCOT,Kirin Frozen,Alcoholic Beverages,Snack,,13.00,epcot/kabuki-cafe
2026-09-04,Kabuki Cafe,EPCOT,Kirin Light,Alcoholic Beverages,Snack,,11.00,epcot/kabuki-cafe
2026-09-04,Kabuki Cafe,EPCOT,Plum Wine,Alcoholic Beverages,Snack,,9.00,epcot/kabuki-cafe
2026-09-04,Kabuki Cafe,EPCOT,Nigori Sake,Alcoholic Beverages,Snack,,10.00,epcot/kabuki-cafe
2026-09-04,Kabuki Cafe,EPCOT,Cold Sake,Alcoholic Beverages,Snack,,9.00,epcot/kabuki-cafe
2026-09-04,Kabuki Cafe,EPCOT,Hot Sake,Alcoholic Beverages,Snack,,9.00,epcot/kabuki-cafe
2026-09-04,Katsura Grill,EPCOT,Shrimp Tempura Udon,Noodle,Lunch And Dinner,,13.99,epcot/katsura-grill
2026-09-04,Katsura Grill,EPCOT,Beef Udon,Noodle,Lunch And Dinner,,15.99,epcot/katsura-grill
2026-09-04,Katsura Grill,EPCOT,Curry Udon,Noodle,Lunch And Dinner,,13.99,epcot/katsura-grill
2026-09-04,Katsura Grill,EPCOT,Tonkotsu (Pork) Ramen,Noodle,Lunch And Dinner,served with Pork and Vegetables,15.99,epcot/katsura-grill
2026-09-04,Katsura Grill,EPCOT,Yasai (Vegetable) Udon,Noodle,Lunch And Dinner,,13.99,epcot/katsura-grill
2026-09-04,Katsura Grill,EPCOT,Chicken Teriyaki,Teriyaki,Lunch And Dinner,served with White Rice and Broccoli,14.99,epcot/katsura-grill
2026-09-04,Katsura Grill,EPCOT,Chicken and Beef Teriyaki,Teriyaki,Lunch And Dinner,served with White Rice and Broccoli,15.99,epcot/katsura-grill
2026-09-04,Katsura Grill,EPCOT,Chicken Cutlet Curry,Japanese Curry,Lunch And Dinner,Curry Sauce with Chicken served with Steamed Rice and Mixed Vegetables,16.99,epcot/katsura-grill
2026-09-04,Katsura Grill,EPCOT,Miso Soup,Side Orders and Recommendations,Lunch And Dinner,,4.00,epcot/katsura-grill
2026-09-04,Katsura Grill,EPCOT,Edamame,Side Orders and Recommendations,Lunch And Dinner,served chilled,5.00,epcot/katsura-grill
2026-09-04,Katsura Grill,EPCOT,Garden Salad,Side Orders and Recommendations,Lunch And Dinner,served with Ginger Dressing,6.00,epcot/katsura-grill
2026-09-04,Katsura Grill,EPCOT,White Rice,Side Orders and Recommendations,Lunch And Dinner,,3.00,epcot/katsura-grill
2026-09-04,Katsura Grill,EPCOT,Chicken Teriyaki,Kids' Meal,Lunch And Dinner,"served with White Rice, Broccoli, Cookie and a choice of Juice, Milk, or Soda",8.50,epcot/katsura-grill
2026-09-04,Katsura Grill,EPCOT,Assorted Fountain Beverages,Beverages,Lunch And Dinner,,4.99,epcot/katsura-grill
2026-09-04,Katsura Grill,EPCOT,Japanese Mineral Water,Beverages,Lunch And Dinner,,4.25,epcot/katsura-grill
2026-09-04,Katsura Grill,EPCOT,Smartwater,Beverages,Lunch And Dinner,,6.25,epcot/katsura-grill
2026-09-04,Katsura Grill,EPCOT,Apple Juice,Beverages,Lunch And Dinner,,3.50,epcot/katsura-grill
2026-09-04,Katsura Grill,EPCOT,Lowfat Milk,Beverages,Lunch And Dinner,,3.50,epcot/katsura-grill
2026-09-04,Katsura Grill,EPCOT,Japanese Cocktails,Alcoholic Beverages,Lunch And Dinner,,14.00,epcot/katsura-grill
2026-09-04,Katsura Grill,EPCOT,Plum Wine,Alcoholic Beverages,Lunch And Dinner,,11.00,epcot/katsura-grill
2026-09-04,Katsura Grill,EPCOT,Kirin Draft Beer,Alcoholic Beverages,Lunch And Dinner,,14.00,epcot/katsura-grill
2026-09-04,Katsura Grill,EPCOT,Sapporo Draft Beer,Alcoholic Beverages,Lunch And Dinner,,14.00,epcot/katsura-grill
2026-09-04,Katsura Grill,EPCOT,Kirin Light Beer,Alcoholic Beverages,Lunch And Dinner,,12.00,epcot/katsura-grill
2026-09-04,Katsura Grill,EPCOT,Sake,Alcoholic Beverages,Lunch And Dinner,(hot or cold),10.00,epcot/katsura-grill
2026-09-04,Katsura Grill,EPCOT,Nigori (Unfiltered) Sake,Alcoholic Beverages,Lunch And Dinner,,11.00,epcot/katsura-grill
2026-09-04,Kringla Bakeri Og Kafé,EPCOT,Skolebrød,Norwegian Treats,Snack,Sweet Roll filled with Custard and dipped in Coconut,5.49,epcot/kringla-bakeri-og-kafe
2026-09-04,Kringla Bakeri Og Kafé,EPCOT,Norwegian Kringla,Norwegian Treats,Snack,"Pretzel-shaped Pastry with Sweet Fondant, Raisins, and Chocolate Topping",7.49,epcot/kringla-bakeri-og-kafe
2026-09-04,Kringla Bakeri Og Kafé,EPCOT,Rice Cream,Norwegian Treats,Snack,Creamy Rice Pudding topped with Strawberry Sauce,4.29,epcot/kringla-bakeri-og-kafe
2026-09-04,Kringla Bakeri Og Kafé,EPCOT,Lefse,Norwegian Treats,Snack,"Soft Flatbread rolled with Cinnamon, Sugar and Butter",3.99,epcot/kringla-bakeri-og-kafe
2026-09-04,Kringla Bakeri Og Kafé,EPCOT,Triple Chocolate Chip Cookie,Norwegian Treats,Snack,,6.49,epcot/kringla-bakeri-og-kafe
2026-09-04,Kringla Bakeri Og Kafé,EPCOT,Verden's Beste Kake,Norwegian Treats,Snack,Vanilla Cake with Custard and Almond-Meringue Topping,4.89,epcot/kringla-bakeri-og-kafe
2026-09-04,Kringla Bakeri Og Kafé,EPCOT,Eplekake,Norwegian Treats,Snack,Apple Cake with Caramel Drizzle,4.99,epcot/kringla-bakeri-og-kafe
2026-09-04,Kringla Bakeri Og Kafé,EPCOT,Cinnamon Roll with Orange Cream Cheese Icing,Norwegian Treats,Snack,,7.49,epcot/kringla-bakeri-og-kafe
2026-09-04,Kringla Bakeri Og Kafé,EPCOT,Assorted Fountain Beverages,Beverages,Snack,,5.59,epcot/kringla-bakeri-og-kafe
2026-09-04,Kringla Bakeri Og Kafé,EPCOT,Freshly Brewed Joffrey’s Coffee™,Beverages,Snack,,4.79,epcot/kringla-bakeri-og-kafe
2026-09-04,Kringla Bakeri Og Kafé,EPCOT,Joffrey’s™ Cold Brew Coffee with Sweet Cream,Beverages,Snack,Large Joffrey’s™ Cold Brew Coffee with Sweet Cream 6.49,5.99,epcot/kringla-bakeri-og-kafe
2026-09-04,Kringla Bakeri Og Kafé,EPCOT,Cold Crumb,Beverages,Snack,"Skøl Bread-inspired Cold Brew made with Coconut-flavored Joffrey’s™ Cold Brew Coffee, Vanilla Custard Cold Foam, and Coconut Fancy",6.29,epcot/kringla-bakeri-og-kafe
2026-09-04,Kringla Bakeri Og Kafé,EPCOT,Kristoff Kaffe,Beverages,Snack,Frozen Coffee with Coffee-Chocolate Sauce garnished with Coffee-Chocolate Crunch,6.99,epcot/kringla-bakeri-og-kafe
2026-09-04,Kringla Bakeri Og Kafé,EPCOT,Coconut Cream Cold Brew,Alcoholic Beverages,Snack,"Coconut-flavored Joffrey’s™ Cold Brew Coffee, Vanilla Custard Cold Foam, and Coconut with Don Q Coco Rum",14.50,epcot/kringla-bakeri-og-kafe
2026-09-04,Kringla Bakeri Og Kafé,EPCOT,Nordic Draft Beer,Alcoholic Beverages,Snack,"Norsk Jordbærkrem Strawberry Cream Ale, Kornøl Farmhouse Ale, Juniper Pilsner",12.25,epcot/kringla-bakeri-og-kafe
2026-09-04,Kringla Bakeri Og Kafé,EPCOT,Viking Coffee,Alcoholic Beverages,Snack,Baileys Original Irish Cream Liqueur and Kamora Coffee Liqueur,16.50,epcot/kringla-bakeri-og-kafe
2026-09-04,Kringla Bakeri Og Kafé,EPCOT,Frozen Viking Coffee,Alcoholic Beverages,Snack,Baileys Irish Cream Liqueur and Kamora Coffee Liqueur with Coffee-Chocolate Sauce and garnished with Coffee-Chocolate Crunch,17.50,epcot/kringla-bakeri-og-kafe
2026-09-04,L'Artisan des Glaces,EPCOT,Single Scoop,Ice Cream & Sorbet,Snack,choice of Ice Cream or Sorbet in a Waffle Cone or Cup,7.95,epcot/l-artisan-des-glaces
2026-09-04,L'Artisan des Glaces,EPCOT,Double Scoop,Ice Cream & Sorbet,Snack,choice of Ice Cream or Sorbet in a Waffle Cone or Cup,9.95,epcot/l-artisan-des-glaces
2026-09-04,L'Artisan des Glaces,EPCOT,Flavored Waffle Cones,Ice Cream & Sorbet,Snack,,2.00,epcot/l-artisan-des-glaces
2026-09-04,L'Artisan des Glaces,EPCOT,Macaron,Artisan's Specials,Snack,Chocolate or seasonal Macaron Ice Cream Sandwich,8.95,epcot/l-artisan-des-glaces
2026-09-04,L'Artisan des Glaces,EPCOT,Croque Glacé,Artisan's Specials,Snack,"1 scoop with choice of Sauce in a Homemade Brioche, pressed warm",10.95,epcot/l-artisan-des-glaces
2026-09-04,L'Artisan des Glaces,EPCOT,Café Glacé,Artisan's Specials,Snack,Ice Cappuccino with 1 scoop of Ice Cream and Whipped Cream (seasonal flavor Pumpkin),9.50,epcot/l-artisan-des-glaces
2026-09-04,L'Artisan des Glaces,EPCOT,Coupe du Dimanche,Artisan's Specials,Snack,"2 scoops in a Homemade Waffle Bowl, Whipped Cream and Sauce",10.95,epcot/l-artisan-des-glaces
2026-09-04,L'Artisan des Glaces,EPCOT,Ice Cream Martini,Artisan's Specials - Alcoholic,Snack,"2 Scoops, with a shot of Grand Marnier, Whipped Cream Vodka or Rum",14.95,epcot/l-artisan-des-glaces
2026-09-04,L'Artisan des Glaces,EPCOT,Evian,Beverage,Snack,,3.75,epcot/l-artisan-des-glaces
2026-09-04,Le Cellier Steakhouse,EPCOT,Canadian Cheddar Cheese Soup,Appetizers,Lunch; Dinner,Moosehead Pale Ale and Nueske’s Applewood-smoked Bacon,15.00,epcot/le-cellier-steakhouse
2026-09-04,Le Cellier Steakhouse,EPCOT,Artisanal Cheese Plate,Appetizers,Lunch; Dinner,"Craft Cheeses, Honeycomb, Jam, Toasted Sourdough",21.00,epcot/le-cellier-steakhouse
2026-09-04,Le Cellier Steakhouse,EPCOT,Shrimp Cocktail,Appetizers,Lunch; Dinner,"Lemon, Mignonette, Cocktail Sauce",23.00,epcot/le-cellier-steakhouse
2026-09-04,Le Cellier Steakhouse,EPCOT,Steakhouse Wedge Salad,Appetizers,Lunch; Dinner,"Tomatoes, Bacon Lardons, Ranch Dressing, Point Reyes Blue Cheese, Garden Herbs",16.00,epcot/le-cellier-steakhouse
2026-09-04,Le Cellier Steakhouse,EPCOT,Caesar Salad,Appetizers,Lunch; Dinner,"Romaine, Bibb, Frisee, Radish, Pine Nut Gremolata, Plant-based Caesar Dressing",16.00,epcot/le-cellier-steakhouse
2026-09-04,Le Cellier Steakhouse,EPCOT,Signature Poutine,Appetizers,Lunch; Dinner,"Hand-cut Pomme Frites, Cheese Curds, Cheddar, Cabernet Demi",19.00,epcot/le-cellier-steakhouse
2026-09-04,Le Cellier Steakhouse,EPCOT,Escargot en Croûte,Appetizers,Lunch; Dinner,"Savory Pastry, Butter, Garlic, Lemon, Parsley",20.00,epcot/le-cellier-steakhouse
2026-09-04,Le Cellier Steakhouse,EPCOT,Prince Edward Island Mussels,Appetizers,Lunch; Dinner,"Vin Blanc, Butter, Garlic, Fines Herbes, Lemon, Sourdough",24.00,epcot/le-cellier-steakhouse
2026-09-04,Le Cellier Steakhouse,EPCOT,14-oz Dry-aged Duroc Pork Chop*,Entrées - Butcher's Cuts,Lunch; Dinner,Butcher’s Cuts Accompanied by one (1) Side and one (1) Sauce,49.00,epcot/le-cellier-steakhouse
2026-09-04,Le Cellier Steakhouse,EPCOT,7-oz Filet Mignon*,Entrées - Butcher's Cuts,Lunch; Dinner,Butcher’s Cuts Accompanied by one (1) Side and one (1) Sauce,65.00,epcot/le-cellier-steakhouse
2026-09-04,Le Cellier Steakhouse,EPCOT,12-oz Prime New York Strip Steak*,Entrées - Butcher's Cuts,Lunch; Dinner,Butcher’s Cuts accompanied by one (1) Side and one (1) Sauce,62.00,epcot/le-cellier-steakhouse
2026-09-04,Le Cellier Steakhouse,EPCOT,16-oz. Rib-Eye Steak*,Entrées - Butcher's Cuts,Lunch; Dinner,Butcher’s Cuts accompanied by one (1) Side and one (1) Sauce,62.00,epcot/le-cellier-steakhouse
2026-09-04,Le Cellier Steakhouse,EPCOT,28 oz. Rib-Eye Steak for Two*,Entrées - Butcher's Cuts,Lunch; Dinner,Butcher’s Cuts Accompanied by one (1) Side and one (1) Sauce,120.00,epcot/le-cellier-steakhouse
2026-09-04,Le Cellier Steakhouse,EPCOT,Sauce Flight,Enhancements,Lunch; Dinner,"Enhance your experience with a Flight of five (5) Sauces: Chardonnay-Truffle Butter, Cabernet Demi, Brandy-Peppercorn, Béarnaise, Sauce Verte",9.00,epcot/le-cellier-steakhouse
2026-09-04,Le Cellier Steakhouse,EPCOT,Point Reyes Blue Cheese,Enhancements,Lunch; Dinner,,6.00,epcot/le-cellier-steakhouse
2026-09-04,Le Cellier Steakhouse,EPCOT,Lump Crab Oscar,Enhancements,Lunch; Dinner,,19.00,epcot/le-cellier-steakhouse
2026-09-04,Le Cellier Steakhouse,EPCOT,Garlic Shrimp,Enhancements,Lunch; Dinner,,18.00,epcot/le-cellier-steakhouse
2026-09-04,Le Cellier Steakhouse,EPCOT,Le Cellier Filet Mignon*,Entrées - Land & Sea,Lunch; Dinner,"Mushroom Risotto, Pomodoraccio Tomatoes, Chardonnay-Truffle Butter Sauce, Petit Herbs",65.00,epcot/le-cellier-steakhouse
2026-09-04,Le Cellier Steakhouse,EPCOT,Roasted Chicken,Entrées - Land & Sea,Lunch; Dinner,"Warm Farro Salad, Baby Squash, Carrots, Cranberry-Orange Gel, Sherry-Chicken Jus",41.00,epcot/le-cellier-steakhouse
2026-09-04,Le Cellier Steakhouse,EPCOT,Miso-roasted Cabbage,Entrées - Land & Sea,Lunch; Dinner,"King Mushrooms, Chili Crisp, Maple, Wild Rice, Leek Oil, Mushroom Gravy",39.00,epcot/le-cellier-steakhouse
2026-09-04,Le Cellier Steakhouse,EPCOT,Almond-Crusted Salmon,Entrées - Land & Sea,Lunch; Dinner,"Broccolini, Celery Root Tapioca, Adobo Sauce",53.00,epcot/le-cellier-steakhouse
2026-09-04,Le Cellier Steakhouse,EPCOT,Hand-cut Pomme Frites,Sides,Lunch; Dinner,"Parmesan, Fines Herbes",10.50,epcot/le-cellier-steakhouse
2026-09-04,Le Cellier Steakhouse,EPCOT,Macaroni & Cheese,Sides,Lunch; Dinner,"Port Salut-Cheddar Sauce, Toasted Herb Crumb",14.00,epcot/le-cellier-steakhouse
2026-09-04,Le Cellier Steakhouse,EPCOT,Mashed Potatoes,Sides,Lunch; Dinner,"Mascarpone, Roasted Garlic",10.50,epcot/le-cellier-steakhouse
2026-09-04,Le Cellier Steakhouse,EPCOT,Crispy Brussels Sprouts,Sides,Lunch; Dinner,"Maple Marmalade, Golden Raisins (Plant-based)",10.50,epcot/le-cellier-steakhouse
2026-09-04,Le Cellier Steakhouse,EPCOT,Braised Mushrooms,Sides,Lunch; Dinner,"Sherry Wine, Fines Herbes",12.00,epcot/le-cellier-steakhouse
2026-09-04,Le Cellier Steakhouse,EPCOT,Creamed Spinach,Sides,Lunch; Dinner,"Sauce Mornay, Parmesan",12.00,epcot/le-cellier-steakhouse
2026-09-04,Le Cellier Steakhouse,EPCOT,Maple Crème Brûlée,Desserts,Lunch; Dinner,"Chantilly, Seasonal Fruit, Tuile",15.00,epcot/le-cellier-steakhouse
2026-09-04,Le Cellier Steakhouse,EPCOT,The Wine Cellar's Banana Split,Desserts,Lunch; Dinner,"Roasted Banana Frozen Dessert, Marasca Cherries, Chantilly, Walnut Praline (Plant-based)",13.00,epcot/le-cellier-steakhouse
2026-09-04,Le Cellier Steakhouse,EPCOT,Chocolate Cheesecake,Desserts,Lunch; Dinner,"65% Disney Couverture, Hazelnut Praline, Chocolate Crémeux",15.00,epcot/le-cellier-steakhouse
2026-09-04,Le Cellier Steakhouse,EPCOT,Butter Tart,Desserts,Lunch; Dinner,"Canadian Butter Tart, Brown Butter Panna Cotta, Maple Crème Anglaise, Cocoa Nib Tuile",15.00,epcot/le-cellier-steakhouse
2026-09-04,Le Cellier Steakhouse,EPCOT,Cheddar-Bacon Soup,Kids' Appetizers (À la Carte),Lunch; Dinner,,5.25,epcot/le-cellier-steakhouse
2026-09-04,Le Cellier Steakhouse,EPCOT,Garden Salad,Kids' Appetizers (À la Carte),Lunch; Dinner,with Ranch Dressing,5.25,epcot/le-cellier-steakhouse
2026-09-04,Le Cellier Steakhouse,EPCOT,Grilled Chicken,Kids' Create-Your-Own Entrées (choose one),Lunch; Dinner,"Served with choice of two (2) Selections and choice of Small Lowfat Milk, Small DASANI® Water, or Small Minute Maid® Apple Juice",16.00,epcot/le-cellier-steakhouse
2026-09-04,Le Cellier Steakhouse,EPCOT,Grilled Steak,Kids' Create-Your-Own Entrées (choose one),Lunch; Dinner,"Served with choice of two (2) Selections and choice of Small Lowfat Milk, Small DASANI® Water, or Small Minute Maid® Apple Juice",19.00,epcot/le-cellier-steakhouse
2026-09-04,Le Cellier Steakhouse,EPCOT,Pan-Roasted Fish,Kids' Create-Your-Own Entrées (choose one),Lunch; Dinner,"Served with choice of two (2) Selections and choice of Small Lowfat Milk, Small DASANI® Water, or Small Minute Maid® Apple Juice",19.00,epcot/le-cellier-steakhouse
2026-09-04,Le Cellier Steakhouse,EPCOT,Macaroni & Cheese,Kids' Create-Your-Own Entrées (choose one),Lunch; Dinner,"Served with choice of two (2) Selections and choice of Small Lowfat Milk, Small DASANI® Bottled Water, or Small Minute Maid® Apple Juice",14.00,epcot/le-cellier-steakhouse
2026-09-04,Le Cellier Steakhouse,EPCOT,Grilled Cheese Sandwich,Kids' Create-Your-Own Entrées (choose one),Lunch; Dinner,"Served with choice of two (2) Selections and choice of Small Lowfat Milk, Small DASANI® Water, or Small Minute Maid® Apple Juice",14.00,epcot/le-cellier-steakhouse
2026-09-04,Le Cellier Steakhouse,EPCOT,Specialty Character Drink,Kids' Specialty Drink,Lunch; Dinner,Minute Maid® Zero Sugar Lemonade with flavors of Cotton Candy served in a souvenir Character Cup,7.00,epcot/le-cellier-steakhouse
2026-09-04,Le Cellier Steakhouse,EPCOT,"Les Cadrans de Lassègue Merlot, Saint-Émilion Grand Cru, Bordeaux",Featured Wines by the Glass,Lunch; Dinner,,22.00,epcot/le-cellier-steakhouse
2026-09-04,Le Cellier Steakhouse,EPCOT,"Frank Family Cabernet, Napa Valley",Featured Wines by the Glass,Lunch; Dinner,,36.00,epcot/le-cellier-steakhouse
2026-09-04,Le Cellier Steakhouse,EPCOT,"Groth Oakville Cabernet Sauvignon, Napa Valley",Featured Wines by the Glass,Lunch; Dinner,,34.00,epcot/le-cellier-steakhouse
2026-09-04,Le Cellier Steakhouse,EPCOT,"Dutton Goldfield Pinot Noir, Russian River Valley",Featured Wines by the Glass,Lunch; Dinner,,29.00,epcot/le-cellier-steakhouse
2026-09-04,Le Cellier Steakhouse,EPCOT,Le Cellier Ice Wine Flight,Featured Wines by the Glass,Lunch; Dinner,,25.00,epcot/le-cellier-steakhouse
2026-09-04,Le Cellier Steakhouse,EPCOT,"Inniskillin Vidal Icewine, Niagara Peninsula",Dessert Wines,Lunch; Dinner,,147.00,epcot/le-cellier-steakhouse
2026-09-04,Le Cellier Steakhouse,EPCOT,"Château des Charmes Vidal Icewine, Niagara Peninsula",Dessert Wines,Lunch; Dinner,,89.00,epcot/le-cellier-steakhouse
2026-09-04,Le Cellier Steakhouse,EPCOT,"Meeker FroZin Zinfandel Icewine, Sonoma County",Dessert Wines,Lunch; Dinner,,98.00,epcot/le-cellier-steakhouse
2026-09-04,Le Cellier Steakhouse,EPCOT,"Chateau La Tour Blanche Emotions, Sauternes Bordeaux",Dessert Wines,Lunch; Dinner,,67.00,epcot/le-cellier-steakhouse
2026-09-04,Le Cellier Steakhouse,EPCOT,Le Cellier Ice Wine Flight,After Dinner Drinks,Lunch; Dinner,,25.00,epcot/le-cellier-steakhouse
2026-09-04,Le Cellier Steakhouse,EPCOT,Canadian Coffee,After Dinner Drinks,Lunch; Dinner,with Buffalo Trace Cream Bourbon,14.50,epcot/le-cellier-steakhouse
2026-09-04,Le Cellier Steakhouse,EPCOT,Ottawa Apple,Cocktails and Beer,Lunch; Dinner,"Whisky, Maple, Apple Infusion, and Cranberry",16.50,epcot/le-cellier-steakhouse
2026-09-04,Le Cellier Steakhouse,EPCOT,Icewine Martini,Cocktails and Beer,Lunch; Dinner,"Canadian Vodka, Château des Charmes Vidal Icewine, and Muddled Berries",19.50,epcot/le-cellier-steakhouse
2026-09-04,Le Cellier Steakhouse,EPCOT,Espresso Martini,Cocktails and Beer,Lunch; Dinner,"Vanilla Vodka, Coffee Liqueur, and Espresso",15.50,epcot/le-cellier-steakhouse
2026-09-04,Le Cellier Steakhouse,EPCOT,Le Cellier Bloody Caesar,Cocktails and Beer,Lunch; Dinner,"A Canadian Favorite featuring Canadian Vodka, Clamato Juice, Aromatic Bitters, and a blend of Seasonings",18.50,epcot/le-cellier-steakhouse
2026-09-04,Le Cellier Steakhouse,EPCOT,La Fin du Monde Belgian-style Tripel Ale - Draft,Cocktails and Beer,Lunch; Dinner,,13.00,epcot/le-cellier-steakhouse
2026-09-04,Le Cellier Steakhouse,EPCOT,Moosehead Lager - Draft,Cocktails and Beer,Lunch; Dinner,,9.25,epcot/le-cellier-steakhouse
2026-09-04,Le Cellier Steakhouse,EPCOT,Molson Canadian Lager,Cocktails and Beer,Lunch; Dinner,,9.75,epcot/le-cellier-steakhouse
2026-09-04,Le Cellier Steakhouse,EPCOT,Labatt Blue Canadian Pilsener,Cocktails and Beer,Lunch; Dinner,,10.50,epcot/le-cellier-steakhouse
2026-09-04,Le Cellier Steakhouse,EPCOT,Labatt Blue Light Canadian Pilsener,Cocktails and Beer,Lunch; Dinner,,10.50,epcot/le-cellier-steakhouse
2026-09-04,Le Cellier Steakhouse,EPCOT,Rekorderlig Pear Hard Cider,Cocktails and Beer,Lunch; Dinner,,10.50,epcot/le-cellier-steakhouse
2026-09-04,Le Cellier Steakhouse,EPCOT,Canadian Cheddar Cheese Soup,Allergy-Friendly Appetizers,Lunch; Dinner,"Moosehead Pale Ale, Applewood-smoked Bacon (For Egg, Fish/Shellfish, Peanut/Tree Nut, Sesame Allergies)",15.00,epcot/le-cellier-steakhouse
2026-09-04,Le Cellier Steakhouse,EPCOT,Artisanal Cheese Plate,Allergy-Friendly Appetizers,Lunch; Dinner,"Craft Cheeses, Honeycomb, Jam, Toasted Sourdough (For Egg, Fish/Shellfish, Peanut, Soy Allergies)",21.00,epcot/le-cellier-steakhouse
2026-09-04,Le Cellier Steakhouse,EPCOT,Shrimp Cocktail,Allergy-Friendly Appetizers,Lunch; Dinner,"Lemon, Mignonette, Cocktail Sauce (For Gluten/Wheat, Egg, Fish, Milk, Peanut/Tree Nut, Sesame Allergies)",23.00,epcot/le-cellier-steakhouse
2026-09-04,Le Cellier Steakhouse,EPCOT,Steakhouse Wedge Salad,Allergy-Friendly Appetizers,Lunch; Dinner,"Tomatoes, Bacon Lardons, Ranch Dressing, Point Reyes Blue Cheese, Garden Herbs (For Gluten/Wheat, Fish/Shellfish, Peanut/Tree Nut, Sesame, Soy Allergies)",16.00,epcot/le-cellier-steakhouse
2026-09-04,Le Cellier Steakhouse,EPCOT,Caesar Salad,Allergy-Friendly Appetizers,Lunch; Dinner,"Romaine, Bibb, Frisee, Radish, Pinenut Gremolata, Plant-based Caesar Dressing (For Egg, Fish/Shellfish, Milk, Peanut, Sesame Allergies)",16.00,epcot/le-cellier-steakhouse
2026-09-04,Le Cellier Steakhouse,EPCOT,Signature Poutine,Allergy-Friendly Appetizers,Lunch; Dinner,"Hand-cut Pomme Frites, Cheese Curds, Cheddar, Cabernet Demi (For Gluten/Wheat, Egg, Fish/Shellfish, Peanut/Tree Nut, Sesame, Soy Allergies)",19.00,epcot/le-cellier-steakhouse
2026-09-04,Le Cellier Steakhouse,EPCOT,Escargot en Croûte,Allergy-Friendly Appetizers,Lunch; Dinner,"Savory Pastry, Butter, Garlic, Lemon, Parsley (For Fish, Peanut/Tree Nut, Sesame, Soy Allergies)",20.00,epcot/le-cellier-steakhouse
2026-09-04,Le Cellier Steakhouse,EPCOT,Prince Edward Island Mussels,Allergy-Friendly Appetizers,Lunch; Dinner,"Vin Blanc, Butter, Garlic, Fines Herbes, Lemon, Sourdough (For Egg, Fish, Peanut/Tree Nut, Sesame, Soy Allergies)",24.00,epcot/le-cellier-steakhouse
2026-09-04,Le Cellier Steakhouse,EPCOT,7-oz Filet Mignon*,Allergy-Friendly Entrées - Butcher's Cuts,Lunch; Dinner,"Butcher’s Cuts Accompanied by one (1) Side and one (1) Sauce (For Gluten/Wheat, Egg, Fish/Shellfish, Milk, Peanut/Tree Nut, Sesame, Soy Allergies)",65.00,epcot/le-cellier-steakhouse
2026-09-04,Le Cellier Steakhouse,EPCOT,14-oz Dry-aged Duroc Pork Chop*,Allergy-Friendly Entrées - Butcher's Cuts,Lunch; Dinner,"Butcher’s Cuts Accompanied by one (1) Side and one (1) Sauce (For Gluten/Wheat, Egg, Fish/Shellfish, Milk, Peanut/Tree Nut, Sesame, Soy Allergies)",49.00,epcot/le-cellier-steakhouse
2026-09-04,Le Cellier Steakhouse,EPCOT,16-oz. Rib-Eye Steak*,Allergy-Friendly Entrées - Butcher's Cuts,Lunch; Dinner,"Butcher’s Cuts accompanied by one (1) Side and one (1) Sauce (For Gluten/Wheat, Egg, Fish/Shellfish, Milk, Peanut/Tree Nut, Sesame, Soy Allergies)",62.00,epcot/le-cellier-steakhouse
2026-09-04,Le Cellier Steakhouse,EPCOT,12-oz Prime New York Strip Steak*,Allergy-Friendly Entrées - Butcher's Cuts,Lunch; Dinner,"Butcher’s Cuts accompanied by one (1) Side and one (1) Sauce (For Gluten/Wheat, Egg, Fish/Shellfish, Milk, Peanut/Tree Nut, Sesame, Soy Allergies)",62.00,epcot/le-cellier-steakhouse
2026-09-04,Le Cellier Steakhouse,EPCOT,28 oz. Rib-Eye Steak for Two*,Allergy-Friendly Entrées - Butcher's Cuts,Lunch; Dinner,"Butcher’s Cuts Accompanied by one (1) Side and one (1) Sauce (For Gluten/Wheat, Egg, Fish/Shellfish, Milk, Peanut/Tree Nut, Sesame, Soy Allergies)",120.00,epcot/le-cellier-steakhouse
2026-09-04,Le Cellier Steakhouse,EPCOT,Point Reyes Blue Cheese,Allergy-Friendly Enhancements,Lunch; Dinner,"(For Gluten/Wheat, Egg, Fish/Shellfish, Peanut/Tree Nut, Sesame, Soy Allergies)",6.00,epcot/le-cellier-steakhouse
2026-09-04,Le Cellier Steakhouse,EPCOT,Lump Crab Oscar,Allergy-Friendly Enhancements,Lunch; Dinner,"(For Gluten/Wheat, Fish, Peanut/Tree Nut, Sesame, Soy Allergies)",19.00,epcot/le-cellier-steakhouse
2026-09-04,Le Cellier Steakhouse,EPCOT,Garlic Shrimp,Allergy-Friendly Enhancements,Lunch; Dinner,"(For Gluten/Wheat, Egg Fish, Peanut/Tree Nut, Sesame, Soy Allergies)",18.00,epcot/le-cellier-steakhouse
2026-09-04,Le Cellier Steakhouse,EPCOT,Le Cellier Filet Mignon*,Allergy-Friendly Entrées - Land & Sea,Lunch; Dinner,"Mushroom Risotto, Pomodoraccio Tomatoes, Chardonnay-Truffle Butter Sauce, Petit Herbs (For Gluten/Wheat, Egg, Fish/Shellfish, Peanut/Tree Nut, Sesame, Soy Allergies)",65.00,epcot/le-cellier-steakhouse
2026-09-04,Le Cellier Steakhouse,EPCOT,Roasted Chicken,Allergy-Friendly Entrées - Land & Sea,Lunch; Dinner,"Warm Farro Salad, Baby Squash, Carrots, Cranberry-Orange Gel, Sherry-Chicken Jus (For Egg, Fish/Shellfish, Peanut/Tree Nut, Sesame, Soy Allergies)",41.00,epcot/le-cellier-steakhouse
2026-09-04,Le Cellier Steakhouse,EPCOT,Miso-roasted Cabbage,Allergy-Friendly Entrées - Land & Sea,Lunch; Dinner,"Miso-Maple Cabbage and King Mushrooms, Chili Crisp, Wild Rice, Parsnip Sunchocke Purée (For Gluten/Wheat, Egg, Fish/Shellfish, Milk, Sesame, Tree Nut Allergies)",39.00,epcot/le-cellier-steakhouse
2026-09-04,Le Cellier Steakhouse,EPCOT,Almond-Crusted Salmon,Allergy-Friendly Entrées - Land & Sea,Lunch; Dinner,"Broccolini, Celery Root Tapioca, Adobo Sauce (For Gluten/Wheat, Egg, Peanut, Sesame, Shellfish, Soy Allergies)",53.00,epcot/le-cellier-steakhouse
2026-09-04,Le Cellier Steakhouse,EPCOT,Hand-cut Pomme Frites,Allergy-Friendly Sides,Lunch; Dinner,"Parmesan, Fines Herbes (For Gluten/Wheat, Fish/Shellfish, Peanut/Tree Nut, Sesame, Soy Allergies)",10.50,epcot/le-cellier-steakhouse
2026-09-04,Le Cellier Steakhouse,EPCOT,Macaroni & Cheese,Allergy-Friendly Sides,Lunch; Dinner,"Port Salut-Cheddar Sauce, Toasted Herb Crumb (For Egg, Fish/Shellfish, Peanut/Tree Nut, Sesame, Soy Allergies)",14.00,epcot/le-cellier-steakhouse
2026-09-04,Le Cellier Steakhouse,EPCOT,Mashed Potatoes,Allergy-Friendly Sides,Lunch; Dinner,"Mascarpone, Roasted Garlic (For Gluten/Wheat, Egg, Fish/Shellfish, Peanut/Tree Nut, Sesame, Soy Allergies)",14.00,epcot/le-cellier-steakhouse
2026-09-04,Le Cellier Steakhouse,EPCOT,Braised Mushrooms,Allergy-Friendly Sides,Lunch; Dinner,"Sherry Wine, Fines Herbes (For Gluten/Wheat, Egg, Fish/Shellfish, Peanut/Tree Nut, Sesame, Soy Allergies)",12.00,epcot/le-cellier-steakhouse
2026-09-04,Le Cellier Steakhouse,EPCOT,Crispy Brussels Sprouts,Allergy-Friendly Sides,Lunch; Dinner,"Maple Marmalade, Golden Raisins (Plant-based) (For Gluten/Wheat, Egg, Fish/Shellfish, Milk, Peanut/Tree Nut, Sesame, Soy Allergies)",10.50,epcot/le-cellier-steakhouse
2026-09-04,Le Cellier Steakhouse,EPCOT,Creamed Spinach,Allergy-Friendly Sides,Lunch; Dinner,"Sauce Mornay, Parmesan (For Egg, Fish/Shellfish, Peanut/Tree Nut, Sesame, Soy Allergies)",12.00,epcot/le-cellier-steakhouse
2026-09-04,Le Cellier Steakhouse,EPCOT,Signature Poutine,Allergy-Friendly Poutine,Lunch; Dinner,"Hand-cut Pomme Frites, Cheese Curds, Cheddar, Cabernet Demi (For Gluten/Wheat, Egg, Fish/Shellfish, Peanut/Tree Nut, Sesame, Soy Allergies)",19.00,epcot/le-cellier-steakhouse
2026-09-04,Le Cellier Steakhouse,EPCOT,Chocolate Cheesecake,Allergy-Friendly Desserts,Lunch; Dinner,"65% Disney Couverture, Hazelnut Praline, Chocolate Crémeux (For Fish/Shellfish, Peanut, Sesame Allergies)",15.00,epcot/le-cellier-steakhouse
2026-09-04,Le Cellier Steakhouse,EPCOT,Maple Crème Brûlée,Allergy-Friendly Desserts,Lunch; Dinner,"Chantilly, Seasonal Fruit, Tuile (For Fish/Shellfish, Peanut/Tree Nut, Sesame, Soy Allergies)",15.00,epcot/le-cellier-steakhouse
2026-09-04,Le Cellier Steakhouse,EPCOT,The Wine Cellar's Banana Split,Allergy-Friendly Desserts,Lunch; Dinner,"Roasted Banana Frozen Dessert, Bing Cherries, Chantilly, Walnut Praline (For Gluten/Wheat, Egg, Fish/Shellfish, Milk, Peanut, Sesame Allergies)",13.00,epcot/le-cellier-steakhouse
2026-09-04,Le Cellier Steakhouse,EPCOT,Butter Tart,Allergy-Friendly Desserts,Lunch; Dinner,"Canadian Butter Tart, Brown Butter Panna Cotta, Cocoa Nib Tuille (For Fish/Shellfish, Peanut/Tree Nut, Sesame Allergies)",15.00,epcot/le-cellier-steakhouse
2026-09-04,Le Cellier Steakhouse,EPCOT,Cheddar-Bacon Soup,Allergy-Friendly Kids' Appetizers,Lunch; Dinner,"(For Egg, Fish/Shellfish, Peanut/Tree Nut, and Sesame Allergies)",5.25,epcot/le-cellier-steakhouse
2026-09-04,Le Cellier Steakhouse,EPCOT,Garden Salad,Allergy-Friendly Kids' Appetizers,Lunch; Dinner,"with Ranch Dressing (For Gluten/Wheat, Fish/ Shellfish, Peanut/Tree Nut, Sesame, and Soy Allergies)",5.25,epcot/le-cellier-steakhouse
2026-09-04,Le Cellier Steakhouse,EPCOT,Grilled Chicken,Allergy-Friendly Kids' Entrées,Lunch; Dinner,"Served with choice of two (2) Selections and choice of Small Lowfat Milk, Small DASANI® Water, or Small Minute Maid® Apple Juice (For Gluten/Wheat, Egg, Fish/Shellfish, Milk, Peanut/Tree Nut, Sesame, and Soy Allergies)",16.00,epcot/le-cellier-steakhouse
2026-09-04,Le Cellier Steakhouse,EPCOT,Grilled Steak,Allergy-Friendly Kids' Entrées,Lunch; Dinner,"Served with choice of two (2) Selections and choice of Small Lowfat Milk, Small DASANI® Water, or Small Minute Maid® Apple Juice (For Gluten/Wheat, Egg, Fish/Shellfish, Milk, Peanut/Tree Nut, Sesame, and Soy Allergies)",19.00,epcot/le-cellier-steakhouse
2026-09-04,Le Cellier Steakhouse,EPCOT,Pan-Roasted Fish,Allergy-Friendly Kids' Entrées,Lunch; Dinner,"Served with choice of two (2) Selections and choice of Small Lowfat Milk, Small DASANI® Water, or Small Minute Maid® Apple Juice (For Gluten/Wheat, Egg, Milk, Peanut/Tree Nut, Sesame, Shellfish, and Soy Allergies)",19.00,epcot/le-cellier-steakhouse
2026-09-04,Le Cellier Steakhouse,EPCOT,Macaroni & Cheese,Allergy-Friendly Kids' Entrées,Lunch; Dinner,"Served with choice of two (2) Selections and choice of Small Lowfat Milk, Small DASANI® Bottled Water, or Small Minute Maid® Apple Juice (For Egg, Fish/Shellfish, Peanut/Tree Nut, Sesame Allergies)",14.00,epcot/le-cellier-steakhouse
2026-09-04,Le Cellier Steakhouse,EPCOT,Grilled Cheese Sandwich,Allergy-Friendly Kids' Entrées,Lunch; Dinner,"Served with choice of two (2) Selections and choice of Small Lowfat Milk, Small DASANI® Water, or Small Minute Maid® Apple Juice (For Egg, Fish/Shellfish, Peanut/Tree Nut, and Sesame Allergies)",14.00,epcot/le-cellier-steakhouse
2026-09-04,Les Halles Boulangerie-Patisserie,EPCOT,Dinde B.L.T.,Sandwiches,Lunch And Dinner,"Turkey, Bacon, Lettuce, Tomato and Garlic Aioli",10.95,epcot/les-halles-boulangerie-patisserie
2026-09-04,Les Halles Boulangerie-Patisserie,EPCOT,Poulet au Pistou,Sandwiches,Lunch And Dinner,"Chicken Breast with Cheese, Tomato, Red Onion and Pesto",11.95,epcot/les-halles-boulangerie-patisserie
2026-09-04,Les Halles Boulangerie-Patisserie,EPCOT,Brie aux Pommes,Sandwiches,Lunch And Dinner,"Brie, Apples and Cranberries in Multi Grain Bread",10.25,epcot/les-halles-boulangerie-patisserie
2026-09-04,Les Halles Boulangerie-Patisserie,EPCOT,Croissant Jambon Fromage,Sandwiches,Lunch And Dinner,"Ham, Cheese and Béchamel in a Croissant",7.95,epcot/les-halles-boulangerie-patisserie
2026-09-04,Les Halles Boulangerie-Patisserie,EPCOT,Jambon Beurre,Sandwiches,Lunch And Dinner,"Ham and Cheese, Dijon Mustard Butter on a Demi Baguette",11.25,epcot/les-halles-boulangerie-patisserie
2026-09-04,Les Halles Boulangerie-Patisserie,EPCOT,Soupe du Jour,Specialites,Lunch And Dinner,Soup in a bread bowl,7.95,epcot/les-halles-boulangerie-patisserie
2026-09-04,Les Halles Boulangerie-Patisserie,EPCOT,Quiche Lorraine,Specialites,Lunch And Dinner,"Ham, Gruyere Quiche",7.50,epcot/les-halles-boulangerie-patisserie
2026-09-04,Les Halles Boulangerie-Patisserie,EPCOT,Baguette - Half,Specialites,Lunch And Dinner,Fresh from our oven,2.95,epcot/les-halles-boulangerie-patisserie
2026-09-04,Les Halles Boulangerie-Patisserie,EPCOT,Baguette - Full,Specialites,Lunch And Dinner,Fresh from our oven,4.95,epcot/les-halles-boulangerie-patisserie
2026-09-04,Les Halles Boulangerie-Patisserie,EPCOT,Pissaladiere,Specialites,Lunch And Dinner,"Tomatoes, Olives and Gruyere Cheese",6.95,epcot/les-halles-boulangerie-patisserie
2026-09-04,Les Halles Boulangerie-Patisserie,EPCOT,Croissant Salé,Specialites,Lunch And Dinner,"Eggs, Cheese and Bacon Croissant",9.75,epcot/les-halles-boulangerie-patisserie
2026-09-04,Les Halles Boulangerie-Patisserie,EPCOT,Florentine Quiche,Specialites,Lunch And Dinner,Spinach and Gruyere (Vegetarian),9.95,epcot/les-halles-boulangerie-patisserie
2026-09-04,Les Halles Boulangerie-Patisserie,EPCOT,Fromages,Specialites,Lunch And Dinner,Imported Cheese plate,12.95,epcot/les-halles-boulangerie-patisserie
2026-09-04,Les Halles Boulangerie-Patisserie,EPCOT,Croque Monsieur,Specialites,Lunch And Dinner,Toasted Ham and Cheese,10.75,epcot/les-halles-boulangerie-patisserie
2026-09-04,Les Halles Boulangerie-Patisserie,EPCOT,Croiss Oh La La,Viennoiseries,Lunch And Dinner,Giant Croissant,13.95,epcot/les-halles-boulangerie-patisserie
2026-09-04,Les Halles Boulangerie-Patisserie,EPCOT,Citron Blueberry,Viennoiseries,Lunch And Dinner,Lemon cream in pastry with fresh blueberries,7.95,epcot/les-halles-boulangerie-patisserie
2026-09-04,Les Halles Boulangerie-Patisserie,EPCOT,Croissant,Viennoiseries,Lunch And Dinner,Plain Croissant,3.95,epcot/les-halles-boulangerie-patisserie
2026-09-04,Les Halles Boulangerie-Patisserie,EPCOT,Viennoiserie Pomme,Viennoiseries,Lunch And Dinner,Apple Crumble Pastry,5.95,epcot/les-halles-boulangerie-patisserie
2026-09-04,Les Halles Boulangerie-Patisserie,EPCOT,Beignet,Viennoiseries,Lunch And Dinner,Beignet filled with chocolate and hazelnuts,5.95,epcot/les-halles-boulangerie-patisserie
2026-09-04,Les Halles Boulangerie-Patisserie,EPCOT,Pain au Chocolat,Viennoiseries,Lunch And Dinner,Chocolate Croissant,4.95,epcot/les-halles-boulangerie-patisserie
2026-09-04,Les Halles Boulangerie-Patisserie,EPCOT,Biscuit Chocolat,Viennoiseries,Lunch And Dinner,Chocolate Chip Cookie,5.25,epcot/les-halles-boulangerie-patisserie
2026-09-04,Les Halles Boulangerie-Patisserie,EPCOT,Croissant Amandes,Viennoiseries,Lunch And Dinner,Chocolate Croissant with Almond filling,6.95,epcot/les-halles-boulangerie-patisserie
2026-09-04,Les Halles Boulangerie-Patisserie,EPCOT,Tarte aux Fraises,Desserts,Lunch And Dinner,,7.75,epcot/les-halles-boulangerie-patisserie
2026-09-04,Les Halles Boulangerie-Patisserie,EPCOT,Tarte au Citron,Desserts,Lunch And Dinner,Lemon cream tart topped with soft meringue,7.25,epcot/les-halles-boulangerie-patisserie
2026-09-04,Les Halles Boulangerie-Patisserie,EPCOT,Créme Brûlée,Desserts,Lunch And Dinner,Caramelized Vanilla Custard,5.95,epcot/les-halles-boulangerie-patisserie
2026-09-04,Les Halles Boulangerie-Patisserie,EPCOT,Macaron Framboise et Citron vert,Desserts,Lunch And Dinner,Macaron with raspberry and lime cream,7.95,epcot/les-halles-boulangerie-patisserie
2026-09-04,Les Halles Boulangerie-Patisserie,EPCOT,Napoleon,Desserts,Lunch And Dinner,Puff Pastry layered with Cream,6.95,epcot/les-halles-boulangerie-patisserie
2026-09-04,Les Halles Boulangerie-Patisserie,EPCOT,Macarons Collection,Desserts,Lunch And Dinner,,13.75,epcot/les-halles-boulangerie-patisserie
2026-09-04,Les Halles Boulangerie-Patisserie,EPCOT,Macarons Large Collection,Desserts,Lunch And Dinner,,26.95,epcot/les-halles-boulangerie-patisserie
2026-09-04,Les Halles Boulangerie-Patisserie,EPCOT,Éclair Chocolate,Desserts,Lunch And Dinner,Chocolate Cream Éclair,5.95,epcot/les-halles-boulangerie-patisserie
2026-09-04,Les Halles Boulangerie-Patisserie,EPCOT,Parfait aux Fruits,Desserts,Lunch And Dinner,Yogurt Mousse with Berries,7.50,epcot/les-halles-boulangerie-patisserie
2026-09-04,Les Halles Boulangerie-Patisserie,EPCOT,Mousse au Chocolat,Desserts,Lunch And Dinner,Chocolate Mousse,7.50,epcot/les-halles-boulangerie-patisserie
2026-09-04,Les Halles Boulangerie-Patisserie,EPCOT,Duo Au Chocolat,Desserts,Lunch And Dinner,White and Dark Chocolate Mousse Cake,7.95,epcot/les-halles-boulangerie-patisserie
2026-09-04,Les Halles Boulangerie-Patisserie,EPCOT,Framboise,Desserts,Lunch And Dinner,"Raspberry Mousse, Chocolate Cake, Raspberry Jam",7.95,epcot/les-halles-boulangerie-patisserie
2026-09-04,Les Halles Boulangerie-Patisserie,EPCOT,Macaron Chocolat,Desserts,Lunch And Dinner,Filled with caramel cremeux,7.95,epcot/les-halles-boulangerie-patisserie
2026-09-04,Les Halles Boulangerie-Patisserie,EPCOT,Éclair Vanille,Desserts,Lunch And Dinner,Vanilla pastry cream,5.75,epcot/les-halles-boulangerie-patisserie
2026-09-04,Les Halles Boulangerie-Patisserie,EPCOT,Macaron Plant Based,Desserts,Lunch And Dinner,,8.95,epcot/les-halles-boulangerie-patisserie
2026-09-04,Les Halles Boulangerie-Patisserie,EPCOT,Ourson,Desserts,Lunch And Dinner,Chocolate covered marshmallow,5.95,epcot/les-halles-boulangerie-patisserie
2026-09-04,Les Halles Boulangerie-Patisserie,EPCOT,Assorted Fountain Beverages - Large,Boissons,Lunch And Dinner,,4.79,epcot/les-halles-boulangerie-patisserie
2026-09-04,Les Halles Boulangerie-Patisserie,EPCOT,Café,Boissons,Lunch And Dinner,Coffee - regular or decaf,3.95,epcot/les-halles-boulangerie-patisserie
2026-09-04,Les Halles Boulangerie-Patisserie,EPCOT,Evian,Boissons,Lunch And Dinner,Natural Spring Water,4.00,epcot/les-halles-boulangerie-patisserie
2026-09-04,Les Halles Boulangerie-Patisserie,EPCOT,Espresso,Boissons,Lunch And Dinner,regular or decaf,5.25,epcot/les-halles-boulangerie-patisserie
2026-09-04,Les Halles Boulangerie-Patisserie,EPCOT,Cappuccino,Boissons,Lunch And Dinner,regular or decaf,5.65,epcot/les-halles-boulangerie-patisserie
2026-09-04,Les Halles Boulangerie-Patisserie,EPCOT,Latte,Boissons,Lunch And Dinner,regular or decaf,5.65,epcot/les-halles-boulangerie-patisserie
2026-09-04,Les Halles Boulangerie-Patisserie,EPCOT,Chocolat Chaud,Boissons,Lunch And Dinner,Hot Chocolate,4.95,epcot/les-halles-boulangerie-patisserie
2026-09-04,Les Halles Boulangerie-Patisserie,EPCOT,Sirop Monin,Boissons,Lunch And Dinner,Add a flavor shot of Hazelnut or Vanilla,1.50,epcot/les-halles-boulangerie-patisserie
2026-09-04,Les Halles Boulangerie-Patisserie,EPCOT,Thé,Boissons,Lunch And Dinner,Hot Tea - regular or decaf,3.95,epcot/les-halles-boulangerie-patisserie
2026-09-04,Les Halles Boulangerie-Patisserie,EPCOT,Jus D'Orange,Boissons,Lunch And Dinner,Orange Juice,6.95,epcot/les-halles-boulangerie-patisserie
2026-09-04,Les Halles Boulangerie-Patisserie,EPCOT,Milk,Boissons,Lunch And Dinner,Regular or Chocolate,4.25,epcot/les-halles-boulangerie-patisserie
2026-09-04,Les Halles Boulangerie-Patisserie,EPCOT,Perrier,Boissons,Lunch And Dinner,Sparkling Water,4.95,epcot/les-halles-boulangerie-patisserie
2026-09-04,Les Halles Boulangerie-Patisserie,EPCOT,Mimosa,Vins & Biére,Lunch And Dinner,Champagne and Orange Juice,12.95,epcot/les-halles-boulangerie-patisserie
2026-09-04,Les Halles Boulangerie-Patisserie,EPCOT,Cabernet Sauvignon,Vins & Biére,Lunch And Dinner,Chefs selection Duboeuf,9.50,epcot/les-halles-boulangerie-patisserie
2026-09-04,Les Halles Boulangerie-Patisserie,EPCOT,Chardonnay,Vins & Biére,Lunch And Dinner,Chefs selection Duboeuf,8.95,epcot/les-halles-boulangerie-patisserie
2026-09-04,Les Halles Boulangerie-Patisserie,EPCOT,Champagne,Vins & Biére,Lunch And Dinner,"Malard, Excellence, Brut",21.95,epcot/les-halles-boulangerie-patisserie
2026-09-04,Les Halles Boulangerie-Patisserie,EPCOT,Kronenbourg 1664,Vins & Biére,Lunch And Dinner,Beer,9.95,epcot/les-halles-boulangerie-patisserie
2026-09-04,Les Halles Boulangerie-Patisserie,EPCOT,Frosé,Vins & Biére,Lunch And Dinner,"Frozen Côtes de Provence Rosé, Vodka, Peach",15.95,epcot/les-halles-boulangerie-patisserie
2026-09-04,Les Vins des Chefs de France,EPCOT,Merlot,Regular Wine,Bar – Lounge,Red,8.50,epcot/les-vins-des-chefs-de-france
2026-09-04,Les Vins des Chefs de France,EPCOT,Cabernet,Regular Wine,Bar – Lounge,Red,9.00,epcot/les-vins-des-chefs-de-france
2026-09-04,Les Vins des Chefs de France,EPCOT,Chardonnay,Regular Wine,Bar – Lounge,White,8.50,epcot/les-vins-des-chefs-de-france
2026-09-04,Les Vins des Chefs de France,EPCOT,Beaujolais Duboeuf,Regional Wine,Bar – Lounge,Red,11.55,epcot/les-vins-des-chefs-de-france
2026-09-04,Les Vins des Chefs de France,EPCOT,Vouvray Sauvion,Regional Wine,Bar – Lounge,"White, Sweet",12.50,epcot/les-vins-des-chefs-de-france
2026-09-04,Les Vins des Chefs de France,EPCOT,Rosé Côtes de Provence,Regional Wine,Bar – Lounge,Rosé,15.25,epcot/les-vins-des-chefs-de-france
2026-09-04,Les Vins des Chefs de France,EPCOT,Côtes du Rhône J.L. Colombo,Premium Wine,Bar – Lounge,Red,12.25,epcot/les-vins-des-chefs-de-france
2026-09-04,Les Vins des Chefs de France,EPCOT,Bordeaux Chateau La Graviere,Premium Wine,Bar – Lounge,Red,10.50,epcot/les-vins-des-chefs-de-france
2026-09-04,Les Vins des Chefs de France,EPCOT,Pouilly-Fuissé,Premium Wine,Bar – Lounge,"White, Medium Dry",21.50,epcot/les-vins-des-chefs-de-france
2026-09-04,Les Vins des Chefs de France,EPCOT,Orange,Slushes,Bar – Lounge,"Grand Marnier, Rum, Grey Goose Orange and Orange Juice",14.95,epcot/les-vins-des-chefs-de-france
2026-09-04,Les Vins des Chefs de France,EPCOT,Citron,Slushes,Bar – Lounge,"Grey Goose Citron, Vodka and Lemonade",14.95,epcot/les-vins-des-chefs-de-france
2026-09-04,Les Vins des Chefs de France,EPCOT,Le Geant Slush,Slushes,Bar – Lounge,with a Grand Marnier or Grey Goose Citron Shot,21.95,epcot/les-vins-des-chefs-de-france
2026-09-04,Les Vins des Chefs de France,EPCOT,Champagne Malard,Champagne and Beer,Bar – Lounge,"Excellence, Brut",21.95,epcot/les-vins-des-chefs-de-france
2026-09-04,Les Vins des Chefs de France,EPCOT,Kir Royal,Champagne and Beer,Bar – Lounge,Champagne and Blackcurrant Liquor,22.95,epcot/les-vins-des-chefs-de-france
2026-09-04,Les Vins des Chefs de France,EPCOT,Kronenbourg 1664,Champagne and Beer,Bar – Lounge,French Beer,9.95,epcot/les-vins-des-chefs-de-france
2026-09-04,Lotus Blossom Café,EPCOT,Pork Egg Rolls,Appetizers,Lunch And Dinner,,5.95,epcot/lotus-blossom-cafe
2026-09-04,Lotus Blossom Café,EPCOT,Chicken Pot Stickers,Appetizers,Lunch And Dinner,,7.35,epcot/lotus-blossom-cafe
2026-09-04,Lotus Blossom Café,EPCOT,Orange Chicken Combo,Entrées,Lunch And Dinner,"Served with Steamed Rice, Pork Egg Roll, and Fortune Cookie",14.95,epcot/lotus-blossom-cafe
2026-09-04,Lotus Blossom Café,EPCOT,Chicken Fried Rice Combo,Entrées,Lunch And Dinner,Served with Pork Egg Roll and Fortune Cookie,14.95,epcot/lotus-blossom-cafe
2026-09-04,Lotus Blossom Café,EPCOT,Mongolian Beef Noodle Combo,Entrées,Lunch And Dinner,Served with Pork Egg Roll and Fortune Cookie,15.75,epcot/lotus-blossom-cafe
2026-09-04,Lotus Blossom Café,EPCOT,Stir-Fried Vegetable Noodle Combo,Entrées,Lunch And Dinner,Served with Vegetable Spring Roll and Fortune Cookie,14.75,epcot/lotus-blossom-cafe
2026-09-04,Lotus Blossom Café,EPCOT,Sweet-and-Sour Chicken,Kids' Meals,Lunch And Dinner,"Served with Steamed Rice, Carrots, Applesauce, and choice of Lowfat Milk, Small Bottled Water, or Apple Juice",11.50,epcot/lotus-blossom-cafe
2026-09-04,Lotus Blossom Café,EPCOT,Pot Stickers and Egg Roll,Kids' Meals,Lunch And Dinner,"Served with Carrots, Applesauce, and choice of Lowfat Milk, Small Bottled Water, or Apple Juice",11.50,epcot/lotus-blossom-cafe
2026-09-04,Lotus Blossom Café,EPCOT,Caramel-Ginger Ice Cream,Desserts,Lunch And Dinner,,5.35,epcot/lotus-blossom-cafe
2026-09-04,Lotus Blossom Café,EPCOT,Lychee Ice Cream,Desserts,Lunch And Dinner,,5.35,epcot/lotus-blossom-cafe
2026-09-04,Lotus Blossom Café,EPCOT,Assorted Fountain Beverage,Beverages,Lunch And Dinner,,4.79,epcot/lotus-blossom-cafe
2026-09-04,Lotus Blossom Café,EPCOT,Black or Green Iced Tea,Beverages,Lunch And Dinner,Unsweetened,5.25,epcot/lotus-blossom-cafe
2026-09-04,Lotus Blossom Café,EPCOT,Lychee Iced Tea,Beverages,Lunch And Dinner,Sweetened,6.25,epcot/lotus-blossom-cafe
2026-09-04,Lotus Blossom Café,EPCOT,DASANI® Bottled Water,Beverages,Lunch And Dinner,,4.00,epcot/lotus-blossom-cafe
2026-09-04,Lotus Blossom Café,EPCOT,Apple Juice,Beverages,Lunch And Dinner,,3.25,epcot/lotus-blossom-cafe
2026-09-04,Lotus Blossom Café,EPCOT,Lowfat Milk,Beverages,Lunch And Dinner,,3.25,epcot/lotus-blossom-cafe
2026-09-04,Lotus Blossom Café,EPCOT,Hot Oolong Tea,Beverages,Lunch And Dinner,,4.25,epcot/lotus-blossom-cafe
2026-09-04,Lotus Blossom Café,EPCOT,Hot Cocoa,Beverages,Lunch And Dinner,,4.25,epcot/lotus-blossom-cafe
2026-09-04,Lotus Blossom Café,EPCOT,TsingTao Bottled Beer,Alcoholic Beverages,Lunch And Dinner,,11.00,epcot/lotus-blossom-cafe
2026-09-04,Lotus Blossom Café,EPCOT,Lucky Foo Pale Ale,Alcoholic Beverages,Lunch And Dinner,Draft Beer,10.50,epcot/lotus-blossom-cafe
2026-09-04,Lotus Blossom Café,EPCOT,Honey Jasmine Lager,Alcoholic Beverages,Lunch And Dinner,Draft Beer,10.50,epcot/lotus-blossom-cafe
2026-09-04,Lotus Blossom Café,EPCOT,Plum Wine,Alcoholic Beverages,Lunch And Dinner,on the rocks,9.75,epcot/lotus-blossom-cafe
2026-09-04,Nine Dragons Restaurant,EPCOT,Smoked Duck Bao Buns,Appetizers,Lunch; Dinner,"Duck breast, scallion, hoisin sauce in steamed buns",16.00,epcot/nine-dragons-restaurant
2026-09-04,Nine Dragons Restaurant,EPCOT,Cheesy Crab Wontons,Appetizers,Lunch; Dinner,"Fried wontons filled with cream cheese, celery, imitation crab stick",13.00,epcot/nine-dragons-restaurant
2026-09-04,Nine Dragons Restaurant,EPCOT,Ha Gao Shrimp Dumplings,Appetizers,Lunch; Dinner,"Steamed shrimp dumplings, pumpkin puree, chili oil, truffle sauce",12.00,epcot/nine-dragons-restaurant
2026-09-04,Nine Dragons Restaurant,EPCOT,Chicken Pot Stickers,Appetizers,Lunch; Dinner,"Pan-fried chicken dumplings, cabbage, dumpling sauce",12.00,epcot/nine-dragons-restaurant
2026-09-04,Nine Dragons Restaurant,EPCOT,Vegetable Spring Rolls,Appetizers,Lunch; Dinner,"Crispy spring rolls filled with mixed vegetables, sweet-and-sour sauce",12.00,epcot/nine-dragons-restaurant
2026-09-04,Nine Dragons Restaurant,EPCOT,Wontons in Chili Oil,Appetizers,Lunch; Dinner,"Steamed wontons filled with shrimp, crab, and chicken, Sichuan chili broth",14.00,epcot/nine-dragons-restaurant
2026-09-04,Nine Dragons Restaurant,EPCOT,Sichuan Cucumbers,Appetizers,Lunch; Dinner,Crisp cucumber strips tossed with cilantro and peanuts in Mala spicy sauce,11.00,epcot/nine-dragons-restaurant
2026-09-04,Nine Dragons Restaurant,EPCOT,Wonton Soup,Appetizers,Lunch; Dinner,"Crab, sweet corn, chicken broth",12.00,epcot/nine-dragons-restaurant
2026-09-04,Nine Dragons Restaurant,EPCOT,General Tso's Chicken Shumai,Appetizers,Lunch; Dinner,"Dumplings filled with chicken, potato, onion and water chestnut with General Tso's sauce",14.00,epcot/nine-dragons-restaurant
2026-09-04,Nine Dragons Restaurant,EPCOT,Glazed Prawns with Pistachios,Entrées,Lunch; Dinner,"Lightly-fried glazed prawn, roasted pistachio, honey mustard sauce",33.00,epcot/nine-dragons-restaurant
2026-09-04,Nine Dragons Restaurant,EPCOT,Dry-Braised Prawns,Entrées,Lunch; Dinner,"Braised prawn, asparagus, red onion, bell pepper, spicy sweet-and-sour wine sauce",34.00,epcot/nine-dragons-restaurant
2026-09-04,Nine Dragons Restaurant,EPCOT,Sweet and Sour Cod,Entrées,Lunch; Dinner,"Deep-fried Alaska cod, dried red pepper, thinly sliced asparagus, tangy sauce",32.00,epcot/nine-dragons-restaurant
2026-09-04,Nine Dragons Restaurant,EPCOT,Smoked Duck Fried Rice,Entrées,Lunch; Dinner,"Smoked ducked breast, egg fried rice, hoisin sauce",35.00,epcot/nine-dragons-restaurant
2026-09-04,Nine Dragons Restaurant,EPCOT,Canton Pepper Beef Stir Fry,Entrées,Lunch; Dinner,"Beef, yellow onion, bell pepper, stir fry sauce",28.00,epcot/nine-dragons-restaurant
2026-09-04,Nine Dragons Restaurant,EPCOT,Sichuan Shui Zhu Beef,Entrées,Lunch; Dinner,"Bistro beef, white mushroom, baby corn, wide glass noodle, Sichuan chili oil broth",36.00,epcot/nine-dragons-restaurant
2026-09-04,Nine Dragons Restaurant,EPCOT,Kowloon Spare Ribs,Entrées,Lunch; Dinner,"Glazed smoked ribs, house-made spicy sweet-and-sour sauce",33.00,epcot/nine-dragons-restaurant
2026-09-04,Nine Dragons Restaurant,EPCOT,Honey Sesame Chicken,Entrées,Lunch; Dinner,"Crispy chicken, sesame, house-made honey sauce",26.00,epcot/nine-dragons-restaurant
2026-09-04,Nine Dragons Restaurant,EPCOT,Spicy Honey Crispy Chicken,Entrées,Lunch; Dinner,"Crispy chicken, dried chili pepper, house-made spicy honey sauce",26.00,epcot/nine-dragons-restaurant
2026-09-04,Nine Dragons Restaurant,EPCOT,Kung Pao Duo,Entrées,Lunch; Dinner,"Stir-fried chicken, shrimp, unsalted roasted peanut, scallion, dried chili pepper",29.00,epcot/nine-dragons-restaurant
2026-09-04,Nine Dragons Restaurant,EPCOT,Spicy Ma La Happy Family,Entrées,Lunch; Dinner,"Stir-fried beef, shrimp, chicken, broccoli, carrot, red onion, dried chili pepper",32.00,epcot/nine-dragons-restaurant
2026-09-04,Nine Dragons Restaurant,EPCOT,Vegetable Stir Fry,Entrées,Lunch; Dinner,"Seasonal vegetable, broccoli, carrot, tofu, white mushroom",25.00,epcot/nine-dragons-restaurant
2026-09-04,Nine Dragons Restaurant,EPCOT,Spicy Honey Cauliflower,Entrées,Lunch; Dinner,"Deep-fried cauliflower, green onion, dried chili, spicy honey sauce",25.00,epcot/nine-dragons-restaurant
2026-09-04,Nine Dragons Restaurant,EPCOT,Chocolate Hazelnut Crepe Cake,Desserts,Lunch; Dinner,Nine layers of light and soft crepes interlaced with delicate whipped cream,13.00,epcot/nine-dragons-restaurant
2026-09-04,Nine Dragons Restaurant,EPCOT,Ube Cheesecake,Desserts,Lunch; Dinner,"made with cream cheese and real purple sweet potato, and complimented by a crustless bottom layer of vanilla cheesecake",14.00,epcot/nine-dragons-restaurant
2026-09-04,Nine Dragons Restaurant,EPCOT,Mango Pudding,Desserts,Lunch; Dinner,Hong Kong-style mango pudding served with evaporated milk,12.00,epcot/nine-dragons-restaurant
2026-09-04,Nine Dragons Restaurant,EPCOT,Crispy Honey Chicken,Kids' Menu,Lunch; Dinner,Served with egg fried rice,12.00,epcot/nine-dragons-restaurant
2026-09-04,Nine Dragons Restaurant,EPCOT,Sweet-and-Sour Shrimp,Kids' Menu,Lunch; Dinner,Served with Lo Mein noodles,13.00,epcot/nine-dragons-restaurant
2026-09-04,Nine Dragons Restaurant,EPCOT,Kid's Deluxe,Kids' Menu,Lunch; Dinner,"Shrimp and crispy chicken, side of carrot and broccoli, served with egg fried rice",15.00,epcot/nine-dragons-restaurant
2026-09-04,Nine Dragons Restaurant,EPCOT,Dessert,Kids' Menu,Lunch; Dinner,"Choice of soft-serve ice cream (strawberry-red bean, Ube or Swirl)",6.95,epcot/nine-dragons-restaurant
2026-09-04,Nine Dragons Restaurant,EPCOT,Assorted Coca-Cola Soft Drinks,Soft Drinks,Lunch; Dinner,"Coca-Cola, Diet Coke, Coca-Cola Zero Sugar, Sprite, Lemonade",4.95,epcot/nine-dragons-restaurant
2026-09-04,Nine Dragons Restaurant,EPCOT,Raspberry Iced Tea (Sweetened),Soft Drinks,Lunch; Dinner,,4.95,epcot/nine-dragons-restaurant
2026-09-04,Nine Dragons Restaurant,EPCOT,Blackberry Jasmine Iced Tea (Unsweetened),Soft Drinks,Lunch; Dinner,,5.25,epcot/nine-dragons-restaurant
2026-09-04,Nine Dragons Restaurant,EPCOT,Assorted Fruit Juices,Soft Drinks,Lunch; Dinner,"Orange, Apple, Pineapple, Cranberry",5.25,epcot/nine-dragons-restaurant
2026-09-04,Nine Dragons Restaurant,EPCOT,Lowfat Milk,Soft Drinks,Lunch; Dinner,,4.25,epcot/nine-dragons-restaurant
2026-09-04,Nine Dragons Restaurant,EPCOT,Chocolate Milk,Soft Drinks,Lunch; Dinner,,4.25,epcot/nine-dragons-restaurant
2026-09-04,Nine Dragons Restaurant,EPCOT,Perrier Water,Soft Drinks,Lunch; Dinner,,6.25,epcot/nine-dragons-restaurant
2026-09-04,Nine Dragons Restaurant,EPCOT,Evian Water,Soft Drinks,Lunch; Dinner,,9.95,epcot/nine-dragons-restaurant
2026-09-04,Nine Dragons Restaurant,EPCOT,Hot Jasmine Tea,Soft Drinks,Lunch; Dinner,,5.95,epcot/nine-dragons-restaurant
2026-09-04,Nine Dragons Restaurant,EPCOT,Dragon Well Green Tea,Soft Drinks,Lunch; Dinner,,5.95,epcot/nine-dragons-restaurant
2026-09-04,Nine Dragons Restaurant,EPCOT,Hot Oolong Tea,Soft Drinks,Lunch; Dinner,,5.95,epcot/nine-dragons-restaurant
2026-09-04,Nine Dragons Restaurant,EPCOT,Passion Fruit Black Tea,Soft Drinks,Lunch; Dinner,,5.95,epcot/nine-dragons-restaurant
2026-09-04,Nine Dragons Restaurant,EPCOT,Hibiscus Tea,Soft Drinks,Lunch; Dinner,"Organic, caffeine-free",5.95,epcot/nine-dragons-restaurant
2026-09-04,Nine Dragons Restaurant,EPCOT,Hot Coffee,Soft Drinks,Lunch; Dinner,,4.75,epcot/nine-dragons-restaurant
2026-09-04,Nine Dragons Restaurant,EPCOT,Hot Chocolate,Soft Drinks,Lunch; Dinner,,4.50,epcot/nine-dragons-restaurant
2026-09-04,Nine Dragons Restaurant,EPCOT,Strawberry Slushy,Non-Alcoholic Specialties,Lunch; Dinner,,7.75,epcot/nine-dragons-restaurant
2026-09-04,Nine Dragons Restaurant,EPCOT,Mango Slushy,Non-Alcoholic Specialties,Lunch; Dinner,,7.75,epcot/nine-dragons-restaurant
2026-09-04,Nine Dragons Restaurant,EPCOT,Shangri-La Slushy,Non-Alcoholic Specialties,Lunch; Dinner,Strawberry and Mango Blend,8.00,epcot/nine-dragons-restaurant
2026-09-04,Nine Dragons Restaurant,EPCOT,Jade Beauty,Specialty Cocktails & Beer ,Lunch; Dinner,"Vodka, Honeydew Melon Liqueur, Pineapple Juice, Lemon-Lime Soda",16.00,epcot/nine-dragons-restaurant
2026-09-04,Nine Dragons Restaurant,EPCOT,Lychee Martini,Specialty Cocktails & Beer ,Lunch; Dinner,"Vodka, Lychee Puree, Vermouth",15.00,epcot/nine-dragons-restaurant
2026-09-04,Nine Dragons Restaurant,EPCOT,Passion Old Fashioned,Specialty Cocktails & Beer ,Lunch; Dinner,"Jack Daniel's Whiskey, Orange Bitter, Passion Fruit Puree",18.00,epcot/nine-dragons-restaurant
2026-09-04,Nine Dragons Restaurant,EPCOT,Baijiu Flo,Specialty Cocktails & Beer ,Lunch; Dinner,"BaiJiu Spirit, Peach Schnapps, Mango and Orange Juices, Sparkling Water",15.00,epcot/nine-dragons-restaurant
2026-09-04,Nine Dragons Restaurant,EPCOT,South Sea Dream,Specialty Cocktails & Beer ,Lunch; Dinner,"Citrus Vodka, Triple Sec, Guava Juice",14.00,epcot/nine-dragons-restaurant
2026-09-04,Nine Dragons Restaurant,EPCOT,Dragon Fruit Frozen,Specialty Cocktails & Beer ,Lunch; Dinner,"Dragon Fruit, Rum, Cosmo Mixer, Lemon and Pineapple Juices Slushy",16.00,epcot/nine-dragons-restaurant
2026-09-04,Nine Dragons Restaurant,EPCOT,Tsingtao Beer,Specialty Cocktails & Beer ,Lunch; Dinner,,12.00,epcot/nine-dragons-restaurant
2026-09-04,Nine Dragons Restaurant,EPCOT,Dragon Blossom Craft Draft Beer,Specialty Cocktails & Beer ,Lunch; Dinner,,11.00,epcot/nine-dragons-restaurant
2026-09-04,Nine Dragons Restaurant,EPCOT,"Chardonnay, Simi, CALIFORNIA",Whites,Lunch; Dinner,,80.00,epcot/nine-dragons-restaurant
2026-09-04,Nine Dragons Restaurant,EPCOT,"Chenin Blanc Dry Creek, CALIFORNIA",Whites,Lunch; Dinner,,54.00,epcot/nine-dragons-restaurant
2026-09-04,Nine Dragons Restaurant,EPCOT,"Pinot Grigio Riff, ITALY",Whites,Lunch; Dinner,,49.00,epcot/nine-dragons-restaurant
2026-09-04,Nine Dragons Restaurant,EPCOT,"Riesling Pacific Rim, WASHINGTON ST.",Whites,Lunch; Dinner,,49.00,epcot/nine-dragons-restaurant
2026-09-04,Nine Dragons Restaurant,EPCOT,"Sauvignon Blanc Brancott, NEW ZEALAND",Whites,Lunch; Dinner,,56.00,epcot/nine-dragons-restaurant
2026-09-04,Nine Dragons Restaurant,EPCOT,"Centine, Banfi, Italy",Rosé,Lunch; Dinner,,46.00,epcot/nine-dragons-restaurant
2026-09-04,Nine Dragons Restaurant,EPCOT,"Cabernet Sauvignon Borne of Fire, WASHINGTON ST.",Reds,Lunch; Dinner,,75.00,epcot/nine-dragons-restaurant
2026-09-04,Nine Dragons Restaurant,EPCOT,"Merlot Decoy, CALIFORNIA",Reds,Lunch; Dinner,,56.00,epcot/nine-dragons-restaurant
2026-09-04,Nine Dragons Restaurant,EPCOT,"Pinot Noir Castle Rock, CALIFORNIA",Reds,Lunch; Dinner,,49.00,epcot/nine-dragons-restaurant
2026-09-04,Nine Dragons Restaurant,EPCOT,"Red Blend Conundrum, California",Reds,Lunch; Dinner,,56.00,epcot/nine-dragons-restaurant
2026-09-04,Nine Dragons Restaurant,EPCOT,"Malbec Terrazas, “Altos del Plata”, ARGENTINA",Reds,Lunch; Dinner,,54.00,epcot/nine-dragons-restaurant
2026-09-04,Nine Dragons Restaurant,EPCOT,"Prosecco Benvolio, ITALY (187ml)",Sparkling,Lunch; Dinner,,15.00,epcot/nine-dragons-restaurant
2026-09-04,Nine Dragons Restaurant,EPCOT,"Cuvée Mumm Napa, “M”, CALIFORNIA",Sparkling,Lunch; Dinner,,86.00,epcot/nine-dragons-restaurant
2026-09-04,Nine Dragons Restaurant,EPCOT,"Moscato Roscato, ITALY",Sweet,Lunch; Dinner,,53.00,epcot/nine-dragons-restaurant
2026-09-04,Nine Dragons Restaurant,EPCOT,"Plum Takara, CALIFORNIA",Sweet,Lunch; Dinner,,49.00,epcot/nine-dragons-restaurant
2026-09-04,Canada Popcorn Cart,EPCOT,Northern Ruby,Food & Wine Festival Alcoholic Beverage Offerings,Snack,"Rhubarb Liqueur, Vodka, Strawberry, Ginger, and Lime",17.50,epcot/popcorn-at-canada-pavilion
2026-09-04,Canada Popcorn Cart,EPCOT,Maple Popcorn in a Souvenir Bucket,Snacks,Snack,(Plant-based),15.29,epcot/popcorn-at-canada-pavilion
2026-09-04,Canada Popcorn Cart,EPCOT,Maple Popcorn Bucket Refill,Snacks,Snack,valid for length of stay,2.79,epcot/popcorn-at-canada-pavilion
2026-09-04,Canada Popcorn Cart,EPCOT,Maple Popcorn,Snacks,Snack,,6.99,epcot/popcorn-at-canada-pavilion
2026-09-04,Canada Popcorn Cart,EPCOT,Assorted Beverages,Beverages,Snack,Assorted Coca-Cola® Offerings,5.50,epcot/popcorn-at-canada-pavilion
2026-09-04,Canada Popcorn Cart,EPCOT,POWERADE®,Beverages,Snack,,5.50,epcot/popcorn-at-canada-pavilion
2026-09-04,Canada Popcorn Cart,EPCOT,DASANI® Bottled Water,Beverages,Snack,,4.25,epcot/popcorn-at-canada-pavilion
2026-09-04,Canada Popcorn Cart,EPCOT,Northern Ruby,Alcoholic Beverages,Snack,"Rhubarb Liqueur, Vodka, Strawberry, Ginger, and Lime",17.50,epcot/popcorn-at-canada-pavilion
2026-09-04,Canada Popcorn Cart,EPCOT,Moosehead Lager Draft,Alcoholic Beverages,Snack,,11.00,epcot/popcorn-at-canada-pavilion
2026-09-04,Canada Popcorn Cart,EPCOT,Collective Arts Brewing Hazy State IPA,Alcoholic Beverages,Snack,,13.25,epcot/popcorn-at-canada-pavilion
2026-09-04,Canada Popcorn Cart,EPCOT,Ottawa Apple,Alcoholic Beverages,Snack,"Canadian Whisky, Maple, Apple Infusion, and Cranberry Juice",16.50,epcot/popcorn-at-canada-pavilion
2026-09-04,Rose & Crown Dining Room,EPCOT,Coronation Salad,Appetizers,Dinner,"Land Greens, Apple Chutney, Radish, and Bhaji Onion topped with Madras Curry Vinaigrette",13.00,epcot/rose-and-crown-dining-room
2026-09-04,Rose & Crown Dining Room,EPCOT,Scotch Egg,Appetizers,Dinner,Crispy Hen Egg wrapped in an English Sausage with Mustard Sauce,16.00,epcot/rose-and-crown-dining-room
2026-09-04,Rose & Crown Dining Room,EPCOT,Fish and Chips,Entrées,Dinner,Beer-battered Fish with Thick-Cut Fries served with House-made Tartar Sauce and Lemon,32.00,epcot/rose-and-crown-dining-room
2026-09-04,Rose & Crown Dining Room,EPCOT,Bangers and Mash,Entrées,Dinner,"Traditional English Sausage with Colcannon Potatoes, Mushrooms, Caramelized Onions, and Guiness Stout Jus",29.00,epcot/rose-and-crown-dining-room
2026-09-04,Rose & Crown Dining Room,EPCOT,Cottage Pie,Entrées,Dinner,"Braised Beef, Root Vegetables, English Peas, Jus, and Mashed Potatoes with Irish Cheddar",30.00,epcot/rose-and-crown-dining-room
2026-09-04,Rose & Crown Dining Room,EPCOT,Tikka Masala,Entrées,Dinner,"Slow-braised Vegetables, Tomatoes, and Spiced Curry served with Basmati Rice and Hand-made Naan",25.00,epcot/rose-and-crown-dining-room
2026-09-04,Rose & Crown Dining Room,EPCOT,Sticky Toffee Pudding,Desserts,Dinner,English Custard and Toffee Sauce topped with Hand-made Whipped Cream,10.00,epcot/rose-and-crown-dining-room
2026-09-04,Rose & Crown Dining Room,EPCOT,Eton Mess,Desserts,Dinner,"with Strawberries, Whipped Cream, and Meringue",9.00,epcot/rose-and-crown-dining-room
2026-09-04,Rose & Crown Dining Room,EPCOT,Grilled Chicken,Kids' Entrees (choose one)/Child Ages 3-9,Dinner,"Served with Brown Rice, Roasted Carrots and choice of Small Lowfat Milk, Small DASANI® Bottled Water, or Small Minute Maid® Apple Juice",15.50,epcot/rose-and-crown-dining-room
2026-09-04,Rose & Crown Dining Room,EPCOT,Fish and Chips,Kids' Entrees (choose one)/Child Ages 3-9,Dinner,"Served with choice of Small Lowfat Milk, Small DASANI® Bottled Water, or Small Minute Maid® Apple Juice",15.50,epcot/rose-and-crown-dining-room
2026-09-04,Rose & Crown Dining Room,EPCOT,Specialty Character Drink,Non-Alcoholic Specialty Beverage,Dinner,Minute Maid® Zero Sugar Lemonade with flavors of Cotton Candy served in a souvenir Character Cup,7.00,epcot/rose-and-crown-dining-room
2026-09-04,Rose & Crown Dining Room,EPCOT,Assorted Fountain Beverages,Non-Alcoholic Beverages,Dinner,"Coca-Cola®, Diet Coke®, Coca-Cola® Zero Sugar, Sprite®, Fanta® Orange, Minute Maid® Zero Sugar Lemonade",4.99,epcot/rose-and-crown-dining-room
2026-09-04,Rose & Crown Dining Room,EPCOT,Iced Tea,Non-Alcoholic Beverages,Dinner,,4.99,epcot/rose-and-crown-dining-room
2026-09-04,Rose & Crown Dining Room,EPCOT,Freshly Brewed Joffrey’s Coffee™,Non-Alcoholic Beverages,Dinner,,4.49,epcot/rose-and-crown-dining-room
2026-09-04,Rose & Crown Dining Room,EPCOT,Twinings® Hot Tea,Non-Alcoholic Beverages,Dinner,,4.49,epcot/rose-and-crown-dining-room
2026-09-04,Rose & Crown Dining Room,EPCOT,Indigo Hibiscus,Specialty Cocktails,Dinner,"Empress 1908 Gin, Bols Blue Curaçao Liqueur, Minute Maid® Premium Lemonade, Orgeat (Almond), Lemon, and Hibiscus Grenadine",17.50,epcot/rose-and-crown-dining-room
2026-09-04,Rose & Crown Dining Room,EPCOT,Pimm's Cup,Specialty Cocktails,Dinner,"Pimm's No. 1 and Sprite® topped with Mint, Strawberry, and Cucumber",15.50,epcot/rose-and-crown-dining-room
2026-09-04,Rose & Crown Dining Room,EPCOT,Welsh Dragon,Specialty Cocktails,Dinner,"Peach Schnapps Liqueur, Melon Liqueur, Crème de Menthe Liqueur, Orange Juice, and Pineapple Juice",14.50,epcot/rose-and-crown-dining-room
2026-09-04,Rose & Crown Dining Room,EPCOT,Leaping Leprechaun,Specialty Cocktails,Dinner,"Jameson Irish Whiskey, Don Q Cristal Rum, SVEDKA Vodka, Melon Liqueur, and Sweet-and-Sour topped with Sprite®",16.50,epcot/rose-and-crown-dining-room
2026-09-04,Rose & Crown Dining Room,EPCOT,Cider and Fireball,Specialty Cocktails,Dinner,"Tullamore Dew Irish Whiskey, Fireball Cinnamon Whisky, and Strongbow Cider topped with Ginger Ale",16.50,epcot/rose-and-crown-dining-room
2026-09-04,Rose & Crown Dining Room,EPCOT,English Rose,Specialty Cocktails,Dinner,"New Amsterdam Gin, Bols Apricot Brandy Minute Maid® Orange Juice, Cranberry Juice, and DOLE® Pineapple Juice",15.50,epcot/rose-and-crown-dining-room
2026-09-04,Rose & Crown Dining Room,EPCOT,Single Malt Flight,Flights,Dinner,"Glenkinchie, Oban, Lagavulin",24.50,epcot/rose-and-crown-dining-room
2026-09-04,Rose & Crown Dining Room,EPCOT,Johnnie Walker Flight,Flights,Dinner,"Black, Gold, 18 yr",23.00,epcot/rose-and-crown-dining-room
2026-09-04,Rose & Crown Dining Room,EPCOT,The Macallan Flight,Flights,Dinner,"12 yr, 15 yr, and 18 yr",30.00,epcot/rose-and-crown-dining-room
2026-09-04,Rose & Crown Dining Room,EPCOT,Irish Whiskey Flight,Flights,Dinner,"Tullamore D.E.W., Jameson, Bushmills",21.00,epcot/rose-and-crown-dining-room
2026-09-04,Rose & Crown Dining Room,EPCOT,Oban 14 yr,Scotch Whisky (2-oz pour),Dinner,,27.00,epcot/rose-and-crown-dining-room
2026-09-04,Rose & Crown Dining Room,EPCOT,The Macallan 12 yr,Scotch Whisky (2-oz pour),Dinner,,21.25,epcot/rose-and-crown-dining-room
2026-09-04,Rose & Crown Dining Room,EPCOT,Lagavulin 16 yr,Scotch Whisky (2-oz pour),Dinner,,26.00,epcot/rose-and-crown-dining-room
2026-09-04,Rose & Crown Dining Room,EPCOT,Glenkinchie 12 yr,Scotch Whisky (2-oz pour),Dinner,,20.25,epcot/rose-and-crown-dining-room
2026-09-04,Rose & Crown Dining Room,EPCOT,The Macallan 18 yr,Scotch Whisky (2-oz pour),Dinner,,45.50,epcot/rose-and-crown-dining-room
2026-09-04,Rose & Crown Dining Room,EPCOT,Johnnie Walker Blue,Scotch Whisky (2-oz pour),Dinner,,45.50,epcot/rose-and-crown-dining-room
2026-09-04,Rose & Crown Dining Room,EPCOT,Courvoisier VS,Cognacs (2-oz Pour),Dinner,,16.50,epcot/rose-and-crown-dining-room
2026-09-04,Rose & Crown Dining Room,EPCOT,Strongbow Hard Cider,Beer & Hard Cider,Dinner,"A refreshingly dry, hard apple cider",12.00,epcot/rose-and-crown-dining-room
2026-09-04,Rose & Crown Dining Room,EPCOT,Old Speckled Hen English Pale Ale,Beer & Hard Cider,Dinner,"A distinctive rich malty taste bursting with toffee character, fruity aroma, and deliciously smooth",12.00,epcot/rose-and-crown-dining-room
2026-09-04,Rose & Crown Dining Room,EPCOT,Guinness Stout,Beer & Hard Cider,Dinner,"Deep, rich-flavored stout with a creamy top",12.00,epcot/rose-and-crown-dining-room
2026-09-04,Rose & Crown Dining Room,EPCOT,Harp Lager,Beer & Hard Cider,Dinner,A smooth and solid classic lager,12.00,epcot/rose-and-crown-dining-room
2026-09-04,Rose & Crown Dining Room,EPCOT,Sullivan's Maltings Irish Ale,Beer & Hard Cider,Dinner,A classic ruby ale with deep malt combining rich biscuit and gentle caramel notes,12.00,epcot/rose-and-crown-dining-room
2026-09-04,Rose & Crown Dining Room,EPCOT,BrewDog Punk IPA,Beer & Hard Cider,Dinner,A post-modern classic subverted with new world hops for a burst of flavor,12.00,epcot/rose-and-crown-dining-room
2026-09-04,Rose & Crown Dining Room,EPCOT,Imperial Sampler,Beer & Hard Cider,Dinner,"Sullivans Maltings Irish Ale, Harp Lager, Old Speckled Hen English Pale Ale, and Guinness Stout",16.25,epcot/rose-and-crown-dining-room
2026-09-04,Rose & Crown Dining Room,EPCOT,"Maschio Prosecco, Veneto",Wine List,Dinner,"clean and delicate, with peach and orange blossom flavors. Glass 12 | Bottle 49",52.00,epcot/rose-and-crown-dining-room
2026-09-04,Rose & Crown Dining Room,EPCOT,"Dr. Loosen, Dr. L. Riesling, Mosel",Wine List,Dinner,"crisp flavors of white peaches and green apples, bright and refreshing clean finish. Glass 13 | Bottle 56",56.00,epcot/rose-and-crown-dining-room
2026-09-04,Rose & Crown Dining Room,EPCOT,"Kim Crawford Sauvignon Blanc, Marlborough",Wine List,Dinner,hints of pineapple and mango with intense citrus notes of lemon and grapefruit. Glass 18 | Bottle 75,74.00,epcot/rose-and-crown-dining-room
2026-09-04,Rose & Crown Dining Room,EPCOT,"Mirassou Pinot Noir, California",Wine List,Dinner,"with notes of ripe red and black cherry, its lush layers of fresh raspberry, strawberry jam, and pomegranate are balanced with hints of oak and vanilla. Glass 12 | Bottle 49",56.00,epcot/rose-and-crown-dining-room
2026-09-04,Rose & Crown Dining Room,EPCOT,"Simi Cabernet Sauvignon, Sonoma County",Wine List,Dinner,"black cherry and cassis notes accented with spicy oak, rich and complex, long black fruit finish. Glass 18 | Bottle 75",79.00,epcot/rose-and-crown-dining-room
2026-09-04,Rose & Crown Dining Room,EPCOT,"Opici Family Red Sangria, Spain",Wine List,Dinner,"made in La Mancha, Spain from Tempranillo grapes and has flavors of raspberry, apple, and blackberry with succulent aromas of natural Valencia oranges and cinnamon",14.00,epcot/rose-and-crown-dining-room
2026-09-04,Rose & Crown Dining Room,EPCOT,Scotch Egg,Allergy-Friendly Appetizers,Dinner,"Crispy Hen Egg wrapped in an English Sausage with Mustard Sauce (For Milk, Peanut/Tree Nut, Sesame, Shellfish, Soy Allergies)",16.00,epcot/rose-and-crown-dining-room
2026-09-04,Rose & Crown Dining Room,EPCOT,Coronation Salad,Allergy-Friendly Appetizers,Dinner,"Land Greens, Apple Chutney, Radish, and Bhaji Onion topped with Madras Curry Vinaigrette (For Gluten/Wheat, Egg, Fish/Shellfish, Milk, Peanut/Tree Nut, Sesame, Soy Allergies)",13.00,epcot/rose-and-crown-dining-room
2026-09-04,Rose & Crown Dining Room,EPCOT,Bangers and Mash,Allergy-Friendly Entrées,Dinner,"Traditional English Sausage with Colcannon Potatoes, Mushrooms, Caramelized Onions, and Guiness Stout Jus (For Egg, Fish/Shellfish, Peanut/Tree Nut Allergies)",29.00,epcot/rose-and-crown-dining-room
2026-09-04,Rose & Crown Dining Room,EPCOT,Fish and Chips,Allergy-Friendly Entrées,Dinner,"Beer-battered Fish with Thick-cut Fries served with House-made Tartar Sauce and Lemon (For Milk, Peanut/Tree Nut, Sesame, Shellfish, Soy Allergies)",32.00,epcot/rose-and-crown-dining-room
2026-09-04,Rose & Crown Dining Room,EPCOT,Tikka Masala,Allergy-Friendly Entrées,Dinner,"Slow-braised Vegetables, Tomatoes, and Spiced Curry served with Basmati Rice and Hand-made Naan (For Egg, Fish/Shellfish, Milk, Peanut, Sesame, Soy Allergies)",25.00,epcot/rose-and-crown-dining-room
2026-09-04,Rose & Crown Dining Room,EPCOT,Cottage Pie,Allergy-Friendly Entrées,Dinner,"Braised Beef, Root Vegetables, English Peas, Jus, and Mashed Potatoes with Irish Cheddar (For Gluten/Wheat, Egg, Fish/Shellfish, Peanut/Tree Nut, Sesame Allergies)",30.00,epcot/rose-and-crown-dining-room
2026-09-04,Rose & Crown Dining Room,EPCOT,Sticky Toffee Pudding,Allergy-Friendly Desserts,Dinner,"English Custard and Toffee Sauce topped with Hand-made Whipped Cream (For Fish/Shellfish, Peanut, Sesame, Soy Allergies)",10.00,epcot/rose-and-crown-dining-room
2026-09-04,Rose & Crown Dining Room,EPCOT,Eton Mess,Allergy-Friendly Desserts,Dinner,"with Strawberries, Whipped Cream, and Meringue (For Gluten/Wheat, Egg, Fish/Shellfish, Milk, Peanut/Tree Nut, Sesame Allergies)",9.00,epcot/rose-and-crown-dining-room
2026-09-04,Rose & Crown Dining Room,EPCOT,Grilled Chicken,Kids' Allergy-Friendly Entrées (choose one)/Child Ages 3-9,Dinner,"Served with Brown Rice, Roasted Carrots, and choice of Small Lowfat Milk, Small DASANI® Bottled Water, or Small Minute Maid® Apple Juice (For Gluten/Wheat, Egg, Fish/Shellfish, Milk, Peanut/Tree Nut, Sesame, and Soy Allergies)",15.50,epcot/rose-and-crown-dining-room
2026-09-04,Rose & Crown Dining Room,EPCOT,Fish and Chips,Kids' Allergy-Friendly Entrées (choose one)/Child Ages 3-9,Dinner,"Served with choice of Small Lowfat Milk, Small DASANI® Bottled Water, or Small Minute Maid® Apple Juice (For Milk, Soy, Peanut/Tree Nut, Sesame, and Shellfish Allergies)",15.50,epcot/rose-and-crown-dining-room
2026-09-04,Rose & Crown Pub,EPCOT,Indigo Hibiscus,Specialty Cocktails,Bar – Lounge,"Empress 1908 Gin, Bols Blue Curaçao Liqueur, Minute Maid® Premium Lemonade, Orgeat (Almond), Lemon, and Hibiscus Grenadine",17.50,epcot/rose-and-crown-pub
2026-09-04,Rose & Crown Pub,EPCOT,Pimm's Cup,Specialty Cocktails,Bar – Lounge,"Pimm's No. 1 and Sprite® topped with Mint, Strawberry, and Cucumber",15.50,epcot/rose-and-crown-pub
2026-09-04,Rose & Crown Pub,EPCOT,Welsh Dragon,Specialty Cocktails,Bar – Lounge,"Peach Schnapps Liqueur, Melon Liqueur, Crème de Menthe Liqueur, Orange Juice, and Pineapple Juice",14.50,epcot/rose-and-crown-pub
2026-09-04,Rose & Crown Pub,EPCOT,Leaping Leprechaun,Specialty Cocktails,Bar – Lounge,"Jameson Irish Whiskey, Don Q Cristal Rum, SVEDKA Vodka, Melon Liqueur, and Sweet-and-Sour topped with Sprite®",16.50,epcot/rose-and-crown-pub
2026-09-04,Rose & Crown Pub,EPCOT,Cider and Fireball,Specialty Cocktails,Bar – Lounge,"Tullamore Dew Irish Whiskey, Fireball Cinnamon Whisky, and Strongbow Cider topped with Ginger Ale",16.50,epcot/rose-and-crown-pub
2026-09-04,Rose & Crown Pub,EPCOT,English Rose,Specialty Cocktails,Bar – Lounge,"New Amsterdam Gin, Bols Apricot Brandy Minute Maid® Orange Juice, Cranberry Juice, and DOLE® Pineapple Juice",15.50,epcot/rose-and-crown-pub
2026-09-04,Rose & Crown Pub,EPCOT,Single Malt Flight,Flights,Bar – Lounge,"Glenkinchie, Oban, Lagavulin",24.50,epcot/rose-and-crown-pub
2026-09-04,Rose & Crown Pub,EPCOT,Johnnie Walker Flight,Flights,Bar – Lounge,"Black, Gold, 18 yr",23.00,epcot/rose-and-crown-pub
2026-09-04,Rose & Crown Pub,EPCOT,The Macallan Flight,Flights,Bar – Lounge,"12 yr, 15 yr, and 18 yr",30.00,epcot/rose-and-crown-pub
2026-09-04,Rose & Crown Pub,EPCOT,Irish Whiskey Flight,Flights,Bar – Lounge,"Tullamore D.E.W., Jameson, Bushmills",21.00,epcot/rose-and-crown-pub
2026-09-04,Rose & Crown Pub,EPCOT,Oban 14 yr,Scotch Whisky (2-oz pour),Bar – Lounge,,27.00,epcot/rose-and-crown-pub
2026-09-04,Rose & Crown Pub,EPCOT,The Macallan 12 yr,Scotch Whisky (2-oz pour),Bar – Lounge,,21.25,epcot/rose-and-crown-pub
2026-09-04,Rose & Crown Pub,EPCOT,Lagavulin 16 yr,Scotch Whisky (2-oz pour),Bar – Lounge,,26.00,epcot/rose-and-crown-pub
2026-09-04,Rose & Crown Pub,EPCOT,Glenkinchie 12 yr,Scotch Whisky (2-oz pour),Bar – Lounge,,20.25,epcot/rose-and-crown-pub
2026-09-04,Rose & Crown Pub,EPCOT,The Macallan 18 yr,Scotch Whisky (2-oz pour),Bar – Lounge,,45.50,epcot/rose-and-crown-pub
2026-09-04,Rose & Crown Pub,EPCOT,Johnnie Walker Blue,Scotch Whisky (2-oz pour),Bar – Lounge,,45.50,epcot/rose-and-crown-pub
2026-09-04,Rose & Crown Pub,EPCOT,Shandy Imperial Pint,Pub Blends,Bar – Lounge,Half Harp Lager and Half Sprite®,12.00,epcot/rose-and-crown-pub
2026-09-04,Rose & Crown Pub,EPCOT,Cider & Blackcurrant Imperial Pint,Pub Blends,Bar – Lounge,Cider with a shot of Blackcurrant Juice,12.00,epcot/rose-and-crown-pub
2026-09-04,Rose & Crown Pub,EPCOT,Snake Bite Imperial Pint,Pub Blends,Bar – Lounge,Half Cider and Half Harp Lager,12.00,epcot/rose-and-crown-pub
2026-09-04,Rose & Crown Pub,EPCOT,Half & Half Imperial Pint,Pub Blends,Bar – Lounge,Half Harp Lager and Half Guinness Stout,12.00,epcot/rose-and-crown-pub
2026-09-04,Rose & Crown Pub,EPCOT,Black Velvet Imperial Pint,Pub Blends,Bar – Lounge,Half Cider and Half Guinness Stout,12.00,epcot/rose-and-crown-pub
2026-09-04,Rose & Crown Pub,EPCOT,Irish Hen Imperial Pint,Pub Blends,Bar – Lounge,Half Old Speckled Hen English Pale Ale and Half Guinness Stout,12.00,epcot/rose-and-crown-pub
2026-09-04,Rose & Crown Pub,EPCOT,Golden Fox Imperial Pint,Pub Blends,Bar – Lounge,Half Old Speckled Hen English Pub Ale and Half Bombardier Amber,12.00,epcot/rose-and-crown-pub
2026-09-04,Rose & Crown Pub,EPCOT,The Black Malt,Pub Blends,Bar – Lounge,Half Sullivan's Maltings Irish Ale and Half Guinness Stout,12.00,epcot/rose-and-crown-pub
2026-09-04,Rose & Crown Pub,EPCOT,Strongbow Hard Cider,Beer & Hard Cider,Bar – Lounge,"A refreshingly dry, hard apple cider",12.00,epcot/rose-and-crown-pub
2026-09-04,Rose & Crown Pub,EPCOT,Old Speckled Hen English Pale Ale,Beer & Hard Cider,Bar – Lounge,"A distinctive rich malty taste bursting with toffee character, fruity aroma, and deliciously smooth",12.00,epcot/rose-and-crown-pub
2026-09-04,Rose & Crown Pub,EPCOT,Guinness Stout,Beer & Hard Cider,Bar – Lounge,"Deep, rich-flavored stout with a creamy top",12.00,epcot/rose-and-crown-pub
2026-09-04,Rose & Crown Pub,EPCOT,Harp Lager,Beer & Hard Cider,Bar – Lounge,A smooth and solid classic lager,12.00,epcot/rose-and-crown-pub
2026-09-04,Rose & Crown Pub,EPCOT,Sullivan's Maltings Irish Ale,Beer & Hard Cider,Bar – Lounge,A classic ruby ale with deep malt combining rich biscuit and gentle caramel notes,12.00,epcot/rose-and-crown-pub
2026-09-04,Rose & Crown Pub,EPCOT,BrewDog Punk IPA,Beer & Hard Cider,Bar – Lounge,A post-modern classic subverted with new world hops for a burst of flavor,12.00,epcot/rose-and-crown-pub
2026-09-04,Rose & Crown Pub,EPCOT,Imperial Sampler,Beer & Hard Cider,Bar – Lounge,"Sullivans Maltings Irish Ale, Harp Lager, Old Speckled Hen English Pale Ale, and Guinness Stout",16.25,epcot/rose-and-crown-pub
2026-09-04,Rose & Crown Pub,EPCOT,"Maschio Prosecco, Veneto",Wine List,Bar – Lounge,"clean and delicate, with peach and orange blossom flavors. Glass 12 | Bottle 49",52.00,epcot/rose-and-crown-pub
2026-09-04,Rose & Crown Pub,EPCOT,"Dr. Loosen, Dr. L. Riesling, Mosel",Wine List,Bar – Lounge,"crisp flavors of white peaches and green apples, bright and refreshing clean finish. Glass 13 | Bottle 56",56.00,epcot/rose-and-crown-pub
2026-09-04,Rose & Crown Pub,EPCOT,"Kim Crawford Sauvignon Blanc, Marlborough",Wine List,Bar – Lounge,hints of pineapple and mango with intense citrus notes of lemon and grapefruit. Glass 18 | Bottle 75,74.00,epcot/rose-and-crown-pub
2026-09-04,Rose & Crown Pub,EPCOT,"Mirassou Pinot Noir, California",Wine List,Bar – Lounge,"with notes of ripe red and black cherry, its lush layers of fresh raspberry, strawberry jam, and pomegranate are balanced with hints of oak and vanilla. Glass 12 | Bottle 49",56.00,epcot/rose-and-crown-pub
2026-09-04,Rose & Crown Pub,EPCOT,"Simi Cabernet Sauvignon, Sonoma County",Wine List,Bar – Lounge,"black cherry and cassis notes accented with spicy oak, rich and complex, long black fruit finish. Glass 18 | Bottle 75",79.00,epcot/rose-and-crown-pub
2026-09-04,Rose & Crown Pub,EPCOT,"Opici Family Red Sangria, Spain",Wine List,Bar – Lounge,"made in La Mancha, Spain from Tempranillo grapes and has flavors of raspberry, apple, and blackberry with succulent aromas of natural Valencia oranges and cinnamon",14.00,epcot/rose-and-crown-pub
2026-09-04,Rose & Crown Pub,EPCOT,Assorted Fountain Beverages,Non-Alcoholic Beverages,Bar – Lounge,"Coca-Cola®, Diet Coke®, Coca-Cola® Zero Sugar, Sprite®, Fanta® Orange, Minute Maid® Zero Sugar Lemonade",4.99,epcot/rose-and-crown-pub
2026-09-04,Rose & Crown Pub,EPCOT,Iced Tea,Non-Alcoholic Beverages,Bar – Lounge,,4.99,epcot/rose-and-crown-pub
2026-09-04,Rose & Crown Pub,EPCOT,Freshly Brewed Joffrey’s Coffee™,Non-Alcoholic Beverages,Bar – Lounge,,4.49,epcot/rose-and-crown-pub
2026-09-04,Rose & Crown Pub,EPCOT,Twinings® Hot Tea,Non-Alcoholic Beverages,Bar – Lounge,,4.49,epcot/rose-and-crown-pub
2026-09-04,San Angel Inn Restaurante,EPCOT,Sopa Azteca,Soups and Appetizers,Lunch; Dinner,"Traditional tortilla soup served with fried corn tortilla strips, avocado, cheese, and chile pasilla",13.00,epcot/san-angel-inn-restaurante
2026-09-04,San Angel Inn Restaurante,EPCOT,Costillas de Elote,Soups and Appetizers,Lunch; Dinner,"Corn ribs with queso fresco, chipotle aioli, and chili lime powder",15.00,epcot/san-angel-inn-restaurante
2026-09-04,San Angel Inn Restaurante,EPCOT,Guacamole,Soups and Appetizers,Lunch; Dinner,Topped with mango and toasted pumpkin seeds served with chicharrónes and salsa valentina,16.00,epcot/san-angel-inn-restaurante
2026-09-04,San Angel Inn Restaurante,EPCOT,Gordita,Soups and Appetizers,Lunch; Dinner,"Thick corn masa pocket filled with chorizo and potato, topped with queso fresco, crema Mexicana, pea tendrils, and ranchera salsa",16.00,epcot/san-angel-inn-restaurante
2026-09-04,San Angel Inn Restaurante,EPCOT,Queso Fundido,Soups and Appetizers,Lunch; Dinner,"Melted Monterey Jack Cheese topped with chorizo, poblano peppers and onions served with flour tortillas",16.00,epcot/san-angel-inn-restaurante
2026-09-04,San Angel Inn Restaurante,EPCOT,Tostadas de Pollo,Soups and Appetizers,Lunch; Dinner,"Crispy corn tortillas topped with beans, chipotle chicken, cilantro, queso fresco and crema Mexicana",16.00,epcot/san-angel-inn-restaurante
2026-09-04,San Angel Inn Restaurante,EPCOT,Totopos,Soups and Appetizers,Lunch; Dinner,Corn chips with sides of white cheddar cheese and salsa,10.00,epcot/san-angel-inn-restaurante
2026-09-04,San Angel Inn Restaurante,EPCOT,Pollo a Las Rajas,Entrées,Lunch; Dinner,"Grilled chicken breast over roasted potatoes with onions, poblano peppers, corn and a poblano cream sauce, topped with queso fresco",33.00,epcot/san-angel-inn-restaurante
2026-09-04,San Angel Inn Restaurante,EPCOT,Huarache Vegetariano,Entrées,Lunch; Dinner,"Fried corn masa topped with beans, grilled queso fresco, nopales and pea tendrils served with a side of roasted vegetables and salsa verde | Add Chicken or shaved Ribeye +8",22.00,epcot/san-angel-inn-restaurante
2026-09-04,San Angel Inn Restaurante,EPCOT,Ensalada César,Entrées,Lunch; Dinner,Chopped romaine lettuce served with Caesar dressing and topped with shaved parmesan and crispy Monterey Jack Cheese. | Add chicken 10.00 or shrimp 12.00,20.00,epcot/san-angel-inn-restaurante
2026-09-04,San Angel Inn Restaurante,EPCOT,Enchiladas de Pollo,Entrées,Lunch; Dinner,"Corn tortillas filled with chipotle chicken covered with your choice of ranchera salsa or mole negro [contains nuts], crema Mexicana, cotija cheese and crispy onion straws atop beans. Served with plantains topped with crema Mexicana and cotija cheese",32.00,epcot/san-angel-inn-restaurante
2026-09-04,San Angel Inn Restaurante,EPCOT,Baja Tacos de Pescado,Entrées,Lunch; Dinner,"Fried white fish, shredded cabbage, chipotle-lime aioli and pineapple relish in flour tortillas.",33.00,epcot/san-angel-inn-restaurante
2026-09-04,San Angel Inn Restaurante,EPCOT,Carne Asada**,Entrées,Lunch; Dinner,"New York strip with chipotle butter served with cheese enchiladas, esquites, roasted vegetables, and corn ribs. | Add shrimp +12 | (**not included in the Disney Dining Plan)",54.00,epcot/san-angel-inn-restaurante
2026-09-04,San Angel Inn Restaurante,EPCOT,Pescado A La Veracruzana,Entrées,Lunch; Dinner,"Catch of the day atop a corn rice medley with a cilantro lime vinaigrette made with capers, olives, bell peppers, Spanish onions, and tomatoes.",39.00,epcot/san-angel-inn-restaurante
2026-09-04,San Angel Inn Restaurante,EPCOT,Osso Buco Con Mole Negro,Entrées,Lunch; Dinner,Slow braised pork shank over rice with mole negro. Served with plantains topped with crema Mexicana and cotija cheese (contains nuts).,39.00,epcot/san-angel-inn-restaurante
2026-09-04,San Angel Inn Restaurante,EPCOT,Pan de Elote Tres Leches,Desserts,Lunch; Dinner,Milk-soaked sponge cake topped with sweet corn ice cream and toasted almonds,12.00,epcot/san-angel-inn-restaurante
2026-09-04,San Angel Inn Restaurante,EPCOT,Flan,Desserts,Lunch; Dinner,"Vanilla flan with toasted almonds, berries, and whipped cream",12.00,epcot/san-angel-inn-restaurante
2026-09-04,San Angel Inn Restaurante,EPCOT,Nieve,Desserts,Lunch; Dinner,Seasonal Mexican flavored sorbet,10.00,epcot/san-angel-inn-restaurante
2026-09-04,San Angel Inn Restaurante,EPCOT,Brownie Sundae,Desserts,Lunch; Dinner,Fudge brownie served with dulce de leche ice cream and topped with cajeta sauce,12.00,epcot/san-angel-inn-restaurante
2026-09-04,San Angel Inn Restaurante,EPCOT,Helado de Palomitas,Desserts,Lunch; Dinner,Sweet corn ice cream with popcorn and chile powder,10.00,epcot/san-angel-inn-restaurante
2026-09-04,San Angel Inn Restaurante,EPCOT,Celebration Cake,Desserts,Lunch; Dinner,Chocolate or Vanilla,39.00,epcot/san-angel-inn-restaurante
2026-09-04,San Angel Inn Restaurante,EPCOT,Jr Garden Salad,Kids' Appetizers (Á la carte),Lunch; Dinner,Chopped romaine lettuce and tomato topped with queso fresco and choice of dressing,4.00,epcot/san-angel-inn-restaurante
2026-09-04,San Angel Inn Restaurante,EPCOT,Fruit,Kids' Appetizers (Á la carte),Lunch; Dinner,Chef's Selection,3.50,epcot/san-angel-inn-restaurante
2026-09-04,San Angel Inn Restaurante,EPCOT,Beef Tacos,Kids’ Create-Your-Own Entrées (choose one),Lunch; Dinner,Two flour tortillas filled with shaved ribeye,16.00,epcot/san-angel-inn-restaurante
2026-09-04,San Angel Inn Restaurante,EPCOT,Chicken Tacos,Kids’ Create-Your-Own Entrées (choose one),Lunch; Dinner,Two flour tortillas filled with grilled chicken,13.50,epcot/san-angel-inn-restaurante
2026-09-04,San Angel Inn Restaurante,EPCOT,Quesadillas,Kids’ Create-Your-Own Entrées (choose one),Lunch; Dinner,Two flour tortillas filled with Monterey Jack and grilled golden brown,12.00,epcot/san-angel-inn-restaurante
2026-09-04,San Angel Inn Restaurante,EPCOT,Grilled Chicken Breast,Kids’ Create-Your-Own Entrées (choose one),Lunch; Dinner,,12.25,epcot/san-angel-inn-restaurante
2026-09-04,San Angel Inn Restaurante,EPCOT,Chicken Tenders,Kids’ Create-Your-Own Entrées (choose one),Lunch; Dinner,Breaded and fried chicken tenderloins,13.00,epcot/san-angel-inn-restaurante
2026-09-04,San Angel Inn Restaurante,EPCOT,Macaroni & Cheese,Kids’ Create-Your-Own Entrées (choose one),Lunch; Dinner,Cavatappi pasta in a rich white cheddar sauce,13.00,epcot/san-angel-inn-restaurante
2026-09-04,San Angel Inn Restaurante,EPCOT,Chocolate Brownie,Kids' Desserts,Lunch; Dinner,,6.00,epcot/san-angel-inn-restaurante
2026-09-04,San Angel Inn Restaurante,EPCOT,Dulce de Leche Ice Cream,Kids' Desserts,Lunch; Dinner,,5.00,epcot/san-angel-inn-restaurante
2026-09-04,San Angel Inn Restaurante,EPCOT,San Angel Inn Margarita,Signature Drinks & Margaritas,Lunch; Dinner,"Cincoro blanco tequila, Alma finca orange liqueur, Abasolo corn whiskey, fresh lime juice, black ant salt rim (not included in the Disney Dining Plan)",24.00,epcot/san-angel-inn-restaurante
2026-09-04,San Angel Inn Restaurante,EPCOT,Black Magic**,Signature Drinks & Margaritas,Lunch; Dinner,"Created by Neil Patrick Harris. Mesmerizing frozen blackberry margarita crafted with Contraluz mezcal, homemade hibiscus infused rum, LeJay black currant liqueur, lime, mint and black ant salt rim (**not included in the Disney Dining Plan)",21.00,epcot/san-angel-inn-restaurante
2026-09-04,San Angel Inn Restaurante,EPCOT,La Cava Avocado,Signature Drinks & Margaritas,Lunch; Dinner,"Flecha Azul blanco tequila, melon orange liqueur, fresh avocado, lime juice, hibiscus salt rim",19.00,epcot/san-angel-inn-restaurante
2026-09-04,San Angel Inn Restaurante,EPCOT,El Diablo,Signature Drinks & Margaritas,Lunch; Dinner,"Lalo blanco tequila, Dos Hombres mezcal, fresh lime juice, cucumber-jalapeño juice and hibiscus salt rim",18.25,epcot/san-angel-inn-restaurante
2026-09-04,San Angel Inn Restaurante,EPCOT,The Cucumber,Signature Drinks & Margaritas,Lunch; Dinner,"Tromba blanco tequila, fresh cucumber and lime juice, orange liqueur, Abasolo corn whiskey, agave, Tajín chile-lime powder rim",19.00,epcot/san-angel-inn-restaurante
2026-09-04,San Angel Inn Restaurante,EPCOT,Blood Orange,Signature Drinks & Margaritas,Lunch; Dinner,"Pasote blanco tequila, blood orange, mezcal, LeJay black currant liqueur, orange juice, Tajín chile-lime powder rim",19.00,epcot/san-angel-inn-restaurante
2026-09-04,San Angel Inn Restaurante,EPCOT,The Wild One,Signature Drinks & Margaritas,Lunch; Dinner,"Tesoro Azul blanco tequila, ilegal reposado mezcal, orange passion fruit cordial, lime juice, A-Game, black ant salt rim",19.00,epcot/san-angel-inn-restaurante
2026-09-04,San Angel Inn Restaurante,EPCOT,Clásica,Signature Drinks & Margaritas,Lunch; Dinner,"Pasote blanco tequila, Alma Finca orange liqueur, lime juice, agave, salt rim",18.00,epcot/san-angel-inn-restaurante
2026-09-04,San Angel Inn Restaurante,EPCOT,La Flaca,Signature Drinks & Margaritas,Lunch; Dinner,"The Skinny Margarita Tromba reposado tequila, fresh lime juice, splash of agave with orange liquor, popcorn salt rim",20.00,epcot/san-angel-inn-restaurante
2026-09-04,San Angel Inn Restaurante,EPCOT,La Paloma,Signature Drinks & Margaritas,Lunch; Dinner,"Lalo blanco tequila, Dos Hombres mezcal, fresh grapefruit juice with a splash of soda, fresh lime, Tajín chile, and lime powder rim",19.00,epcot/san-angel-inn-restaurante
2026-09-04,San Angel Inn Restaurante,EPCOT,San Angel Inn Premium Tequila Flight**,Signature Drinks & Margaritas,Lunch; Dinner,"Santanera blanco, El Cristiano reposado, Mijenta añejo (**not included in the Disney Dining Plan)",40.00,epcot/san-angel-inn-restaurante
2026-09-04,San Angel Inn Restaurante,EPCOT,Traditional Tequila Flight**,Signature Drinks & Margaritas,Lunch; Dinner,"Apatio blanco, 7 leguas reposado, Tromba añejo (**not included in the Disney Dining Plan)",25.00,epcot/san-angel-inn-restaurante
2026-09-04,San Angel Inn Restaurante,EPCOT,Mezcal Tequila Flight**,Signature Drinks & Margaritas,Lunch; Dinner,"Montelobos Ensamble, Ilegal Reposado, Ojo de Tigre (**not included in the Disney Dining Plan)",21.00,epcot/san-angel-inn-restaurante
2026-09-04,San Angel Inn Restaurante,EPCOT,Create Your Own Margarita Flight**,Signature Drinks & Margaritas,Lunch; Dinner,"Choose Three (3) - El Diablo, Blood Orange, The Cucumber, Clásica, or The Wild One (**not included in the Disney Dining Plan)",38.00,epcot/san-angel-inn-restaurante
2026-09-04,Sommerfest,EPCOT,Zwiebelkuchen,Food & Wine Festival Food Offerings,Lunch And Dinner,"German Onion Cake with Caramelized Onions, Bacon, Herbs, and a Savory Custard",9.79,epcot/sommerfest
2026-09-04,Sommerfest,EPCOT,Cinnamon Pretzel Cold Brew,Food & Wine Festival Beverage Offerings,Lunch And Dinner,"Joffrey's™ Cold Brew Coffee with Sweet Cream, Caramel, Vanilla, Cinnamon, and Pretzel Pieces (non-alcoholic)",6.49,epcot/sommerfest
2026-09-04,Sommerfest,EPCOT,Warsteiner Dunkel - Germany Vintage Souvenir Stein,Souvenir Specialties with Alcohol,Lunch And Dinner,"24-oz Draft - Classic German-style dark pilsner that has a deep chestnut brown hue with a smooth, toasty malt flavor and mocha aromas",21.75,epcot/sommerfest
2026-09-04,Sommerfest,EPCOT,Bitburger Premium Pilsner - Germany Vintage Souvenir Stein,Souvenir Specialties with Alcohol,Lunch And Dinner,"24-oz Draft - Classic German lager beer with a crystal clear straw-colored hue and a fine balance between pronounced flavor and light-bodied elegance. With mild fruitiness and freshness supported by gentle sweet malt notes, this yields to a crisp hop tone and a harmonious finish",21.00,epcot/sommerfest
2026-09-04,Sommerfest,EPCOT,Schöfferhofer Pink Grapefruit Hefeweizen - Germany Vintage Souvenir Stein,Souvenir Specialties with Alcohol,Lunch And Dinner,24-oz Draft - Easy and refreshing with light notes of citrus and spice with low bitterness,21.00,epcot/sommerfest
2026-09-04,Sommerfest,EPCOT,Bratwurst,Entrées,Lunch And Dinner,Served on a Pretzel Roll with Sauerkraut and House-made Paprika Chips,12.69,epcot/sommerfest
2026-09-04,Sommerfest,EPCOT,Pretzel Bread Pudding,Desserts,Lunch And Dinner,,4.79,epcot/sommerfest
2026-09-04,Sommerfest,EPCOT,Jumbo Pretzel,Snacks,Lunch And Dinner,Plant-Based,12.49,epcot/sommerfest
2026-09-04,Sommerfest,EPCOT,House-made Obatzda Cheese Dip,Enhancements,Lunch And Dinner,"Obatzda is a traditional Bavarian cheese spread that’s rich, creamy, and packed with flavor",1.50,epcot/sommerfest
2026-09-04,Sommerfest,EPCOT,Assorted Fountain Beverages,Beverages,Lunch And Dinner,Assorted Coca-Cola® Offerings,5.59,epcot/sommerfest
2026-09-04,Sommerfest,EPCOT,Coca-Cola® Bottle,Beverages,Lunch And Dinner,,5.50,epcot/sommerfest
2026-09-04,Sommerfest,EPCOT,Diet Coke® Bottle,Beverages,Lunch And Dinner,,5.50,epcot/sommerfest
2026-09-04,Sommerfest,EPCOT,Sprite® Bottle,Beverages,Lunch And Dinner,,5.50,epcot/sommerfest
2026-09-04,Sommerfest,EPCOT,DASANI® Bottled Water,Beverages,Lunch And Dinner,,4.25,epcot/sommerfest
2026-09-04,Sommerfest,EPCOT,Warsteiner Dunkel - Germany,Beer,Lunch And Dinner,"20-oz Draft - Classic German-style Dark Pilsner that has a deep chestnut brown hue with a smooth, toasty malt flavor, and mocha aromas",13.25,epcot/sommerfest
2026-09-04,Sommerfest,EPCOT,Bitburger Premium Pilsner - Germany,Beer,Lunch And Dinner,"20-oz Draft - Classic German lager beer with a crystal clear straw-colored hue and a fine balance between pronounced flavor and light-bodied elegance. With mild fruitiness and freshness supported by gentle sweet malt notes, this yields to a crisp hop tone and a harmonious finish",12.50,epcot/sommerfest
2026-09-04,Sommerfest,EPCOT,Schöfferhofer Pink Grapefruit Hefeweizen - Germany,Beer,Lunch And Dinner,20-oz Draft - Easy and refreshing with light notes of citrus and spice with low bitterness,12.50,epcot/sommerfest
2026-09-04,Sommerfest,EPCOT,"Selbach-Oster 'Blue Label' Riesling, Mosel",Wine,Lunch And Dinner,"5-oz pour - Crisp aromas of lemon, white peach, and melon with a hint of mineral on the palate",19.00,epcot/sommerfest
2026-09-04,Sommerfest,EPCOT,"August Kesseler Pinot Noir Spätburgunder, Rheingau",Wine,Lunch And Dinner,"5-oz Pour - Delicate, fine, light in style, and well-structured with nice cherry flavors, a hint of black currant, and plenty of spice",16.00,epcot/sommerfest
2026-09-04,Spice Road Table,EPCOT,Spice Road Table Bread Service,Mediterranean Small Plates,Dinner,"Hummus, Zaalouk, Chermoula, Marinated Olives, Za'atar",11.00,epcot/spice-road-table
2026-09-04,Spice Road Table,EPCOT,Spiced Lamb Kefta,Mediterranean Small Plates,Dinner,"Feta Cheese, Roasted Garlic Oil, Spiced Tomato Sauce",13.00,epcot/spice-road-table
2026-09-04,Spice Road Table,EPCOT,Spicy Shrimp,Mediterranean Small Plates,Dinner,"Chili, Garlic, Peri Peri Sauce",15.00,epcot/spice-road-table
2026-09-04,Spice Road Table,EPCOT,House-made Hummus Fries,Mediterranean Small Plates,Dinner,"Citrus Chipotle, Preserved Lemon (Plant-based)",10.00,epcot/spice-road-table
2026-09-04,Spice Road Table,EPCOT,Crispy Pomegranate-Chili Cauliflower,Mediterranean Small Plates,Dinner,Red Pepper-Aleppo Sauce (Plant-based),11.00,epcot/spice-road-table
2026-09-04,Spice Road Table,EPCOT,Chicken Bastilla,Mediterranean Small Plates,Dinner,"Braised Chicken, Crisp Filo Dough, Almonds, Aleppo Honey",11.00,epcot/spice-road-table
2026-09-04,Spice Road Table,EPCOT,Lemon-Vegetable Couscous Tagine,Mediterranean Small Plates,Dinner,"Fresh Vegetables, Olives, Preserved Lemon",13.00,epcot/spice-road-table
2026-09-04,Spice Road Table,EPCOT,Dessert Platter,Mediterranean Small Plates,Dinner,Assorted Baklava and Cookies,11.00,epcot/spice-road-table
2026-09-04,Spice Road Table,EPCOT,Pomegranate Mimosa,Specialty Beverages,Dinner,,15.50,epcot/spice-road-table
2026-09-04,Spice Road Table,EPCOT,Hibiscus Mimosa,Specialty Beverages,Dinner,,15.50,epcot/spice-road-table
2026-09-04,Spice Road Table,EPCOT,Blood Orange Mimosa,Specialty Beverages,Dinner,,15.50,epcot/spice-road-table
2026-09-04,Spice Road Table,EPCOT,Moroccan Mule,Specialty Beverages,Dinner,"Figenza Fig Vodka, Ginger Beer, Agave, and Lime",17.50,epcot/spice-road-table
2026-09-04,Spice Road Table,EPCOT,Medina Mixer,Specialty Beverages,Dinner,"STARR African Rum, Orange Liqueur, and Cranberry Juice",17.50,epcot/spice-road-table
2026-09-04,Spice Road Table,EPCOT,Sahara Spritz,Specialty Beverages,Dinner,"Ketel One Botanical Cucumber & Mint Vodka, Soda Water, and Lime",17.50,epcot/spice-road-table
2026-09-04,Spice Road Table,EPCOT,Pomegranate Açaí,Specialty Beverages,Dinner,"vitaminwater® açai blueberry pomegranate, Bacardí Dragonberry Rum, Lime Juice, Agave, and Soda Water",15.50,epcot/spice-road-table
2026-09-04,Spice Road Table,EPCOT,Iced Mint Tea,Specialty Beverages,Dinner,with Bombay Sapphire Gin,16.50,epcot/spice-road-table
2026-09-04,Spice Road Table,EPCOT,"Paul Cheneau 'Lady of Spain' Cava Brut, Spain",Wine and Sangria,Dinner,,56.00,epcot/spice-road-table
2026-09-04,Spice Road Table,EPCOT,"Mas Fi Cava Brut, Spain",Wine and Sangria,Dinner,,52.00,epcot/spice-road-table
2026-09-04,Spice Road Table,EPCOT,"Domaine Sigalas Assyrtiko, Santorini",Wine and Sangria,Dinner,,79.00,epcot/spice-road-table
2026-09-04,Spice Road Table,EPCOT,"Burgáns Albariño, Spain",Wine and Sangria,Dinner,,52.00,epcot/spice-road-table
2026-09-04,Spice Road Table,EPCOT,Bodegas Juan Gil 'Silver Label' Monastrell,Wine and Sangria,Dinner,,14.00,epcot/spice-road-table
2026-09-04,Spice Road Table,EPCOT,Bodegas Nekeas 'Vega Sindoa' Chardonnay,Wine and Sangria,Dinner,,11.00,epcot/spice-road-table
2026-09-04,Spice Road Table,EPCOT,"Bodegas Marqués de Cáceres Excellens Rosé, Spain",Wine and Sangria,Dinner,,44.00,epcot/spice-road-table
2026-09-04,Spice Road Table,EPCOT,"CVNE ‘Cune’ Rioja Crianza, Spain",Wine and Sangria,Dinner,,44.00,epcot/spice-road-table
2026-09-04,Spice Road Table,EPCOT,House-made Sangria,Wine and Sangria,Dinner,"Red, White, Rosé, or Sparkling",42.00,epcot/spice-road-table
2026-09-04,Spice Road Table,EPCOT,Mediterranean Beer,Beer & Cider,Dinner,,11.00,epcot/spice-road-table
2026-09-04,Spice Road Table,EPCOT,Moroccan Blonde Ale,Beer & Cider,Dinner,,12.50,epcot/spice-road-table
2026-09-04,Spice Road Table,EPCOT,Moroccan Hot Tea Service,Non-Alcoholic Beverages,Dinner,,5.29,epcot/spice-road-table
2026-09-04,Spice Road Table,EPCOT,Iced Mint Tea,Non-Alcoholic Beverages,Dinner,,5.29,epcot/spice-road-table
2026-09-04,Spice Road Table,EPCOT,Premium Sparkling Water,Non-Alcoholic Beverages,Dinner,,5.50,epcot/spice-road-table
2026-09-04,Spice Road Table,EPCOT,smartwater®,Non-Alcoholic Beverages,Dinner,,6.25,epcot/spice-road-table
2026-09-04,Spice Road Table,EPCOT,Assorted Fountain Beverages,Non-Alcoholic Beverages,Dinner,"Coca-Cola®, Diet Coke®, Sprite®, Minute Maid® Zero Sugar Lemonade",4.99,epcot/spice-road-table
2026-09-04,Spice Road Table,EPCOT,Spice Road Table Bread Service,Allergy-Friendly Mediterranean Small Plates,Dinner,"Hummus, Zaalouk, Chermoula, Marinated Olives, Za'atar (For Egg, Fish/Shellfish, Peanut/Tree Nut, Soy Allergies)",11.00,epcot/spice-road-table
2026-09-04,Spice Road Table,EPCOT,Spiced Lamb Kefta,Allergy-Friendly Mediterranean Small Plates,Dinner,"Feta Cheese, Roasted Garlic Oil, Spiced Tomato Sauce (For Gluten/Wheat, Egg, Fish/Shellfish, Peanut/Tree Nut, Sesame, Soy Allergies)",13.00,epcot/spice-road-table
2026-09-04,Spice Road Table,EPCOT,Spicy Shrimp,Allergy-Friendly Mediterranean Small Plates,Dinner,"Chili, Garlic, Peri Peri Sauce (For Egg, Fish, Peanut/Tree Nut, Sesame, Soy Allergies)",15.00,epcot/spice-road-table
2026-09-04,Spice Road Table,EPCOT,House-made Hummus Fries,Allergy-Friendly Mediterranean Small Plates,Dinner,"Citrus Chipotle, Preserved Lemon (For Gluten/Wheat, Egg, Fish/Shellfish, Milk, Peanut/Tree Nut, Sesame, Soy Allergies)",10.00,epcot/spice-road-table
2026-09-04,Spice Road Table,EPCOT,Crispy Pomegranate-Chili Cauliflower,Allergy-Friendly Mediterranean Small Plates,Dinner,"Red Pepper-Aleppo Sauce (For Egg, Fish/Shellfish, Milk, Peanut/Tree Nut, Sesame, Soy Allergies)",11.00,epcot/spice-road-table
2026-09-04,Spice Road Table,EPCOT,Chicken Bastilla,Allergy-Friendly Mediterranean Small Plates,Dinner,"Braised Chicken, Crisp Filo Dough, Almonds, Aleppo Honey (For Fish/Shellfish, Peanut, Sesame Allergies)",11.00,epcot/spice-road-table
2026-09-04,Spice Road Table,EPCOT,Lemon-Vegetable Couscous Tagine,Allergy-Friendly Mediterranean Small Plates,Dinner,"Fresh Vegetables, Olives, Preserved Lemon (For Egg, Fish/Shellfish, Milk, Peanut/Tree Nut, Sesame, Soy Allergies)",13.00,epcot/spice-road-table
2026-09-04,Spice Road Table,EPCOT,Dessert Platter,Allergy-Friendly Mediterranean Small Plates,Dinner,Assorted Baklava and Cookies (For Fish/Shellfish Allergies),11.00,epcot/spice-road-table
2026-09-04,Sunshine Seasons,EPCOT,Mickey-shaped Celebration Macaron,Food and Wine Festival Food Offering,Breakfast; Lunch; Snack,,6.29,epcot/sunshine-seasons
2026-09-04,Sunshine Seasons,EPCOT,Remy Milk Shake,Food and Wine Festival Beverage Offering,Breakfast; Lunch; Snack,"Strawberry-Cheesecake Milk Shake topped with a Cookie, Mini Cheesecake, White Chocolate Eiffel Tower, and a Strawberry",11.49,epcot/sunshine-seasons
2026-09-04,Sunshine Seasons,EPCOT,Breakfast Sandwich,Entrées,Breakfast,"Scrambled Eggs, Smoked Bacon, Aïoli, and Cheese on a Croissant",11.29,epcot/sunshine-seasons
2026-09-04,Sunshine Seasons,EPCOT,Croissant,Bakery,Breakfast,,4.79,epcot/sunshine-seasons
2026-09-04,Sunshine Seasons,EPCOT,Chocolate Croissant,Bakery,Breakfast,,5.29,epcot/sunshine-seasons
2026-09-04,Sunshine Seasons,EPCOT,Mickey Cinnamon Roll,Bakery,Breakfast,,7.99,epcot/sunshine-seasons
2026-09-04,Sunshine Seasons,EPCOT,Mickey-shaped Strawberry Lemonade Macaron,Snacks,Breakfast,,6.29,epcot/sunshine-seasons
2026-09-04,Sunshine Seasons,EPCOT,Yogurt Dipper Kid's Pack,Snacks,Breakfast,,6.99,epcot/sunshine-seasons
2026-09-04,Sunshine Seasons,EPCOT,Apple Pack,Snacks,Breakfast; Lunch; Snack,,4.69,epcot/sunshine-seasons
2026-09-04,Sunshine Seasons,EPCOT,Assorted Fruit Cups,Snacks,Breakfast; Lunch; Snack,(Plant-based),4.19,epcot/sunshine-seasons
2026-09-04,Sunshine Seasons,EPCOT,Cuties® Mandarin 3-pack,Snacks,Breakfast; Lunch; Snack,(Plant-based),4.19,epcot/sunshine-seasons
2026-09-04,Sunshine Seasons,EPCOT,Apple Slices,Snacks,Breakfast; Lunch; Snack,(Plant-based),2.59,epcot/sunshine-seasons
2026-09-04,Sunshine Seasons,EPCOT,Vanilla Greek Yogurt,Snacks,Breakfast; Lunch; Snack,,3.19,epcot/sunshine-seasons
2026-09-04,Sunshine Seasons,EPCOT,Strawberry Greek Yogurt,Snacks,Breakfast; Lunch; Snack,,3.19,epcot/sunshine-seasons
2026-09-04,Sunshine Seasons,EPCOT,Tropical Boba Juice,Specialty Beverages,Breakfast; Lunch; Snack,"Minute Maid® Strawberry, Minute Maid® Mango, and Minute Maid® Zero Sugar Lemonade with Boba Pearls",6.79,epcot/sunshine-seasons
2026-09-04,Sunshine Seasons,EPCOT,Seasonal Milkshake,Specialty Beverages,Breakfast; Lunch; Snack,,10.99,epcot/sunshine-seasons
2026-09-04,Sunshine Seasons,EPCOT,Joffrey's™ Cold Brew Coffee with Sweet Cream,Specialty Beverages,Breakfast; Lunch; Snack,,6.49,epcot/sunshine-seasons
2026-09-04,Sunshine Seasons,EPCOT,Remy Milk Shake,Beverages,Breakfast,"Strawberry-Cheesecake Milk Shake topped with a Cookie, Mini Cheesecake, White Chocolate Eiffel Tower, and a Strawberry",11.49,epcot/sunshine-seasons
2026-09-04,Sunshine Seasons,EPCOT,Monster™ Energy,Beverages,Breakfast; Lunch; Snack,,5.49,epcot/sunshine-seasons
2026-09-04,Sunshine Seasons,EPCOT,Monster™ Energy Zero Ultra,Beverages,Breakfast; Lunch; Snack,,5.49,epcot/sunshine-seasons
2026-09-04,Sunshine Seasons,EPCOT,Joffrey’s Shakin’ Jamaican™ Ready-to-Drink Cold Brew with Oat Milk & Sweetened,Beverages,Breakfast; Lunch; Snack,,5.49,epcot/sunshine-seasons
2026-09-04,Sunshine Seasons,EPCOT,Simply® Orange,Beverages,Breakfast; Lunch; Snack,,5.59,epcot/sunshine-seasons
2026-09-04,Sunshine Seasons,EPCOT,Freshly Brewed Joffrey's Coffee™,Beverages,Breakfast,,4.29,epcot/sunshine-seasons
2026-09-04,Sunshine Seasons,EPCOT,Hot Cocoa by Joffrey's™,Beverages,Breakfast; Lunch; Snack,,4.79,epcot/sunshine-seasons
2026-09-04,Sunshine Seasons,EPCOT,Twinings® Hot Tea,Beverages,Breakfast; Lunch; Snack,,4.79,epcot/sunshine-seasons
2026-09-04,Sunshine Seasons,EPCOT,DASANI® Bottled Water,Beverages,Breakfast; Lunch; Snack,20-oz Bottled Beverage,4.25,epcot/sunshine-seasons
2026-09-04,Sunshine Seasons,EPCOT,smartwater®,Beverages,Breakfast; Lunch; Snack,,6.25,epcot/sunshine-seasons
2026-09-04,Sunshine Seasons,EPCOT,Chocolate Soy Milk,Beverages,Breakfast; Lunch; Snack,,3.59,epcot/sunshine-seasons
2026-09-04,Sunshine Seasons,EPCOT,Vanilla Soy Milk,Beverages,Breakfast; Lunch; Snack,,3.59,epcot/sunshine-seasons
2026-09-04,Sunshine Seasons,EPCOT,Milk,Beverages,Breakfast; Lunch; Snack,,2.59,epcot/sunshine-seasons
2026-09-04,Sunshine Seasons,EPCOT,Minute Maid® Apple Juice,Beverages,Breakfast; Lunch; Snack,,2.59,epcot/sunshine-seasons
2026-09-04,Sunshine Seasons,EPCOT,Small Chocolate Milk,Beverages,Breakfast; Lunch; Snack,,2.59,epcot/sunshine-seasons
2026-09-04,Sunshine Seasons,EPCOT,Wood-fired Chicken,Entrées,Lunch,"Served with Mashed Potatoes, Green Beans, and Chimichurri Rojo",12.99,epcot/sunshine-seasons
2026-09-04,Sunshine Seasons,EPCOT,Wood-fired Salmon,Entrées,Lunch,"Served with White Rice, Green Beans, and Chimichurri Rojo",14.79,epcot/sunshine-seasons
2026-09-04,Sunshine Seasons,EPCOT,Pork Carnitas,Entrées,Lunch,"Cilantro-Lime Rice, Black Beans, Onions, Peppers, Cotija, and Pico de Gallo",12.49,epcot/sunshine-seasons
2026-09-04,Sunshine Seasons,EPCOT,Beef Barbacoa,Entrées,Lunch,"Cilantro-Lime Rice, Black Beans, Onions, Peppers, Cotija, and Pico de Gallo",13.49,epcot/sunshine-seasons
2026-09-04,Sunshine Seasons,EPCOT,Plant-based Sofritas,Entrées,Lunch,"Cilantro-Lime Rice, Black Beans, Onions, Peppers, Plant-based Feta, and Pico de Gallo",12.49,epcot/sunshine-seasons
2026-09-04,Sunshine Seasons,EPCOT,Roast Beef Sandwich,Entrées,Lunch,"Slow-cooked Beef, Horseradish Cream, Arugula, Jus, and Crispy Onions on a Baguette served with a Side Salad with Balsamic Vinaigrette",13.99,epcot/sunshine-seasons
2026-09-04,Sunshine Seasons,EPCOT,Pepperoni Flatbread,Entrées,Lunch,Served with a Side Salad with Balsamic Vinaigrette,12.99,epcot/sunshine-seasons
2026-09-04,Sunshine Seasons,EPCOT,Cheese Flatbread,Entrées,Lunch,Served with a Side Salad with Balsamic Vinaigrette,11.79,epcot/sunshine-seasons
2026-09-04,Sunshine Seasons,EPCOT,Caprese Sandwich,Entrées,Lunch,"Tomatoes, Fresh Mozzarella, and Basil Pesto on a Baguette served with a Side Salad with Balsamic Vinaigrette",11.99,epcot/sunshine-seasons
2026-09-04,Sunshine Seasons,EPCOT,Power Greens Salad with Chicken,Grab 'n' Go Entrées,Lunch; Snack,"Crisp Greens topped with Chicken, Feta, Shaved Carrots, Cucumber, Candied Pecans, Golden Raisins, Quinoa, and White Balsamic Vinaigrette",13.79,epcot/sunshine-seasons
2026-09-04,Sunshine Seasons,EPCOT,Power Greens Salad,Grab 'n' Go Entrées,Lunch; Snack,"Crisp Greens topped with Feta, Shaved Carrots, Cucumber, Candied Pecans, Golden Raisins, Quinoa, and White Balsamic Vinaigrette",11.79,epcot/sunshine-seasons
2026-09-04,Sunshine Seasons,EPCOT,Caesar Salad with Chicken,Grab 'n' Go Entrées,Lunch; Snack,"Romaine Lettuce, Croutons, Parmesan, and Caesar Dressing",11.99,epcot/sunshine-seasons
2026-09-04,Sunshine Seasons,EPCOT,Roasted Turkey BLT Wrap,Grab 'n' Go Entrées,Lunch; Snack,,10.99,epcot/sunshine-seasons
2026-09-04,Sunshine Seasons,EPCOT,Grilled Chicken Breast,Kids' Disney Check Meals,Lunch,"Served with Green Beans and choice of Applesauce, Apple Slices, or Carrots, and choice of Small Lowfat Milk or Small DASANI® Bottled Water. Meets Disney Nutritional Guidelines for Complete Meals without substitutions.",8.29,epcot/sunshine-seasons
2026-09-04,Sunshine Seasons,EPCOT,Yogurt Dipper Kid's Pack,Grab 'n' Go Kids' Disney Check Meals,Lunch; Snack,,6.99,epcot/sunshine-seasons
2026-09-04,Sunshine Seasons,EPCOT,Cheese Flatbread,Kids' Meals,Lunch,Served with choice of two Sides and choice of Small Lowfat Milk or Small DASANI® Bottled Water,7.99,epcot/sunshine-seasons
2026-09-04,Sunshine Seasons,EPCOT,Pepperoni Flatbread,Kids' Meals,Lunch,Served with choice of two Sides and choice of Small Lowfat Milk or Small DASANI® Bottled Water,8.29,epcot/sunshine-seasons
2026-09-04,Sunshine Seasons,EPCOT,Macaroni & Cheese,Kids' Meals,Lunch,"Served with Green Beans and choice of Applesauce, Apple Slices, or Carrots, and choice of Small Lowfat Milk or Small DASANI® Bottled Water.",7.49,epcot/sunshine-seasons
2026-09-04,Sunshine Seasons,EPCOT,PB&J Uncrustable,Kids' Meals,Lunch,Served with choice of two Sides and choice of Small Lowfat Milk or Small DASANI® Bottled Water,7.29,epcot/sunshine-seasons
2026-09-04,Sunshine Seasons,EPCOT,Mickey Cinnamon Roll,Snacks,Lunch; Snack,,7.99,epcot/sunshine-seasons
2026-09-04,Sunshine Seasons,EPCOT,Mickey-shaped Celebration Macaron,Snacks,Lunch; Snack,,6.29,epcot/sunshine-seasons
2026-09-04,Sunshine Seasons,EPCOT,Roasted Red Pepper Hummus,Snacks,Lunch; Snack,,4.79,epcot/sunshine-seasons
2026-09-04,Sunshine Seasons,EPCOT,Chocolate Croissant,Snacks,Lunch; Snack,,5.29,epcot/sunshine-seasons
2026-09-04,Sunshine Seasons,EPCOT,Croissant,Snacks,Lunch; Snack,,4.79,epcot/sunshine-seasons
2026-09-04,Sunshine Seasons,EPCOT,Mini Babybel® Snack Cheese,Snacks,Lunch; Snack,3-pack,3.79,epcot/sunshine-seasons
2026-09-04,Sunshine Seasons,EPCOT,Assorted Chips,Snacks,Lunch; Snack,,3.29,epcot/sunshine-seasons
2026-09-04,Sunshine Seasons,EPCOT,Assorted Granola Bars,Snacks,Lunch; Snack,,3.29,epcot/sunshine-seasons
2026-09-04,Sunshine Seasons,EPCOT,Assorted Candy,Snacks,Lunch; Snack,,2.49,epcot/sunshine-seasons
2026-09-04,Sunshine Seasons,EPCOT,Carrots,Snacks,Lunch; Snack,(Plant-based),2.49,epcot/sunshine-seasons
2026-09-04,Sunshine Seasons,EPCOT,Pickle-in-a-Pouch,Snacks,Lunch; Snack,,2.29,epcot/sunshine-seasons
2026-09-04,Sunshine Seasons,EPCOT,Applesauce,Snacks,Lunch; Snack,(Plant-based),1.49,epcot/sunshine-seasons
2026-09-04,Sunshine Seasons,EPCOT,Peanut Butter Cookie,Desserts,Lunch,with Cookies and Cream Icing,5.29,epcot/sunshine-seasons
2026-09-04,Sunshine Seasons,EPCOT,Turtle Brownie,Desserts,Lunch; Snack,,5.99,epcot/sunshine-seasons
2026-09-04,Sunshine Seasons,EPCOT,Cookies ‘n “Cream” Chocolate Mousse Cup,Desserts,Lunch; Snack,(Plant-based),5.29,epcot/sunshine-seasons
2026-09-04,Sunshine Seasons,EPCOT,Assorted Artisanal Cookies,Desserts,Lunch; Snack,,4.79,epcot/sunshine-seasons
2026-09-04,Sunshine Seasons,EPCOT,Assorted Fountain Beverages,Beverages,Lunch; Snack,Assorted Coca-Cola® Offerings,4.79,epcot/sunshine-seasons
2026-09-04,Sunshine Seasons,EPCOT,Topo Chico® Blueberry Hibiscus Sparkling Water,Beverages,Lunch; Snack,,3.99,epcot/sunshine-seasons
2026-09-04,Sunshine Seasons,EPCOT,Small DASANI® Water,Beverages,Lunch; Snack,12-oz Bottled Beverage,2.75,epcot/sunshine-seasons
2026-09-04,Sunshine Seasons,EPCOT,Schöfferhofer Grapefruit Hefeweizen,Beverages with Alcohol,Lunch; Snack,,12.00,epcot/sunshine-seasons
2026-09-04,Sunshine Seasons,EPCOT,Stella Artois Lager,Beverages with Alcohol,Lunch; Snack,,12.25,epcot/sunshine-seasons
2026-09-04,Sunshine Seasons,EPCOT,Michelob Ultra Lager,Beverages with Alcohol,Lunch; Snack,,10.00,epcot/sunshine-seasons
2026-09-04,Sunshine Seasons,EPCOT,Cigar City Jai Alai IPA,Beverages with Alcohol,Lunch; Snack,,12.50,epcot/sunshine-seasons
2026-09-04,Sunshine Seasons,EPCOT,Surfside Peach Tea + Vodka Hard Tea,Beverages with Alcohol,Lunch; Snack,,12.50,epcot/sunshine-seasons
2026-09-04,Sunshine Seasons,EPCOT,Surfside Lemonade + Vodka,Beverages with Alcohol,Lunch; Snack,,12.50,epcot/sunshine-seasons
2026-09-04,Sunshine Seasons,EPCOT,White Claw Black Cherry Hard Seltzer,Beverages with Alcohol,Lunch; Snack,,11.00,epcot/sunshine-seasons
2026-09-04,Sunshine Seasons,EPCOT,Roasted Red Pepper Hummus,Allergy-Friendly Snacks,Lunch; Snack,"with Cucumbers, Olives, and Multigrain Crackers (For Gluten/Wheat, Egg, Fish/Shellfish, Milk, and Peanut/Tree Nut Allergies)",4.79,epcot/sunshine-seasons
2026-09-04,Sunshine Seasons,EPCOT,Apple Pack,Allergy-Friendly Snacks,Lunch; Snack,"(For Gluten/Wheat, Egg, Fish/Shellfish, Milk, Peanut/Tree Nut, Sesame, and Soy Allergies)",4.69,epcot/sunshine-seasons
2026-09-04,Sunshine Seasons,EPCOT,Assorted Fruit Cups,Allergy-Friendly Snacks,Lunch; Snack,"(For Gluten/Wheat, Egg, Fish/Shellfish, Milk, Peanut/Tree Nut, Sesame, and Soy Allergies)",4.19,epcot/sunshine-seasons
2026-09-04,Sunshine Seasons,EPCOT,Apple Slices,Allergy-Friendly Snacks,Lunch; Snack,"(For Gluten/Wheat, Egg, Fish/Shellfish, Milk, Peanut/Tree Nut, Sesame, and Soy Allergies)",2.59,epcot/sunshine-seasons
2026-09-04,Sunshine Seasons,EPCOT,Pickle-in-a-Pouch,Allergy-Friendly Snacks,Lunch; Snack,"(For Gluten/Wheat, Egg, Fish/Shellfish, Milk, Peanut/Tree Nut, Sesame, and Soy Allergies)",2.29,epcot/sunshine-seasons
2026-09-04,Sunshine Seasons,EPCOT,Applesauce,Allergy-Friendly Snacks,Lunch; Snack,"(For Gluten/Wheat, Egg, Fish/Shellfish, Milk, Peanut/Tree Nut, Sesame, and Soy Allergies)",1.49,epcot/sunshine-seasons
2026-09-04,Tangierine Café: Flavors of the Medina,EPCOT,Plant-based Falafel Wrap,Food & Wine Festival Food Offerings,Lunch And Dinner,with Tomato-Cucumber Relish and Garlic Sauce served on Warm Moroccan Flatbread (plant-based),6.29,epcot/tangierine-cafe
2026-09-04,Tangierine Café: Flavors of the Medina,EPCOT,Chermoula Chicken Hummus Bowl,Food & Wine Festival Food Offerings,Lunch And Dinner,with Apricot Chutney and Grilled Shishito Peppers served with Pita,6.79,epcot/tangierine-cafe
2026-09-04,Tangierine Café: Flavors of the Medina,EPCOT,Spiced Flank Steak Hummus Bowl*,Food & Wine Festival Food Offerings,Lunch And Dinner,with Harissa Yogurt and Roasted Peppers served with Pita,7.29,epcot/tangierine-cafe
2026-09-04,Tangierine Café: Flavors of the Medina,EPCOT,Ras el Hanout Cauliflower Bowl,Food & Wine Festival Food Offerings,Lunch And Dinner,"with Chickpea Salad, Golden Raisin Relish, and Parsley served with Pita (plant-based) (30th Anniversary Legacy Item)",6.49,epcot/tangierine-cafe
2026-09-04,Tangierine Café: Flavors of the Medina,EPCOT,Chocolate-Pistachio Cookie,Food & Wine Festival Food Offerings,Lunch And Dinner,,4.29,epcot/tangierine-cafe
2026-09-04,Tangierine Café: Flavors of the Medina,EPCOT,"Carib Brewery Honey & Fig Dream Hard Cider, Cape Canaveral, FL",Food & Wine Festival Alcoholic Beverage Offerings,Lunch And Dinner,,6.00,epcot/tangierine-cafe
2026-09-04,Tangierine Café: Flavors of the Medina,EPCOT,"Keel Farms Golden Apple Chai Hard Cider, Plant City, FL",Food & Wine Festival Alcoholic Beverage Offerings,Lunch And Dinner,,6.00,epcot/tangierine-cafe
2026-09-04,Tangierine Café: Flavors of the Medina,EPCOT,"Keel Farms Goji Berry Citrus Hard Cider, Plant City, FL",Food & Wine Festival Alcoholic Beverage Offerings,Lunch And Dinner,,6.00,epcot/tangierine-cafe
2026-09-04,Tangierine Café: Flavors of the Medina,EPCOT,Hard Cider Flight,Food & Wine Festival Alcoholic Beverage Offerings,Lunch And Dinner,,12.75,epcot/tangierine-cafe
2026-09-04,Tangierine Café: Flavors of the Medina,EPCOT,Fig Cocktail,Food & Wine Festival Alcoholic Beverage Offerings,Lunch And Dinner,Kleiner Feigling Fig Liqueur and White Cranberry Juice,12.00,epcot/tangierine-cafe
2026-09-04,Teppan Edo,EPCOT,Edamame,Appetizers,Lunch; Dinner,"young soybean pods, served chilled",8.00,epcot/teppan-edo
2026-09-04,Teppan Edo,EPCOT,Calamari Steak,Appetizers,Lunch; Dinner,Grilled squid steak tossed with butter soy sauce,16.50,epcot/teppan-edo
2026-09-04,Teppan Edo,EPCOT,Miso Soup,Appetizers,Lunch; Dinner,"soybean-based soup with wakame, tofu, green onion",6.50,epcot/teppan-edo
2026-09-04,Teppan Edo,EPCOT,Wagyu Roast Beef,Appetizers,Lunch; Dinner,Tender Slices of Japanese A5 Wagyu served with Umami-rich flavor,13.00,epcot/teppan-edo
2026-09-04,Teppan Edo,EPCOT,Takoyaki,Appetizers,Lunch; Dinner,"6pc fully-cooked octopus fritters topped with okonomiyaki sauce, bonito flakes, and nori",12.00,epcot/teppan-edo
2026-09-04,Teppan Edo,EPCOT,Volcano Roll*,Sushi,Lunch; Dinner,"Grilled california roll topped with shrimp, scallops and volcano sauce",24.50,epcot/teppan-edo
2026-09-04,Teppan Edo,EPCOT,Spicy Roll*,Sushi,Lunch; Dinner,"8 pieces tuna-salmon mix with cucumber, seaweed wrap and volcano sauce",18.50,epcot/teppan-edo
2026-09-04,Teppan Edo,EPCOT,California Roll,Sushi,Lunch; Dinner,"8 pieces, inside out roll with crab, cucumber, masago and avocado",17.50,epcot/teppan-edo
2026-09-04,Teppan Edo,EPCOT,Sushi Sampler*,Sushi,Lunch; Dinner,"2 pieces spicy roll, 2 pieces california roll, 3 pieces nigiri",18.50,epcot/teppan-edo
2026-09-04,Teppan Edo,EPCOT,Sashimi Sampler*,Sushi,Lunch; Dinner,"2 pieces tuna, salmon, yellowtail",17.00,epcot/teppan-edo
2026-09-04,Teppan Edo,EPCOT,NY Cut Steak*,Entrées,Lunch; Dinner,"7 oz hand cut daily USDA choice served with garden salad, udon noodles, vegetables, and steamed white rice",45.00,epcot/teppan-edo
2026-09-04,Teppan Edo,EPCOT,Salmon*,Entrées,Lunch; Dinner,"6 oz fresh scottish fillet served with spicy yuzu sauce on the side and served with garden salad, udon noodles, vegetables, and steamed white rice",39.00,epcot/teppan-edo
2026-09-04,Teppan Edo,EPCOT,Shrimp,Entrées,Lunch; Dinner,"10 grilled shrimp served with garden salad, udon noodles, vegetables, and steamed white rice",35.00,epcot/teppan-edo
2026-09-04,Teppan Edo,EPCOT,Chicken,Entrées,Lunch; Dinner,"8 oz boneless chicken breast served with garden salad, udon noodles, vegetables, and steamed white rice",34.00,epcot/teppan-edo
2026-09-04,Teppan Edo,EPCOT,Vegetables,Entrées,Lunch; Dinner,"asparagus, red bell peppers, mushrooms, and tofu served with garden salad, udon noodles, vegetables, and steamed white rice",28.00,epcot/teppan-edo
2026-09-04,Teppan Edo,EPCOT,Asakusa*,Combinations,Lunch; Dinner,"5 oz sirloin steak and 5 pc shrimp served with garden salad, udon noodles, vegetables, and steamed white rice",48.00,epcot/teppan-edo
2026-09-04,Teppan Edo,EPCOT,Nihonbashi*,Combinations,Lunch; Dinner,"5 oz sirloin steak and 4 oz chicken served with garden salad, udon noodles, vegetables, and steamed white rice",48.00,epcot/teppan-edo
2026-09-04,Teppan Edo,EPCOT,Ueno,Combinations,Lunch; Dinner,"5 pc shrimp and 8 oz chicken served with garden salad, udon noodles, vegetables, and steamed white rice",42.00,epcot/teppan-edo
2026-09-04,Teppan Edo,EPCOT,Filet Mignon*,Enhancements,Lunch; Dinner,6 oz. tenderloin USDA choice,37.00,epcot/teppan-edo
2026-09-04,Teppan Edo,EPCOT,Lobster Tail,Enhancements,Lunch; Dinner,4-6 oz northeastern cold-water tail,38.00,epcot/teppan-edo
2026-09-04,Teppan Edo,EPCOT,Scallops,Enhancements,Lunch; Dinner,4 oz. Hokkaido sea scallop,31.00,epcot/teppan-edo
2026-09-04,Teppan Edo,EPCOT,Shrimp,Enhancements,Lunch; Dinner,5 pieces of grilled shrimp,17.00,epcot/teppan-edo
2026-09-04,Teppan Edo,EPCOT,Mixed Mushrooms,Enhancements,Lunch; Dinner,"shimeji, white and shiitake in butter and soy",16.00,epcot/teppan-edo
2026-09-04,Teppan Edo,EPCOT,Asakusa* Premium,Premium Entrée,Lunch; Dinner,"5 oz Japanese A5 wagyu and 5 pc shrimp served with garden salad, udon noodles, vegetables, and steamed white rice",88.00,epcot/teppan-edo
2026-09-04,Teppan Edo,EPCOT,Nihonbashi* Premium,Premium Entrée,Lunch; Dinner,"5 oz Japanese A5 wagyu and 4 oz chicken served with garden salad, udon noodles, vegetables, and steamed white rice",88.00,epcot/teppan-edo
2026-09-04,Teppan Edo,EPCOT,Kanda*,Premium Entrée,Lunch; Dinner,"6 oz filet mignon and 5 pc shrimp served with garden salad, udon noodles, vegetables, and steamed white rice",66.00,epcot/teppan-edo
2026-09-04,Teppan Edo,EPCOT,Ryogoku*,Premium Entrée,Lunch; Dinner,"6 oz filet mignon and4 oz chicken served with garden salad, udon noodles, vegetables, and steamed white rice",66.00,epcot/teppan-edo
2026-09-04,Teppan Edo,EPCOT,Wagyu Julienne Steak*,Premium Entrée,Lunch; Dinner,"5 oz Japanese A5 wagyu served with garden salad, udon noodles, vegetables, and steamed white rice",69.00,epcot/teppan-edo
2026-09-04,Teppan Edo,EPCOT,Mango Mousse Cake,Dessert,Lunch; Dinner,,10.00,epcot/teppan-edo
2026-09-04,Teppan Edo,EPCOT,Chocolate Lava Cake,Dessert,Lunch; Dinner,,16.00,epcot/teppan-edo
2026-09-04,Teppan Edo,EPCOT,Ice Cream,Dessert,Lunch; Dinner,Matcha or Vanilla,6.00,epcot/teppan-edo
2026-09-04,Teppan Edo,EPCOT,Julienne Steak,Kids' Entrées,Lunch; Dinner,"4 oz thin sliced beef strips served with garden salad, seasonal vegetables, udon noodles, and steamed white rice",26.00,epcot/teppan-edo
2026-09-04,Teppan Edo,EPCOT,Shrimp,Kids' Entrées,Lunch; Dinner,"5 grilled shrimp served with garden salad, seasonal vegetables, udon noodles and steamed white rice",18.00,epcot/teppan-edo
2026-09-04,Teppan Edo,EPCOT,Chicken,Kids' Entrées,Lunch; Dinner,"4 oz chicken breast served with garden salad, seasonal vegetables, udon noodles and steamed white rice",18.00,epcot/teppan-edo
2026-09-04,Teppan Edo,EPCOT,Salmon*,Kids' Entrées,Lunch; Dinner,"3 oz. scottish fillet with teriyaki sauce on the side served with garden salad, seasonal vegetables, udon noodles and steamed white rice",24.00,epcot/teppan-edo
2026-09-04,Teppan Edo,EPCOT,Vegetables,Kids' Entrées,Lunch; Dinner,"seasonal vegetables, mushrooms, and tofu served with garden salad, seasonal vegetables, udon noodles and steamed white rice",18.00,epcot/teppan-edo
2026-09-04,Teppan Edo,EPCOT,Assorted Coca-Cola Fountain Beverages,Non-Alcoholic Beverages,Lunch; Dinner,,5.00,epcot/teppan-edo
2026-09-04,Teppan Edo,EPCOT,Lemonade,Non-Alcoholic Beverages,Lunch; Dinner,,5.00,epcot/teppan-edo
2026-09-04,Teppan Edo,EPCOT,Iced or Hot Green Tea,Non-Alcoholic Beverages,Lunch; Dinner,,5.00,epcot/teppan-edo
2026-09-04,Teppan Edo,EPCOT,Yuzu Lemonade,Non-Alcoholic Specialties,Lunch; Dinner,Yuzu lemonade with Strawberry Popping Boba,8.00,epcot/teppan-edo
2026-09-04,Teppan Edo,EPCOT,Ichigo Colada,Non-Alcoholic Specialties,Lunch; Dinner,Strawberry Pina Colada,10.00,epcot/teppan-edo
2026-09-04,Teppan Edo,EPCOT,Ramune,Non-Alcoholic Specialties,Lunch; Dinner,Japanese Soda,8.00,epcot/teppan-edo
2026-09-04,Teppan Edo,EPCOT,Kirin Draft 20oz,Beer,Lunch; Dinner,,14.00,epcot/teppan-edo
2026-09-04,Teppan Edo,EPCOT,Sapporo Premium 20oz,Beer,Lunch; Dinner,,14.00,epcot/teppan-edo
2026-09-04,Teppan Edo,EPCOT,Kirin Light 12-oz,Beer,Lunch; Dinner,,12.00,epcot/teppan-edo
2026-09-04,Teppan Edo,EPCOT,"Hakutsuru Plum Wine, Kobe, Japan",Wine,Lunch; Dinner,,32.00,epcot/teppan-edo
2026-09-04,Teppan Edo,EPCOT,"Zenato Pinot Grigio, Veneto, Italy",Wine,Lunch; Dinner,,52.00,epcot/teppan-edo
2026-09-04,Teppan Edo,EPCOT,"Rainstorm Pinot Noir, Willamette Valley, Oregon",Wine,Lunch; Dinner,,52.00,epcot/teppan-edo
2026-09-04,Teppan Edo,EPCOT,"Mumm Napa Prestige Brut, Napa Valley, California",Wine,Lunch; Dinner,,85.00,epcot/teppan-edo
2026-09-04,Teppan Edo,EPCOT,Shoune,Sake,Lunch; Dinner,"Junmai Daiginjyo | Hyogo, Japan | 8oz carafe",48.00,epcot/teppan-edo
2026-09-04,Teppan Edo,EPCOT,Moon on the Water,Sake,Lunch; Dinner,"Junmai Ginjo | Hiroshima, Japan | 8oz carafe",48.00,epcot/teppan-edo
2026-09-04,Teppan Edo,EPCOT,Karatamba,Sake,Lunch; Dinner,"Honjyozo | Hyogo, Japan | 8oz carafe",30.00,epcot/teppan-edo
2026-09-04,Teppan Edo,EPCOT,Hana Awaka,Sake,Lunch; Dinner,"Sparkling | Berkeley, CA (250 ml bottle)",28.00,epcot/teppan-edo
2026-09-04,Teppan Edo,EPCOT,Sho Chiku Bai,Sake,Lunch; Dinner,"Unfiltered Nigori | Berkeley, CA (375 ml bottle)",25.00,epcot/teppan-edo
2026-09-04,Teppan Edo,EPCOT,Ozeki Sake (Hot/Cold),Sake,Lunch; Dinner,"Junmai | Hollister, CA | 8oz carafe",15.00,epcot/teppan-edo
2026-09-04,Teppan Edo,EPCOT,Premium Sake Flight,Sake,Lunch; Dinner,"2oz pours of Dassai Blue, Moon on the Water, and Karatamba",30.00,epcot/teppan-edo
2026-09-04,Teppan Edo,EPCOT,Tokyo Sunset,Cocktails,Lunch; Dinner,"coconut rum, crème de banana, peach schnapps, pineapple juice",16.00,epcot/teppan-edo
2026-09-04,Teppan Edo,EPCOT,Momo Whiskey Sour,Cocktails,Lunch; Dinner,"perfect harmony of whiskey, peach schnapps, sour mix",15.00,epcot/teppan-edo
2026-09-04,Teppan Edo,EPCOT,Violet Sake,Cocktails,Lunch; Dinner,sake shaken with purple pear and lime juice,16.00,epcot/teppan-edo
2026-09-04,Teppan Edo,EPCOT,Iced Blood Orange,Cocktails,Lunch; Dinner,gin with a hint of blood orange and sparkling water,15.00,epcot/teppan-edo
2026-09-04,Teppan Edo,EPCOT,Nigori Mimosa,Cocktails,Lunch; Dinner,"unfiltered nigori sake, orange juice, grenadine, sparkling water",15.00,epcot/teppan-edo
2026-09-04,Teppan Edo,EPCOT,Japanese Breeze,Cocktails,Lunch; Dinner,coconut rum over ice with tart cranberry and pineapple juices,15.00,epcot/teppan-edo
2026-09-04,Teppan Edo,EPCOT,Mojito,Cocktails,Lunch; Dinner,"rum, sake, simple syrup, fresh limes and mint - available in classic, blood orange, blackberry",15.00,epcot/teppan-edo
2026-09-04,Teppan Edo,EPCOT,Piña Colada,Cocktails,Lunch; Dinner,"rum, sake, cream of coconut, and pineapple juice - available in classic, strawberry, violet pear",15.00,epcot/teppan-edo
2026-09-04,Teppan Edo,EPCOT,Haku Vodka,Craft Spirits,Lunch; Dinner,,15.00,epcot/teppan-edo
2026-09-04,Teppan Edo,EPCOT,Roku Gin,Craft Spirits,Lunch; Dinner,,15.00,epcot/teppan-edo
2026-09-04,Teppan Edo,EPCOT,Legent Bourbon,Craft Spirits,Lunch; Dinner,,15.00,epcot/teppan-edo
2026-09-04,Teppan Edo,EPCOT,Toki - Single,Craft Spirits,Lunch; Dinner,,15.00,epcot/teppan-edo
2026-09-04,Teppan Edo,EPCOT,Toki - Double,Craft Spirits,Lunch; Dinner,,28.00,epcot/teppan-edo
2026-09-04,Refreshment Station,EPCOT,Frozen Coca-Cola®,Beverages,Snack,,6.25,epcot/test-track-cool-wash
2026-09-04,Refreshment Station,EPCOT,Frozen Coca-Cola® topped with Assorted Candies,Beverages,Snack,,7.00,epcot/test-track-cool-wash
2026-09-04,Refreshment Station,EPCOT,Assorted Frozen Beverage,Beverages,Snack,,6.25,epcot/test-track-cool-wash
2026-09-04,Refreshment Station,EPCOT,Assorted Frozen Beverages with Assorted Candies,Beverages,Snack,,7.00,epcot/test-track-cool-wash
2026-09-04,The Land Cart,EPCOT,Mickey-shaped Pretzel with Cheese Sauce,Snacks,Snack,,8.49,epcot/the-land-cart
2026-09-04,The Land Cart,EPCOT,Pickle-in-a-Pouch,Snacks,Snack,,2.29,epcot/the-land-cart
2026-09-04,The Land Cart,EPCOT,Hummus Cup,Snacks,Snack,,4.79,epcot/the-land-cart
2026-09-04,The Land Cart,EPCOT,Outshine® Strawberry Fruit Bar,Snacks,Snack,,5.99,epcot/the-land-cart
2026-09-04,The Land Cart,EPCOT,Peach-Lime Smoothie,Beverages,Snack,,6.29,epcot/the-land-cart
2026-09-04,The Land Cart,EPCOT,Assorted Coca-Cola® Bottled Beverages,Beverages,Snack,,5.50,epcot/the-land-cart
2026-09-04,The Land Cart,EPCOT,DASANI® Bottled Water,Beverages,Snack,,4.25,epcot/the-land-cart
2026-09-04,The Land Cart,EPCOT,Peach-Lime Smoothie,Beverages with Alcohol,Snack,with Tito's Handmade Vodka,17.50,epcot/the-land-cart
2026-09-04,The Land Cart,EPCOT,Orange Blossom Brewing Co. Honey Pilsner,Beverages with Alcohol,Snack,,12.50,epcot/the-land-cart
2026-09-04,The Land Cart,EPCOT,Bud Light Lager,Beverages with Alcohol,Snack,,9.75,epcot/the-land-cart
2026-09-04,Tutto Gusto Wine Cellar,EPCOT,Calamari Fritti,Assaggi D'Italia,Bar – Lounge,served with Marinara Piccante,23.00,epcot/tutto-gusto-wine-cellar
2026-09-04,Tutto Gusto Wine Cellar,EPCOT,Tortino di Melanzane,Assaggi D'Italia,Bar – Lounge,"Baked eggplant parmigiana, pomodoro, mozzarella, parmesan",19.00,epcot/tutto-gusto-wine-cellar
2026-09-04,Tutto Gusto Wine Cellar,EPCOT,Polpette Parmigiana,Assaggi D'Italia,Bar – Lounge,"baked meatballs, pomodoro, mozzarella, parmesan",11.00,epcot/tutto-gusto-wine-cellar
2026-09-04,Tutto Gusto Wine Cellar,EPCOT,Penne Arrabbiata,Assaggi D'Italia,Bar – Lounge,"penne pasta, spicy pomodoro",16.00,epcot/tutto-gusto-wine-cellar
2026-09-04,Tutto Gusto Wine Cellar,EPCOT,Carciofi,Assaggi D'Italia,Bar – Lounge,olive oil marinated artichokes,11.00,epcot/tutto-gusto-wine-cellar
2026-09-04,Tutto Gusto Wine Cellar,EPCOT,Olive di Cerignola,Assaggi D'Italia,Bar – Lounge,"marinated cerignola olives, citrus zest, herbs",11.00,epcot/tutto-gusto-wine-cellar
2026-09-04,Tutto Gusto Wine Cellar,EPCOT,Coppa,Taglieri,Bar – Lounge,,15.00,epcot/tutto-gusto-wine-cellar
2026-09-04,Tutto Gusto Wine Cellar,EPCOT,Salame,Taglieri,Bar – Lounge,,15.00,epcot/tutto-gusto-wine-cellar
2026-09-04,Tutto Gusto Wine Cellar,EPCOT,Soppressata,Taglieri,Bar – Lounge,,15.00,epcot/tutto-gusto-wine-cellar
2026-09-04,Tutto Gusto Wine Cellar,EPCOT,"Prosciutto di Parma, Parma Ham",Taglieri,Bar – Lounge,,18.00,epcot/tutto-gusto-wine-cellar
2026-09-04,Tutto Gusto Wine Cellar,EPCOT,"L'Alpine: Asiago, Gorgonzola, Tartufo Cheese",Taglieri,Bar – Lounge,,22.00,epcot/tutto-gusto-wine-cellar
2026-09-04,Tutto Gusto Wine Cellar,EPCOT,Italian Sangria,Cocktails,Bar – Lounge,"Cabernet Terre di Bacco, rum, fruit juice",16.00,epcot/tutto-gusto-wine-cellar
2026-09-04,Tutto Gusto Wine Cellar,EPCOT,White Wine Spritzer,Cocktails,Bar – Lounge,A splash of sparkling mineral water with a lemon twist,12.00,epcot/tutto-gusto-wine-cellar
2026-09-04,Tutto Gusto Wine Cellar,EPCOT,Italicus Spritz,Cocktails,Bar – Lounge,"Italicus Rosolio di Bergamotto, prosecco, Cerignola Olive",20.00,epcot/tutto-gusto-wine-cellar
2026-09-04,Tutto Gusto Wine Cellar,EPCOT,Bellini,Cocktails,Bar – Lounge,"Peach purée, prosecco",16.00,epcot/tutto-gusto-wine-cellar
2026-09-04,Tutto Gusto Wine Cellar,EPCOT,Italian Margarita,Cocktails,Bar – Lounge,"Tequila, Limoncello, fresh lime juice",18.00,epcot/tutto-gusto-wine-cellar
2026-09-04,Tutto Gusto Wine Cellar,EPCOT,Italian Martini,Cocktails,Bar – Lounge,"Citrus vodka, limoncello, triple sec, lemon juice, sour mix",18.00,epcot/tutto-gusto-wine-cellar
2026-09-04,Tutto Gusto Wine Cellar,EPCOT,Espresso Martini,Cocktails,Bar – Lounge,"Vanilla vodka, coffee liqueur, Italian espresso",18.00,epcot/tutto-gusto-wine-cellar
2026-09-04,Tutto Gusto Wine Cellar,EPCOT,Martini Your Way,Cocktails,Bar – Lounge,Up or on the rocks,20.00,epcot/tutto-gusto-wine-cellar
2026-09-04,Tutto Gusto Wine Cellar,EPCOT,Aperol Spritz,Cocktails,Bar – Lounge,"Aperol, prosecco, splash of sparkling mineral water",16.00,epcot/tutto-gusto-wine-cellar
2026-09-04,Tutto Gusto Wine Cellar,EPCOT,Negroni,Cocktails,Bar – Lounge,"Gin, campari, sweet vermouth, orange twist",18.00,epcot/tutto-gusto-wine-cellar
2026-09-04,Tutto Gusto Wine Cellar,EPCOT,Italian Mule,Cocktails,Bar – Lounge,"Wild Sardinia vodka, ginger beer, lime twist",17.00,epcot/tutto-gusto-wine-cellar
2026-09-04,Tutto Gusto Wine Cellar,EPCOT,Fabrizia Sicilian,Limoncello,Bar – Lounge,"Lemony flavor, very fragrant",14.00,epcot/tutto-gusto-wine-cellar
2026-09-04,Tutto Gusto Wine Cellar,EPCOT,Fabrizia Crema Di,Limoncello,Bar – Lounge,"Sicilian limoncello, touch of cream",14.00,epcot/tutto-gusto-wine-cellar
2026-09-04,Tutto Gusto Wine Cellar,EPCOT,Fabrizia Crema di Pistacchio,Limoncello,Bar – Lounge,creamy liqueur made with toasted pistachio,14.00,epcot/tutto-gusto-wine-cellar
2026-09-04,Tutto Gusto Wine Cellar,EPCOT,Limoncello Flight,Limoncello,Bar – Lounge,Tasting of the three Fabrizia liqueurs,24.00,epcot/tutto-gusto-wine-cellar
2026-09-04,Tutto Gusto Wine Cellar,EPCOT,Sorsi d'Oro,Birra,Bar – Lounge,Italian pilsner specially brewed for Tutto Gusto,14.00,epcot/tutto-gusto-wine-cellar
2026-09-04,Tutto Gusto Wine Cellar,EPCOT,Affogato Ale,Birra,Bar – Lounge,Italian pilsner specially brewed for Tutto Gusto,16.00,epcot/tutto-gusto-wine-cellar
2026-09-04,Tutto Gusto Wine Cellar,EPCOT,Peroni Draft,Birra,Bar – Lounge,,14.00,epcot/tutto-gusto-wine-cellar
2026-09-04,Tutto Gusto Wine Cellar,EPCOT,Michelob Ultra Draft,Birra,Bar – Lounge,,13.00,epcot/tutto-gusto-wine-cellar
2026-09-04,Tutto Gusto Wine Cellar,EPCOT,Blue Moon Draft,Birra,Bar – Lounge,,16.00,epcot/tutto-gusto-wine-cellar
2026-09-04,Tutto Gusto Wine Cellar,EPCOT,"Gavi, Batasiolo 2020",Vini Bianchi,Bar – Lounge,,15.00,epcot/tutto-gusto-wine-cellar
2026-09-04,Tutto Gusto Wine Cellar,EPCOT,"Pinot Grigio, Terre di Bacco",Vini Bianchi,Bar – Lounge,,12.00,epcot/tutto-gusto-wine-cellar
2026-09-04,Tutto Gusto Wine Cellar,EPCOT,"Pecorino, Il Feuduccio, 2019",Vini Bianchi,Bar – Lounge,,17.00,epcot/tutto-gusto-wine-cellar
2026-09-04,Tutto Gusto Wine Cellar,EPCOT,"Chardonnay, Batasiolo, 2017",Vini Bianchi,Bar – Lounge,,15.00,epcot/tutto-gusto-wine-cellar
2026-09-04,Tutto Gusto Wine Cellar,EPCOT,"Sauvignon Blanc, Terre di Bacco, 2019",Vini Bianchi,Bar – Lounge,,14.00,epcot/tutto-gusto-wine-cellar
2026-09-04,Tutto Gusto Wine Cellar,EPCOT,"Soave Classico Superiore, Pieropan, 2019",Vini Bianchi,Bar – Lounge,,14.00,epcot/tutto-gusto-wine-cellar
2026-09-04,Tutto Gusto Wine Cellar,EPCOT,"Verdicchio Dei Castelli Di Jesi, Marchetti, 2019",Vini Bianchi,Bar – Lounge,,15.00,epcot/tutto-gusto-wine-cellar
2026-09-04,Tutto Gusto Wine Cellar,EPCOT,"Chianti, Terre Di Bacco, 2020",Vini Rossi,Bar – Lounge,,12.00,epcot/tutto-gusto-wine-cellar
2026-09-04,Tutto Gusto Wine Cellar,EPCOT,"Dolcetto D'Alba, Batasiolo, 2018",Vini Rossi,Bar – Lounge,,15.00,epcot/tutto-gusto-wine-cellar
2026-09-04,Tutto Gusto Wine Cellar,EPCOT,"Pinot Nero, La Vis, 2019",Vini Rossi,Bar – Lounge,,14.00,epcot/tutto-gusto-wine-cellar
2026-09-04,Tutto Gusto Wine Cellar,EPCOT,"Valpolicella, Allegrini, 2019",Vini Rossi,Bar – Lounge,,15.00,epcot/tutto-gusto-wine-cellar
2026-09-04,Tutto Gusto Wine Cellar,EPCOT,"Cabernet, Terre Di Bacco, 2019",Vini Rossi,Bar – Lounge,,13.00,epcot/tutto-gusto-wine-cellar
2026-09-04,Tutto Gusto Wine Cellar,EPCOT,"Chianti Classico Riserva, Vescine, 2015",Vini Rossi,Bar – Lounge,,25.00,epcot/tutto-gusto-wine-cellar
2026-09-04,Tutto Gusto Wine Cellar,EPCOT,"Amarone Sartori, Corte Bra, 2013",Vini Rossi,Bar – Lounge,,39.00,epcot/tutto-gusto-wine-cellar
2026-09-04,Tutto Gusto Wine Cellar,EPCOT,"Nero D'Avola, Stemmari, 2019",Vini Rossi,Bar – Lounge,,15.00,epcot/tutto-gusto-wine-cellar
2026-09-04,Tutto Gusto Wine Cellar,EPCOT,"Chianti Classico, Vescine Capotondo, 2016",Vini Rossi,Bar – Lounge,,16.00,epcot/tutto-gusto-wine-cellar
2026-09-04,Tutto Gusto Wine Cellar,EPCOT,"Langhe Nebbiolo, Terre Di Bacco, 2018",Vini Rossi,Bar – Lounge,,14.00,epcot/tutto-gusto-wine-cellar
2026-09-04,Tutto Gusto Wine Cellar,EPCOT,"Le Difese, Tenuta San Guido",Vini Rossi,Bar – Lounge,,41.00,epcot/tutto-gusto-wine-cellar
2026-09-04,Tutto Gusto Wine Cellar,EPCOT,"Guidalberto, Tenuta San Guido",Vini Rossi,Bar – Lounge,,62.00,epcot/tutto-gusto-wine-cellar
2026-09-04,Tutto Gusto Wine Cellar,EPCOT,Under a Tuscan Sun,Wine Flights,Bar – Lounge,Chianti Terre di Bacco | Tageto Donna Olimpia | Tre Brancaia,26.00,epcot/tutto-gusto-wine-cellar
2026-09-04,Tutto Gusto Wine Cellar,EPCOT,Crisp Italian Whites,Wine Flights,Bar – Lounge,Sauvignon Terre di Bacco | Pecorino Il Feuduccio | Gavi Batasiolo,22.00,epcot/tutto-gusto-wine-cellar
2026-09-04,Tutto Gusto Wine Cellar,EPCOT,From the Hills of Piemonte,Wine Flights,Bar – Lounge,Gavi Batasiolo | Dolcetto d’Alba Batasiolo | Langhe Nebbiolo Terre di Bacco,26.00,epcot/tutto-gusto-wine-cellar
2026-09-04,Tutto Italia Ristorante,EPCOT,Polipo Grigliato,Antipasti,Lunch; Dinner,"Grilled Mediterranean octopus, potatoes, pancetta, Calabrian chili, caperberry, parsley, lemon, extra virgin olive oil",24.00,epcot/tutto-italia-ristorante
2026-09-04,Tutto Italia Ristorante,EPCOT,Calamari Fritti,Antipasti,Lunch; Dinner,served with Marinara Piccante,23.00,epcot/tutto-italia-ristorante
2026-09-04,Tutto Italia Ristorante,EPCOT,Caesar Salad,Antipasti,Lunch; Dinner,"Romaine lettuce, olive crostini, cherry tomatoes, shaved Grana Padano DOP",18.00,epcot/tutto-italia-ristorante
2026-09-04,Tutto Italia Ristorante,EPCOT,Fior di Latte Caprese,Antipasti,Lunch; Dinner,"Red and yellow grape tomato salad, balsamic emulsion, extra virgin olive oil",18.00,epcot/tutto-italia-ristorante
2026-09-04,Tutto Italia Ristorante,EPCOT,Insalata Mista,Antipasti,Lunch; Dinner,"Mixed Greens, endive, arugula, radicchio, frisée, white asparagus, radish and balsamic vinaigrette",15.00,epcot/tutto-italia-ristorante
2026-09-04,Tutto Italia Ristorante,EPCOT,Carpaccio di Manzo*,Antipasti,Lunch; Dinner,"Charred Wagyu beef, Arugula, Parmesan Cheese and Lemon Dressing",24.00,epcot/tutto-italia-ristorante
2026-09-04,Tutto Italia Ristorante,EPCOT,Tortino di Melanzane,Antipasti,Lunch; Dinner,"Baked eggplant parmigiana, pomodoro, mozzarella, parmesan",19.00,epcot/tutto-italia-ristorante
2026-09-04,Tutto Italia Ristorante,EPCOT,Prosciutto di Parma,Antipasti,Lunch; Dinner,"Parma ham, melon carpaccio",20.00,epcot/tutto-italia-ristorante
2026-09-04,Tutto Italia Ristorante,EPCOT,Pasta E Fagioli,Antipasti,Lunch; Dinner,"Cannellini bean soup, ham and Gragnano pasta mista",10.00,epcot/tutto-italia-ristorante
2026-09-04,Tutto Italia Ristorante,EPCOT,Tagliere,Antipasti,Lunch; Dinner,"Serves two people. Prosciutto di Parma, Salame, Capocollo, Pecorino Tartufato, Asiago, Gorgonzola, Fontina, Artichoke, Cerignola Olive and Grissini",45.00,epcot/tutto-italia-ristorante
2026-09-04,Tutto Italia Ristorante,EPCOT,Salmone*,Secondi,Lunch; Dinner,"Grilled filet of Salmon, Cannellini, Salsa Fresca, Tomatoes, Capers, Olives and Anchovies",37.00,epcot/tutto-italia-ristorante
2026-09-04,Tutto Italia Ristorante,EPCOT,Bistecca*,Secondi,Lunch; Dinner,"12 oz. grilled NY strip steak, Chianti and Balsamic-glazed Cipollini Onions",47.00,epcot/tutto-italia-ristorante
2026-09-04,Tutto Italia Ristorante,EPCOT,Pesce Spada*,Secondi,Lunch; Dinner,"Grilled Swordfish, crushed potatoes, Scillian tomato pesto and piccata sauce",36.00,epcot/tutto-italia-ristorante
2026-09-04,Tutto Italia Ristorante,EPCOT,Parmigiana,Secondi,Lunch; Dinner,"Breaded chicken breast, mozzarella, parmesan, fresh spaghetti and tomato sauce",34.00,epcot/tutto-italia-ristorante
2026-09-04,Tutto Italia Ristorante,EPCOT,Mare e Monti,Secondi,Lunch; Dinner,"Slow braised chuck short rib, Maine lobster ravioli, rosemary butter",52.00,epcot/tutto-italia-ristorante
2026-09-04,Tutto Italia Ristorante,EPCOT,Fettuccine,Pasta,Lunch; Dinner,Creamy Alfredo Sauce,26.00,epcot/tutto-italia-ristorante
2026-09-04,Tutto Italia Ristorante,EPCOT,Lasagne alla Bolognese,Pasta,Lunch; Dinner,"Traditional Emilia-Romagna preparation with beef and pork ragù, béchamel, parmesan",29.00,epcot/tutto-italia-ristorante
2026-09-04,Tutto Italia Ristorante,EPCOT,Spaghetti,Pasta,Lunch; Dinner,"Beef and pork meatballs, pomodoro sauce",29.00,epcot/tutto-italia-ristorante
2026-09-04,Tutto Italia Ristorante,EPCOT,Gnocchi Sorrentina,Pasta,Lunch; Dinner,"Potato dumplings, roasted tomatoes, pomodoro sauce, burrata cheese",29.00,epcot/tutto-italia-ristorante
2026-09-04,Tutto Italia Ristorante,EPCOT,Tutto Risotto,Pasta,Lunch; Dinner,Chef's seasonal creation,40.00,epcot/tutto-italia-ristorante
2026-09-04,Tutto Italia Ristorante,EPCOT,Spaghetti,Contorni (Sides),Lunch; Dinner,"Plain, butter, pomodoro or cream sauce",8.00,epcot/tutto-italia-ristorante
2026-09-04,Tutto Italia Ristorante,EPCOT,Crispy Potatoes,Contorni (Sides),Lunch; Dinner,,8.00,epcot/tutto-italia-ristorante
2026-09-04,Tutto Italia Ristorante,EPCOT,Green Beans,Contorni (Sides),Lunch; Dinner,,8.00,epcot/tutto-italia-ristorante
2026-09-04,Tutto Italia Ristorante,EPCOT,Mushrooms,Contorni (Sides),Lunch; Dinner,,8.00,epcot/tutto-italia-ristorante
2026-09-04,Tutto Italia Ristorante,EPCOT,Meatballs in Pomodoro Sauce,Contorni (Sides),Lunch; Dinner,,9.00,epcot/tutto-italia-ristorante
2026-09-04,Tutto Italia Ristorante,EPCOT,Grilled Chicken Breast,Contorni (Sides),Lunch; Dinner,,9.00,epcot/tutto-italia-ristorante
2026-09-04,Tutto Italia Ristorante,EPCOT,Oishii Shrimp (4),Contorni (Sides),Lunch; Dinner,,15.00,epcot/tutto-italia-ristorante
2026-09-04,Tutto Italia Ristorante,EPCOT,Mozzarella Sticks,Kids' Entrées,Lunch; Dinner,with Marinara sauce,11.00,epcot/tutto-italia-ristorante
2026-09-04,Tutto Italia Ristorante,EPCOT,Spaghetti,Kids' Entrées,Lunch; Dinner,with tomato sauce and Beef & Pork meatballs.,11.00,epcot/tutto-italia-ristorante
2026-09-04,Tutto Italia Ristorante,EPCOT,Chicken Tenders,Kids' Entrées,Lunch; Dinner,with green beans,11.00,epcot/tutto-italia-ristorante
2026-09-04,Tutto Italia Ristorante,EPCOT,Cheese or Pepperoni Pizza,Kids' Entrées,Lunch; Dinner,,11.00,epcot/tutto-italia-ristorante
2026-09-04,Tutto Italia Ristorante,EPCOT,Green Beans,Kids' Entrées,Lunch; Dinner,,8.00,epcot/tutto-italia-ristorante
2026-09-04,Tutto Italia Ristorante,EPCOT,Pink Italian Lemonade,Kids' Beverages,Lunch; Dinner,served with a Glow Cube and a candy straw,11.00,epcot/tutto-italia-ristorante
2026-09-04,Tutto Italia Ristorante,EPCOT,Lemonade,Kids' Beverages,Lunch; Dinner,Add a Glow Cube for $5 | Add a Candy Straw for $2,7.00,epcot/tutto-italia-ristorante
2026-09-04,Tutto Italia Ristorante,EPCOT,Shirley Temple,Kids' Beverages,Lunch; Dinner,Add a Glow Cube for $5 | Add a Candy Straw for $2,5.00,epcot/tutto-italia-ristorante
2026-09-04,Tutto Italia Ristorante,EPCOT,Piña Colada,Kids' Beverages,Lunch; Dinner,Add a Glow Cube for $5 | Add a Candy Straw for $2,8.00,epcot/tutto-italia-ristorante
2026-09-04,Tutto Italia Ristorante,EPCOT,Strawberry Daiquiri,Kids' Beverages,Lunch; Dinner,Add a Glow Cube for $5 | Add a Candy Straw for $2,8.00,epcot/tutto-italia-ristorante
2026-09-04,Tutto Italia Ristorante,EPCOT,Tiramisù,Dolci,Lunch; Dinner,"The classic coffee-flavored Italian dessert. Ours is created with ladyfingers dipped in coffee, layered with a whipped mixture of eggs, sugar and mascarpone cheese and topped with fresh cocoa powder",14.00,epcot/tutto-italia-ristorante
2026-09-04,Tutto Italia Ristorante,EPCOT,Cannolo Siciliano,Dolci,Lunch; Dinner,"Crispy pastry filled with sweet ricotta, chocolate, and candied orange",12.00,epcot/tutto-italia-ristorante
2026-09-04,Tutto Italia Ristorante,EPCOT,Torta di Ricotta,Dolci,Lunch; Dinner,"Ricotta cheesecake, Blackberry and mint compote with whipped cream",13.00,epcot/tutto-italia-ristorante
2026-09-04,Tutto Italia Ristorante,EPCOT,Torta di Genovese,Dolci,Lunch; Dinner,Praline chocolate mousse and candied hazelnuts,14.00,epcot/tutto-italia-ristorante
2026-09-04,Tutto Italia Ristorante,EPCOT,Limoncello Float (21+),Dolci,Lunch; Dinner,Sicilian limoncello over homemade limocello gelato and fresh strawberry (menu offering contains alcohol),19.00,epcot/tutto-italia-ristorante
2026-09-04,Tutto Italia Ristorante,EPCOT,Gelati e Sorbetti,Dolci,Lunch; Dinner,"Choice of one – chocolate, vanilla, strawberry, or lemon",12.00,epcot/tutto-italia-ristorante
2026-09-04,Tutto Italia Ristorante,EPCOT,Cipriani Carciofo,Birra,Lunch; Dinner,First & only artichoke beer in the USA,16.00,epcot/tutto-italia-ristorante
2026-09-04,Tutto Italia Ristorante,EPCOT,Peroni,Birra,Lunch; Dinner,,39.00,epcot/tutto-italia-ristorante
2026-09-04,Tutto Italia Ristorante,EPCOT,Michelob Ultra,Birra,Lunch; Dinner,,35.00,epcot/tutto-italia-ristorante
2026-09-04,Tutto Italia Ristorante,EPCOT,Bud Light,Birra,Lunch; Dinner,,28.00,epcot/tutto-italia-ristorante
2026-09-04,Tutto Italia Ristorante,EPCOT,Blue Moon,Birra,Lunch; Dinner,,43.00,epcot/tutto-italia-ristorante
2026-09-04,Tutto Italia Ristorante,EPCOT,"Prosecco, Terre Di Bacco, Glera NV",Vino,Lunch; Dinner,,52.00,epcot/tutto-italia-ristorante
2026-09-04,Tutto Italia Ristorante,EPCOT,"Rosa Regale, Spumante Dolci Banfi, Brachetto NV",Vino,Lunch; Dinner,,64.00,epcot/tutto-italia-ristorante
2026-09-04,Tutto Italia Ristorante,EPCOT,"Moscato, Batasiolo, Moscato NV",Vino,Lunch; Dinner,,52.00,epcot/tutto-italia-ristorante
2026-09-04,Tutto Italia Ristorante,EPCOT,"Brachetto, Batasiolo, Spumante, Brachetto NV",Vino,Lunch; Dinner,,74.00,epcot/tutto-italia-ristorante
2026-09-04,Tutto Italia Ristorante,EPCOT,"Pinot Grigio, Terre di Bacco",Vino,Lunch; Dinner,,45.00,epcot/tutto-italia-ristorante
2026-09-04,Tutto Italia Ristorante,EPCOT,"Gavi, Batasiolo, Cortese",Vino,Lunch; Dinner,,62.00,epcot/tutto-italia-ristorante
2026-09-04,Tutto Italia Ristorante,EPCOT,"Pecorino, Il Feuduccio",Vino,Lunch; Dinner,,72.00,epcot/tutto-italia-ristorante
2026-09-04,Tutto Italia Ristorante,EPCOT,"Sauvignon Blanc, Terre di Bacco",Vino,Lunch; Dinner,,59.00,epcot/tutto-italia-ristorante
2026-09-04,Tutto Italia Ristorante,EPCOT,"Verdicchio Dei Castelli Di Jesi, Marchetti",Vino,Lunch; Dinner,,63.00,epcot/tutto-italia-ristorante
2026-09-04,Tutto Italia Ristorante,EPCOT,"Soave Classico Superiore, Pieropan",Vino,Lunch; Dinner,,61.00,epcot/tutto-italia-ristorante
2026-09-04,Tutto Italia Ristorante,EPCOT,"Chardonnay, Batasiolo",Vino,Lunch; Dinner,,63.00,epcot/tutto-italia-ristorante
2026-09-04,Tutto Italia Ristorante,EPCOT,"Centine Rosé, Banfi",Vino,Lunch; Dinner,,52.00,epcot/tutto-italia-ristorante
2026-09-04,Tutto Italia Ristorante,EPCOT,"Chianti, Terre Di Bacco",Vino,Lunch; Dinner,,45.00,epcot/tutto-italia-ristorante
2026-09-04,Tutto Italia Ristorante,EPCOT,"Chianti Classico, Vescine Capotondo",Vino,Lunch; Dinner,,65.00,epcot/tutto-italia-ristorante
2026-09-04,Tutto Italia Ristorante,EPCOT,"Chianti Classico Riserva, Vescine",Vino,Lunch; Dinner,,104.00,epcot/tutto-italia-ristorante
2026-09-04,Tutto Italia Ristorante,EPCOT,"Dolcetto D'Alba, Batasiolo",Vino,Lunch; Dinner,,65.00,epcot/tutto-italia-ristorante
2026-09-04,Tutto Italia Ristorante,EPCOT,"Pinot Nero, Lavis",Vino,Lunch; Dinner,,59.00,epcot/tutto-italia-ristorante
2026-09-04,Tutto Italia Ristorante,EPCOT,"Valpolicella, Allegrini",Vino,Lunch; Dinner,,69.00,epcot/tutto-italia-ristorante
2026-09-04,Tutto Italia Ristorante,EPCOT,"Cabernet, Terre Di Bacco",Vino,Lunch; Dinner,,52.00,epcot/tutto-italia-ristorante
2026-09-04,Tutto Italia Ristorante,EPCOT,"Langhe Nebbiolo, Massolino",Vino,Lunch; Dinner,,95.00,epcot/tutto-italia-ristorante
2026-09-04,Tutto Italia Ristorante,EPCOT,"Belnero, Banfi, Sangiovese",Vino,Lunch; Dinner,,104.00,epcot/tutto-italia-ristorante
2026-09-04,Tutto Italia Ristorante,EPCOT,"Montepulciano D'Abruzzo, La Quercia",Vino,Lunch; Dinner,,52.00,epcot/tutto-italia-ristorante
2026-09-04,Tutto Italia Ristorante,EPCOT,"Lucente, Luce",Vino,Lunch; Dinner,,99.00,epcot/tutto-italia-ristorante
2026-09-04,Tutto Italia Ristorante,EPCOT,"Aglianico Riserva, La Fortezza",Vino,Lunch; Dinner,,143.00,epcot/tutto-italia-ristorante
2026-09-04,Tutto Italia Ristorante,EPCOT,"Ali Toscana, Donna Laura",Vino,Lunch; Dinner,,65.00,epcot/tutto-italia-ristorante
2026-09-04,Tutto Italia Ristorante,EPCOT,"Amarone Sartori, Corte Bra Corvina",Vino,Lunch; Dinner,,175.00,epcot/tutto-italia-ristorante
2026-09-04,Tutto Italia Ristorante,EPCOT,"Nero D'Avola, Stemmari",Vino,Lunch; Dinner,,59.00,epcot/tutto-italia-ristorante
2026-09-04,Tutto Italia Ristorante,EPCOT,"Langhe Nebbiolo, Terre Di Bacco",Vino,Lunch; Dinner,,53.00,epcot/tutto-italia-ristorante
2026-09-04,Tutto Italia Ristorante,EPCOT,Italicus Spritz,Frizzante Cocktails,Lunch; Dinner,"Italicus Rosolio di Bergamotto, prosecco, Cerignola Olive",20.00,epcot/tutto-italia-ristorante
2026-09-04,Tutto Italia Ristorante,EPCOT,White Wine Spritzer,Frizzante Cocktails,Lunch; Dinner,A splash of sparkling mineral water with a lemon twist,12.00,epcot/tutto-italia-ristorante
2026-09-04,Tutto Italia Ristorante,EPCOT,Bellini,Frizzante Cocktails,Lunch; Dinner,"Peach purée, prosecco",16.00,epcot/tutto-italia-ristorante
2026-09-04,Tutto Italia Ristorante,EPCOT,Frizzante,Frizzante Cocktails,Lunch; Dinner,"Campari, mandarin juice, prosecco",18.00,epcot/tutto-italia-ristorante
2026-09-04,Tutto Italia Ristorante,EPCOT,Italian Margarita,Distinctly Italian,Lunch; Dinner,"Tequila, Limoncello, fresh lime juice",18.00,epcot/tutto-italia-ristorante
2026-09-04,Tutto Italia Ristorante,EPCOT,Italian Martini,Distinctly Italian,Lunch; Dinner,"Citrus vodka, limoncello, triple sec, lemon juice, sour mix",18.00,epcot/tutto-italia-ristorante
2026-09-04,Tutto Italia Ristorante,EPCOT,Sardinia Mule,Distinctly Italian,Lunch; Dinner,"Wild Sardinia Vodka, ginger beer and lime juice",17.00,epcot/tutto-italia-ristorante
2026-09-04,Tutto Italia Ristorante,EPCOT,Espresso Martini,Distinctly Italian,Lunch; Dinner,"Vanilla vodka, coffee liqueur, Italian espresso",18.00,epcot/tutto-italia-ristorante
2026-09-04,Tutto Italia Ristorante,EPCOT,Pomegranate Cosmopolitan,Distinctly Italian,Lunch; Dinner,"Citrus vodka, triple sec, pomegranate juice",17.00,epcot/tutto-italia-ristorante
2026-09-04,Tutto Italia Ristorante,EPCOT,Italian Sangria,Distinctly Italian,Lunch; Dinner,"Cabernet Terre di Bacco, rum, fruit juice",16.00,epcot/tutto-italia-ristorante
2026-09-04,Tutto Italia Ristorante,EPCOT,Campari & Soda,Distinctly Italian,Lunch; Dinner,,14.00,epcot/tutto-italia-ristorante
2026-09-04,Tutto Italia Ristorante,EPCOT,Cynar & Soda,Distinctly Italian,Lunch; Dinner,With a slice of orange,14.00,epcot/tutto-italia-ristorante
2026-09-04,Tutto Italia Ristorante,EPCOT,Martini Your Way,Distinctly Italian,Lunch; Dinner,Up or on the rocks,20.00,epcot/tutto-italia-ristorante
2026-09-04,Tutto Italia Ristorante,EPCOT,Sicilian Iced Tea,Distinctly Italian,Lunch; Dinner,"Amaro Averna, Orangecello, lemon juice",17.00,epcot/tutto-italia-ristorante
2026-09-04,Tutto Italia Ristorante,EPCOT,Red Passion,Distinctly Italian,Lunch; Dinner,"Campari, grapefruit juice",17.00,epcot/tutto-italia-ristorante
2026-09-04,Tutto Italia Ristorante,EPCOT,Americano,Distinctly Italian,Lunch; Dinner,"Campari, sweet vermouth, club soda, orange twist",17.00,epcot/tutto-italia-ristorante
2026-09-04,Tutto Italia Ristorante,EPCOT,Limoncello Flight,Limoncello,Lunch; Dinner,Regular | Crema | Pistachio,24.00,epcot/tutto-italia-ristorante
2026-09-04,Tutto Italia Ristorante,EPCOT,Fabrizia,Limoncello,Lunch; Dinner,Sicilian lemons transformed in a wonderful experience,12.00,epcot/tutto-italia-ristorante
2026-09-04,Tutto Italia Ristorante,EPCOT,Fabrizia Crema,Limoncello,Lunch; Dinner,A silky and creamy alternative spin on a classic,12.00,epcot/tutto-italia-ristorante
2026-09-04,Tutto Italia Ristorante,EPCOT,Fabrizia Pistacchio,Limoncello,Lunch; Dinner,made with toasted Sicilian pistachios and cream,12.00,epcot/tutto-italia-ristorante
2026-09-04,Tutto Italia Ristorante,EPCOT,Di Capri,Limoncello,Lunch; Dinner,The original recipe from Capri Island,15.00,epcot/tutto-italia-ristorante
2026-09-04,Tutto Italia Ristorante,EPCOT,Molinari Extra,Sambuca,Lunch; Dinner,Flavored with anise and a mixture of herbs and spices,13.00,epcot/tutto-italia-ristorante
2026-09-04,Tutto Italia Ristorante,EPCOT,Basilica Black,Sambuca,Lunch; Dinner,Elderberries and anise provide a licorice color and flavor,11.00,epcot/tutto-italia-ristorante
2026-09-04,Tutto Italia Ristorante,EPCOT,Amaro Averna,Amari E Liquori,Lunch; Dinner,"Semi-bitter, velvety and warm on the palate with a bittersweet taste",13.00,epcot/tutto-italia-ristorante
2026-09-04,Tutto Italia Ristorante,EPCOT,Amaro Montenegro,Amari E Liquori,Lunch; Dinner,"Orange, coriander, cherries, pekoe tea and cucumber",13.00,epcot/tutto-italia-ristorante
2026-09-04,Tutto Italia Ristorante,EPCOT,Amaro Ramazzotti,Amari E Liquori,Lunch; Dinner,Smooth and delicate with a perfect balance of sweet and bitter,13.00,epcot/tutto-italia-ristorante
2026-09-04,Tutto Italia Ristorante,EPCOT,Caravella Orangecello,Amari E Liquori,Lunch; Dinner,Syrupy and sweet with a strong orange blossom character,13.00,epcot/tutto-italia-ristorante
2026-09-04,Tutto Italia Ristorante,EPCOT,Cynar,Amari E Liquori,Lunch; Dinner,Artichoke liqueur,13.00,epcot/tutto-italia-ristorante
2026-09-04,Tutto Italia Ristorante,EPCOT,Disaronno Amaretto,Amari E Liquori,Lunch; Dinner,Almond taste that reflects the essence of 17 selected herbs,15.00,epcot/tutto-italia-ristorante
2026-09-04,Tutto Italia Ristorante,EPCOT,Frangelico Hazelnut Liqueur,Amari E Liquori,Lunch; Dinner,Toasted hazelnuts with hints of vanilla and chocolate,15.00,epcot/tutto-italia-ristorante
2026-09-04,Tutto Italia Ristorante,EPCOT,Fernet Branca,Amari E Liquori,Lunch; Dinner,A bitter aromatic spirit made from 40+ herbs and spices,13.00,epcot/tutto-italia-ristorante
2026-09-04,Tutto Italia Ristorante,EPCOT,Gra'it,Grappa,Lunch; Dinner,Distilled from a blend of the seven finest Italian grape pomaces and aged 12 months in Slovenian oak casks,31.00,epcot/tutto-italia-ristorante
2026-09-04,Tutto Italia Ristorante,EPCOT,Marcati Il Bacio Delle Muse Riserva,Grappa,Lunch; Dinner,Bright golden color with notes of vanilla and red berries,16.00,epcot/tutto-italia-ristorante
2026-09-04,Tutto Italia Ristorante,EPCOT,Marcati Di Amarone,Grappa,Lunch; Dinner,The fruit-rich pomace produces a very fruity and velvety grappa with an irresistible aroma,20.00,epcot/tutto-italia-ristorante
2026-09-04,Tutto Italia Ristorante,EPCOT,Nonino Il Moscato,Grappa,Lunch; Dinner,"Elegant, aromatic, soft and sensual",27.00,epcot/tutto-italia-ristorante
2026-09-04,Tutto Italia Ristorante,EPCOT,Sweet,Marsala & Brandy,Lunch; Dinner,"Sweet, fortified, full-body wine",12.00,epcot/tutto-italia-ristorante
2026-09-04,Tutto Italia Ristorante,EPCOT,Dry,Marsala & Brandy,Lunch; Dinner,"Dry, fortified, full-body wine",12.00,epcot/tutto-italia-ristorante
2026-09-04,Tutto Italia Ristorante,EPCOT,Stock 84,Marsala & Brandy,Lunch; Dinner,"Smooth, mellow flavors and soft aroma with a very faint fruitness",20.00,epcot/tutto-italia-ristorante
2026-09-04,UK Beer Cart,EPCOT,Sparkling Cucumber-Gin Cocktail,Food & Wine Festival Alcoholic Beverage Offerings,Bar – Lounge,"Fords Gin, Blackberry Brandy, Cucumber Syrup, Minute Maid® Premium Lemonade, and Maschio Prosecco",17.50,epcot/uk-beer-cart
2026-09-04,UK Beer Cart,EPCOT,Sparkling Cucumber-Gin Cocktail,Alcoholic Beverages,Bar – Lounge,"Fords Gin, Blackberry Brandy, Cucumber Syrup, Minute Maid® Premium Lemonade, and Maschio Prosecco",17.50,epcot/uk-beer-cart
2026-09-04,UK Beer Cart,EPCOT,Harp Lager Draft,Alcoholic Beverages,Bar – Lounge,,12.00,epcot/uk-beer-cart
2026-09-04,UK Beer Cart,EPCOT,BrewDog Punk IPA,Alcoholic Beverages,Bar – Lounge,,12.00,epcot/uk-beer-cart
2026-09-04,UK Beer Cart,EPCOT,Seasonal Hard Cider,Alcoholic Beverages,Bar – Lounge,,12.75,epcot/uk-beer-cart
2026-09-04,UK Beer Cart,EPCOT,DASANI® Bottled Water,Beverages,Bar – Lounge,,4.25,epcot/uk-beer-cart
2026-09-04,Via Napoli Ristorante e Pizzeria,EPCOT,Tris di Bruschetta,Antipasti,Lunch; Dinner,"classica with tomatoes, burrata and pesto, eggplant and zucchini",15.00,epcot/via-napoli
2026-09-04,Via Napoli Ristorante e Pizzeria,EPCOT,Calamari Fritti,Antipasti,Lunch; Dinner,"fried calamari rings, spicy tomato sauce",23.00,epcot/via-napoli
2026-09-04,Via Napoli Ristorante e Pizzeria,EPCOT,Mozzarella Caprese,Antipasti,Lunch; Dinner,"fior di latte mozzarella, vine-ripened tomato, basil",14.00,epcot/via-napoli
2026-09-04,Via Napoli Ristorante e Pizzeria,EPCOT,Arancini,Antipasti,Lunch; Dinner,"fried risotto balls, fontina cheese, meat ragù",16.00,epcot/via-napoli
2026-09-04,Via Napoli Ristorante e Pizzeria,EPCOT,Homemade Focaccia,Antipasti,Lunch; Dinner,with sides of marinara and Italian extra virgin olive oil and herbs,8.50,epcot/via-napoli
2026-09-04,Via Napoli Ristorante e Pizzeria,EPCOT,Tagliere (serves 2),Antipasti,Lunch; Dinner,"chef’s selection of cured meats, cheeses, jam, olives, grapes, and grissini bread",39.00,epcot/via-napoli
2026-09-04,Via Napoli Ristorante e Pizzeria,EPCOT,Cesare*,Insalate,Lunch; Dinner,"romaine lettuce, parmesan, savory bread crumbs. add chicken 8 | add shrimp 9",21.00,epcot/via-napoli
2026-09-04,Via Napoli Ristorante e Pizzeria,EPCOT,House Salad,Insalate,Lunch; Dinner,"(price per person, minimum 2) mixed greens, cucumber, pepperoncino peppers, peppadew peppers, diced tomatoes, olives, balsamic vinaigrette",10.00,epcot/via-napoli
2026-09-04,Via Napoli Ristorante e Pizzeria,EPCOT,Tortellini,Paste,Lunch; Dinner,"stuffed pasta, sautéed pancetta, sweet peas, parmesan cheese cream sauce",30.00,epcot/via-napoli
2026-09-04,Via Napoli Ristorante e Pizzeria,EPCOT,Spaghetti e Polpettine,Paste,Lunch; Dinner,tomato and homemade meatballs,29.00,epcot/via-napoli
2026-09-04,Via Napoli Ristorante e Pizzeria,EPCOT,Penne Alla Bolognese,Paste,Lunch; Dinner,"penne pasta, beef, pork, and veal bolognese ragu topped with ricotta salata",28.00,epcot/via-napoli
2026-09-04,Via Napoli Ristorante e Pizzeria,EPCOT,Manicotti,Paste,Lunch; Dinner,"tube pasta filled with ricotta cheese, pomodoro tomato sauce, béchamel cream sauce, toasted breadcrumbs, thyme, parmesan cheese, fresh basil",28.00,epcot/via-napoli
2026-09-04,Via Napoli Ristorante e Pizzeria,EPCOT,Fettucine via Napoli,Paste,Lunch; Dinner,fettucine pasta tossed in a parmesan cream sauce. add chicken 8 | add shrimp 9,29.00,epcot/via-napoli
2026-09-04,Via Napoli Ristorante e Pizzeria,EPCOT,Branzino*,Secondi,Lunch; Dinner,"mediterranean sea bass, lemon oil, sautéed green beans, cherry tomatoes",39.00,epcot/via-napoli
2026-09-04,Via Napoli Ristorante e Pizzeria,EPCOT,Chicken Parmesan,Secondi,Lunch; Dinner,"traditionally prepared with house-made tomato sauce and fresh mozzarella cheese, served with spaghetti, tomato sauce",34.00,epcot/via-napoli
2026-09-04,Via Napoli Ristorante e Pizzeria,EPCOT,Filetto di Manzo*,Secondi,Lunch; Dinner,"two medallions of beef filet grilled to your liking, served with fingerling potatoes, baby carrots, green beans, topped with rosemary butter",49.00,epcot/via-napoli
2026-09-04,Via Napoli Ristorante e Pizzeria,EPCOT,Green Beans,Contorni,Lunch; Dinner,,9.00,epcot/via-napoli
2026-09-04,Via Napoli Ristorante e Pizzeria,EPCOT,Fingerling Potatoes,Contorni,Lunch; Dinner,,9.00,epcot/via-napoli
2026-09-04,Via Napoli Ristorante e Pizzeria,EPCOT,Carciofi Pizza - Individual,Pizze Speciali,Lunch; Dinner,"white pizza - artichoke, fontina, mozzarella, truffle oil",25.00,epcot/via-napoli
2026-09-04,Via Napoli Ristorante e Pizzeria,EPCOT,Carciofi Pizza - Large,Pizze Speciali,Lunch; Dinner,"white pizza - artichoke, fontina, mozzarella, truffle oil",42.00,epcot/via-napoli
2026-09-04,Via Napoli Ristorante e Pizzeria,EPCOT,Carciofi Pizza - Half Meter,Pizze Speciali,Lunch; Dinner,"white pizza - artichoke, fontina, mozzarella, truffle oil",58.00,epcot/via-napoli
2026-09-04,Via Napoli Ristorante e Pizzeria,EPCOT,Prosciutto e Melone Pizza - Individual,Pizze Speciali,Lunch; Dinner,"white pizza - fontina, mozzarella, prosciutto, cantaloupe, arugula",26.00,epcot/via-napoli
2026-09-04,Via Napoli Ristorante e Pizzeria,EPCOT,Prosciutto e Melone Pizza - Large,Pizze Speciali,Lunch; Dinner,"white pizza - fontina, mozzarella, prosciutto, cantaloupe, arugula",42.00,epcot/via-napoli
2026-09-04,Via Napoli Ristorante e Pizzeria,EPCOT,Prosciutto e Melone Pizza - Half Meter,Pizze Speciali,Lunch; Dinner,"white pizza - fontina, mozzarella, prosciutto, cantaloupe, arugula",58.00,epcot/via-napoli
2026-09-04,Via Napoli Ristorante e Pizzeria,EPCOT,Capricciosa Pizza - Individual,Pizze Speciali,Lunch; Dinner,"tomato sauce, mozzarella parmacotto ham, olives, artichokes, mushrooms, oregano",26.00,epcot/via-napoli
2026-09-04,Via Napoli Ristorante e Pizzeria,EPCOT,Capricciosa Pizza - Large,Pizze Speciali,Lunch; Dinner,"tomato sauce, mozzarella parmacotto ham, olives, artichokes, mushrooms, oregano",42.00,epcot/via-napoli
2026-09-04,Via Napoli Ristorante e Pizzeria,EPCOT,Capricciosa Pizza - Half Meter,Pizze Speciali,Lunch; Dinner,"tomato sauce, mozzarella parmacotto ham, olives, artichokes, mushrooms, oregano",58.00,epcot/via-napoli
2026-09-04,Via Napoli Ristorante e Pizzeria,EPCOT,Quattro Formaggi Pizza - Individual,Pizze Speciali,Lunch; Dinner,"white pizza - mozzarella, parmesan, fontina, provolone",25.00,epcot/via-napoli
2026-09-04,Via Napoli Ristorante e Pizzeria,EPCOT,Quattro Formaggi Pizza - Large,Pizze Speciali,Lunch; Dinner,"white pizza - mozzarella, parmesan, fontina, provolone",42.00,epcot/via-napoli
2026-09-04,Via Napoli Ristorante e Pizzeria,EPCOT,Quattro Formaggi Pizza - Half Meter,Pizze Speciali,Lunch; Dinner,"white pizza - mozzarella, parmesan, fontina, provolone",57.00,epcot/via-napoli
2026-09-04,Via Napoli Ristorante e Pizzeria,EPCOT,Margherita Pizza - Individual,Pizze Speciali,Lunch; Dinner,"tomato sauce, mozzarella, basil",22.00,epcot/via-napoli
2026-09-04,Via Napoli Ristorante e Pizzeria,EPCOT,Margherita Pizza - Large,Pizze Speciali,Lunch; Dinner,"tomato sauce, mozzarella, basil",36.00,epcot/via-napoli
2026-09-04,Via Napoli Ristorante e Pizzeria,EPCOT,Margherita Pizza - Half Meter,Pizze Speciali,Lunch; Dinner,"tomato sauce, mozzarella, basil",48.00,epcot/via-napoli
2026-09-04,Via Napoli Ristorante e Pizzeria,EPCOT,Meat Lover Pizza - Individual,Pizze Speciali,Lunch; Dinner,"tomato sauce, mozzarella, italian spicy sausage, pancetta, parmacotto ham, pepperoni",26.00,epcot/via-napoli
2026-09-04,Via Napoli Ristorante e Pizzeria,EPCOT,Meat Lover Pizza - Large,Pizze Speciali,Lunch; Dinner,"tomato sauce, mozzarella, italian spicy sausage, pancetta, parmacotto ham, pepperoni",45.00,epcot/via-napoli
2026-09-04,Via Napoli Ristorante e Pizzeria,EPCOT,Meat Lover Pizza - Half Meter,Pizze Speciali,Lunch; Dinner,"tomato sauce, mozzarella, italian spicy sausage, pancetta, parmacotto ham, pepperoni",60.00,epcot/via-napoli
2026-09-04,Via Napoli Ristorante e Pizzeria,EPCOT,Tiramisù,Dolci (Desserts),Lunch; Dinner,"mascarpone cream, espresso coffee, lady fingers, and chocolate",14.00,epcot/via-napoli
2026-09-04,Via Napoli Ristorante e Pizzeria,EPCOT,Cannolo Siciliano,Dolci (Desserts),Lunch; Dinner,"crisp pastry filled with sweet ricotta, chocolate, and candied orange",12.00,epcot/via-napoli
2026-09-04,Via Napoli Ristorante e Pizzeria,EPCOT,Cannolo di Cioccolato e Nocciola,Dolci (Desserts),Lunch; Dinner,"chocolate-covered cannolo filled with hazelnut ricotta cream, garnished with hazelnuts",12.00,epcot/via-napoli
2026-09-04,Via Napoli Ristorante e Pizzeria,EPCOT,Cheesecake alle Fragole,Dolci (Desserts),Lunch; Dinner,"ricotta cheesecake, fresh strawberries compote, whipped cream",12.00,epcot/via-napoli
2026-09-04,Via Napoli Ristorante e Pizzeria,EPCOT,Torta al Cioccolato,Dolci (Desserts),Lunch; Dinner,"chocolate tart, dark chocolate ganache, white chocolate cream, chocolate sauce",13.00,epcot/via-napoli
2026-09-04,Via Napoli Ristorante e Pizzeria,EPCOT,Gelati e Sorbetti,Dolci (Desserts),Lunch; Dinner,"chocolate and vanilla, or strawberry",12.00,epcot/via-napoli
2026-09-04,Via Napoli Ristorante e Pizzeria,EPCOT,Limoncello Float,Dolci (Desserts),Lunch; Dinner,Sicilian limoncello over homemade limoncello gelato and fresh raspberry (21+,19.00,epcot/via-napoli
2026-09-04,Via Napoli Ristorante e Pizzeria,EPCOT,Bocconcini,Kids' Appetizers,Lunch; Dinner,breaded fried mozzarella bites,8.00,epcot/via-napoli
2026-09-04,Via Napoli Ristorante e Pizzeria,EPCOT,Pizza Margarita,Kids' Entrées,Lunch; Dinner,fresh mozzarella and tomato sauce,11.50,epcot/via-napoli
2026-09-04,Via Napoli Ristorante e Pizzeria,EPCOT,Spaghetti,Kids' Entrées,Lunch; Dinner,tomato sauce and meatball,11.50,epcot/via-napoli
2026-09-04,Via Napoli Ristorante e Pizzeria,EPCOT,Chicken Tender,Kids' Entrées,Lunch; Dinner,"fried breaded chicken, marinara sauce",12.00,epcot/via-napoli
2026-09-04,Via Napoli Ristorante e Pizzeria,EPCOT,Bombolone,Kids' Desserts,Lunch; Dinner,Italian doughnuts filled with cream,8.00,epcot/via-napoli
2026-09-04,Via Napoli Ristorante e Pizzeria,EPCOT,Gelati e Sorbetti,Kids' Desserts,Lunch; Dinner,"chocolate and vanilla, strawberry",6.00,epcot/via-napoli
2026-09-04,Via Napoli Ristorante e Pizzeria,EPCOT,Italian Soda,Non-Alcoholic Beverages,Lunch; Dinner,aranciata or limonata,7.00,epcot/via-napoli
2026-09-04,Via Napoli Ristorante e Pizzeria,EPCOT,Italian Water,Non-Alcoholic Beverages,Lunch; Dinner,"1 liter, still, or sparkling",9.00,epcot/via-napoli
2026-09-04,Via Napoli Ristorante e Pizzeria,EPCOT,Strawberry Acqua Fresca,Non-Alcoholic Beverages,Lunch; Dinner,,8.50,epcot/via-napoli
2026-09-04,Via Napoli Ristorante e Pizzeria,EPCOT,Dolce Vita,Non-Alcoholic Beverages,Lunch; Dinner,"raspberry syrup, peach puree, lemon juice with glow cube",11.00,epcot/via-napoli
2026-09-04,Via Napoli Ristorante e Pizzeria,EPCOT,Frozen Vulcano,Non-Alcoholic Beverages,Lunch; Dinner,"pina colada, strawberry puree, raspberry syrup",9.00,epcot/via-napoli
2026-09-04,Via Napoli Ristorante e Pizzeria,EPCOT,Virgin Pina Colada,Non-Alcoholic Beverages,Lunch; Dinner,,8.00,epcot/via-napoli
2026-09-04,Via Napoli Ristorante e Pizzeria,EPCOT,Sicily 75,Zero-Proof Cocktails,Lunch; Dinner,"Aplos Ease, alcohol removed prosecco, lemon juice",14.00,epcot/via-napoli
2026-09-04,Via Napoli Ristorante e Pizzeria,EPCOT,Amalfi Refresher,Zero-Proof Cocktails,Lunch; Dinner,"Aplos Arise, pineapple juice, lime juice",14.00,epcot/via-napoli
2026-09-04,Via Napoli Ristorante e Pizzeria,EPCOT,Espresso,Caffè,Lunch; Dinner,,5.00,epcot/via-napoli
2026-09-04,Via Napoli Ristorante e Pizzeria,EPCOT,Double Espresso,Caffè,Lunch; Dinner,,7.00,epcot/via-napoli
2026-09-04,Via Napoli Ristorante e Pizzeria,EPCOT,Cappuccino,Caffè,Lunch; Dinner,,6.00,epcot/via-napoli
2026-09-04,Via Napoli Ristorante e Pizzeria,EPCOT,Limoncello Mule,Cocktails,Lunch; Dinner,"Wild Sardinia Vodka, Limoncello, peach puree, orange juice, pineapple juice, lime juice, ginger beer",20.00,epcot/via-napoli
2026-09-04,Via Napoli Ristorante e Pizzeria,EPCOT,Americano,Cocktails,Lunch; Dinner,Gaspare Campari’s famous cocktail with sweet vermouth and club soda,18.00,epcot/via-napoli
2026-09-04,Via Napoli Ristorante e Pizzeria,EPCOT,Sicilian Sunset,Cocktails,Lunch; Dinner,"vodka, orangecello, orange juice, pineapple juice, over shaved ice",18.00,epcot/via-napoli
2026-09-04,Via Napoli Ristorante e Pizzeria,EPCOT,Via Vesuvio,Cocktails,Lunch; Dinner,"blood orange vodka, prosecco, raspberries",18.00,epcot/via-napoli
2026-09-04,Via Napoli Ristorante e Pizzeria,EPCOT,Negroni,Cocktails,Lunch; Dinner,"Cipriani gin, Campari, sweet vermouth",19.00,epcot/via-napoli
2026-09-04,Via Napoli Ristorante e Pizzeria,EPCOT,Amaretto Sour,Cocktails,Lunch; Dinner,"Amaretto liqueur, lemon-lime soda, lemon juice",18.00,epcot/via-napoli
2026-09-04,Via Napoli Ristorante e Pizzeria,EPCOT,Torcello Old Fashioned,Cocktails,Lunch; Dinner,"Four Roses Bourbon, Cipriani amaro 7 Parti, bitters",17.00,epcot/via-napoli
2026-09-04,Via Napoli Ristorante e Pizzeria,EPCOT,Via Napoli's Earth Cocktail,Cocktails,Lunch; Dinner,"Tito’s Handmade Vodka, Midori, orange juice, and pineapple juice",18.00,epcot/via-napoli
2026-09-04,Via Napoli Ristorante e Pizzeria,EPCOT,Italian Siesta,Cocktails,Lunch; Dinner,"Silver Tequila, Campari, grapefruit juice, lime juice",18.00,epcot/via-napoli
2026-09-04,Via Napoli Ristorante e Pizzeria,EPCOT,Bellini,Cocktails,Lunch; Dinner,"peach purée, prosecco",17.00,epcot/via-napoli
2026-09-04,Via Napoli Ristorante e Pizzeria,EPCOT,Lemon Drop,Cocktails,Lunch; Dinner,vodka and limoncello over shaved ice,17.00,epcot/via-napoli
2026-09-04,Via Napoli Ristorante e Pizzeria,EPCOT,Strawberry Limoncello,Cocktails,Lunch; Dinner,served frozen with strawberry garnish,16.00,epcot/via-napoli
2026-09-04,Via Napoli Ristorante e Pizzeria,EPCOT,Aperol Spritz,Cocktails,Lunch; Dinner,"Aperol, prosecco, splash of soda",16.00,epcot/via-napoli
2026-09-04,Via Napoli Ristorante e Pizzeria,EPCOT,Tiramisù Martini,Cocktails,Lunch; Dinner,"vanilla vodka, Baileys, Kahlúa, espresso, cream, cocoa",18.00,epcot/via-napoli
2026-09-04,Via Napoli Ristorante e Pizzeria,EPCOT,Espresso Martini,Cocktails,Lunch; Dinner,made with Lavazza espresso,18.00,epcot/via-napoli
2026-09-04,Via Napoli Ristorante e Pizzeria,EPCOT,Cannoli Martini,Cocktails,Lunch; Dinner,"biscotti liqueur, cream, chocolate, crushed cannoli shell",17.00,epcot/via-napoli
2026-09-04,Via Napoli Ristorante e Pizzeria,EPCOT,Prosecco Terre di Bacco,Sangria,Lunch; Dinner,,58.00,epcot/via-napoli
2026-09-04,Via Napoli Ristorante e Pizzeria,EPCOT,Gavi Batasiolo,Sangria,Lunch; Dinner,,58.00,epcot/via-napoli
2026-09-04,Via Napoli Ristorante e Pizzeria,EPCOT,Langhe Terre di Bacco,Sangria,Lunch; Dinner,,58.00,epcot/via-napoli
2026-09-04,Via Napoli Ristorante e Pizzeria,EPCOT,Italian Beer Sangria,Sangria,Lunch; Dinner,"Peroni beer, St. Germain, pear purée, orange juice, lemon juice",15.00,epcot/via-napoli
2026-09-04,Via Napoli Ristorante e Pizzeria,EPCOT,Peroni,Birre (Beer Selections),Lunch; Dinner,,40.00,epcot/via-napoli
2026-09-04,Via Napoli Ristorante e Pizzeria,EPCOT,Bud Light,Birre (Beer Selections),Lunch; Dinner,,29.00,epcot/via-napoli
2026-09-04,Via Napoli Ristorante e Pizzeria,EPCOT,Blue Moon,Birre (Beer Selections),Lunch; Dinner,,16.00,epcot/via-napoli
2026-09-04,Via Napoli Ristorante e Pizzeria,EPCOT,Seasonal Draft,Birre (Beer Selections),Lunch; Dinner,(Ask your server for details),16.00,epcot/via-napoli
2026-09-04,Via Napoli Ristorante e Pizzeria,EPCOT,Menabrea Bionda,Birre (Beer Selections),Lunch; Dinner,,15.00,epcot/via-napoli
2026-09-04,Via Napoli Ristorante e Pizzeria,EPCOT,Menabrea Ambrata,Birre (Beer Selections),Lunch; Dinner,,15.00,epcot/via-napoli
2026-09-04,Via Napoli Ristorante e Pizzeria,EPCOT,White Wine Flight,Vini,Lunch; Dinner,Sauvignon Blanc (Terre di Bacco) | Centro Filari Lugana (Cesari) | Gavi (Batasiolo),24.00,epcot/via-napoli
2026-09-04,Via Napoli Ristorante e Pizzeria,EPCOT,Via Napoli Flight,Vini,Lunch; Dinner,Prosecco Rose (Terre di Bacco) | Pinot Grigio (Terre di Bacco) | Langhe (Terre di Bacco),26.00,epcot/via-napoli
2026-09-04,Via Napoli Ristorante e Pizzeria,EPCOT,Red Flight,Vini,Lunch; Dinner,Langhe (Terre di Bacco) | Le Orme Barbera D'Asti (Michele Chiarlo) | Chianti Classico (Terre di Bacco),26.00,epcot/via-napoli
2026-09-04,Via Napoli Ristorante e Pizzeria,EPCOT,Sangria Flight,Vini,Lunch; Dinner,Prosecco | Gavi White Wine | Langhe Red Wine,26.00,epcot/via-napoli
2026-09-04,Via Napoli Ristorante e Pizzeria,EPCOT,Limoncello Float,Vini,Lunch; Dinner,Sicilian limoncello over homemade limoncello gelato and fresh raspberry (21+,19.00,epcot/via-napoli
2026-09-04,Via Napoli Ristorante e Pizzeria,EPCOT,Beer Flight (4.5 oz pours),Vini,Lunch; Dinner,Peroni | Menabrea Ambrata | Menabrea Bionda,26.00,epcot/via-napoli
2026-09-04,Yorkshire County Fish Shop,EPCOT,Beer-battered Fish and Chips,Entrée,Lunch And Dinner,,14.49,epcot/yorkshire-county-fish-shop
2026-09-04,Yorkshire County Fish Shop,EPCOT,Cuties® Mandarin 3-pack,Snacks,Lunch And Dinner,,4.19,epcot/yorkshire-county-fish-shop
2026-09-04,Yorkshire County Fish Shop,EPCOT,Chips,Snacks,Lunch And Dinner,,5.49,epcot/yorkshire-county-fish-shop
2026-09-04,Yorkshire County Fish Shop,EPCOT,Assorted Fountain Beverages,Beverages,Lunch And Dinner,Assorted Coca-Cola® Offerings,4.79,epcot/yorkshire-county-fish-shop
2026-09-04,Yorkshire County Fish Shop,EPCOT,DASANI® Bottled Water,Beverages,Lunch And Dinner,,4.25,epcot/yorkshire-county-fish-shop
2026-09-04,Yorkshire County Fish Shop,EPCOT,Freshly Brewed Joffrey's Coffee™ Regular,Beverages,Lunch And Dinner,,4.79,epcot/yorkshire-county-fish-shop
2026-09-04,Yorkshire County Fish Shop,EPCOT,Twinings® English Breakfast Tea,Beverages,Lunch And Dinner,,4.79,epcot/yorkshire-county-fish-shop
2026-09-04,Yorkshire County Fish Shop,EPCOT,Harp Lager - Ireland,Beer,Lunch And Dinner,"20-oz Draft - This classic Irish Pale Lager has a pleasant buttery-sweet malt aroma, crisp and dry, with a smooth finish",12.00,epcot/yorkshire-county-fish-shop
2026-09-04,Yorkshire County Fish Shop,EPCOT,Sullivan's Maltings Irish Red Ale,Beer,Lunch And Dinner,,12.00,epcot/yorkshire-county-fish-shop
