Pulled,Restaurant,Park,Item,Category,MealPeriods,Description,Price,Source
2026-09-04,50's Prime Time Café,Disney's Hollywood Studios,Cornbread Skillet,Appetizers,Lunch; Dinner,Served with Butter and Honey,11.00,hollywood-studios/50s-prime-time-cafe
2026-09-04,50's Prime Time Café,Disney's Hollywood Studios,Shrimp Cocktail,Appetizers,Lunch; Dinner,Served with Nappa Cabbage Slaw and Cocktail Sauce,16.00,hollywood-studios/50s-prime-time-cafe
2026-09-04,50's Prime Time Café,Disney's Hollywood Studios,Beer-battered Onion Rings,Appetizers,Lunch; Dinner,Served with Horseradish Sauce,13.00,hollywood-studios/50s-prime-time-cafe
2026-09-04,50's Prime Time Café,Disney's Hollywood Studios,Mixed Salad,Appetizers,Lunch; Dinner,"Spring Mix tossed with Vinaigrette, Roasted Vegetables, and Pepitas",12.00,hollywood-studios/50s-prime-time-cafe
2026-09-04,50's Prime Time Café,Disney's Hollywood Studios,Cousin Bob’s Chowder,Appetizers,Lunch; Dinner,Fresh Corn Chowder with House-smoked Ham,10.00,hollywood-studios/50s-prime-time-cafe
2026-09-04,50's Prime Time Café,Disney's Hollywood Studios,Aunt Liz's Golden Fried Chicken,Entrées,Lunch; Dinner,"Served with Mashed Potatoes, Chicken Gravy, and Seasonal Vegetables",29.00,hollywood-studios/50s-prime-time-cafe
2026-09-04,50's Prime Time Café,Disney's Hollywood Studios,A Sampling of Mom's Favorite Recipes,Entrées,Lunch; Dinner,"Golden-fried Chicken, Fork-tender Pot Roast, and Traditional Meatloaf with Green Beans and Mashed Potatoes",34.00,hollywood-studios/50s-prime-time-cafe
2026-09-04,50's Prime Time Café,Disney's Hollywood Studios,Caesar Salad with Chicken,Entrées,Lunch; Dinner,Romaine tossed with Caesar Dressing and Grated Parmesan\,18.00,hollywood-studios/50s-prime-time-cafe
2026-09-04,50's Prime Time Café,Disney's Hollywood Studios,Cousin Harold's Rigatoni Pasta,Entrées,Lunch; Dinner,Mixed with Vegetables and Chickpeas (Plant-based),22.00,hollywood-studios/50s-prime-time-cafe
2026-09-04,50's Prime Time Café,Disney's Hollywood Studios,Grilled Salmon*,Entrées,Lunch; Dinner,"Grilled Fresh Salmon with Grain Mustard-Chardonnay Beurre Blanc, Crushed Fingerling Potatoes with Olive Oil, and Green Beans",32.00,hollywood-studios/50s-prime-time-cafe
2026-09-04,50's Prime Time Café,Disney's Hollywood Studios,Grandpa Jean’s Chicken Pot Pie,Entrées,Lunch; Dinner,"A Traditional Pastry Crust Filled with Chicken, Potatoes, Carrots, Celery, Onions, Corn, and Peas",26.00,hollywood-studios/50s-prime-time-cafe
2026-09-04,50's Prime Time Café,Disney's Hollywood Studios,Mom's Old-fashioned Pot Roast,Entrées,Lunch; Dinner,"Slow-cooked ‘til fork-tender served with Mashed Potatoes and Cabernet Sauvignon Brown Gravy garnished with Carrots, Celery, and Onions",28.00,hollywood-studios/50s-prime-time-cafe
2026-09-04,50's Prime Time Café,Disney's Hollywood Studios,Cousin Megan's Traditional Meatloaf,Entrées,Lunch; Dinner,"Blend of Beef and Pork served with Mashed Potatoes, Green Beans, and Tomato Glaze",26.00,hollywood-studios/50s-prime-time-cafe
2026-09-04,50's Prime Time Café,Disney's Hollywood Studios,50’s Prime Time Café Blue Plate Special,Entrées,Lunch; Dinner,Braised Pork Shank served with Mashed Potatoes and Broccolini,32.00,hollywood-studios/50s-prime-time-cafe
2026-09-04,50's Prime Time Café,Disney's Hollywood Studios,Dad's Favorite Chocolate-Peanut Butter Layered Cake,Desserts,Lunch; Dinner,,8.50,hollywood-studios/50s-prime-time-cafe
2026-09-04,50's Prime Time Café,Disney's Hollywood Studios,Dad's Favorite Chocolate-Peanut Butter Layered Cake À la Mode,Desserts,Lunch; Dinner,,10.50,hollywood-studios/50s-prime-time-cafe
2026-09-04,50's Prime Time Café,Disney's Hollywood Studios,Raspberry Key Lime Pie,Desserts,Lunch; Dinner,"Key Lime Pie topped with Raspberry Panna Cotta, Vanilla Whipped Cream, and Fresh Raspberries served with Raspberry Sauce",9.00,hollywood-studios/50s-prime-time-cafe
2026-09-04,50's Prime Time Café,Disney's Hollywood Studios,Traditional Warm Apple Crisp,Desserts,Lunch; Dinner,(Plant-based),8.00,hollywood-studios/50s-prime-time-cafe
2026-09-04,50's Prime Time Café,Disney's Hollywood Studios,Traditional Warm Apple Crisp À la Mode,Desserts,Lunch; Dinner,,10.00,hollywood-studios/50s-prime-time-cafe
2026-09-04,50's Prime Time Café,Disney's Hollywood Studios,Vanilla Strawberry Shortcake,Desserts,Lunch; Dinner,"Vanilla Cake topped with Strawberry Compote, Whipped Cream, and a Ginger Streusel served with a Strawberry Sauce",8.50,hollywood-studios/50s-prime-time-cafe
2026-09-04,50's Prime Time Café,Disney's Hollywood Studios,Garden Salad,Kids' Appetizers (à la carte),Lunch; Dinner,,3.25,hollywood-studios/50s-prime-time-cafe
2026-09-04,50's Prime Time Café,Disney's Hollywood Studios,Vegetable Platter,Kids' Appetizers (à la carte),Lunch; Dinner,,3.25,hollywood-studios/50s-prime-time-cafe
2026-09-04,50's Prime Time Café,Disney's Hollywood Studios,Corn Chowder,Kids' Appetizers (à la carte),Lunch; Dinner,,3.25,hollywood-studios/50s-prime-time-cafe
2026-09-04,50's Prime Time Café,Disney's Hollywood Studios,Goofy's Salmon,Kids' Create-Your-Own Entrées (choose one),Lunch; Dinner,"Served with choice of two (2) Selections and choice of Small Lowfat Milk, Small DASANI® Water, or Small Minute Maid® Apple Juice",14.50,hollywood-studios/50s-prime-time-cafe
2026-09-04,50's Prime Time Café,Disney's Hollywood Studios,Sloppy Joe Sandwich,Kids' Create-Your-Own Entrées (choose one),Lunch; Dinner,"Served with choice of two (2) Selections and choice of Small Lowfat Milk, Small DASANI® Water, or Small Minute Maid® Apple Juice",12.50,hollywood-studios/50s-prime-time-cafe
2026-09-04,50's Prime Time Café,Disney's Hollywood Studios,Grandpa's Grilled Chicken,Kids' Create-Your-Own Entrées (choose one),Lunch; Dinner,"Served with choice of two (2) Selections and choice of Small Lowfat Milk, Small DASANI® Water, or Small Minute Maid® Apple Juice",13.50,hollywood-studios/50s-prime-time-cafe
2026-09-04,50's Prime Time Café,Disney's Hollywood Studios,Aunt Betty's Chicken Strips,Kids' Create-Your-Own Entrées (choose one),Lunch; Dinner,"Served with choice of two (2) Selections and choice of Small Lowfat Milk, Small DASANI® Water, or Small Minute Maid® Apple Juice",12.50,hollywood-studios/50s-prime-time-cafe
2026-09-04,50's Prime Time Café,Disney's Hollywood Studios,Specialty Character Drink,Kid's Specialty Drink,Lunch; Dinner,Minute Maid® Zero Sugar Lemonade with flavors of Cotton Candy served in a souvenir Character Cup,7.00,hollywood-studios/50s-prime-time-cafe
2026-09-04,50's Prime Time Café,Disney's Hollywood Studios,Mickey's Bee Bop Drink,Non-Alcoholic Specialties,Lunch; Dinner,Delicious Cherry-flavored Sprite® with Dad’s Glowing Electric Ice Cubes served in a souvenir cup,8.50,hollywood-studios/50s-prime-time-cafe
2026-09-04,50's Prime Time Café,Disney's Hollywood Studios,Flavored Sodas,Non-Alcoholic Specialties,Lunch; Dinner,Coca-Cola® blended with Vanilla or Cherry Flavors. Unlimited Refills!,5.49,hollywood-studios/50s-prime-time-cafe
2026-09-04,50's Prime Time Café,Disney's Hollywood Studios,Hand-scooped Floats,Non-Alcoholic Specialties,Lunch; Dinner,"Barq's® Root Beer, Fanta® Orange, or Coca-Cola®",8.00,hollywood-studios/50s-prime-time-cafe
2026-09-04,50's Prime Time Café,Disney's Hollywood Studios,Freshly Brewed Joffrey's Coffee™,Non-Alcoholic Specialties,Lunch; Dinner,,4.99,hollywood-studios/50s-prime-time-cafe
2026-09-04,50's Prime Time Café,Disney's Hollywood Studios,Peanut Butter & Jelly Milk Shake,Non-Alcoholic Specialties,Lunch; Dinner,,9.75,hollywood-studios/50s-prime-time-cafe
2026-09-04,50's Prime Time Café,Disney's Hollywood Studios,Handmade Milk Shakes,Non-Alcoholic Specialties,Lunch; Dinner,"Chocolate, Vanilla, or Strawberry",9.75,hollywood-studios/50s-prime-time-cafe
2026-09-04,50's Prime Time Café,Disney's Hollywood Studios,Enchanting Ember Lemonade,Non-Alcoholic Specialties,Lunch; Dinner,"Minute Maid® Premium Lemonade, Strawberry, and Hot Honey",6.49,hollywood-studios/50s-prime-time-cafe
2026-09-04,50's Prime Time Café,Disney's Hollywood Studios,Enchanted Grove Lime Splash,Non-Alcoholic Specialties,Lunch; Dinner,Minute Maid® Limeade paired with the revitalizing flavors of Cucumber and Mint,6.29,hollywood-studios/50s-prime-time-cafe
2026-09-04,50's Prime Time Café,Disney's Hollywood Studios,Grandma's Picnic Punch,From Dad's Liquor Cabinet,Lunch; Dinner,"Grandma concocted a wonderful drink for the family picnic - SVEDKA Vodka, Bols Peach Schnapps Liqueur, Bols Crème de Cassis Liqueur, Minute Maid® Premium Lemonade, and Pineapple Juice",18.50,hollywood-studios/50s-prime-time-cafe
2026-09-04,50's Prime Time Café,Disney's Hollywood Studios,The Tune-In PBJ Cocktail,From Dad's Liquor Cabinet,Lunch; Dinner,"Skrewball Peanut Butter Whiskey, Bols Blackberry Brandy, and Baileys Irish Cream Liqueur topped with a Maraschino Cherry",17.50,hollywood-studios/50s-prime-time-cafe
2026-09-04,50's Prime Time Café,Disney's Hollywood Studios,Island Fusion Punch,From Dad's Liquor Cabinet,Lunch; Dinner,"Mount Gay Eclipse Rum, Minute Maid® Passion Fruit Orange Guava, DOLE® Pineapple, and Lime Juices",16.50,hollywood-studios/50s-prime-time-cafe
2026-09-04,50's Prime Time Café,Disney's Hollywood Studios,Toasted Marshmallow Old Fashioned,From Dad's Liquor Cabinet,Lunch; Dinner,"Woodford Reserve Kentucky Straight Bourbon, Toasted Marshmallow, Hella Cocktail Co. Smoked Chili Bitters",18.50,hollywood-studios/50s-prime-time-cafe
2026-09-04,50's Prime Time Café,Disney's Hollywood Studios,Patrón Platinum Margarita,From Dad's Liquor Cabinet,Lunch; Dinner,"Patrón Silver Tequila, Cointreau Liqueur, Lime Juice, and Sweet-and-Sour",18.50,hollywood-studios/50s-prime-time-cafe
2026-09-04,50's Prime Time Café,Disney's Hollywood Studios,Dad's Electric Lemonade,From Dad's Liquor Cabinet,Lunch; Dinner,"Dad whips up an electrifying blue drink with SVEDKA Vodka, Blue Curaçao Liqueur, Sweet-and-Sour, and Sprite®",18.50,hollywood-studios/50s-prime-time-cafe
2026-09-04,50's Prime Time Café,Disney's Hollywood Studios,Espresso Martini,From Dad's Liquor Cabinet,Lunch; Dinner,"Grainger’s Deluxe Organic Vanilla Vodka, Tia Maria Cold Brew Coffee Liqueur, Bols White Crème de Cacao Liqueur, and Espresso",17.50,hollywood-studios/50s-prime-time-cafe
2026-09-04,50's Prime Time Café,Disney's Hollywood Studios,Coconut Gimlet,From Dad's Liquor Cabinet,Lunch; Dinner,"Hendrick’s Gin, Coconut, Lime, and Cardamom Bitters",17.50,hollywood-studios/50s-prime-time-cafe
2026-09-04,50's Prime Time Café,Disney's Hollywood Studios,Ultimate Long Island Iced Tea,From Dad's Liquor Cabinet,Lunch; Dinner,"Bacardí Superior Rum, Tito’s Handmade Vodka, Corazón Blanco Tequila, Hendrick’s Gin, Cointreau Liqueur, and Sweet-and-Sour with a splash of Coca-Cola®",18.50,hollywood-studios/50s-prime-time-cafe
2026-09-04,50's Prime Time Café,Disney's Hollywood Studios,"Marsuret Prosecco, Valdobbiadene Superiore NV","Sparkling, Whites, Blush, and Red Wines",Lunch; Dinner,"delicate mousse, hints of apple and apricot and crème with toastiness on the finish.",56.00,hollywood-studios/50s-prime-time-cafe
2026-09-04,50's Prime Time Café,Disney's Hollywood Studios,Coppo Mocscato d'Asti Moncalvina,"Sparkling, Whites, Blush, and Red Wines",Lunch; Dinner,Fresh and aromatic on the palate with floral notes along with peach and pear overtones.,56.00,hollywood-studios/50s-prime-time-cafe
2026-09-04,50's Prime Time Café,Disney's Hollywood Studios,"King Estate Pinot Gris, Willamette Valley","Sparkling, Whites, Blush, and Red Wines",Lunch; Dinner,,67.00,hollywood-studios/50s-prime-time-cafe
2026-09-04,50's Prime Time Café,Disney's Hollywood Studios,"Kim Crawford Sauvignon Blanc, Marlborough","Sparkling, Whites, Blush, and Red Wines",Lunch; Dinner,,67.00,hollywood-studios/50s-prime-time-cafe
2026-09-04,50's Prime Time Café,Disney's Hollywood Studios,"Fess Parker Chardonnay, Santa Barbara County","Sparkling, Whites, Blush, and Red Wines",Lunch; Dinner,typical apple and pear aromas with notes of orange blossom and vanilla mingle well with hints of oak.,56.00,hollywood-studios/50s-prime-time-cafe
2026-09-04,50's Prime Time Café,Disney's Hollywood Studios,"MacMurray Estate Vineyards Pinot Noir, Central Coast","Sparkling, Whites, Blush, and Red Wines",Lunch; Dinner,,74.00,hollywood-studios/50s-prime-time-cafe
2026-09-04,50's Prime Time Café,Disney's Hollywood Studios,"Decoy by Duckhorn Merlot, Sonoma County","Sparkling, Whites, Blush, and Red Wines",Lunch; Dinner,,67.00,hollywood-studios/50s-prime-time-cafe
2026-09-04,50's Prime Time Café,Disney's Hollywood Studios,"Louis M. Martini Cabernet Sauvignon, Sonoma County","Sparkling, Whites, Blush, and Red Wines",Lunch; Dinner,"layers of red cherry, blackberry, and fresh sage with notes of chocolate and vanilla.",25.00,hollywood-studios/50s-prime-time-cafe
2026-09-04,50's Prime Time Café,Disney's Hollywood Studios,Bud Light Lager,Craft and Draft Beer,Lunch; Dinner,,9.75,hollywood-studios/50s-prime-time-cafe
2026-09-04,50's Prime Time Café,Disney's Hollywood Studios,Miller Lite,Craft and Draft Beer,Lunch; Dinner,,9.75,hollywood-studios/50s-prime-time-cafe
2026-09-04,50's Prime Time Café,Disney's Hollywood Studios,"Yuengling Traditional Draft – Pottsville, PA",Craft and Draft Beer,Lunch; Dinner,,9.75,hollywood-studios/50s-prime-time-cafe
2026-09-04,50's Prime Time Café,Disney's Hollywood Studios,Samuel Adams Seasonal Draft,Craft and Draft Beer,Lunch; Dinner,,11.75,hollywood-studios/50s-prime-time-cafe
2026-09-04,50's Prime Time Café,Disney's Hollywood Studios,Cigar City Ja Alai IPA Draft,Craft and Draft Beer,Lunch; Dinner,,11.75,hollywood-studios/50s-prime-time-cafe
2026-09-04,50's Prime Time Café,Disney's Hollywood Studios,Stella Artois,Craft and Draft Beer,Lunch; Dinner,,11.00,hollywood-studios/50s-prime-time-cafe
2026-09-04,50's Prime Time Café,Disney's Hollywood Studios,Corona Extra,Craft and Draft Beer,Lunch; Dinner,,9.75,hollywood-studios/50s-prime-time-cafe
2026-09-04,50's Prime Time Café,Disney's Hollywood Studios,Blue Moon Belgian White,Craft and Draft Beer,Lunch; Dinner,,9.50,hollywood-studios/50s-prime-time-cafe
2026-09-04,50's Prime Time Café,Disney's Hollywood Studios,Schöfferhofer Grapefruit Hefeweizen,Craft and Draft Beer,Lunch; Dinner,,11.00,hollywood-studios/50s-prime-time-cafe
2026-09-04,50's Prime Time Café,Disney's Hollywood Studios,New Belgium Fat Tire,Craft and Draft Beer,Lunch; Dinner,,11.50,hollywood-studios/50s-prime-time-cafe
2026-09-04,50's Prime Time Café,Disney's Hollywood Studios,Angry Orchard Crisp Apple Hard Cider,Craft and Draft Beer,Lunch; Dinner,,10.50,hollywood-studios/50s-prime-time-cafe
2026-09-04,50's Prime Time Café,Disney's Hollywood Studios,"Michelob Ultra Draft - St. Louis, MO",Craft and Draft Beer,Lunch; Dinner,,9.75,hollywood-studios/50s-prime-time-cafe
2026-09-04,50's Prime Time Café,Disney's Hollywood Studios,"White Claw Black Cherry Hard Seltzer - Chicago, IL",Craft and Draft Beer,Lunch; Dinner,,11.00,hollywood-studios/50s-prime-time-cafe
2026-09-04,50's Prime Time Café,Disney's Hollywood Studios,Shrimp Cocktail,Allergy-Friendly Appetizers,Lunch; Dinner,"Served with Nappa Cabbage Slaw and Cocktail Sauce (For Gluten/Wheat, Egg, Fish, Milk, Peanut/Tree Nut, Sesame, Soy Allergies)",16.00,hollywood-studios/50s-prime-time-cafe
2026-09-04,50's Prime Time Café,Disney's Hollywood Studios,Beer-battered Onion Rings,Allergy-Friendly Appetizers,Lunch; Dinner,"Served with Horseradish Sauce (For Fish/Shellfish, Peanut/Tree Nut, Sesame, Soy Allergies)",13.00,hollywood-studios/50s-prime-time-cafe
2026-09-04,50's Prime Time Café,Disney's Hollywood Studios,Cornbread Skillet,Allergy-Friendly Appetizers,Lunch; Dinner,"Served with Butter and Honey (For Egg, Fish/Shellfish, Peanut/Tree Nut, Sesame, Soy Allergies)",11.00,hollywood-studios/50s-prime-time-cafe
2026-09-04,50's Prime Time Café,Disney's Hollywood Studios,Mixed Salad,Allergy-Friendly Appetizers,Lunch; Dinner,"Spring Mix tossed with Vinaigrette, Roasted Vegetables, and Pepitas (For Gluten/Wheat, Egg, Fish/Shellfish, Milk, Sesame, Soy, Tree Nut Allergies)",12.00,hollywood-studios/50s-prime-time-cafe
2026-09-04,50's Prime Time Café,Disney's Hollywood Studios,Cousin Bob's Chowder,Allergy-Friendly Appetizers,Lunch; Dinner,"Fresh Corn Chowder with House-smoked Ham (For Gluten/Wheat, Egg, Fish/Shellfish, Peanut/Tree Nut, Sesame, Soy Allergies)",10.00,hollywood-studios/50s-prime-time-cafe
2026-09-04,50's Prime Time Café,Disney's Hollywood Studios,Grandpa Jean’s Chicken Pot Pie,Allergy-Friendly Entrées,Lunch; Dinner,"A Traditional Pastry Crust Filled with Chicken, Potatoes, Carrots, Celery, Onions, Corn, and Peas (For Fish/Shellfish, Peanut/Tree Nut, Sesame, Soy Allergies)",26.00,hollywood-studios/50s-prime-time-cafe
2026-09-04,50's Prime Time Café,Disney's Hollywood Studios,Mom’s Old-fashioned Pot Roast,Allergy-Friendly Entrées,Lunch; Dinner,"Slow-cooked ‘til fork-tender served with Mashed Potatoes and Cabernet Sauvignon Brown Gravy garnished with Carrots, Celery, and Onions (For Gluten/Wheat, Egg, Fish/Shellfish, Peanut/Tree Nut Allergies)",28.00,hollywood-studios/50s-prime-time-cafe
2026-09-04,50's Prime Time Café,Disney's Hollywood Studios,Caesar Salad,Allergy-Friendly Entrées,Lunch; Dinner,"Romaine Lettuce tossed with Caesar Dressing and Grated Parmesan. With Chicken $18 or with Salmon $20. (For Gluten/Wheat, Peanut/Tree Nut, Sesame, Shellfish Allergies)",18.00,hollywood-studios/50s-prime-time-cafe
2026-09-04,50's Prime Time Café,Disney's Hollywood Studios,50’s Prime Time Café Blue Plate Special,Allergy-Friendly Entrées,Lunch; Dinner,"Braised Pork Shank served with Mashed Potatoes and Broccolini (For Gluten/Wheat, Egg, Fish/Shellfish, Peanut/Tree Nut, Sesame, Soy Allergies)",32.00,hollywood-studios/50s-prime-time-cafe
2026-09-04,50's Prime Time Café,Disney's Hollywood Studios,Cousin Harold's Rigatoni Pasta,Allergy-Friendly Entrées,Lunch; Dinner,"Mixed with Vegetables and Chickpeas (For Egg, Fish/Shellfish, Milk, Peanut/Tree Nut, Sesame, Soy Allergies)",22.00,hollywood-studios/50s-prime-time-cafe
2026-09-04,50's Prime Time Café,Disney's Hollywood Studios,Cousin Megan's Traditional Meatloaf,Allergy-Friendly Entrées,Lunch; Dinner,"Blend of Beef and Pork served with Mashed Potatoes, Green Beans, and Tomato Glaze (For Gluten/Wheat, Fish/Shellfish, Peanut/Tree Nut Allergies)",26.00,hollywood-studios/50s-prime-time-cafe
2026-09-04,50's Prime Time Café,Disney's Hollywood Studios,Aunt Liz's Golden Fried Chicken,Allergy-Friendly Entrées,Lunch; Dinner,"Served with Crushed Fingerling Potatoes with Olive Oil, Chicken Gravy, and Seasonal Vegetables (For Egg, Fish/Shellfish, Milk, Peanut/Tree Nut, Sesame, Soy Allergies)",29.00,hollywood-studios/50s-prime-time-cafe
2026-09-04,50's Prime Time Café,Disney's Hollywood Studios,Mom's Favorite Recipes,Allergy-Friendly Entrées,Lunch; Dinner,"Golden-fried Chicken, Fork-tender Pot Roast, and Traditional Meatloaf with Green Beans and Mashed Potatoes (For Fish/Shellfish, Peanut/Tree Nut Allergies)",32.00,hollywood-studios/50s-prime-time-cafe
2026-09-04,50's Prime Time Café,Disney's Hollywood Studios,Traditional Warm Apple Crisp,Allergy-Friendly Desserts,Lunch; Dinner,"(For Gluten/Wheat, Egg, Fish/Shellfish, Milk, Peanut/Tree Nut, Sesame, Soy Allergies)",8.00,hollywood-studios/50s-prime-time-cafe
2026-09-04,50's Prime Time Café,Disney's Hollywood Studios,Raspberry Key Lime Pie,Allergy-Friendly Desserts,Lunch; Dinner,"Key Lime Pie topped with Raspberry Panna Cotta, Vanilla Whipped Cream, and Fresh Raspberries served with Raspberry Sauce (For Fish/Shellfish, Peanut/Tree Nut, Sesame Allergies)",9.00,hollywood-studios/50s-prime-time-cafe
2026-09-04,50's Prime Time Café,Disney's Hollywood Studios,Vanilla Strawberry Shortcake,Allergy-Friendly Desserts,Lunch; Dinner,"Vanilla Cake topped with Strawberry Compote, Whipped Cream, and a Ginger Streusel served with a Strawberry Sauce (For Fish/Shellfish, Peanut/Tree Nut, Sesame Allergies)",8.50,hollywood-studios/50s-prime-time-cafe
2026-09-04,50's Prime Time Café,Disney's Hollywood Studios,Garden Salad,Allergy-Friendly Kids' Appetizers (à la carte),Lunch; Dinner,"(For Gluten/Wheat, Fish/Shellfish, Peanut/Tree Nut, and Sesame Allergies)",3.25,hollywood-studios/50s-prime-time-cafe
2026-09-04,50's Prime Time Café,Disney's Hollywood Studios,Vegetable Platter,Allergy-Friendly Kids' Appetizers (à la carte),Lunch; Dinner,"(For Gluten/Wheat, Fish/Shellfish, Peanut/Tree Nut, and Sesame Allergies)",3.25,hollywood-studios/50s-prime-time-cafe
2026-09-04,50's Prime Time Café,Disney's Hollywood Studios,Corn Chowder,Allergy-Friendly Kids' Appetizers (à la carte),Lunch; Dinner,"(For Gluten/Wheat, Egg, Fish/Shellfish, Peanut/Tree Nut, Sesame, Soy Allergies)",3.25,hollywood-studios/50s-prime-time-cafe
2026-09-04,50's Prime Time Café,Disney's Hollywood Studios,Goofy's Salmon,Allergy-Friendly Kids' Create-Your-Own Entrées (choose one),Lunch; Dinner,"Served with choice of two (2) Selections and choice of Small Lowfat Milk, Small DASANI® Water, or Small Minute Maid® Apple Juice (For Gluten/Wheat, Egg, Milk, Peanut/Tree Nut, Sesame, Shellfish, and Soy Allergies)",14.50,hollywood-studios/50s-prime-time-cafe
2026-09-04,50's Prime Time Café,Disney's Hollywood Studios,Sloppy Joe Sandwich,Allergy-Friendly Kids' Create-Your-Own Entrées (choose one),Lunch; Dinner,"Served with choice of two (2) Selections and choice of Small Lowfat Milk, Small DASANI® Water, or Small Minute Maid® Apple Juice (For Fish/Shellfish, Peanut/Tree Nut, and Sesame Allergies)",12.50,hollywood-studios/50s-prime-time-cafe
2026-09-04,50's Prime Time Café,Disney's Hollywood Studios,Grandpa's Grilled Chicken,Allergy-Friendly Kids' Create-Your-Own Entrées (choose one),Lunch; Dinner,"Served with choice of two (2) Selections and choice of Small Lowfat Milk, Small DASANI® Water, or Small Minute Maid® Apple Juice (For Gluten/Wheat, Egg, Fish/Shellfish, Milk, Peanut/Tree Nut, Sesame, and Soy Allergies)",13.50,hollywood-studios/50s-prime-time-cafe
2026-09-04,50's Prime Time Café,Disney's Hollywood Studios,Aunt Betty's Chicken Strips,Allergy-Friendly Kids' Create-Your-Own Entrées (choose one),Lunch; Dinner,"Served with choice of two (2) Selections and choice of Small Lowfat Milk, Small DASANI® Water, or Small Minute Maid® Apple Juice (For Fish/Shellfish, Peanut/Tree Nut, and Sesame Allergies)",12.50,hollywood-studios/50s-prime-time-cafe
2026-09-04,ABC Commissary,Disney's Hollywood Studios,The Mandalorian and Grogu Jetpack Sipper,Souvenir Specialties,Lunch And Dinner,Includes choice of Coca-Cola® Fountain Beverage at time of purchase. Available while supplies last.,34.79,hollywood-studios/abc-commissary
2026-09-04,ABC Commissary,Disney's Hollywood Studios,Bantha Sipper,Souvenir Specialties,Lunch And Dinner,Includes choice of Coca-Cola® Fountain Beverage at time of purchase. Available while supplies last.,21.79,hollywood-studios/abc-commissary
2026-09-04,ABC Commissary,Disney's Hollywood Studios,Buffalo Chicken Grilled Cheese Sandwich,Entrées,Lunch And Dinner,"Buffalo Chicken, Monterey Jack, Provolone, Cheddar, and Cream Cheese on Toasted Grilled Sourdough",12.79,hollywood-studios/abc-commissary
2026-09-04,ABC Commissary,Disney's Hollywood Studios,Chicken Club Sandwich,Entrées,Lunch And Dinner,"Marinated Chicken, Bacon, Provolone, Avocado Ranch, Lettuce, and Tomato served on a Toasted Brioche Bun with your choice of Side",13.69,hollywood-studios/abc-commissary
2026-09-04,ABC Commissary,Disney's Hollywood Studios,Shrimp Tacos,Entrées,Lunch And Dinner,"Sautéed Shrimp on Flour Tortillas topped with Cabbage Slaw, Chipotle Mayonnaise, and Mango Salsa served with Mexican Rice and Pork Black Beans topped with Queso Fresco",12.99,hollywood-studios/abc-commissary
2026-09-04,ABC Commissary,Disney's Hollywood Studios,Pork Carnitas Tacos,Entrées,Lunch And Dinner,Pork Carnitas on Flour Tortillas topped with Avocado Salsa Verde and Pickled Onions served with Mexican Rice and Pork Black Beans topped with Queso Fresco,11.49,hollywood-studios/abc-commissary
2026-09-04,ABC Commissary,Disney's Hollywood Studios,Mediterranean Salad with Chicken,Entrées,Lunch And Dinner,"Marinated Chicken served over Mixed Greens with Tomatoes, Cucumber, Pepperoncini, Kalamata Olives, and Feta tossed in a Mediterranean Vinaigrette served with Hummus and Grilled Flatbread",12.99,hollywood-studios/abc-commissary
2026-09-04,ABC Commissary,Disney's Hollywood Studios,Mediterranean Salad,Entrées,Lunch And Dinner,"Mixed Greens with Tomatoes, Cucumber, Pepperoncini, Kalamata Olives, and Feta tossed in a Mediterranean Vinaigrette served with Hummus and Grilled Flatbread",10.99,hollywood-studios/abc-commissary
2026-09-04,ABC Commissary,Disney's Hollywood Studios,California Burger,Plant-Based,Lunch And Dinner,"Seared Farm Fresh Plant-based Burger with Sriracha Mustard and Balsamic-glazed Grilled Peppers and Onions with a ""Mayonnaise""-Ketchup blend, Lettuce, and Tomato served with choice of Side",13.99,hollywood-studios/abc-commissary
2026-09-04,ABC Commissary,Disney's Hollywood Studios,"Black Garlic, Truffle, and Parmesan Fries",Sides,Lunch And Dinner,French Fries topped with Black Garlic-Truffle Aïoli and Parmesan,6.99,hollywood-studios/abc-commissary
2026-09-04,ABC Commissary,Disney's Hollywood Studios,Mexican Rice,Sides,Lunch And Dinner,,5.49,hollywood-studios/abc-commissary
2026-09-04,ABC Commissary,Disney's Hollywood Studios,Black Beans,Sides,Lunch And Dinner,with Pork and topped with Queso Fresco,5.49,hollywood-studios/abc-commissary
2026-09-04,ABC Commissary,Disney's Hollywood Studios,French Fries,Sides,Lunch And Dinner,,5.49,hollywood-studios/abc-commissary
2026-09-04,ABC Commissary,Disney's Hollywood Studios,Arugula-Farro Salad,Sides,Lunch And Dinner,"Arugula, Farro, Granny Smith Apples, Dried Cranberries, Plant-based Parmesan, and Pecans tossed in a Dijon Vinaigrette",4.59,hollywood-studios/abc-commissary
2026-09-04,ABC Commissary,Disney's Hollywood Studios,Mini Babybel® Snack Cheese,Sides,Lunch And Dinner,Three individually packaged 100% Natural Semi-soft Original Flavor Cheese,3.79,hollywood-studios/abc-commissary
2026-09-04,ABC Commissary,Disney's Hollywood Studios,Watermelon Margarita,Beverages with Alcohol,Lunch And Dinner,"Patrón Silver Tequila, Watermelon, Sweet-and-Sour, and Lime Juice",18.50,hollywood-studios/abc-commissary
2026-09-04,ABC Commissary,Disney's Hollywood Studios,Happy Daze,Beverages with Alcohol,Lunch And Dinner,"Parrot Bay Coconut Rum, Melon Liqueur, Banana Liqueur and Grenadine with Orange and Pineapple Juice",15.50,hollywood-studios/abc-commissary
2026-09-04,ABC Commissary,Disney's Hollywood Studios,"Bud Light Lager - St. Louis, MO",Beverages with Alcohol,Lunch And Dinner,"20-oz Draft - Golden-colored with flavors that are dry, clean, crisp, and refreshing with subtle bitterness",10.00,hollywood-studios/abc-commissary
2026-09-04,ABC Commissary,Disney's Hollywood Studios,"Yuengling Traditional Lager – Pottsville, PA",Beverages with Alcohol,Lunch And Dinner,20-oz Draft - Fuller flavored with a higher malt presence than Pale Lagers,10.50,hollywood-studios/abc-commissary
2026-09-04,ABC Commissary,Disney's Hollywood Studios,Copa di Vino Chardonnay,Beverages with Alcohol,Lunch And Dinner,,12.00,hollywood-studios/abc-commissary
2026-09-04,ABC Commissary,Disney's Hollywood Studios,Copa di Vino Cabernet Sauvignon,Beverages with Alcohol,Lunch And Dinner,,12.00,hollywood-studios/abc-commissary
2026-09-04,ABC Commissary,Disney's Hollywood Studios,Opici Family Red Sangria,Beverages with Alcohol,Lunch And Dinner,,14.00,hollywood-studios/abc-commissary
2026-09-04,ABC Commissary,Disney's Hollywood Studios,Strawberry Lemonade Slushy,Beverages,Lunch And Dinner,featuring Minute Maid® Lemonade,6.59,hollywood-studios/abc-commissary
2026-09-04,ABC Commissary,Disney's Hollywood Studios,Assorted Fountain Beverage,Beverages,Lunch And Dinner,Assorted Coca-Cola® Offerings,4.79,hollywood-studios/abc-commissary
2026-09-04,ABC Commissary,Disney's Hollywood Studios,smartwater®,Beverages,Lunch And Dinner,,6.25,hollywood-studios/abc-commissary
2026-09-04,ABC Commissary,Disney's Hollywood Studios,Simply® Orange,Beverages,Lunch And Dinner,,5.59,hollywood-studios/abc-commissary
2026-09-04,ABC Commissary,Disney's Hollywood Studios,Large Freshly Brewed Joffrey's Coffee™ Regular,Beverages,Lunch And Dinner,,5.19,hollywood-studios/abc-commissary
2026-09-04,ABC Commissary,Disney's Hollywood Studios,Large Freshly Brewed Joffrey's Coffee™ Decaf,Beverages,Lunch And Dinner,,5.19,hollywood-studios/abc-commissary
2026-09-04,ABC Commissary,Disney's Hollywood Studios,Large Twinings® Hot Tea,Beverages,Lunch And Dinner,,5.19,hollywood-studios/abc-commissary
2026-09-04,ABC Commissary,Disney's Hollywood Studios,Large Hot Cocoa,Beverages,Lunch And Dinner,,5.19,hollywood-studios/abc-commissary
2026-09-04,ABC Commissary,Disney's Hollywood Studios,Minute Maid® Apple Juice,Beverages,Lunch And Dinner,,4.59,hollywood-studios/abc-commissary
2026-09-04,ABC Commissary,Disney's Hollywood Studios,DASANI® Bottled Water,Beverages,Lunch And Dinner,,4.25,hollywood-studios/abc-commissary
2026-09-04,ABC Commissary,Disney's Hollywood Studios,Freshly Brewed Joffrey's Coffee™ Regular,Beverages,Lunch And Dinner,,4.79,hollywood-studios/abc-commissary
2026-09-04,ABC Commissary,Disney's Hollywood Studios,Freshly Brewed Joffrey's Coffee™ Decaf,Beverages,Lunch And Dinner,,4.79,hollywood-studios/abc-commissary
2026-09-04,ABC Commissary,Disney's Hollywood Studios,Classic Hot Chocolate,Beverages,Lunch And Dinner,,4.79,hollywood-studios/abc-commissary
2026-09-04,ABC Commissary,Disney's Hollywood Studios,Twinings® Hot Tea,Beverages,Lunch And Dinner,,4.79,hollywood-studios/abc-commissary
2026-09-04,ABC Commissary,Disney's Hollywood Studios,Small Chocolate Milk,Beverages,Lunch And Dinner,,2.59,hollywood-studios/abc-commissary
2026-09-04,ABC Commissary,Disney's Hollywood Studios,Lowfat Milk,Beverages,Lunch And Dinner,,2.59,hollywood-studios/abc-commissary
2026-09-04,ABC Commissary,Disney's Hollywood Studios,Raspberry-Pistachio Cheesecake,Dessert,Lunch And Dinner,"Raspberry Cheesecake, White Chocolate Ganache, Pistachio Whipped Cream, Raspberry Jam, and Pistachios",5.79,hollywood-studios/abc-commissary
2026-09-04,ABC Commissary,Disney's Hollywood Studios,Shrimp Bowl,Kids' Disney Check Meals,Lunch And Dinner,Sautéed Shrimp served with Mexican Rice served with choice of one (1) Side and choice of Small Lowfat Milk or Small DASANI® Bottled Water,8.99,hollywood-studios/abc-commissary
2026-09-04,ABC Commissary,Disney's Hollywood Studios,Chicken Arugula-Farro Salad,Kids' Disney Check Meals,Lunch And Dinner,"Marinated Chicken served over Arugula and Farro with Granny Smith Apples, Dried Cranberries, Plant-based Parmesan, and Pecans tossed in a Dijon Vinaigrette. Meets Disney Nutrition Guidelines for Complete Meals without substitutions",8.29,hollywood-studios/abc-commissary
2026-09-04,ABC Commissary,Disney's Hollywood Studios,Grilled Ham and Cheese Sandwich,Kids' Meals,Lunch And Dinner,Half-Sandwich with Grilled Ham and American Cheese on Sourdough served with choice of two Sides and choice of Small Lowfat Milk or Small DASANI® Bottled Water,7.79,hollywood-studios/abc-commissary
2026-09-04,ABC Commissary,Disney's Hollywood Studios,Pork Taco,Kids' Meals,Lunch And Dinner,Pork Carnitas on a Flour Tortilla served with Mexican Rice and Black Beans with Queso Fresco and a choice of Small Lowfat Milk or Small DASANI® Water,8.29,hollywood-studios/abc-commissary
2026-09-04,Anaheim Produce,Disney's Hollywood Studios,Churro,Snacks,All Day,served with Chocolate Sauce,7.49,hollywood-studios/anaheim-produce
2026-09-04,Anaheim Produce,Disney's Hollywood Studios,Mickey-shaped Pretzel,Snacks,All Day,Served with Cheese Sauce,8.49,hollywood-studios/anaheim-produce
2026-09-04,Anaheim Produce,Disney's Hollywood Studios,Whole Fruit (Plant-based),Snacks,All Day,,2.29,hollywood-studios/anaheim-produce
2026-09-04,Anaheim Produce,Disney's Hollywood Studios,Assorted Chips,Snacks,All Day,,3.29,hollywood-studios/anaheim-produce
2026-09-04,Anaheim Produce,Disney's Hollywood Studios,Cuties® Mandarin 3-pack,Snacks,All Day,,4.19,hollywood-studios/anaheim-produce
2026-09-04,Anaheim Produce,Disney's Hollywood Studios,Frozen Coca-Cola®,Beverages,All Day,,6.29,hollywood-studios/anaheim-produce
2026-09-04,Anaheim Produce,Disney's Hollywood Studios,Frozen Minute Maid® Lemonade,Beverages,All Day,,6.29,hollywood-studios/anaheim-produce
2026-09-04,Anaheim Produce,Disney's Hollywood Studios,Frozen Blue Raspberry Lemonade,Beverages,All Day,,6.29,hollywood-studios/anaheim-produce
2026-09-04,Anaheim Produce,Disney's Hollywood Studios,Assorted Bottled Beverages,Beverages,All Day,,5.50,hollywood-studios/anaheim-produce
2026-09-04,Anaheim Produce,Disney's Hollywood Studios,POWERADE®,Beverages,All Day,,5.50,hollywood-studios/anaheim-produce
2026-09-04,Anaheim Produce,Disney's Hollywood Studios,DASANI® Bottled Water,Beverages,All Day,,4.25,hollywood-studios/anaheim-produce
2026-09-04,Anaheim Produce,Disney's Hollywood Studios,smartwater®,Beverages,All Day,,6.25,hollywood-studios/anaheim-produce
2026-09-04,Anaheim Produce,Disney's Hollywood Studios,Blood Orange Margarita,Beverages with Alcohol,All Day,"Lunazul Reposado Tequila, Cointreau Liqueur, Blood Orange, and Lime Juice",18.50,hollywood-studios/anaheim-produce
2026-09-04,Anaheim Produce,Disney's Hollywood Studios,Anaheim Margarita,Beverages with Alcohol,All Day,"Lunazul Reposado Tequila, Cointreau Liqueur, Minute Maid® Orange Juice, Lime Juice, Sweet-and-Sour Mix, and a Salted Rim",19.50,hollywood-studios/anaheim-produce
2026-09-04,Anaheim Produce,Disney's Hollywood Studios,Frozen Coca-Cola® with Bacardí Superior Rum or Jack Daniel's Whiskey,Frozen Beverages with Alcohol,All Day,,16.50,hollywood-studios/anaheim-produce
2026-09-04,Anaheim Produce,Disney's Hollywood Studios,Frozen Golden Margarita,Frozen Beverages with Alcohol,All Day,"Jose Cuervo Gold Tequila, Bols Triple Sec and Sweet-and-Sour",17.50,hollywood-studios/anaheim-produce
2026-09-04,Anaheim Produce,Disney's Hollywood Studios,Canned Beer,Beers,All Day,,11.00,hollywood-studios/anaheim-produce
2026-09-04,Backlot Express,Disney's Hollywood Studios,The Mandalorian and Grogu Jetpack Sipper,Souvenir Specialties,Lunch And Dinner,Includes choice of Coca-Cola® Fountain Beverage at time of purchase. Available while supplies last.,34.79,hollywood-studios/backlot-express
2026-09-04,Backlot Express,Disney's Hollywood Studios,Bantha Sipper,Souvenir Specialties,Lunch And Dinner,Includes choice of Coca-Cola® Fountain Beverage at time of purchase. Available while supplies last.,21.79,hollywood-studios/backlot-express
2026-09-04,Backlot Express,Disney's Hollywood Studios,Annual Passholder Tumbler,Annual Passholder Exclusive,Lunch And Dinner,Served with choice of Fountain Beverage. Not valid for refills.,14.79,hollywood-studios/backlot-express
2026-09-04,Backlot Express,Disney's Hollywood Studios,Wookiee Cookie,Limited Time Offerings,Lunch And Dinner,Two Oatmeal Cookies with Vanilla Cream Filling garnished with a Milk Chocolate Sash on top,7.49,hollywood-studios/backlot-express
2026-09-04,Backlot Express,Disney's Hollywood Studios,Blue Raspberry Slushy,Specialty Beverages,Lunch And Dinner,,6.29,hollywood-studios/backlot-express
2026-09-04,Backlot Express,Disney's Hollywood Studios,Smoked BBQ Pulled Pork Burger,Entrées,Lunch And Dinner,"1/3 Angus Beef Burger topped with Slow-smoked Pulled Pork, American Cheese, Coleslaw, Crispy Onions, and House-made Sweet-and-Tangy Barbecue Sauce served with choice of Side",15.99,hollywood-studios/backlot-express
2026-09-04,Backlot Express,Disney's Hollywood Studios,Teriyaki Chicken Bowl,Entrées,Lunch And Dinner,"Seasoned Jasmine Rice, Teriyaki Chicken, Yuzu-pickled Edamame, Carrots, Cucumber, and Onions drizzled with House-made Lemon-Tahini-Chipotle Vinaigrette and Sesame Seeds",13.29,hollywood-studios/backlot-express
2026-09-04,Backlot Express,Disney's Hollywood Studios,1/3 lb Angus Bacon Cheeseburger,Entrées,Lunch And Dinner,1/3 lb Angus Bacon Cheeseburger on a Brioche Bun served with Carrot Sticks or French Fries,13.99,hollywood-studios/backlot-express
2026-09-04,Backlot Express,Disney's Hollywood Studios,Honey Buffalo Chicken Strips with Ranch,Entrées,Lunch And Dinner,Served with French Fries,12.99,hollywood-studios/backlot-express
2026-09-04,Backlot Express,Disney's Hollywood Studios,1/3 lb Angus Cheeseburger,Entrées,Lunch And Dinner,1/3 lb Angus Cheeseburger on a Brioche Bun served with Carrot Sticks or French Fries,13.29,hollywood-studios/backlot-express
2026-09-04,Backlot Express,Disney's Hollywood Studios,Southwest Salad with Chicken,Entrées,Lunch And Dinner,"Romaine Mix with Roasted Corn Relish, Diced Tomato, Diced Avocado, Diced Cucumber, and Cheddar topped with Crispy Chicken Strips and House-made Avocado-Lime Ranch Dressing",12.99,hollywood-studios/backlot-express
2026-09-04,Backlot Express,Disney's Hollywood Studios,Chicken Strips (4 Pieces),Entrées,Lunch And Dinner,served with French Fries,10.99,hollywood-studios/backlot-express
2026-09-04,Backlot Express,Disney's Hollywood Studios,Southwest Salad,Entrées,Lunch And Dinner,"Romaine Mix with Roasted Corn Relish, Diced Tomatoes, Diced Avocado, Diced Cucumber, and Cheddar topped with House-made Avocado-Lime Ranch Dressing",10.99,hollywood-studios/backlot-express
2026-09-04,Backlot Express,Disney's Hollywood Studios,Teriyaki Tofu Bowl,Plant-Based,Lunch And Dinner,"Seasoned Jasmine Rice, Marinated Tofu, Yuzu-pickled Edamame, Carrots, Cucumber, and Onions drizzled with House-made Lemon-Tahini-Chipotle Vinaigrette and Sesame Seeds",13.29,hollywood-studios/backlot-express
2026-09-04,Backlot Express,Disney's Hollywood Studios,Buffalo Fries,Sides,Lunch And Dinner,Ranch-seasoned French Fries drizzled with Buffalo-Ranch Sauce and Blue Cheese Dressing,6.99,hollywood-studios/backlot-express
2026-09-04,Backlot Express,Disney's Hollywood Studios,French Fries,Sides,Lunch And Dinner,,5.49,hollywood-studios/backlot-express
2026-09-04,Backlot Express,Disney's Hollywood Studios,Teriyaki Tofu Bowl,Kid's Disney Check Meals,Lunch And Dinner,"Seasoned Jasmine Rice, Marinated Tofu, Yuzu-pickled Edamame, Carrots, Cucumber, and Onions drizzled with House-made Lemon-Tahini Chipotle Vinaigrette and Sesame Seeds",8.99,hollywood-studios/backlot-express
2026-09-04,Backlot Express,Disney's Hollywood Studios,Southwest Salad with Chicken,Kid's Disney Check Meals,Lunch And Dinner,"Romaine Mix with Roasted Corn Relish, Diced Tomato, Diced Avocado, Diced Cucumber, and Cheddar topped with Marinated Chicken and House-made Avocado-Lime Ranch Dressing",8.29,hollywood-studios/backlot-express
2026-09-04,Backlot Express,Disney's Hollywood Studios,Chicken Strips,Kid's Meals,Lunch And Dinner,"Two Chicken Tenders served with Strawberry-flavored Yogurt Smoothie, Carrot Sticks, and choice of Small Lowfat Milk or Small DASANI® Bottled Water",8.99,hollywood-studios/backlot-express
2026-09-04,Backlot Express,Disney's Hollywood Studios,Macaroni & Cheese,Kid's Meals,Lunch And Dinner,"Served with Strawberry-flavored Yogurt Smoothie, Carrot Sticks, and choice of Small Lowfat Milk or Small DASANI® Bottled Water",7.49,hollywood-studios/backlot-express
2026-09-04,Backlot Express,Disney's Hollywood Studios,Watermelon Lemonade Slushy,Beverages,Lunch And Dinner,Frozen Watermelon-flavored Minute Maid® Premium Lemonade topped with Green Apple Juice-filled Pearls,7.29,hollywood-studios/backlot-express
2026-09-04,Backlot Express,Disney's Hollywood Studios,Large Joffrey's™ Cold Brew Coffee with Sweet Cream,Beverages,Lunch And Dinner,,6.49,hollywood-studios/backlot-express
2026-09-04,Backlot Express,Disney's Hollywood Studios,smartwater®,Beverages,Lunch And Dinner,,6.25,hollywood-studios/backlot-express
2026-09-04,Backlot Express,Disney's Hollywood Studios,Joffrey's™ Cold Brew Coffee with Sweet Cream,Beverages,Lunch And Dinner,,5.99,hollywood-studios/backlot-express
2026-09-04,Backlot Express,Disney's Hollywood Studios,Large Freshly Brewed Joffrey's Coffee™ Regular,Beverages,Lunch And Dinner,,5.19,hollywood-studios/backlot-express
2026-09-04,Backlot Express,Disney's Hollywood Studios,Large Freshly Brewed Joffrey's Coffee™ Decaf,Beverages,Lunch And Dinner,,5.19,hollywood-studios/backlot-express
2026-09-04,Backlot Express,Disney's Hollywood Studios,Large Twinings® Hot Tea,Beverages,Lunch And Dinner,,5.19,hollywood-studios/backlot-express
2026-09-04,Backlot Express,Disney's Hollywood Studios,Large Hot Cocoa,Beverages,Lunch And Dinner,,5.19,hollywood-studios/backlot-express
2026-09-04,Backlot Express,Disney's Hollywood Studios,Simply® Orange,Beverages,Lunch And Dinner,,5.59,hollywood-studios/backlot-express
2026-09-04,Backlot Express,Disney's Hollywood Studios,Chocolate Milk,Beverages,Lunch And Dinner,,4.79,hollywood-studios/backlot-express
2026-09-04,Backlot Express,Disney's Hollywood Studios,Assorted Fountain Beverages,Beverages,Lunch And Dinner,Assorted Coca-Cola® Offerings,4.79,hollywood-studios/backlot-express
2026-09-04,Backlot Express,Disney's Hollywood Studios,Minute Maid® Apple Juice,Beverages,Lunch And Dinner,,4.59,hollywood-studios/backlot-express
2026-09-04,Backlot Express,Disney's Hollywood Studios,Milk,Beverages,Lunch And Dinner,,3.99,hollywood-studios/backlot-express
2026-09-04,Backlot Express,Disney's Hollywood Studios,DASANI® Bottled Water,Beverages,Lunch And Dinner,,4.25,hollywood-studios/backlot-express
2026-09-04,Backlot Express,Disney's Hollywood Studios,Freshly Brewed Joffrey's Coffee™ Regular,Hot Beverages,Lunch And Dinner,,4.29,hollywood-studios/backlot-express
2026-09-04,Backlot Express,Disney's Hollywood Studios,Freshly Brewed Joffrey's Coffee™ Decaf,Hot Beverages,Lunch And Dinner,,4.29,hollywood-studios/backlot-express
2026-09-04,Backlot Express,Disney's Hollywood Studios,Hot Cocoa,Hot Beverages,Lunch And Dinner,,4.29,hollywood-studios/backlot-express
2026-09-04,Backlot Express,Disney's Hollywood Studios,Twinings® Hot Tea,Hot Beverages,Lunch And Dinner,,4.29,hollywood-studios/backlot-express
2026-09-04,Backlot Express,Disney's Hollywood Studios,Pineapple-Citrus Margarita,Beverages with Alcohol,Lunch And Dinner,"Teremana Blanco Tequila, Cointreau Liqueur, DOLE® Pineapple Juice, Minute Maid® Lemonade, and Hawaiian Island Syrup",18.50,hollywood-studios/backlot-express
2026-09-04,Backlot Express,Disney's Hollywood Studios,Frozen Watermelon Vodka Lemonade,Beverages with Alcohol,Lunch And Dinner,"Tito's Handmade Vodka, Watermelon, and Minute Maid® Premium Lemonade topped with Green Apple Juice-filled Fruit Pearls",17.50,hollywood-studios/backlot-express
2026-09-04,Backlot Express,Disney's Hollywood Studios,Rum Island Breeze,Beverages with Alcohol,Lunch And Dinner,"Parrot Bay Coconut Rum, Bacardí Superior Rum, Pineapple Juice, Minute Maid® Premium Lemonade, and Grenadine",16.50,hollywood-studios/backlot-express
2026-09-04,Backlot Express,Disney's Hollywood Studios,"Goose Island IPA - Chicago, IL",Beverages with Alcohol,Lunch And Dinner,20-oz Draft - This bigger brother to the Pale Ale employs a significant amount of Hops with high bitterness and Citrus and Floral aromas,12.50,hollywood-studios/backlot-express
2026-09-04,Backlot Express,Disney's Hollywood Studios,Safari Amber,Beverages with Alcohol,Lunch And Dinner,20oz Draft Beer,12.50,hollywood-studios/backlot-express
2026-09-04,Backlot Express,Disney's Hollywood Studios,"Copa Chardonnay, Oregon",Beverages with Alcohol,Lunch And Dinner,"187 ml glass of Chardonnay - Tropical Fruit and Buttery Pear aromas overlay a smooth, creamy texture",12.00,hollywood-studios/backlot-express
2026-09-04,Backlot Express,Disney's Hollywood Studios,"Copa Cabernet Sauvignon, Oregon",Beverages with Alcohol,Lunch And Dinner,"187 ml glass of Cabernet Sauvignon - Richly extracted black currant and dark cherry flavors extend to a long, polished finish",12.00,hollywood-studios/backlot-express
2026-09-04,Backlot Express,Disney's Hollywood Studios,Yuengling,Beverages with Alcohol,Lunch And Dinner,"Traditional Lager with a rich amber color, medium-bodied flavor and distinct character",10.50,hollywood-studios/backlot-express
2026-09-04,Backlot Express,Disney's Hollywood Studios,"Bud Light Lager - St. Louis, MO",Beverages with Alcohol,Lunch And Dinner,"20 oz Draft - golden colored with flavors that are dry, clean, crisp and refreshing with subtle bitterness",10.00,hollywood-studios/backlot-express
2026-09-04,BaseLine Tap House,Disney's Hollywood Studios,Pepperoni Flatbread,Small Plates,Bar – Lounge,Mozzarella and Pepperoni topped with Ricotta and Hot Honey,17.00,hollywood-studios/baseline-tap-house
2026-09-04,BaseLine Tap House,Disney's Hollywood Studios,Bavarian Pretzel,Small Plates,Bar – Lounge,with Beer-Cheese Fondue and Spicy Mustard,12.00,hollywood-studios/baseline-tap-house
2026-09-04,BaseLine Tap House,Disney's Hollywood Studios,California Cheese and Charcuterie Plate,Small Plates,Bar – Lounge,"A Selection of California‑inspired Soft, Aged, and Blue Cheeses, Cured Meats, House-made Spreads, Pickled Items, and Crisp Lavash",14.00,hollywood-studios/baseline-tap-house
2026-09-04,BaseLine Tap House,Disney's Hollywood Studios,Avenue Chips,Small Plates,Bar – Lounge,House-made Ranch Kettle Chips served with Beer Cheese Fondue,7.00,hollywood-studios/baseline-tap-house
2026-09-04,BaseLine Tap House,Disney's Hollywood Studios,Minute Maid® Aguas Frescas - Strawberry Hibiscus,Specialty Non-Alcoholic,Bar – Lounge,,5.29,hollywood-studios/baseline-tap-house
2026-09-04,BaseLine Tap House,Disney's Hollywood Studios,Wild Strawberry Lemonade,Specialty Non-Alcoholic,Bar – Lounge,Featuring Minute Maid® Lemonade,6.29,hollywood-studios/baseline-tap-house
2026-09-04,BaseLine Tap House,Disney's Hollywood Studios,Golden Road Mango Cart,Craft Beer on Tap,Bar – Lounge,"16 oz. Draft Beer | Los Angeles (4.0% ABV, 10 IBU)",11.75,hollywood-studios/baseline-tap-house
2026-09-04,BaseLine Tap House,Disney's Hollywood Studios,Golden Road Mango Cart,Craft Beer on Tap,Bar – Lounge,"20 oz. Draft Beer | Los Angeles (4.0% ABV, 10 IBU)",12.50,hollywood-studios/baseline-tap-house
2026-09-04,BaseLine Tap House,Disney's Hollywood Studios,North Coast Scrimshaw Pilsner,Craft Beer on Tap,Bar – Lounge,"16 oz. Draft Beer | Fort Bragg (4.7% ABV, 22 IBU)",11.75,hollywood-studios/baseline-tap-house
2026-09-04,BaseLine Tap House,Disney's Hollywood Studios,North Coast Scrimshaw Pilsner,Craft Beer on Tap,Bar – Lounge,"20 oz. Draft Beer | Fort Bragg (4.7% ABV, 22 IBU)",12.50,hollywood-studios/baseline-tap-house
2026-09-04,BaseLine Tap House,Disney's Hollywood Studios,Golden Road Belgian White Ale,Craft Beer on Tap,Bar – Lounge,16 oz. Draft Beer | Los Angeles (5% ABV),11.75,hollywood-studios/baseline-tap-house
2026-09-04,BaseLine Tap House,Disney's Hollywood Studios,Golden Road Belgian White Ale,Craft Beer on Tap,Bar – Lounge,20 oz. Draft Beer | Los Angeles (5.0% ABV),12.50,hollywood-studios/baseline-tap-house
2026-09-04,BaseLine Tap House,Disney's Hollywood Studios,North Coast Red Seal Ale,Craft Beer on Tap,Bar – Lounge,"16 oz. Draft Beer | Fort Bragg (5.5% ABV, 42 IBU)",11.75,hollywood-studios/baseline-tap-house
2026-09-04,BaseLine Tap House,Disney's Hollywood Studios,North Coast Red Seal Ale,Craft Beer on Tap,Bar – Lounge,"20 oz. Draft Beer | Fort Bragg (5.5% ABV, 42 IBU)",12.50,hollywood-studios/baseline-tap-house
2026-09-04,BaseLine Tap House,Disney's Hollywood Studios,Lost Coast Brewery Vanilla Latte Stout,Craft Beer on Tap,Bar – Lounge,16 oz. Draft Beer | Eureka (5.6% ABV),11.75,hollywood-studios/baseline-tap-house
2026-09-04,BaseLine Tap House,Disney's Hollywood Studios,Lost Coast Brewery Vanilla Latte Stout,Craft Beer on Tap,Bar – Lounge,20 oz. Draft Beer | Eureka (5.6% ABV),12.50,hollywood-studios/baseline-tap-house
2026-09-04,BaseLine Tap House,Disney's Hollywood Studios,Sierra Nevada Hazy Little Thing IPA,Craft Beer on Tap,Bar – Lounge,"16 oz. Draft Beer | Chico (6.7% ABV, 35 IBU)",11.75,hollywood-studios/baseline-tap-house
2026-09-04,BaseLine Tap House,Disney's Hollywood Studios,Sierra Nevada Hazy Little Thing IPA,Craft Beer on Tap,Bar – Lounge,"20 oz. Draft Beer | Chico (6.7% ABV, 35 IBU)",12.50,hollywood-studios/baseline-tap-house
2026-09-04,BaseLine Tap House,Disney's Hollywood Studios,Stone Delicious IPA,Craft Beer on Tap,Bar – Lounge,"16 oz. Draft Beer | San Diego (7.7% ABV, 75 IBU)",11.75,hollywood-studios/baseline-tap-house
2026-09-04,BaseLine Tap House,Disney's Hollywood Studios,Stone Delicious IPA,Craft Beer on Tap,Bar – Lounge,"20 oz. Draft Beer | San Diego (7.7% ABV, 75 IBU)",12.50,hollywood-studios/baseline-tap-house
2026-09-04,BaseLine Tap House,Disney's Hollywood Studios,Sierra Nevada Seasonal,Craft Beer on Tap,Bar – Lounge,16oz Draft Beer | Chico,11.75,hollywood-studios/baseline-tap-house
2026-09-04,BaseLine Tap House,Disney's Hollywood Studios,Sierra Nevada Seasonal,Craft Beer on Tap,Bar – Lounge,20 oz Draft Beer | Chico,12.50,hollywood-studios/baseline-tap-house
2026-09-04,BaseLine Tap House,Disney's Hollywood Studios,Create-Your-Own Beer Flight,Craft Beer on Tap,Bar – Lounge,Select 4 Beers | 5 oz. each,14.50,hollywood-studios/baseline-tap-house
2026-09-04,BaseLine Tap House,Disney's Hollywood Studios,Coronado Brewing Co. Superfruit Hard Cider,Craft Beer on Tap,Bar – Lounge,16 oz. Cider | San Diego (5.5% ABV),12.75,hollywood-studios/baseline-tap-house
2026-09-04,BaseLine Tap House,Disney's Hollywood Studios,Coronado Brewing Co. Superfruit Hard Cider,Craft Beer on Tap,Bar – Lounge,20 oz. Cider | San Diego (5.5% ABV),13.25,hollywood-studios/baseline-tap-house
2026-09-04,BaseLine Tap House,Disney's Hollywood Studios,Line 39 Cabernet Sauvignon,Wine on Tap,Bar – Lounge,"Rich fruit flavors of currant, blackberry and ripe plum with hints of black tea on the palate balanced with subtle, smooth tannins",13.00,hollywood-studios/baseline-tap-house
2026-09-04,BaseLine Tap House,Disney's Hollywood Studios,St. Francis Chardonnay,Wine on Tap,Bar – Lounge,"Bright and crisp with aromas of pear, green apple and grilled pineapple, finishing with toasty notes and a smooth finish",13.00,hollywood-studios/baseline-tap-house
2026-09-04,BaseLine Tap House,Disney's Hollywood Studios,Baseline Select Margarita,Cocktails on Tap,Bar – Lounge,"Lunazul Añejo Tequila, Cointreau Liqueur, Sweet-and-Sour, and Lime Juice",19.50,hollywood-studios/baseline-tap-house
2026-09-04,BaseLine Tap House,Disney's Hollywood Studios,California Sunset,Cocktails on Tap,Bar – Lounge,"Absolut Vodka, Southern Comfort, Orange Juice, Sweet-and-Sour with a float of Pomegranate Juice",17.50,hollywood-studios/baseline-tap-house
2026-09-04,Catalina Eddie's,Disney's Hollywood Studios,Chicken Parmesan with Marinara Pasta,Entrées,Lunch And Dinner,Served with a slice of Garlic Bread,13.29,hollywood-studios/catalina-eddies
2026-09-04,Catalina Eddie's,Disney's Hollywood Studios,Alfredo Basil Chicken Pasta,Entrées,Lunch And Dinner,Served with a slice of Garlic Bread,13.29,hollywood-studios/catalina-eddies
2026-09-04,Catalina Eddie's,Disney's Hollywood Studios,Meatball Sub,Entrées,Lunch And Dinner,Hoagie Roll stuffed with Seasoned Meatballs and smothered in Marinara Sauce and Provolone served with choice of Side,13.19,hollywood-studios/catalina-eddies
2026-09-04,Catalina Eddie's,Disney's Hollywood Studios,Pepperoni and Sausage Pizza,Entrées,Lunch And Dinner,Pepperoni and Sausage Pizza served with choice of Side,12.79,hollywood-studios/catalina-eddies
2026-09-04,Catalina Eddie's,Disney's Hollywood Studios,Pepperoni Pizza,Entrées,Lunch And Dinner,Pepperoni Pizza served with choice of Side,12.29,hollywood-studios/catalina-eddies
2026-09-04,Catalina Eddie's,Disney's Hollywood Studios,Cheese Pizza,Entrées,Lunch And Dinner,Cheese Pizza served with choice of Side,11.79,hollywood-studios/catalina-eddies
2026-09-04,Catalina Eddie's,Disney's Hollywood Studios,Caesar Salad with Chicken,Entrées,Lunch And Dinner,"Heart of Romaine tossed with Croutons, Parmesan Cheese and tangy Caesar Dressing topped with Herb-marinated Chicken Breast",11.99,hollywood-studios/catalina-eddies
2026-09-04,Catalina Eddie's,Disney's Hollywood Studios,Garlic Bread,Sides,Lunch And Dinner,Served with Marinara,7.49,hollywood-studios/catalina-eddies
2026-09-04,Catalina Eddie's,Disney's Hollywood Studios,Pepperoni Pizza,Kid's Meals,Lunch And Dinner,Served with choice of two Sides and choice of Small Lowfat Milk or Small DASANI® Bottled Water,8.49,hollywood-studios/catalina-eddies
2026-09-04,Catalina Eddie's,Disney's Hollywood Studios,Cheese Pizza,Kid's Meals,Lunch And Dinner,Served with choice of two Sides and choice of Small Lowfat Milk or Small DASANI® Bottled Water,7.99,hollywood-studios/catalina-eddies
2026-09-04,Catalina Eddie's,Disney's Hollywood Studios,Cannoli,Desserts,Lunch And Dinner,,5.29,hollywood-studios/catalina-eddies
2026-09-04,Catalina Eddie's,Disney's Hollywood Studios,Strawberry Lemonade Slushy,Beverages,Lunch And Dinner,featuring Minute Maid® Premium Lemonade,6.59,hollywood-studios/catalina-eddies
2026-09-04,Catalina Eddie's,Disney's Hollywood Studios,Assorted Fountain Beverages - Large,Beverages,Lunch And Dinner,Assorted Coca-Cola® Offerings,5.59,hollywood-studios/catalina-eddies
2026-09-04,Catalina Eddie's,Disney's Hollywood Studios,Assorted Fountain Beverages - Regular,Beverages,Lunch And Dinner,Assorted Coca-Cola® Offerings,4.79,hollywood-studios/catalina-eddies
2026-09-04,Catalina Eddie's,Disney's Hollywood Studios,smartwater®,Beverages,Lunch And Dinner,,6.25,hollywood-studios/catalina-eddies
2026-09-04,Catalina Eddie's,Disney's Hollywood Studios,Simply® Orange,Beverages,Lunch And Dinner,,5.59,hollywood-studios/catalina-eddies
2026-09-04,Catalina Eddie's,Disney's Hollywood Studios,Large Freshly Brewed Joffrey's Coffee™ Regular,Beverages,Lunch And Dinner,,5.19,hollywood-studios/catalina-eddies
2026-09-04,Catalina Eddie's,Disney's Hollywood Studios,Large Freshly Brewed Joffrey's Coffee™ Decaf,Beverages,Lunch And Dinner,,5.19,hollywood-studios/catalina-eddies
2026-09-04,Catalina Eddie's,Disney's Hollywood Studios,Large Hot Cocoa,Beverages,Lunch And Dinner,,5.19,hollywood-studios/catalina-eddies
2026-09-04,Catalina Eddie's,Disney's Hollywood Studios,Large Twinings® Hot Tea,Beverages,Lunch And Dinner,,5.19,hollywood-studios/catalina-eddies
2026-09-04,Catalina Eddie's,Disney's Hollywood Studios,Minute Maid® Apple Juice,Beverages,Lunch And Dinner,,4.59,hollywood-studios/catalina-eddies
2026-09-04,Catalina Eddie's,Disney's Hollywood Studios,Chocolate Milk,Beverages,Lunch And Dinner,,4.79,hollywood-studios/catalina-eddies
2026-09-04,Catalina Eddie's,Disney's Hollywood Studios,Whole Milk,Beverages,Lunch And Dinner,,3.99,hollywood-studios/catalina-eddies
2026-09-04,Catalina Eddie's,Disney's Hollywood Studios,DASANI® Bottled Water,Beverages,Lunch And Dinner,,4.25,hollywood-studios/catalina-eddies
2026-09-04,Catalina Eddie's,Disney's Hollywood Studios,Freshly Brewed Joffrey's Coffee™ Regular,Beverages,Lunch And Dinner,,4.79,hollywood-studios/catalina-eddies
2026-09-04,Catalina Eddie's,Disney's Hollywood Studios,Freshly Brewed Joffrey's Coffee™ Decaf,Beverages,Lunch And Dinner,,4.79,hollywood-studios/catalina-eddies
2026-09-04,Catalina Eddie's,Disney's Hollywood Studios,Hot Cocoa,Beverages,Lunch And Dinner,,4.79,hollywood-studios/catalina-eddies
2026-09-04,Catalina Eddie's,Disney's Hollywood Studios,Twinings® Hot Tea,Beverages,Lunch And Dinner,,4.79,hollywood-studios/catalina-eddies
2026-09-04,Catalina Eddie's,Disney's Hollywood Studios,Small Lowfat Milk,Beverages,Lunch And Dinner,,2.59,hollywood-studios/catalina-eddies
2026-09-04,Catalina Eddie's,Disney's Hollywood Studios,Small Chocolate Milk,Beverages,Lunch And Dinner,,2.59,hollywood-studios/catalina-eddies
2026-09-04,Catalina Eddie's,Disney's Hollywood Studios,Opici Family Selection Red Sangria,Beverages with Alcohol,Lunch And Dinner,,14.00,hollywood-studios/catalina-eddies
2026-09-04,Catalina Eddie's,Disney's Hollywood Studios,"Sierra Nevada Pale Ale - Chico, CA",Beverages with Alcohol,Lunch And Dinner,16-oz Can - Gold to amber in color with the flavor and aroma centered around the citrus and pine character of American hops,12.50,hollywood-studios/catalina-eddies
2026-09-04,Catalina Eddie's,Disney's Hollywood Studios,White Claw Black Cherry Hard Seltzer,Beverages with Alcohol,Lunch And Dinner,,11.00,hollywood-studios/catalina-eddies
2026-09-04,Catalina Eddie's,Disney's Hollywood Studios,"Bud Light Lager – St. Louis, MO",Beverages with Alcohol,Lunch And Dinner,"16-oz Bottle - Golden-colored with flavors that are dry, clean, crisp, and refreshing with subtle bitterness",9.75,hollywood-studios/catalina-eddies
2026-09-04,Docking Bay 7 Food and Cargo,Disney's Hollywood Studios,The Mandalorian and Grogu Jetpack Sipper,Souvenir Specialties,Breakfast; Lunch; Dinner,Includes choice of Coca-Cola® Fountain Beverage at time of purchase. Available while supplies last.,34.79,hollywood-studios/docking-bay-7-food-and-cargo
2026-09-04,Docking Bay 7 Food and Cargo,Disney's Hollywood Studios,Gold Squadron Lager - Blue Point Brewing Co.,Beverages with Alcohol,Breakfast; Lunch; Dinner,16 oz draft - Golden Lager with Lavender and Plum flavors,15.75,hollywood-studios/docking-bay-7-food-and-cargo
2026-09-04,Docking Bay 7 Food and Cargo,Disney's Hollywood Studios,Surly Sarlacc,Beverages with Alcohol,Breakfast; Lunch; Dinner,"Ketel One Botanical Grapefruit and Rose Vodka, Minute Maid© Limeade, Raspberry, Spicy Mango Flavors",16.50,hollywood-studios/docking-bay-7-food-and-cargo
2026-09-04,Docking Bay 7 Food and Cargo,Disney's Hollywood Studios,Assorted Fountain Beverages - Large,Beverages,Breakfast; Lunch; Dinner,Assorted Coca-Cola® Offerings,5.59,hollywood-studios/docking-bay-7-food-and-cargo
2026-09-04,Docking Bay 7 Food and Cargo,Disney's Hollywood Studios,Assorted Fountain Beverages - Regular,Beverages,Breakfast; Lunch; Dinner,Assorted Coca-Cola® Offerings,4.79,hollywood-studios/docking-bay-7-food-and-cargo
2026-09-04,Docking Bay 7 Food and Cargo,Disney's Hollywood Studios,DASANI® Bottled Water,Beverages,Breakfast; Lunch; Dinner,,5.00,hollywood-studios/docking-bay-7-food-and-cargo
2026-09-04,Docking Bay 7 Food and Cargo,Disney's Hollywood Studios,Small Chocolate Milk,Beverages,Breakfast; Lunch; Dinner,,2.59,hollywood-studios/docking-bay-7-food-and-cargo
2026-09-04,Docking Bay 7 Food and Cargo,Disney's Hollywood Studios,Minute Maid® Apple Juice,Beverages,Breakfast; Lunch; Dinner,,3.59,hollywood-studios/docking-bay-7-food-and-cargo
2026-09-04,Docking Bay 7 Food and Cargo,Disney's Hollywood Studios,Lowfat Milk,Beverages,Breakfast; Lunch; Dinner,,2.59,hollywood-studios/docking-bay-7-food-and-cargo
2026-09-04,Docking Bay 7 Food and Cargo,Disney's Hollywood Studios,Shaak Pot Roast with Kublag Mash,Entrées,Lunch; Dinner,Birria Pot Roast with Turmeric-Garlic Mash and Roasted Carrots,19.99,hollywood-studios/docking-bay-7-food-and-cargo
2026-09-04,Docking Bay 7 Food and Cargo,Disney's Hollywood Studios,Sweet Puffer Pig Ribs with Portion Bread,Entrées,Lunch; Dinner,Pork Ribs brushed with Tangy BBQ Sauce and served with Macaroni & Cheese and Sponge Cake,16.99,hollywood-studios/docking-bay-7-food-and-cargo
2026-09-04,Docking Bay 7 Food and Cargo,Disney's Hollywood Studios,Endorian Fried Chicken Tip Yip,Entrées,Lunch; Dinner,"Crispy Chicken served with House-made Macaroni, Roasted Vegetables garnished with Cauliflower Leaf Kimchi",16.29,hollywood-studios/docking-bay-7-food-and-cargo
2026-09-04,Docking Bay 7 Food and Cargo,Disney's Hollywood Studios,Pirjanad Hot Chicken Tip Yip,Entrées,Lunch; Dinner,"Crispy Chicken glazed in a Spicy Chipotle Sauce and served with White Rice and a Relish of Sweet Corn, Shishito Peppers, Jicama, Plantains, and Cilantro",16.29,hollywood-studios/docking-bay-7-food-and-cargo
2026-09-04,Docking Bay 7 Food and Cargo,Disney's Hollywood Studios,Endorian Chicken Tip-Yip Salad,Entrées,Lunch; Dinner,"Guava BBQ Chicken with Avocado-Jalapeño Dressing, Arugula, Radish, Romaine, Cucumber, Red Onion, Haricot Vert, Pineapple, and Rice Noodles",14.99,hollywood-studios/docking-bay-7-food-and-cargo
2026-09-04,Docking Bay 7 Food and Cargo,Disney's Hollywood Studios,Felucian Falafel and Hummus Garden Spread,Plant-Based,Lunch; Dinner,"Chickpea Falafel, Roasted Beet Hummus, and Beet-Tomato-Cucumber Relish topped with Garlic Toum Sauce and served with Grilled Pita",13.29,hollywood-studios/docking-bay-7-food-and-cargo
2026-09-04,Docking Bay 7 Food and Cargo,Disney's Hollywood Studios,Mashed Potatoes,Sides,Lunch; Dinner,,5.49,hollywood-studios/docking-bay-7-food-and-cargo
2026-09-04,Docking Bay 7 Food and Cargo,Disney's Hollywood Studios,White Rice,Sides,Lunch; Dinner,,5.49,hollywood-studios/docking-bay-7-food-and-cargo
2026-09-04,Docking Bay 7 Food and Cargo,Disney's Hollywood Studios,Ithorian Pasta Rings,Kid's Disney Check Meal,Lunch; Dinner,Plant-based Meat Marinara Sauce and Pasta with a side of Roasted Vegetables served with choice of Small Lowfat Milk or Small DASANI® Water. Meets Disney Nutrition Guidelines for Complete Meals without substitutions,9.99,hollywood-studios/docking-bay-7-food-and-cargo
2026-09-04,Docking Bay 7 Food and Cargo,Disney's Hollywood Studios,Fried Chicken Tip Yip Youngling Meal,Kid's Meal,Lunch; Dinner,Crispy Chicken served with House-made Macaroni & Cheese and Roasted Vegetables served with choice of Small Lowfat Milk or Small DASANI® Water,10.99,hollywood-studios/docking-bay-7-food-and-cargo
2026-09-04,Docking Bay 7 Food and Cargo,Disney's Hollywood Studios,Black Spire Mousse,Desserts,Lunch; Dinner,"White Chocolate Jogan Fruit Mousse atop a Brownie Brittle served with Blue Milk Sauce, Pineapple Cream, and Hibiscus Sponge topped with a Chocolate Black Spire Coin",6.79,hollywood-studios/docking-bay-7-food-and-cargo
2026-09-04,Docking Bay 7 Food and Cargo,Disney's Hollywood Studios,Ronto Wrap,Ronto Roaster Specialty,Dinner,"Roasted Pork, Grilled Pork Sausage, Peppercorn Sauce, and Tangy Slaw wrapped in Pita Bread and served with Yuca Fries topped with Aïoli Sauce (Available after 3:00pm)",15.99,hollywood-studios/docking-bay-7-food-and-cargo
2026-09-04,Dockside Diner,Disney's Hollywood Studios,Annual Passholder Tumbler,Annual Passholder Exclusive,Lunch And Dinner,Served with choice of Fountain Beverage. Not valid for refills.,14.79,hollywood-studios/dockside-diner
2026-09-04,Dockside Diner,Disney's Hollywood Studios,Key Lime Kermit Milk Shake,Annual Passholder Exclusive,Lunch And Dinner,"Vanilla Milk Shake, Key Lime Cake Crumbs, Key Lime Sauce, and Sprinkles",10.79,hollywood-studios/dockside-diner
2026-09-04,Dockside Diner,Disney's Hollywood Studios,Maritime Mudslide Shake,Featured Offerings,Lunch And Dinner,with your choice of Vanilla or Chocolate-flavored Milk Shake with Kahlúa Liqueur and Baileys Original Irish Cream Liqueur (Limited Seasonal Offering),17.50,hollywood-studios/dockside-diner
2026-09-04,Dockside Diner,Disney's Hollywood Studios,Bacon Macaroni & Cheese,Featured Offerings,Lunch And Dinner,"Macaroni & Cheese with White Cheddar, Bacon, and topped with Bread Crumbs",10.49,hollywood-studios/dockside-diner
2026-09-04,Dockside Diner,Disney's Hollywood Studios,Bacon Macaroni & Cheese Hot Dog,Entrées,Lunch And Dinner; Special Ticketed Event,"All-Beef Quarter-pound Hot Dog topped with savory Macaroni & Cheese and Crispy Applewood Bacon, drizzled with Mustard Aïoli on a Brioche Butter Bun served with House-made Chips",13.49,hollywood-studios/dockside-diner
2026-09-04,Dockside Diner,Disney's Hollywood Studios,California BLTA Dog,Entrées,Lunch And Dinner; Special Ticketed Event,"All-Beef Quarter-pound Hot Dog topped with Lettuce, Tomato, Avocado, Crispy Applewood Bacon,House-made Black Pepper Mayonnaise, and drizzled with Mustard Aïoli on a Brioche Butter Bun served with House-made Chips",13.49,hollywood-studios/dockside-diner
2026-09-04,Dockside Diner,Disney's Hollywood Studios,Cheesy Garlic Pretzel Dog,Entrées,Lunch And Dinner; Special Ticketed Event,"All-Beef Quarter-Pound Hot Dog topped with a Beer Cheese Garlic Sauce, Crispy Onions, and Mustard Drizzle on a Pretzel Bun served with House-made Chips",13.49,hollywood-studios/dockside-diner
2026-09-04,Dockside Diner,Disney's Hollywood Studios,Pretzel Hot Dog,Entrées,Lunch And Dinner; Special Ticketed Event,"All-Beef Quarter-pound Hot Dog topped with Apple-braised Sauerkraut and Onions, drizzled with Mustard Aïoli on Pretzel Bread, and served with House-made Chips",13.49,hollywood-studios/dockside-diner
2026-09-04,Dockside Diner,Disney's Hollywood Studios,All-Beef Quarter-pound Hot Dog,Entrées,Lunch And Dinner; Special Ticketed Event,All-Beef Quarter-pound Hot Dog on a Brioche Butter Bun served with House-made Chips,11.79,hollywood-studios/dockside-diner
2026-09-04,Dockside Diner,Disney's Hollywood Studios,Bacon Macaroni & Cheese,Entrées,Lunch And Dinner; Special Ticketed Event,"Macaroni & Cheese with White Cheddar, Bacon, and topped with Bread Crumbs",10.49,hollywood-studios/dockside-diner
2026-09-04,Dockside Diner,Disney's Hollywood Studios,House-made Potato Chips,Sides,Lunch And Dinner; Special Ticketed Event,,4.99,hollywood-studios/dockside-diner
2026-09-04,Dockside Diner,Disney's Hollywood Studios,Cheese Sauce,Sides,Lunch And Dinner; Special Ticketed Event,,1.00,hollywood-studios/dockside-diner
2026-09-04,Dockside Diner,Disney's Hollywood Studios,Garlic Cheese Sauce,Sides,Lunch And Dinner; Special Ticketed Event,,1.00,hollywood-studios/dockside-diner
2026-09-04,Dockside Diner,Disney's Hollywood Studios,Dirt Cup Shake,Non-Alcoholic Specialty Beverages,Lunch And Dinner; Special Ticketed Event,"Chocolate Shake with Chocolate Sauce, Chocolate Cookie Crumbs, and Gummy Candy",10.29,hollywood-studios/dockside-diner
2026-09-04,Dockside Diner,Disney's Hollywood Studios,Seashore Lemonade,Non-Alcoholic Specialty Beverages,Lunch And Dinner; Special Ticketed Event,"DOLE® Pineapple Juice, Peach, and Minute Maid® Lemonade with Blue Curacao Syrup topped with Blueberry Fruit Juice-filled Pearls and Gummy Candy Fish",6.99,hollywood-studios/dockside-diner
2026-09-04,Dockside Diner,Disney's Hollywood Studios,Chocolate Shake,Non-Alcoholic Specialty Beverages,Lunch And Dinner; Special Ticketed Event,Limited Seasonal Offering,5.99,hollywood-studios/dockside-diner
2026-09-04,Dockside Diner,Disney's Hollywood Studios,Vanilla Shake,Non-Alcoholic Specialty Beverages,Lunch And Dinner; Special Ticketed Event,Limited Seasonal Offering,5.99,hollywood-studios/dockside-diner
2026-09-04,Dockside Diner,Disney's Hollywood Studios,Large Joffrey's™ Cold Brew Coffee with Sweet Cream,Beverages,Lunch And Dinner; Special Ticketed Event,,6.49,hollywood-studios/dockside-diner
2026-09-04,Dockside Diner,Disney's Hollywood Studios,Frozen Blue Raspberry Lemonade,Beverages,Lunch And Dinner; Special Ticketed Event,,6.29,hollywood-studios/dockside-diner
2026-09-04,Dockside Diner,Disney's Hollywood Studios,Minute Maid® Premium Frozen Lemonade,Beverages,Lunch And Dinner; Special Ticketed Event,,6.29,hollywood-studios/dockside-diner
2026-09-04,Dockside Diner,Disney's Hollywood Studios,Assorted Fountain Beverages,Beverages,Lunch And Dinner; Special Ticketed Event,Assorted Coca-Cola® Offerings,5.59,hollywood-studios/dockside-diner
2026-09-04,Dockside Diner,Disney's Hollywood Studios,Joffrey's™ Cold Brew Coffee with Sweet Cream,Beverages,Lunch And Dinner; Special Ticketed Event,,5.99,hollywood-studios/dockside-diner
2026-09-04,Dockside Diner,Disney's Hollywood Studios,Large Freshly Brewed Joffrey's Coffee™ Regular,Beverages,Lunch And Dinner; Special Ticketed Event,,5.19,hollywood-studios/dockside-diner
2026-09-04,Dockside Diner,Disney's Hollywood Studios,Large Hot Cocoa,Beverages,Lunch And Dinner; Special Ticketed Event,,5.19,hollywood-studios/dockside-diner
2026-09-04,Dockside Diner,Disney's Hollywood Studios,Large Twinings® Hot Tea,Beverages,Lunch And Dinner; Special Ticketed Event,,5.19,hollywood-studios/dockside-diner
2026-09-04,Dockside Diner,Disney's Hollywood Studios,DASANI® Bottled Water,Beverages,Lunch And Dinner; Special Ticketed Event,20-oz Bottled Water,4.25,hollywood-studios/dockside-diner
2026-09-04,Dockside Diner,Disney's Hollywood Studios,Freshly Brewed Joffrey's Coffee™ Decaf,Hot Beverages,Lunch And Dinner; Special Ticketed Event,,4.29,hollywood-studios/dockside-diner
2026-09-04,Dockside Diner,Disney's Hollywood Studios,Freshly Brewed Joffrey's Coffee™ Regular,Hot Beverages,Lunch And Dinner; Special Ticketed Event,,4.29,hollywood-studios/dockside-diner
2026-09-04,Dockside Diner,Disney's Hollywood Studios,Hot Cocoa,Hot Beverages,Lunch And Dinner; Special Ticketed Event,,4.29,hollywood-studios/dockside-diner
2026-09-04,Dockside Diner,Disney's Hollywood Studios,Twinings® Hot Tea,Hot Beverages,Lunch And Dinner; Special Ticketed Event,,4.29,hollywood-studios/dockside-diner
2026-09-04,Dockside Diner,Disney's Hollywood Studios,Blue Sea Margarita,Beverages with Alcohol,Lunch And Dinner,"Patrón Silver Tequila, Bols Blue Curacao, and Sweet-and-Sour",19.50,hollywood-studios/dockside-diner
2026-09-04,Dockside Diner,Disney's Hollywood Studios,Vanilla Shake with Baileys Irish Cream and Kahlúa Liqueur,Beverages with Alcohol,Lunch And Dinner,Limited Seasonal Offering,17.50,hollywood-studios/dockside-diner
2026-09-04,Dockside Diner,Disney's Hollywood Studios,Minute Maid® Premium Frozen Lemonade with Tito’s Handmade Vodka,Beverages with Alcohol,Lunch And Dinner,,19.50,hollywood-studios/dockside-diner
2026-09-04,Dockside Diner,Disney's Hollywood Studios,"Cigar City Jai Alai IPA - Tampa, FL",Beer,Lunch And Dinner,16-oz Can - this bigger brother to the Pale Ale employs a significant amount of Hops with high bitterness and Citrus and Floral aroma,12.50,hollywood-studios/dockside-diner
2026-09-04,Dockside Diner,Disney's Hollywood Studios,"Yuengling Traditional Lager - Pottsville, PA",Beer,Lunch And Dinner,"20-oz Draft -Traditional Lager with a rich amber color, medium-bodied flavor, and distinct character",10.50,hollywood-studios/dockside-diner
2026-09-04,Dockside Diner,Disney's Hollywood Studios,"Bud Light Lager – St. Louis, MO",Beer,Lunch And Dinner,"20-oz Draft - Golden colored with flavors that are dry, clean, crisp and refreshing with subtle bitterness",10.00,hollywood-studios/dockside-diner
2026-09-04,Fairfax Fare,Disney's Hollywood Studios,The Mandalorian and Grogu Jetpack Sipper,Souvenir Specialties,Breakfast; Lunch And Dinner,Includes choice of Coca-Cola® Fountain Beverage at time of purchase. Available while supplies last.,34.79,hollywood-studios/fairfax-fare
2026-09-04,Fairfax Fare,Disney's Hollywood Studios,Bantha Sipper,Souvenir Specialties,Breakfast; Lunch And Dinner,Includes choice of Coca-Cola® Fountain Beverage at time of purchase. Available while supplies last.,21.79,hollywood-studios/fairfax-fare
2026-09-04,Fairfax Fare,Disney's Hollywood Studios,Orange Grove Cold Brew,Featured Offerings,Breakfast; Lunch And Dinner,Vanilla-flavored Joffrey's™ Cold Brew Coffee with Orange-Vanilla Cold Foam,6.29,hollywood-studios/fairfax-fare
2026-09-04,Fairfax Fare,Disney's Hollywood Studios,Waffle Platter,Entrées,Breakfast,"Mickey-shaped Waffles served with Syrup, Bacon, and Sausage",11.29,hollywood-studios/fairfax-fare
2026-09-04,Fairfax Fare,Disney's Hollywood Studios,Assorted Fountain Beverages - Large,Beverages,Breakfast; Lunch And Dinner,Assorted Coca-Cola® Offerings,5.59,hollywood-studios/fairfax-fare
2026-09-04,Fairfax Fare,Disney's Hollywood Studios,Assorted Fountain Beverages - Regular,Beverages,Breakfast; Lunch And Dinner,Assorted Coca-Cola® Offerings,4.79,hollywood-studios/fairfax-fare
2026-09-04,Fairfax Fare,Disney's Hollywood Studios,smartwater®,Beverages,Breakfast; Lunch And Dinner,,6.25,hollywood-studios/fairfax-fare
2026-09-04,Fairfax Fare,Disney's Hollywood Studios,Simply® Orange,Beverages,Breakfast; Lunch And Dinner,,5.59,hollywood-studios/fairfax-fare
2026-09-04,Fairfax Fare,Disney's Hollywood Studios,Chocolate Milk,Beverages,Breakfast; Lunch And Dinner,,4.79,hollywood-studios/fairfax-fare
2026-09-04,Fairfax Fare,Disney's Hollywood Studios,Whole Milk,Beverages,Breakfast; Lunch And Dinner,,3.99,hollywood-studios/fairfax-fare
2026-09-04,Fairfax Fare,Disney's Hollywood Studios,DASANI® Bottled Water,Beverages,Breakfast; Lunch And Dinner,,4.25,hollywood-studios/fairfax-fare
2026-09-04,Fairfax Fare,Disney's Hollywood Studios,Large Freshly Brewed Joffrey's Coffee™ Regular,Hot Beverages ,Breakfast; Lunch And Dinner,,5.19,hollywood-studios/fairfax-fare
2026-09-04,Fairfax Fare,Disney's Hollywood Studios,Large Freshly Brewed Joffrey's Coffee™ Decaf,Hot Beverages ,Breakfast; Lunch And Dinner,,5.19,hollywood-studios/fairfax-fare
2026-09-04,Fairfax Fare,Disney's Hollywood Studios,Large Hot Cocoa,Hot Beverages ,Breakfast; Lunch And Dinner,,5.19,hollywood-studios/fairfax-fare
2026-09-04,Fairfax Fare,Disney's Hollywood Studios,Large Twinings® Hot Tea,Hot Beverages ,Breakfast; Lunch And Dinner,,5.19,hollywood-studios/fairfax-fare
2026-09-04,Fairfax Fare,Disney's Hollywood Studios,Freshly Brewed Joffrey's Coffee™ Regular,Hot Beverages ,Breakfast; Lunch And Dinner,,4.79,hollywood-studios/fairfax-fare
2026-09-04,Fairfax Fare,Disney's Hollywood Studios,Freshly Brewed Joffrey's Coffee™ Decaf,Hot Beverages ,Breakfast; Lunch And Dinner,,4.79,hollywood-studios/fairfax-fare
2026-09-04,Fairfax Fare,Disney's Hollywood Studios,Twinings® Hot Tea,Hot Beverages ,Breakfast; Lunch And Dinner,,4.79,hollywood-studios/fairfax-fare
2026-09-04,Fairfax Fare,Disney's Hollywood Studios,Hot Cocoa,Hot Beverages ,Breakfast; Lunch And Dinner,,4.79,hollywood-studios/fairfax-fare
2026-09-04,Fairfax Fare,Disney's Hollywood Studios,Belle Cup of Enchantment,Non-Alcoholic Specialty Beverages,Breakfast; Lunch And Dinner,Cranberry and Passion Fruit-Orange-Guava Juices topped with Yellow Shimmer and Strawberry Boba Pearls,7.99,hollywood-studios/fairfax-fare
2026-09-04,Fairfax Fare,Disney's Hollywood Studios,Mimosa,Beverage with Alcohol,Breakfast,,16.50,hollywood-studios/fairfax-fare
2026-09-04,Fairfax Fare,Disney's Hollywood Studios,Stella Artois Lager - Belgium,Beer,Breakfast; Lunch And Dinner,Seasonal Canned Beer,12.00,hollywood-studios/fairfax-fare
2026-09-04,Fairfax Fare,Disney's Hollywood Studios,"Kona Big Wave Golden Ale - Kailua Kona, HI",Beer,Breakfast; Lunch And Dinner,20-oz Draft - Lighter-bodied golden ale with a tropical hop aroma and flavor,12.50,hollywood-studios/fairfax-fare
2026-09-04,Fairfax Fare,Disney's Hollywood Studios,"Lagunitas IPA - Petaluma, CA",Beer,Breakfast; Lunch And Dinner,20-oz Draft IPA Beer,12.50,hollywood-studios/fairfax-fare
2026-09-04,Fairfax Fare,Disney's Hollywood Studios,"Sierra Nevada Pale Ale - Chico, CA",Beer,Breakfast; Lunch And Dinner,16-oz Can - Gold to amber in color with the flavors and aroma centered around the citrus and pine character of American hops,12.50,hollywood-studios/fairfax-fare
2026-09-04,Fairfax Fare,Disney's Hollywood Studios,"White Claw Black Cherry Hard Seltzer - Chicago, IL",Beer,Breakfast; Lunch And Dinner,16-oz Can - Hard Seltzer balancing the tartness and sweetness of a ripe summer cherry,10.75,hollywood-studios/fairfax-fare
2026-09-04,Fairfax Fare,Disney's Hollywood Studios,"Michelob Ultra - St. Louis, MO",Beer,Breakfast; Lunch And Dinner,Seasonal Draft Beer,10.50,hollywood-studios/fairfax-fare
2026-09-04,Fairfax Fare,Disney's Hollywood Studios,Barbecued Beef Brisket Bowl,Entrées,Lunch And Dinner,"Braised Beef tossed in Barbecue Sauce and topped with Pickled Jalapeños, Red Onion, Bacon, and Corn Chips served on House-made Queso Sauce and Mashed Potatoes in a Waffle Bowl",15.29,hollywood-studios/fairfax-fare
2026-09-04,Fairfax Fare,Disney's Hollywood Studios,Korean Barbecued Pork Belly Bowl,Entrées,Lunch And Dinner,Braised Pork Belly tossed in Korean Barbecue Sauce topped with Korean Salad and Green Onions served on Mashed Potatoes in a Waffle Bowl,15.29,hollywood-studios/fairfax-fare
2026-09-04,Fairfax Fare,Disney's Hollywood Studios,Buffalo Chicken Bowl,Entrées,Lunch And Dinner,Chicken Breast Nuggets tossed in Buffalo Sauce and topped with Coleslaw served on Mashed Potatoes in a Waffle Bowl,14.49,hollywood-studios/fairfax-fare
2026-09-04,Fairfax Fare,Disney's Hollywood Studios,Plant-based Soba Noodle Salad Bowl with Chik'n,Plant-Based,Lunch And Dinner,"Chilled Soba Noodles, Edamame, Red Cabbage, Red Peppers, Shredded Carrots, Celery, and Green Onions tossed in Yakisoba Sauce and served in a Waffle Bowl",14.49,hollywood-studios/fairfax-fare
2026-09-04,Fairfax Fare,Disney's Hollywood Studios,Plant-based Soba Noodle Salad Bowl,Plant-Based,Lunch And Dinner,"Chilled Soba Noodles, Edamame, Red Cabbage, Red Peppers, Shredded Carrots, Celery, and Green Onions tossed in Yakisoba Sauce served in a Waffle Bowl",13.49,hollywood-studios/fairfax-fare
2026-09-04,Fairfax Fare,Disney's Hollywood Studios,Enchanted Rose,Desserts,Lunch And Dinner,"Dark Chocolate Mousse with a taste of Blackcurrant and Morello Cherry-Chocolate Shortbread Cookie, Whipped Cookies 'n Cream Fluff, and gilded Chocolate-covered Cacao Nibs",5.79,hollywood-studios/fairfax-fare
2026-09-04,Hollywood & Vine,Disney's Hollywood Studios,Enchanted Grove Lime Splash,Non-Alcoholic Specialty Beverages,Breakfast,Minute Maid® Limeade paired with the revitalizing flavors of Cucumber and Mint,6.29,hollywood-studios/hollywood-and-vine
2026-09-04,Hollywood & Vine,Disney's Hollywood Studios,Enchanting Ember Lemonade,Non-Alcoholic Specialty Beverages,Breakfast,"Minute Maid® Premium Lemonade, Strawberry, and Hot Honey",6.49,hollywood-studios/hollywood-and-vine
2026-09-04,Hollywood & Vine,Disney's Hollywood Studios,So Many Wishes,Non-Alcoholic Specialty Beverages,Breakfast,"Pomegranate Green Tea, Hibiscus, Lemon, and a dash of Star Dust",6.79,hollywood-studios/hollywood-and-vine
2026-09-04,Hollywood & Vine,Disney's Hollywood Studios,Joffrey’s™ Cold Brew Coffee,Non-Alcoholic Specialty Beverages,Breakfast,Additional Flavors Available,5.79,hollywood-studios/hollywood-and-vine
2026-09-04,Hollywood & Vine,Disney's Hollywood Studios,Legacy Mimosa,Breakfast Cocktails,Breakfast,"Uncle Nearest 1884 Small Batch Tennessee Whiskey, Grand Marnier Liqueur, Chateau Ste. Michelle Sparkling Wine, and Minute Maid® Orange Juice",20.50,hollywood-studios/hollywood-and-vine
2026-09-04,Hollywood & Vine,Disney's Hollywood Studios,Bloody Mary,Breakfast Cocktails,Breakfast,"Tito’s Handmade Vodka, House-made Bloody Mary Mix",17.50,hollywood-studios/hollywood-and-vine
2026-09-04,Hollywood & Vine,Disney's Hollywood Studios,Cold Brew Martini,Breakfast Cocktails,Breakfast,"Kōloa Kauaʻi Cacao Rum, Tia Maria Liqueur, Joffrey’s™ Cold Brew Coffee",17.50,hollywood-studios/hollywood-and-vine
2026-09-04,Hollywood & Vine,Disney's Hollywood Studios,"Marsuret Prosecco, Valdobbiadene Superior Brut NV",Breakfast Cocktails,Breakfast,"Dry and fresh, elegant and complex, golden apple and hints of wild flowers aroma",56.00,hollywood-studios/hollywood-and-vine
2026-09-04,Hollywood & Vine,Disney's Hollywood Studios,Ultimate Long Island Iced Tea,Featured Beverages,Lunch; Dinner,"Bacardí Superior Rum, Tito’s Handmade Vodka, Hendrick’s Gin, Corazón Blanco Tequila, Cointreau Liqueur, and Sweet-and-Sour",18.50,hollywood-studios/hollywood-and-vine
2026-09-04,Hollywood & Vine,Disney's Hollywood Studios,Celebrity Margarita,Featured Beverages,Lunch; Dinner,"Jose Cuervo Tradicional Tequila, Cointreau Liqueur, Lime Juice, and Sweet-and-Sour",16.50,hollywood-studios/hollywood-and-vine
2026-09-04,Hollywood & Vine,Disney's Hollywood Studios,Enchanted Grove Lime Splash,Featured Beverages,Lunch; Dinner,Minute Maid® Limeade paired with the revitalizing flavors of Cucumber and Mint,6.29,hollywood-studios/hollywood-and-vine
2026-09-04,Hollywood & Vine,Disney's Hollywood Studios,Enchanting Ember Lemonade,Featured Beverages,Lunch; Dinner,"Minute Maid® Premium Lemonade, Strawberry, and Hot Honey",6.49,hollywood-studios/hollywood-and-vine
2026-09-04,Hollywood & Vine,Disney's Hollywood Studios,Coconut Gimlet,Cocktails,Lunch; Dinner,"Hendrick’s Gin, Coconut, Lime, Cardamon Bitters",17.50,hollywood-studios/hollywood-and-vine
2026-09-04,Hollywood & Vine,Disney's Hollywood Studios,Island Fusion Punch,Cocktails,Lunch; Dinner,"Mount Gay Eclipse Rum, Minute Maid® Passion Fruit Orange Guava Juice, DOLE® Pineapple Juice, Lime Juice",16.50,hollywood-studios/hollywood-and-vine
2026-09-04,Hollywood & Vine,Disney's Hollywood Studios,Patrón Platinum Margarita,Cocktails,Lunch; Dinner,"Patrón Silver Tequila, Cointreu Liqueur, Lime Juice, Sweet-and-Sour",18.50,hollywood-studios/hollywood-and-vine
2026-09-04,Hollywood & Vine,Disney's Hollywood Studios,Ultimate Long Island Iced Tea,Cocktails,Lunch; Dinner,"Bacardí Superior Rum, Tito’s Handmade Vodka, Hendrick’s Gin, Corazón Blanco Tequila, Cointreau Liqueur, and Sweet-and-Sour",18.50,hollywood-studios/hollywood-and-vine
2026-09-04,Hollywood & Vine,Disney's Hollywood Studios,"Marsuret Prosecco, Valdobbiadene Superior Brut NV",White Wine,Lunch; Dinner,"Dry and fresh, elegant and complex, golden apple and hints of wild flowers aroma",56.00,hollywood-studios/hollywood-and-vine
2026-09-04,Hollywood & Vine,Disney's Hollywood Studios,"King Estate Pinot Gris, Willamette Valley",White Wine,Lunch; Dinner,,67.00,hollywood-studios/hollywood-and-vine
2026-09-04,Hollywood & Vine,Disney's Hollywood Studios,"Kim Crawford Sauvignon Blanc, Marlborough",White Wine,Lunch; Dinner,,67.00,hollywood-studios/hollywood-and-vine
2026-09-04,Hollywood & Vine,Disney's Hollywood Studios,"Fess Parker Chardonnay, Santa Barbara County",White Wine,Lunch; Dinner,,56.00,hollywood-studios/hollywood-and-vine
2026-09-04,Hollywood & Vine,Disney's Hollywood Studios,"MacMurray Estate Vineyards Pinot Noir, Central Coast",Red Wine,Lunch; Dinner,,74.00,hollywood-studios/hollywood-and-vine
2026-09-04,Hollywood & Vine,Disney's Hollywood Studios,"Decoy by Duckhorn Merlot, Sonoma County",Red Wine,Lunch; Dinner,,67.00,hollywood-studios/hollywood-and-vine
2026-09-04,Hollywood & Vine,Disney's Hollywood Studios,"Louis M. Martini Cabernet Sauvignon, Sonoma County",Red Wine,Lunch; Dinner,,98.00,hollywood-studios/hollywood-and-vine
2026-09-04,The Hollywood Brown Derby,Disney's Hollywood Studios,Beet and Kale Salad,Appetizers,Lunch; Dinner,"Spinach, Warm Bacon Vinaigrette, Goat Cheese Cream, Beet Purée, Candied Walnut",13.00,hollywood-studios/hollywood-brown-derby
2026-09-04,The Hollywood Brown Derby,Disney's Hollywood Studios,Roasted Butternut Squash Soup,Appetizers,Lunch; Dinner,"Butternut Squash Velouté, Roasted Bell Pepper, Coconut-Hazelnut Emulsion, Sherry Gastrique, Toasted Pumpkin Seed, Chili Oil, Micro Cilantro",13.00,hollywood-studios/hollywood-brown-derby
2026-09-04,The Hollywood Brown Derby,Disney's Hollywood Studios,Escargot,Appetizers,Lunch; Dinner,"Roasted Garlic Béchamel, Crispy Prosciutto, Puff Pastry",21.00,hollywood-studios/hollywood-brown-derby
2026-09-04,The Hollywood Brown Derby,Disney's Hollywood Studios,House-made Ravioli,Appetizers,Lunch; Dinner,"English Peas, Carrot Purée, Pickled Alba Mushrooms (Plant based)",15.00,hollywood-studios/hollywood-brown-derby
2026-09-04,The Hollywood Brown Derby,Disney's Hollywood Studios,Prosciutto Croquettes,Appetizers,Lunch; Dinner,"Pickled Onion, Herbs Gel, Ají Amarillo Aïoli",15.00,hollywood-studios/hollywood-brown-derby
2026-09-04,The Hollywood Brown Derby,Disney's Hollywood Studios,Shrimp Cocktail,Appetizers,Lunch; Dinner,"Avocado Mousse, Traditional Cocktail Sauce",19.00,hollywood-studios/hollywood-brown-derby
2026-09-04,The Hollywood Brown Derby,Disney's Hollywood Studios,Char-grilled Octopus,Appetizers,Lunch; Dinner,"Herb-roasted Potatoes, Chimichurri, Chipotle-Harissa Aïoli",20.00,hollywood-studios/hollywood-brown-derby
2026-09-04,The Hollywood Brown Derby,Disney's Hollywood Studios,Pan-roasted Halibut,Entrées,Lunch; Dinner,"Leek Vichyssoise Risotto, Pea, Citrus",54.00,hollywood-studios/hollywood-brown-derby
2026-09-04,The Hollywood Brown Derby,Disney's Hollywood Studios,Half Roasted Chicken,Entrées,Lunch; Dinner,"White Bean Purée, Braised Cipollini Onion, Butter-poached Carrot, Roasted Mushroom, Mustard Sauce",41.00,hollywood-studios/hollywood-brown-derby
2026-09-04,The Hollywood Brown Derby,Disney's Hollywood Studios,Filet Mignon*,Entrées,Lunch; Dinner,"Rhubarb-Red Wine Demi-glace, Yukon Gold Potato, Seasonal Vegetable",56.00,hollywood-studios/hollywood-brown-derby
2026-09-04,The Hollywood Brown Derby,Disney's Hollywood Studios,Our Famous Cobb Salad,Entrées,Lunch; Dinner,"Spit-roasted Turkey, Bacon, Egg, Tomatoes, Blue Cheese, Avocado, Classic Dressing. With Chicken $37 | With Shrimp $40",30.00,hollywood-studios/hollywood-brown-derby
2026-09-04,The Hollywood Brown Derby,Disney's Hollywood Studios,Stuffed Butternut Squash,Entrées,Lunch; Dinner,"Potato-Chickpea-Vegetable Filling, Roasted Spring Vegetable, Mushroom-Lemongrass ""Cream"" Sauce (Plant-based)",34.00,hollywood-studios/hollywood-brown-derby
2026-09-04,The Hollywood Brown Derby,Disney's Hollywood Studios,Braised Center-cut Short Rib,Entrées,Lunch; Dinner,"Hominy Purée, Roasted Vegetables, Smoky Adobo Glaze, Beef Jus",54.00,hollywood-studios/hollywood-brown-derby
2026-09-04,The Hollywood Brown Derby,Disney's Hollywood Studios,Fried Pork Chop,Entrées,Lunch; Dinner,"Yuzu Beurre Blanc, Summer Vegetables",45.00,hollywood-studios/hollywood-brown-derby
2026-09-04,The Hollywood Brown Derby,Disney's Hollywood Studios,Braised Duck Pappardelle Pasta,Entrées,Lunch; Dinner,"Hand-rolled Semolina Pasta, Braised Duck, Celery Root, Wild Mushroom, Crispy Pancetta",50.00,hollywood-studios/hollywood-brown-derby
2026-09-04,The Hollywood Brown Derby,Disney's Hollywood Studios,Au Gratin Potato,Enhancements,Lunch; Dinner,Black Diamond Cheddar,12.00,hollywood-studios/hollywood-brown-derby
2026-09-04,The Hollywood Brown Derby,Disney's Hollywood Studios,Glazed Carrots,Enhancements,Lunch; Dinner,"Mint Yogurt, Pickled Onion, Dukkah Spice (Plant-based)",10.00,hollywood-studios/hollywood-brown-derby
2026-09-04,The Hollywood Brown Derby,Disney's Hollywood Studios,Braised Wild Mushrooms,Enhancements,Lunch; Dinner,"Shallots, Tarragon, Veal Stock, Truffle Butter",12.00,hollywood-studios/hollywood-brown-derby
2026-09-04,The Hollywood Brown Derby,Disney's Hollywood Studios,Grapefruit Cake,Desserts,Lunch; Dinner,"A Brown Derby Original. Vanilla Sponge Cake, Grapefruit Syrup, Cream Cheese Icing",14.00,hollywood-studios/hollywood-brown-derby
2026-09-04,The Hollywood Brown Derby,Disney's Hollywood Studios,Orange-Hazelnut Chocolate Cake,Desserts,Lunch; Dinner,"Chocolate-Olive Oil Cake, Hazelnut Cream, Coffee Whipped Cream, Praline Cookie Crumble, Orange Panna Cotta, Chocolate Sauce",13.00,hollywood-studios/hollywood-brown-derby
2026-09-04,The Hollywood Brown Derby,Disney's Hollywood Studios,Decadent Chocolate Cake,Desserts,Lunch; Dinner,"Chocolate Cake, Raspberry Sauce, Chocolate Ganache, Fresh Raspberries",14.00,hollywood-studios/hollywood-brown-derby
2026-09-04,The Hollywood Brown Derby,Disney's Hollywood Studios,Honey Pot de Crème,Desserts,Lunch; Dinner,"Thyme-Apple Coulis, Apple-Cranberry Compote, Salted Streusel, Ginger Sponge Cake",14.00,hollywood-studios/hollywood-brown-derby
2026-09-04,The Hollywood Brown Derby,Disney's Hollywood Studios,Pumpkin Cheesecake,Desserts,Lunch; Dinner,"Spiced Sponge Cake, Chocolate-Pumpkin Seed Streusel, Spiced Orange Coulis",14.00,hollywood-studios/hollywood-brown-derby
2026-09-04,The Hollywood Brown Derby,Disney's Hollywood Studios,Chicken Noodle Soup,Kids' Appetizers (à la carte),Lunch; Dinner,,5.25,hollywood-studios/hollywood-brown-derby
2026-09-04,The Hollywood Brown Derby,Disney's Hollywood Studios,Chopped Salad,Kids' Appetizers (à la carte),Lunch; Dinner,,5.25,hollywood-studios/hollywood-brown-derby
2026-09-04,The Hollywood Brown Derby,Disney's Hollywood Studios,Grilled Chicken Breast,Kids' Create-Your-Own Entrées (choose one),Lunch; Dinner,"Served with choice of two (2) Selections and choice of Small Lowfat Milk, Small DASANI® Bottled Water, or Small Minute Maid® Apple Juice",16.50,hollywood-studios/hollywood-brown-derby
2026-09-04,The Hollywood Brown Derby,Disney's Hollywood Studios,Grilled Seasonal Fish,Kids' Create-Your-Own Entrées (choose one),Lunch; Dinner,"Served with choice of two (2) Selections and choice of Small Lowfat Milk, Small DASANI® Bottled Water, or Small Minute Maid® Apple Juice",17.50,hollywood-studios/hollywood-brown-derby
2026-09-04,The Hollywood Brown Derby,Disney's Hollywood Studios,Grilled Beef Steak,Kids' Create-Your-Own Entrées (choose one),Lunch; Dinner,"Served with choice of two (2) Selections and choice of Small Lowfat Milk, Small DASANI® Bottled Water, or Small Minute Maid® Apple Juice",17.50,hollywood-studios/hollywood-brown-derby
2026-09-04,The Hollywood Brown Derby,Disney's Hollywood Studios,Macaroni & Cheese,Kids' Create-Your-Own Entrées (choose one),Lunch; Dinner,"Served with choice of two (2) Selections and choice of Small Lowfat Milk, Small DASANI® Bottled Water, or Small Minute Maid® Apple Juice",11.50,hollywood-studios/hollywood-brown-derby
2026-09-04,The Hollywood Brown Derby,Disney's Hollywood Studios,Peru Alto Mayo Protected Forest Coffee Roasted by Joffrey’s Coffee™,Non-Alcoholic Beverages,Lunch; Dinner,"Disney supports Conservation International's Alto Mayo Protected forest project in Peru, which promotes sustainable coffee growing and economic growth. French Press Pot. Serves Two.",10.25,hollywood-studios/hollywood-brown-derby
2026-09-04,The Hollywood Brown Derby,Disney's Hollywood Studios,"Domaine Serene Evenstad Reserve Chardonnay, Dundee Hills",Featured Wines,Lunch; Dinner,,140.00,hollywood-studios/hollywood-brown-derby
2026-09-04,The Hollywood Brown Derby,Disney's Hollywood Studios,"Castello Banfi Brunello di Montalcino, Tuscany",Featured Wines,Lunch; Dinner,,140.00,hollywood-studios/hollywood-brown-derby
2026-09-04,The Hollywood Brown Derby,Disney's Hollywood Studios,"Jarvis Finch Hollow Chardonnay, Napa Valley",Featured Wines,Lunch; Dinner,,480.00,hollywood-studios/hollywood-brown-derby
2026-09-04,The Hollywood Brown Derby,Disney's Hollywood Studios,"Caymus Cabernet Sauvignon, Napa Valley",Featured Wines,Lunch; Dinner,,230.00,hollywood-studios/hollywood-brown-derby
2026-09-04,The Hollywood Brown Derby,Disney's Hollywood Studios,Dessert Wine Flight,After Dinner Drink Flights,Lunch; Dinner,"Inniskillin Vidal Icewine, Niagara Estate; Royal Tokaji Red Label 5 Puttonyos, Hungary; Vietti Moscato d’Asti, Piedmont",29.00,hollywood-studios/hollywood-brown-derby
2026-09-04,The Hollywood Brown Derby,Disney's Hollywood Studios,Tawny Port Flight,After Dinner Drink Flights,Lunch; Dinner,"Dow’s 10 year, Porto; Dow’s 20 year, Porto; Dow’s 30 year, Porto",29.00,hollywood-studios/hollywood-brown-derby
2026-09-04,The Hollywood Brown Derby,Disney's Hollywood Studios,Nutty Irishman,After Dinner Drinks,Lunch; Dinner,Baileys Irish Cream Liqueur and Frangelico Liqueur topped with Whipped Cream,17.50,hollywood-studios/hollywood-brown-derby
2026-09-04,The Hollywood Brown Derby,Disney's Hollywood Studios,Reposado Espresso Martini,After Dinner Drinks,Lunch; Dinner,"Flecha Azul Reposado Tequila, Tia Maria Liqueur, and Joffrey's™ Cold Brew Coffee",17.50,hollywood-studios/hollywood-brown-derby
2026-09-04,The Hollywood Brown Derby,Disney's Hollywood Studios,Grapefruit Cake Martini,After Dinner Drinks,Lunch; Dinner,"Celebrate the taste of the Grapefruit Cake created at the original Hollywood Brown Derby in the 1940s! Our concoction will delight you with Deep Eddy Ruby Red Grapefruit Vodka, Stoli Vanil Vodka, and a splash of Cream with a Graham Cracker Rim.",17.50,hollywood-studios/hollywood-brown-derby
2026-09-04,The Hollywood Brown Derby,Disney's Hollywood Studios,"Inniskillin Vidal Icewine, Niagara Estate",Dessert Wines,Lunch; Dinner,,147.00,hollywood-studios/hollywood-brown-derby
2026-09-04,The Hollywood Brown Derby,Disney's Hollywood Studios,"Royal Tokaji Red Label 5 Puttonyos, Hungary",Dessert Wines,Lunch; Dinner,,115.00,hollywood-studios/hollywood-brown-derby
2026-09-04,The Hollywood Brown Derby,Disney's Hollywood Studios,"Banfi Rosa Regale Sparkling Red, Piedmont",Dessert Wines,Lunch; Dinner,,67.00,hollywood-studios/hollywood-brown-derby
2026-09-04,The Hollywood Brown Derby,Disney's Hollywood Studios,"Vietti Moscato d'Asti, Piedmont",Dessert Wines,Lunch; Dinner,,62.00,hollywood-studios/hollywood-brown-derby
2026-09-04,The Hollywood Brown Derby,Disney's Hollywood Studios,Fonesca Bin 27 Reserve Port,Ports (3-oz pour),Lunch; Dinner,,16.00,hollywood-studios/hollywood-brown-derby
2026-09-04,The Hollywood Brown Derby,Disney's Hollywood Studios,Dow's 10 year Tawny Port,Ports (3-oz pour),Lunch; Dinner,,16.00,hollywood-studios/hollywood-brown-derby
2026-09-04,The Hollywood Brown Derby,Disney's Hollywood Studios,Dow's 20 year Tawny Port,Ports (3-oz pour),Lunch; Dinner,,25.00,hollywood-studios/hollywood-brown-derby
2026-09-04,The Hollywood Brown Derby,Disney's Hollywood Studios,Dow's 30 year Tawny Port,Ports (3-oz pour),Lunch; Dinner,,34.00,hollywood-studios/hollywood-brown-derby
2026-09-04,The Hollywood Brown Derby,Disney's Hollywood Studios,Louis XIII de Rémy Martin,Cognacs/Armagnacs (2-oz pour) ,Lunch; Dinner,,400.00,hollywood-studios/hollywood-brown-derby
2026-09-04,The Hollywood Brown Derby,Disney's Hollywood Studios,Rémy Martin VSOP,Cognacs/Armagnacs (2-oz pour) ,Lunch; Dinner,,20.50,hollywood-studios/hollywood-brown-derby
2026-09-04,The Hollywood Brown Derby,Disney's Hollywood Studios,Rémy Martin XO,Cognacs/Armagnacs (2-oz pour) ,Lunch; Dinner,,35.00,hollywood-studios/hollywood-brown-derby
2026-09-04,The Hollywood Brown Derby,Disney's Hollywood Studios,Beet and Kale Salad,Allergy-Friendly Appetizers,Lunch; Dinner,"Spinach, Warm Bacon Vinaigrette, Goat Cheese Cream, Beet Purée, Candied Walnut (For Gluten/Wheat, Egg, Fish/Shellfish, Peanut, Sesame, Soy Allergies)",13.00,hollywood-studios/hollywood-brown-derby
2026-09-04,The Hollywood Brown Derby,Disney's Hollywood Studios,Roasted Butternut Squash Soup,Allergy-Friendly Appetizers,Lunch; Dinner,"Butternut Squash Velouté, Roasted Bell Pepper, Coconut-Hazelnut Emulsion, Sherry Gastrique, Toasted Pumpkin Seed, Chili Oil, Micro Cilantro (For Gluten/Wheat, Egg, Fish/Shellfish, Milk, Peanut, Sesame Allergies)",13.00,hollywood-studios/hollywood-brown-derby
2026-09-04,The Hollywood Brown Derby,Disney's Hollywood Studios,Escargot,Allergy-Friendly Appetizers,Lunch; Dinner,"Roasted Garlic Béchamel, Crispy Prosciutto, Puff Pastry (For Fish, Peanut/Tree Nut, Sesame, and Soy Allergies)",21.00,hollywood-studios/hollywood-brown-derby
2026-09-04,The Hollywood Brown Derby,Disney's Hollywood Studios,House-made Ravioli,Allergy-Friendly Appetizers,Lunch; Dinner,"English Peas, Carrot Purée, Pickled Alba Mushrooms (For Egg, Fish/Shellfish, Milk, Peanut, Sesame Allergies)",15.00,hollywood-studios/hollywood-brown-derby
2026-09-04,The Hollywood Brown Derby,Disney's Hollywood Studios,Prosciutto Croquettes,Allergy-Friendly Appetizers,Lunch; Dinner,"Pickled Onions, Herbs Gel, Ají Amarillo Aïoli (For Fish/Shellfish, Peanut/Tree Nut, Sesame Allergies)",15.00,hollywood-studios/hollywood-brown-derby
2026-09-04,The Hollywood Brown Derby,Disney's Hollywood Studios,Shrimp Cocktail,Allergy-Friendly Appetizers,Lunch; Dinner,"Avocado Mousse, Traditional Cocktail Sauce (For Gluten/Wheat, Egg, Peanut/Tree Nut, Sesame, and Soy Allergies)",19.00,hollywood-studios/hollywood-brown-derby
2026-09-04,The Hollywood Brown Derby,Disney's Hollywood Studios,Char-grilled Octopus,Allergy-Friendly Appetizers,Lunch; Dinner,"Herb-roasted Potatoes, Chimichurri, Chipotle-Harissa Aïoli (For Gluten/Wheat, Fish, Milk, Peanut/Tree Nut, Sesame Allergies)",20.00,hollywood-studios/hollywood-brown-derby
2026-09-04,The Hollywood Brown Derby,Disney's Hollywood Studios,Pan-roasted Halibut,Allergy-Friendly Entrées,Lunch; Dinner,"Leek Vichyssoise Risotto, Pea, Citrus (For Gluten/Wheat, Egg, Peanut/Tree Nut, Sesame, Shellfish, Soy Allergies)",54.00,hollywood-studios/hollywood-brown-derby
2026-09-04,The Hollywood Brown Derby,Disney's Hollywood Studios,Half Roasted Chicken,Allergy-Friendly Entrées,Lunch; Dinner,"White Bean Purée, Braised Cipollini Onion, Butter-poached Carrot, Roasted Mushroom, Mustard Sauce (For Egg, Fish/Shellfish, Peanut/Tree Nut, Sesame, Soy Allergies)",41.00,hollywood-studios/hollywood-brown-derby
2026-09-04,The Hollywood Brown Derby,Disney's Hollywood Studios,Filet Mignon*,Allergy-Friendly Entrées,Lunch; Dinner,"Rhubarb-Red Wine Demi-glace, Yukon Gold Potato, Seasonal Vegetable (For Gluten/Wheat, Egg, Fish/Shellfish, Peanut/Tree Nut, Sesame, Soy Allergies)",56.00,hollywood-studios/hollywood-brown-derby
2026-09-04,The Hollywood Brown Derby,Disney's Hollywood Studios,Our Famous Cobb Salad,Allergy-Friendly Entrées,Lunch; Dinner,"Spit-roasted Turkey, Bacon, Egg, Tomatoes, Blue Cheese, Avocado, Classic Dressing. With Chicken $37 | With Shrimp $40 (For Gluten/Wheat, Fish/Shellfish, Peanut/Tree Nut, Sesame, and Soy Allergies)",30.00,hollywood-studios/hollywood-brown-derby
2026-09-04,The Hollywood Brown Derby,Disney's Hollywood Studios,Stuffed Butternut Squash,Allergy-Friendly Entrées,Lunch; Dinner,"Potato-Chickpea-Vegetable Filling, Roasted Spring Vegetable, Mushroom-Lemongrass ""Cream"" Sauce (For Gluten/Wheat, Egg, Fish/Shellfish, Milk, Peanut, Sesame Allergies)",34.00,hollywood-studios/hollywood-brown-derby
2026-09-04,The Hollywood Brown Derby,Disney's Hollywood Studios,Braised Center-cut Short Rib,Allergy-Friendly Entrées,Lunch; Dinner,"Hominy Purée, Roasted Vegetables, Smoky Adobo Glaze, Beef Jus (For Gluten/Wheat, Fish/Shellfish, Peanut/Tree Nut, Sesame Allergies)",54.00,hollywood-studios/hollywood-brown-derby
2026-09-04,The Hollywood Brown Derby,Disney's Hollywood Studios,Fried Pork Chop,Allergy-Friendly Entrées,Lunch; Dinner,"Yuzu Beurre Blanc, Summer Vegetables (For Fish/Shellfish, Peanut/Tree Nut, Sesame Allergies)",45.00,hollywood-studios/hollywood-brown-derby
2026-09-04,The Hollywood Brown Derby,Disney's Hollywood Studios,Braised Duck Pappardelle Pasta,Allergy-Friendly Entrées,Lunch; Dinner,"Hand-rolled Semolina Pasta, Braised Duck, Celery Root, Wild Mushroom, Crispy Pancetta (For Fish/Shellfish, Peanut/Tree Nut, Sesame, Soy Allergies)",50.00,hollywood-studios/hollywood-brown-derby
2026-09-04,The Hollywood Brown Derby,Disney's Hollywood Studios,Au Gratin Potato,Allergy-Friendly Enhancements,Lunch; Dinner,"Black Diamond Cheddar (For Egg, Fish/Shellfish, Peanut/Tree Nut, Sesame, Soy Allergies)",12.00,hollywood-studios/hollywood-brown-derby
2026-09-04,The Hollywood Brown Derby,Disney's Hollywood Studios,Glazed Carrots,Allergy-Friendly Enhancements,Lunch; Dinner,"Mint Yogurt, Pickled Onion, Dukkah Spice (For Gluten/Wheat, Egg, Fish/Shellfish, Milk, Peanut, Sesame, Soy Allergies)",10.00,hollywood-studios/hollywood-brown-derby
2026-09-04,The Hollywood Brown Derby,Disney's Hollywood Studios,Braised Wild Mushrooms,Allergy-Friendly Enhancements,Lunch; Dinner,"Shallots, Tarragon, Veal Stock, Truffle Butter (For Gluten/Wheat, Fish/Shellfish, Peanut/Tree Nut, Sesame, Soy Allergies)",12.00,hollywood-studios/hollywood-brown-derby
2026-09-04,The Hollywood Brown Derby,Disney's Hollywood Studios,Brown Derby Original Grapefruit Cake,Allergy-Friendly Desserts,Lunch; Dinner,"Vanilla Sponge Cake with Grapefruit Syrup, Grapefruit Cheesecake, and Grapefruit Jam (For Fish/Shellfish, Peanut/Tree Nut, and Sesame Allergies)",14.00,hollywood-studios/hollywood-brown-derby
2026-09-04,The Hollywood Brown Derby,Disney's Hollywood Studios,Orange-Hazelnut Chocolate Cake,Allergy-Friendly Desserts,Lunch; Dinner,"Chocolate-Olive Oil Cake, Hazelnut Cream, Coffee Whipped Cream, Praline Cookie Crumble, Orange Panna Cotta, Chocolate Sauce (For Gluten/Wheat, Egg, Fish/Shellfish, Milk, Peanut, Sesame Allergies)",13.00,hollywood-studios/hollywood-brown-derby
2026-09-04,The Hollywood Brown Derby,Disney's Hollywood Studios,Decadent Chocolate Cake,Allergy-Friendly Desserts,Lunch; Dinner,"Chocolate Cake, Raspberry Sauce, Chocolate Ganache, Fresh Raspberries (For Fish/Shellfish, Peanut/Tree Nut, Sesame Allergies)",14.00,hollywood-studios/hollywood-brown-derby
2026-09-04,The Hollywood Brown Derby,Disney's Hollywood Studios,Honey Pot de Crème,Allergy-Friendly Desserts,Lunch; Dinner,"Thyme-Apple Coulis, Apple-Cranberry Compote, Salted Streusel, Ginger Sponge Cake (For Fish/Shellfish, Peanut/Tree Nut, Sesame Allergies)",14.00,hollywood-studios/hollywood-brown-derby
2026-09-04,The Hollywood Brown Derby,Disney's Hollywood Studios,Pumpkin Cheesecake,Allergy-Friendly Desserts,Lunch; Dinner,"Spiced Sponge Cake, Chocolate-Pumpkin Seed Streusel, Spiced Orange Coulis (For Fish/Shellfish, Sesame, Tree Nut Allergies)",14.00,hollywood-studios/hollywood-brown-derby
2026-09-04,The Hollywood Brown Derby,Disney's Hollywood Studios,Chicken Noodle Soup,Allergy-Friendly Kids' Appetizers (à la carte),Lunch; Dinner,"(For Egg, Fish/Shellfish, Peanut/Tree Nut, and Sesame Allergies)",5.25,hollywood-studios/hollywood-brown-derby
2026-09-04,The Hollywood Brown Derby,Disney's Hollywood Studios,Chopped Salad,Allergy-Friendly Kids' Appetizers (à la carte),Lunch; Dinner,"(For Gluten/Wheat, Egg, Fish/Shellfish, Milk, Peanut/Tree Nut, Sesame, and Soy Allergies)",5.25,hollywood-studios/hollywood-brown-derby
2026-09-04,The Hollywood Brown Derby,Disney's Hollywood Studios,Grilled Chicken Breast,Allergy-Friendly Kids' Create-Your-Own Entrées (choose one),Lunch; Dinner,"Served with choice of two (2) Selections and choice of Small Lowfat Milk, Small DASANI® Bottled Water, or Small Minute Maid® Apple Juice (For Gluten/Wheat, Egg, Fish/Shellfish, Milk, Peanut/Tree Nut, Sesame, and Soy Allergies)",16.50,hollywood-studios/hollywood-brown-derby
2026-09-04,The Hollywood Brown Derby,Disney's Hollywood Studios,Grilled Seasonal Fish,Allergy-Friendly Kids' Create-Your-Own Entrées (choose one),Lunch; Dinner,"Served with choice of two (2) Selections and choice of Small Lowfat Milk, Small DASANI® Bottled Water, or Small Minute Maid® Apple Juice (For Gluten/Wheat, Egg, Milk, Peanut/Tree Nut, Sesame, and Soy Allergies)",17.50,hollywood-studios/hollywood-brown-derby
2026-09-04,The Hollywood Brown Derby,Disney's Hollywood Studios,Grilled Beef Steak,Allergy-Friendly Kids' Create-Your-Own Entrées (choose one),Lunch; Dinner,"Served with choice of two (2) Selections and choice of Small Lowfat Milk, Small DASANI® Bottled Water, or Small Minute Maid® Apple Juice (For Gluten/Wheat, Egg, Fish/Shellfish, Milk, Peanut/Tree Nut, Sesame, and Soy Allergies)",17.50,hollywood-studios/hollywood-brown-derby
2026-09-04,The Hollywood Brown Derby,Disney's Hollywood Studios,Macaroni & Cheese,Allergy-Friendly Kids' Create-Your-Own Entrées (choose one),Lunch; Dinner,"Served with choice of two (2) Selections and choice of Small Lowfat Milk, Small DASANI® Bottled Water, or Small Minute Maid® Apple Juice (For Egg, Fish/Shellfish, Peanut/Tree Nut, and Sesame Allergies)",11.50,hollywood-studios/hollywood-brown-derby
2026-09-04,The Hollywood Brown Derby Lounge,Disney's Hollywood Studios,Beet and Kale Salad,Appetizers,Bar – Lounge,"Spinach, Warm Bacon Vinaigrette, Goat Cheese Cream, Beet Purée, Candied Walnut",13.00,hollywood-studios/hollywood-brown-derby-lounge
2026-09-04,The Hollywood Brown Derby Lounge,Disney's Hollywood Studios,Roasted Butternut Squash Soup,Appetizers,Bar – Lounge,"Butternut Squash Velouté, Roasted Bell Pepper, Coconut-Hazelnut Emulsion, Sherry Gastrique, Toasted Pumpkin Seed, Chili Oil, Micro Cilantro",13.00,hollywood-studios/hollywood-brown-derby-lounge
2026-09-04,The Hollywood Brown Derby Lounge,Disney's Hollywood Studios,Escargot,Appetizers,Bar – Lounge,"Roasted Garlic Béchamel, Crispy Prosciutto, Puff Pastry",21.00,hollywood-studios/hollywood-brown-derby-lounge
2026-09-04,The Hollywood Brown Derby Lounge,Disney's Hollywood Studios,House-made Ravioli,Appetizers,Bar – Lounge,"English Peas, Carrot Purée, Pickled Alba Mushrooms (Plant based)",15.00,hollywood-studios/hollywood-brown-derby-lounge
2026-09-04,The Hollywood Brown Derby Lounge,Disney's Hollywood Studios,Prosciutto Croquettes,Appetizers,Bar – Lounge,"Pickled Onion, Herbs Gel, Ají Amarillo Aïoli",15.00,hollywood-studios/hollywood-brown-derby-lounge
2026-09-04,The Hollywood Brown Derby Lounge,Disney's Hollywood Studios,Shrimp Cocktail,Appetizers,Bar – Lounge,"Avocado Mousse, Traditional Cocktail Sauce",19.00,hollywood-studios/hollywood-brown-derby-lounge
2026-09-04,The Hollywood Brown Derby Lounge,Disney's Hollywood Studios,Char-grilled Octopus,Appetizers,Bar – Lounge,"Herb-roasted Potatoes, Chimichurri, Chipotle-Harissa Aïoli",20.00,hollywood-studios/hollywood-brown-derby-lounge
2026-09-04,The Hollywood Brown Derby Lounge,Disney's Hollywood Studios,Pan-roasted Halibut,Entrées,Bar – Lounge,"Leek Vichyssoise Risotto, Pea, Citrus",54.00,hollywood-studios/hollywood-brown-derby-lounge
2026-09-04,The Hollywood Brown Derby Lounge,Disney's Hollywood Studios,Half Roasted Chicken,Entrées,Bar – Lounge,"White Bean Purée, Braised Cipollini Onion, Butter-poached Carrot, Roasted Mushroom, Mustard Sauce",41.00,hollywood-studios/hollywood-brown-derby-lounge
2026-09-04,The Hollywood Brown Derby Lounge,Disney's Hollywood Studios,Filet Mignon*,Entrées,Bar – Lounge,"Rhubarb-Red Wine Demi-glace, Yukon Gold Potato, Seasonal Vegetable",56.00,hollywood-studios/hollywood-brown-derby-lounge
2026-09-04,The Hollywood Brown Derby Lounge,Disney's Hollywood Studios,Our Famous Cobb Salad,Entrées,Bar – Lounge,"Spit-roasted Turkey, Bacon, Egg, Tomatoes, Blue Cheese, Avocado, Classic Dressing. With Chicken $37 | With Shrimp $40",30.00,hollywood-studios/hollywood-brown-derby-lounge
2026-09-04,The Hollywood Brown Derby Lounge,Disney's Hollywood Studios,Stuffed Butternut Squash,Entrées,Bar – Lounge,"Potato-Chickpea-Vegetable Filling, Roasted Spring Vegetable, Mushroom-Lemongrass ""Cream"" Sauce (Plant-based)",34.00,hollywood-studios/hollywood-brown-derby-lounge
2026-09-04,The Hollywood Brown Derby Lounge,Disney's Hollywood Studios,Braised Center-cut Short Rib,Entrées,Bar – Lounge,"Hominy Purée, Roasted Vegetables, Smoky Adobo Glaze, Beef Jus",54.00,hollywood-studios/hollywood-brown-derby-lounge
2026-09-04,The Hollywood Brown Derby Lounge,Disney's Hollywood Studios,Fried Pork Chop,Entrées,Bar – Lounge,"Yuzu Beurre Blanc, Summer Vegetables",45.00,hollywood-studios/hollywood-brown-derby-lounge
2026-09-04,The Hollywood Brown Derby Lounge,Disney's Hollywood Studios,Braised Duck Pappardelle Pasta,Entrées,Bar – Lounge,"Hand-rolled Semolina Pasta, Braised Duck, Celery Root, Wild Mushroom, Crispy Pancetta",50.00,hollywood-studios/hollywood-brown-derby-lounge
2026-09-04,The Hollywood Brown Derby Lounge,Disney's Hollywood Studios,Au Gratin Potato,Enhancements,Bar – Lounge,Black Diamond Cheddar,12.00,hollywood-studios/hollywood-brown-derby-lounge
2026-09-04,The Hollywood Brown Derby Lounge,Disney's Hollywood Studios,Glazed Carrots,Enhancements,Bar – Lounge,"Mint Yogurt, Pickled Onion, Dukkah Spice (Plant-based)",10.00,hollywood-studios/hollywood-brown-derby-lounge
2026-09-04,The Hollywood Brown Derby Lounge,Disney's Hollywood Studios,Braised Wild Mushrooms,Enhancements,Bar – Lounge,"Shallots, Tarragon, Veal Stock, Truffle Butter",12.00,hollywood-studios/hollywood-brown-derby-lounge
2026-09-04,The Hollywood Brown Derby Lounge,Disney's Hollywood Studios,Grapefruit Cake,Desserts,Bar – Lounge,"A Brown Derby Original. Vanilla Sponge Cake, Grapefruit Syrup, Cream Cheese Icing",14.00,hollywood-studios/hollywood-brown-derby-lounge
2026-09-04,The Hollywood Brown Derby Lounge,Disney's Hollywood Studios,Orange-Hazelnut Chocolate Cake,Desserts,Bar – Lounge,"Chocolate-Olive Oil Cake, Hazelnut Cream, Coffee Whipped Cream, Praline Cookie Crumble, Orange Panna Cotta, Chocolate Sauce",13.00,hollywood-studios/hollywood-brown-derby-lounge
2026-09-04,The Hollywood Brown Derby Lounge,Disney's Hollywood Studios,Decadent Chocolate Cake,Desserts,Bar – Lounge,"Chocolate Cake, Raspberry Sauce, Chocolate Ganache, Fresh Raspberries",14.00,hollywood-studios/hollywood-brown-derby-lounge
2026-09-04,The Hollywood Brown Derby Lounge,Disney's Hollywood Studios,Honey Pot de Crème,Desserts,Bar – Lounge,"Thyme-Apple Coulis, Apple-Cranberry Compote, Salted Streusel, Ginger Sponge Cake",14.00,hollywood-studios/hollywood-brown-derby-lounge
2026-09-04,The Hollywood Brown Derby Lounge,Disney's Hollywood Studios,Pumpkin Cheesecake,Desserts,Bar – Lounge,"Spiced Sponge Cake, Chocolate-Pumpkin Seed Streusel, Spiced Orange Coulis",14.00,hollywood-studios/hollywood-brown-derby-lounge
2026-09-04,The Hollywood Brown Derby Lounge,Disney's Hollywood Studios,Chicken Noodle Soup,Kids' Appetizers (à la carte),Bar – Lounge,,5.25,hollywood-studios/hollywood-brown-derby-lounge
2026-09-04,The Hollywood Brown Derby Lounge,Disney's Hollywood Studios,Chopped Salad,Kids' Appetizers (à la carte),Bar – Lounge,,5.25,hollywood-studios/hollywood-brown-derby-lounge
2026-09-04,The Hollywood Brown Derby Lounge,Disney's Hollywood Studios,Grilled Chicken Breast,Kids' Create-Your-Own Entrées (choose one),Bar – Lounge,"Served with choice of two (2) Selections and choice of Small Lowfat Milk, Small DASANI® Bottled Water, or Small Minute Maid® Apple Juice",16.50,hollywood-studios/hollywood-brown-derby-lounge
2026-09-04,The Hollywood Brown Derby Lounge,Disney's Hollywood Studios,Grilled Seasonal Fish,Kids' Create-Your-Own Entrées (choose one),Bar – Lounge,"Served with choice of two (2) Selections and choice of Small Lowfat Milk, Small DASANI® Bottled Water, or Small Minute Maid® Apple Juice",17.50,hollywood-studios/hollywood-brown-derby-lounge
2026-09-04,The Hollywood Brown Derby Lounge,Disney's Hollywood Studios,Grilled Beef Steak,Kids' Create-Your-Own Entrées (choose one),Bar – Lounge,"Served with choice of two (2) Selections and choice of Small Lowfat Milk, Small DASANI® Bottled Water, or Small Minute Maid® Apple Juice",17.50,hollywood-studios/hollywood-brown-derby-lounge
2026-09-04,The Hollywood Brown Derby Lounge,Disney's Hollywood Studios,Macaroni & Cheese,Kids' Create-Your-Own Entrées (choose one),Bar – Lounge,"Served with choice of two (2) Selections and choice of Small Lowfat Milk, Small DASANI® Bottled Water, or Small Minute Maid® Apple Juice",11.50,hollywood-studios/hollywood-brown-derby-lounge
2026-09-04,The Hollywood Brown Derby Lounge,Disney's Hollywood Studios,Peru Alto Mayo Protected Forest Coffee Roasted by Joffrey’s Coffee™,Non-Alcoholic Beverages,Bar – Lounge,"Disney supports Conservation International's Alto Mayo Protected forest project in Peru, which promotes sustainable coffee growing and economic growth. French Press Pot. Serves Two.",10.25,hollywood-studios/hollywood-brown-derby-lounge
2026-09-04,The Hollywood Brown Derby Lounge,Disney's Hollywood Studios,"Domaine Serene Evenstad Reserve Chardonnay, Dundee Hills",Featured Wines,Bar – Lounge,,140.00,hollywood-studios/hollywood-brown-derby-lounge
2026-09-04,The Hollywood Brown Derby Lounge,Disney's Hollywood Studios,"Castello Banfi Brunello di Montalcino, Tuscany",Featured Wines,Bar – Lounge,,140.00,hollywood-studios/hollywood-brown-derby-lounge
2026-09-04,The Hollywood Brown Derby Lounge,Disney's Hollywood Studios,"Jarvis Finch Hollow Chardonnay, Napa Valley",Featured Wines,Bar – Lounge,,480.00,hollywood-studios/hollywood-brown-derby-lounge
2026-09-04,The Hollywood Brown Derby Lounge,Disney's Hollywood Studios,"Caymus Cabernet Sauvignon, Napa Valley",Featured Wines,Bar – Lounge,,230.00,hollywood-studios/hollywood-brown-derby-lounge
2026-09-04,The Hollywood Brown Derby Lounge,Disney's Hollywood Studios,Dessert Wine Flight,After Dinner Drink Flights,Bar – Lounge,"Inniskillin Vidal Icewine, Niagara Estate; Royal Tokaji Red Label 5 Puttonyos, Hungary; Vietti Moscato d’Asti, Piedmont",29.00,hollywood-studios/hollywood-brown-derby-lounge
2026-09-04,The Hollywood Brown Derby Lounge,Disney's Hollywood Studios,Tawny Port Flight,After Dinner Drink Flights,Bar – Lounge,"Dow’s 10 year, Porto; Dow’s 20 year, Porto; Dow’s 30 year, Porto",29.00,hollywood-studios/hollywood-brown-derby-lounge
2026-09-04,The Hollywood Brown Derby Lounge,Disney's Hollywood Studios,Nutty Irishman,After Dinner Drinks,Bar – Lounge,Baileys Irish Cream Liqueur and Frangelico Liqueur topped with Whipped Cream,17.50,hollywood-studios/hollywood-brown-derby-lounge
2026-09-04,The Hollywood Brown Derby Lounge,Disney's Hollywood Studios,Reposado Espresso Martini,After Dinner Drinks,Bar – Lounge,"Flecha Azul Reposado Tequila, Tia Maria Liqueur, and Joffrey's™ Cold Brew Coffee",17.50,hollywood-studios/hollywood-brown-derby-lounge
2026-09-04,The Hollywood Brown Derby Lounge,Disney's Hollywood Studios,Grapefruit Cake Martini,After Dinner Drinks,Bar – Lounge,"Celebrate the taste of the Grapefruit Cake created at the original Hollywood Brown Derby in the 1940s! Our concoction will delight you with Deep Eddy Ruby Red Grapefruit Vodka, Stoli Vanil Vodka, and a splash of Cream with a Graham Cracker Rim.",17.50,hollywood-studios/hollywood-brown-derby-lounge
2026-09-04,The Hollywood Brown Derby Lounge,Disney's Hollywood Studios,"Inniskillin Vidal Icewine, Niagara Estate",Dessert Wines,Bar – Lounge,,147.00,hollywood-studios/hollywood-brown-derby-lounge
2026-09-04,The Hollywood Brown Derby Lounge,Disney's Hollywood Studios,"Royal Tokaji Red Label 5 Puttonyos, Hungary",Dessert Wines,Bar – Lounge,,115.00,hollywood-studios/hollywood-brown-derby-lounge
2026-09-04,The Hollywood Brown Derby Lounge,Disney's Hollywood Studios,"Banfi Rosa Regale Sparkling Red, Piedmont",Dessert Wines,Bar – Lounge,,67.00,hollywood-studios/hollywood-brown-derby-lounge
2026-09-04,The Hollywood Brown Derby Lounge,Disney's Hollywood Studios,"Vietti Moscato d'Asti, Piedmont",Dessert Wines,Bar – Lounge,,62.00,hollywood-studios/hollywood-brown-derby-lounge
2026-09-04,The Hollywood Brown Derby Lounge,Disney's Hollywood Studios,Fonesca Bin 27 Reserve Port,Ports (3-oz pour),Bar – Lounge,,16.00,hollywood-studios/hollywood-brown-derby-lounge
2026-09-04,The Hollywood Brown Derby Lounge,Disney's Hollywood Studios,Dow's 10 year Tawny Port,Ports (3-oz pour),Bar – Lounge,,16.00,hollywood-studios/hollywood-brown-derby-lounge
2026-09-04,The Hollywood Brown Derby Lounge,Disney's Hollywood Studios,Dow's 20 year Tawny Port,Ports (3-oz pour),Bar – Lounge,,25.00,hollywood-studios/hollywood-brown-derby-lounge
2026-09-04,The Hollywood Brown Derby Lounge,Disney's Hollywood Studios,Dow's 30 year Tawny Port,Ports (3-oz pour),Bar – Lounge,,34.00,hollywood-studios/hollywood-brown-derby-lounge
2026-09-04,The Hollywood Brown Derby Lounge,Disney's Hollywood Studios,Louis XIII de Rémy Martin,Cognacs/Armagnacs (2-oz pour) ,Bar – Lounge,,400.00,hollywood-studios/hollywood-brown-derby-lounge
2026-09-04,The Hollywood Brown Derby Lounge,Disney's Hollywood Studios,Rémy Martin VSOP,Cognacs/Armagnacs (2-oz pour) ,Bar – Lounge,,20.50,hollywood-studios/hollywood-brown-derby-lounge
2026-09-04,The Hollywood Brown Derby Lounge,Disney's Hollywood Studios,Rémy Martin XO,Cognacs/Armagnacs (2-oz pour) ,Bar – Lounge,,35.00,hollywood-studios/hollywood-brown-derby-lounge
2026-09-04,The Hollywood Brown Derby Lounge,Disney's Hollywood Studios,Beet and Kale Salad,Allergy-Friendly Appetizers,Bar – Lounge,"Spinach, Warm Bacon Vinaigrette, Goat Cheese Cream, Beet Purée, Candied Walnut (For Gluten/Wheat, Egg, Fish/Shellfish, Peanut, Sesame, Soy Allergies)",13.00,hollywood-studios/hollywood-brown-derby-lounge
2026-09-04,The Hollywood Brown Derby Lounge,Disney's Hollywood Studios,Roasted Butternut Squash Soup,Allergy-Friendly Appetizers,Bar – Lounge,"Butternut Squash Velouté, Roasted Bell Pepper, Coconut-Hazelnut Emulsion, Sherry Gastrique, Toasted Pumpkin Seed, Chili Oil, Micro Cilantro (For Gluten/Wheat, Egg, Fish/Shellfish, Milk, Peanut, Sesame Allergies)",13.00,hollywood-studios/hollywood-brown-derby-lounge
2026-09-04,The Hollywood Brown Derby Lounge,Disney's Hollywood Studios,Escargot,Allergy-Friendly Appetizers,Bar – Lounge,"Roasted Garlic Béchamel, Crispy Prosciutto, Puff Pastry (For Fish, Peanut/Tree Nut, Sesame, and Soy Allergies)",21.00,hollywood-studios/hollywood-brown-derby-lounge
2026-09-04,The Hollywood Brown Derby Lounge,Disney's Hollywood Studios,House-made Ravioli,Allergy-Friendly Appetizers,Bar – Lounge,"English Peas, Carrot Purée, Pickled Alba Mushrooms (For Egg, Fish/Shellfish, Milk, Peanut, Sesame Allergies)",15.00,hollywood-studios/hollywood-brown-derby-lounge
2026-09-04,The Hollywood Brown Derby Lounge,Disney's Hollywood Studios,Prosciutto Croquettes,Allergy-Friendly Appetizers,Bar – Lounge,"Pickled Onions, Herbs Gel, Ají Amarillo Aïoli (For Fish/Shellfish, Peanut/Tree Nut, Sesame Allergies)",15.00,hollywood-studios/hollywood-brown-derby-lounge
2026-09-04,The Hollywood Brown Derby Lounge,Disney's Hollywood Studios,Shrimp Cocktail,Allergy-Friendly Appetizers,Bar – Lounge,"Avocado Mousse, Traditional Cocktail Sauce (For Gluten/Wheat, Egg, Peanut/Tree Nut, Sesame, and Soy Allergies)",19.00,hollywood-studios/hollywood-brown-derby-lounge
2026-09-04,The Hollywood Brown Derby Lounge,Disney's Hollywood Studios,Char-grilled Octopus,Allergy-Friendly Appetizers,Bar – Lounge,"Herb-roasted Potatoes, Chimichurri, Chipotle-Harissa Aïoli (For Gluten/Wheat, Fish, Milk, Peanut/Tree Nut, Sesame Allergies)",20.00,hollywood-studios/hollywood-brown-derby-lounge
2026-09-04,The Hollywood Brown Derby Lounge,Disney's Hollywood Studios,Pan-roasted Halibut,Allergy-Friendly Entrées,Bar – Lounge,"Leek Vichyssoise Risotto, Pea, Citrus (For Gluten/Wheat, Egg, Peanut/Tree Nut, Sesame, Shellfish, Soy Allergies)",54.00,hollywood-studios/hollywood-brown-derby-lounge
2026-09-04,The Hollywood Brown Derby Lounge,Disney's Hollywood Studios,Half Roasted Chicken,Allergy-Friendly Entrées,Bar – Lounge,"White Bean Purée, Braised Cipollini Onion, Butter-poached Carrot, Roasted Mushroom, Mustard Sauce (For Egg, Fish/Shellfish, Peanut/Tree Nut, Sesame, Soy Allergies)",41.00,hollywood-studios/hollywood-brown-derby-lounge
2026-09-04,The Hollywood Brown Derby Lounge,Disney's Hollywood Studios,Filet Mignon*,Allergy-Friendly Entrées,Bar – Lounge,"Rhubarb-Red Wine Demi-glace, Yukon Gold Potato, Seasonal Vegetable (For Gluten/Wheat, Egg, Fish/Shellfish, Peanut/Tree Nut, Sesame, Soy Allergies)",56.00,hollywood-studios/hollywood-brown-derby-lounge
2026-09-04,The Hollywood Brown Derby Lounge,Disney's Hollywood Studios,Our Famous Cobb Salad,Allergy-Friendly Entrées,Bar – Lounge,"Spit-roasted Turkey, Bacon, Egg, Tomatoes, Blue Cheese, Avocado, Classic Dressing. With Chicken $37 | With Shrimp $40 (For Gluten/Wheat, Fish/Shellfish, Peanut/Tree Nut, Sesame, and Soy Allergies)",30.00,hollywood-studios/hollywood-brown-derby-lounge
2026-09-04,The Hollywood Brown Derby Lounge,Disney's Hollywood Studios,Stuffed Butternut Squash,Allergy-Friendly Entrées,Bar – Lounge,"Potato-Chickpea-Vegetable Filling, Roasted Spring Vegetable, Mushroom-Lemongrass ""Cream"" Sauce (For Gluten/Wheat, Egg, Fish/Shellfish, Milk, Peanut, Sesame Allergies)",34.00,hollywood-studios/hollywood-brown-derby-lounge
2026-09-04,The Hollywood Brown Derby Lounge,Disney's Hollywood Studios,Braised Center-cut Short Rib,Allergy-Friendly Entrées,Bar – Lounge,"Hominy Purée, Roasted Vegetables, Smoky Adobo Glaze, Beef Jus (For Gluten/Wheat, Fish/Shellfish, Peanut/Tree Nut, Sesame Allergies)",54.00,hollywood-studios/hollywood-brown-derby-lounge
2026-09-04,The Hollywood Brown Derby Lounge,Disney's Hollywood Studios,Fried Pork Chop,Allergy-Friendly Entrées,Bar – Lounge,"Yuzu Beurre Blanc, Summer Vegetables (For Fish/Shellfish, Peanut/Tree Nut, Sesame Allergies)",45.00,hollywood-studios/hollywood-brown-derby-lounge
2026-09-04,The Hollywood Brown Derby Lounge,Disney's Hollywood Studios,Braised Duck Pappardelle Pasta,Allergy-Friendly Entrées,Bar – Lounge,"Hand-rolled Semolina Pasta, Braised Duck, Celery Root, Wild Mushroom, Crispy Pancetta (For Fish/Shellfish, Peanut/Tree Nut, Sesame, Soy Allergies)",50.00,hollywood-studios/hollywood-brown-derby-lounge
2026-09-04,The Hollywood Brown Derby Lounge,Disney's Hollywood Studios,Au Gratin Potato,Allergy-Friendly Enhancements,Bar – Lounge,"Black Diamond Cheddar (For Egg, Fish/Shellfish, Peanut/Tree Nut, Sesame, Soy Allergies)",12.00,hollywood-studios/hollywood-brown-derby-lounge
2026-09-04,The Hollywood Brown Derby Lounge,Disney's Hollywood Studios,Glazed Carrots,Allergy-Friendly Enhancements,Bar – Lounge,"Mint Yogurt, Pickled Onion, Dukkah Spice (For Gluten/Wheat, Egg, Fish/Shellfish, Milk, Peanut, Sesame, Soy Allergies)",10.00,hollywood-studios/hollywood-brown-derby-lounge
2026-09-04,The Hollywood Brown Derby Lounge,Disney's Hollywood Studios,Braised Wild Mushrooms,Allergy-Friendly Enhancements,Bar – Lounge,"Shallots, Tarragon, Veal Stock, Truffle Butter (For Gluten/Wheat, Fish/Shellfish, Peanut/Tree Nut, Sesame, Soy Allergies)",12.00,hollywood-studios/hollywood-brown-derby-lounge
2026-09-04,The Hollywood Brown Derby Lounge,Disney's Hollywood Studios,Brown Derby Original Grapefruit Cake,Allergy-Friendly Desserts,Bar – Lounge,"Vanilla Sponge Cake with Grapefruit Syrup, Grapefruit Cheesecake, and Grapefruit Jam (For Fish/Shellfish, Peanut/Tree Nut, and Sesame Allergies)",14.00,hollywood-studios/hollywood-brown-derby-lounge
2026-09-04,The Hollywood Brown Derby Lounge,Disney's Hollywood Studios,Orange-Hazelnut Chocolate Cake,Allergy-Friendly Desserts,Bar – Lounge,"Chocolate-Olive Oil Cake, Hazelnut Cream, Coffee Whipped Cream, Praline Cookie Crumble, Orange Panna Cotta, Chocolate Sauce (For Gluten/Wheat, Egg, Fish/Shellfish, Milk, Peanut, Sesame Allergies)",13.00,hollywood-studios/hollywood-brown-derby-lounge
2026-09-04,The Hollywood Brown Derby Lounge,Disney's Hollywood Studios,Decadent Chocolate Cake,Allergy-Friendly Desserts,Bar – Lounge,"Chocolate Cake, Raspberry Sauce, Chocolate Ganache, Fresh Raspberries (For Fish/Shellfish, Peanut/Tree Nut, Sesame Allergies)",14.00,hollywood-studios/hollywood-brown-derby-lounge
2026-09-04,The Hollywood Brown Derby Lounge,Disney's Hollywood Studios,Honey Pot de Crème,Allergy-Friendly Desserts,Bar – Lounge,"Thyme-Apple Coulis, Apple-Cranberry Compote, Salted Streusel, Ginger Sponge Cake (For Fish/Shellfish, Peanut/Tree Nut, Sesame Allergies)",14.00,hollywood-studios/hollywood-brown-derby-lounge
2026-09-04,The Hollywood Brown Derby Lounge,Disney's Hollywood Studios,Pumpkin Cheesecake,Allergy-Friendly Desserts,Bar – Lounge,"Spiced Sponge Cake, Chocolate-Pumpkin Seed Streusel, Spiced Orange Coulis (For Fish/Shellfish, Sesame, Tree Nut Allergies)",14.00,hollywood-studios/hollywood-brown-derby-lounge
2026-09-04,The Hollywood Brown Derby Lounge,Disney's Hollywood Studios,Chicken Noodle Soup,Allergy-Friendly Kids' Appetizers (à la carte),Bar – Lounge,"(For Egg, Fish/Shellfish, Peanut/Tree Nut, and Sesame Allergies)",5.25,hollywood-studios/hollywood-brown-derby-lounge
2026-09-04,The Hollywood Brown Derby Lounge,Disney's Hollywood Studios,Chopped Salad,Allergy-Friendly Kids' Appetizers (à la carte),Bar – Lounge,"(For Gluten/Wheat, Egg, Fish/Shellfish, Milk, Peanut/Tree Nut, Sesame, and Soy Allergies)",5.25,hollywood-studios/hollywood-brown-derby-lounge
2026-09-04,The Hollywood Brown Derby Lounge,Disney's Hollywood Studios,Grilled Chicken Breast,Allergy-Friendly Kids' Create-Your-Own Entrées (choose one),Bar – Lounge,"Served with choice of two (2) Selections and choice of Small Lowfat Milk, Small DASANI® Bottled Water, or Small Minute Maid® Apple Juice (For Gluten/Wheat, Egg, Fish/Shellfish, Milk, Peanut/Tree Nut, Sesame, and Soy Allergies)",16.50,hollywood-studios/hollywood-brown-derby-lounge
2026-09-04,The Hollywood Brown Derby Lounge,Disney's Hollywood Studios,Grilled Seasonal Fish,Allergy-Friendly Kids' Create-Your-Own Entrées (choose one),Bar – Lounge,"Served with choice of two (2) Selections and choice of Small Lowfat Milk, Small DASANI® Bottled Water, or Small Minute Maid® Apple Juice (For Gluten/Wheat, Egg, Milk, Peanut/Tree Nut, Sesame, and Soy Allergies)",17.50,hollywood-studios/hollywood-brown-derby-lounge
2026-09-04,The Hollywood Brown Derby Lounge,Disney's Hollywood Studios,Grilled Beef Steak,Allergy-Friendly Kids' Create-Your-Own Entrées (choose one),Bar – Lounge,"Served with choice of two (2) Selections and choice of Small Lowfat Milk, Small DASANI® Bottled Water, or Small Minute Maid® Apple Juice (For Gluten/Wheat, Egg, Fish/Shellfish, Milk, Peanut/Tree Nut, Sesame, and Soy Allergies)",17.50,hollywood-studios/hollywood-brown-derby-lounge
2026-09-04,The Hollywood Brown Derby Lounge,Disney's Hollywood Studios,Macaroni & Cheese,Allergy-Friendly Kids' Create-Your-Own Entrées (choose one),Bar – Lounge,"Served with choice of two (2) Selections and choice of Small Lowfat Milk, Small DASANI® Bottled Water, or Small Minute Maid® Apple Juice (For Egg, Fish/Shellfish, Peanut/Tree Nut, and Sesame Allergies)",11.50,hollywood-studios/hollywood-brown-derby-lounge
2026-09-04,Hollywood Scoops,Disney's Hollywood Studios,Mickey Brownie Sundae,Desserts,Snack,"House-made Mickey-shaped Brownie and Old-fashioned Vanilla Ice Cream with Hot Fudge, Whipped Cream, Sprinkles, and a Cherry",8.29,hollywood-studios/hollywood-scoops
2026-09-04,Hollywood Scoops,Disney's Hollywood Studios,Ice Cream Sundae,Desserts,Snack,"Old-fashioned Vanilla Ice Cream with Hot Fudge, Whipped Cream and a Cherry",7.79,hollywood-studios/hollywood-scoops
2026-09-04,Hollywood Scoops,Disney's Hollywood Studios,Chocolate Milk Shake,Desserts,Snack,,6.49,hollywood-studios/hollywood-scoops
2026-09-04,Hollywood Scoops,Disney's Hollywood Studios,Hand-scooped Ice Cream Cup or Cone,Desserts,Snack,,7.29,hollywood-studios/hollywood-scoops
2026-09-04,Hollywood Scoops,Disney's Hollywood Studios,Chocolate Bourbon Milk Shake,Desserts,Snack,"Chocolate Milk Shake with Jim Beam Red Stag Black Cherry Bourbon, Chocolate Syrup, Whipped Cream, and Candied Bacon",17.50,hollywood-studios/hollywood-scoops
2026-09-04,Hollywood Scoops,Disney's Hollywood Studios,DASANI® Bottled Water,Beverages,Snack,,4.25,hollywood-studios/hollywood-scoops
2026-09-04,Hollywood Scoops,Disney's Hollywood Studios,smartwater®,Beverages,Snack,,6.25,hollywood-studios/hollywood-scoops
2026-09-04,Kat Saka's Kettle,Disney's Hollywood Studios,Jabba's Sail Barge Bucket,Souvenir Specialties,Snack,Served with choice of Outpost Mix or Buttered Blue Grains. Available while supplies last.,30.00,hollywood-studios/kat-sakas-kettle
2026-09-04,Kat Saka's Kettle,Disney's Hollywood Studios,BDX Droid Bucket,Souvenir Specialties,Snack,Served with choice of Outpost Mix or Buttered Blue Grains. Available while supplies last.,29.00,hollywood-studios/kat-sakas-kettle
2026-09-04,Kat Saka's Kettle,Disney's Hollywood Studios,Buttered Blue Grains,Snacks,Snack,,6.99,hollywood-studios/kat-sakas-kettle
2026-09-04,Kat Saka's Kettle,Disney's Hollywood Studios,Outpost Popcorn Mix,Snacks,Snack,a colorful blend of Sweet and Spicy flavors,6.99,hollywood-studios/kat-sakas-kettle
2026-09-04,Kat Saka's Kettle,Disney's Hollywood Studios,Coca-Cola® Bottle,Beverages,Snack,,6.50,hollywood-studios/kat-sakas-kettle
2026-09-04,Kat Saka's Kettle,Disney's Hollywood Studios,Diet Coke® Bottle,Beverages,Snack,,6.50,hollywood-studios/kat-sakas-kettle
2026-09-04,Kat Saka's Kettle,Disney's Hollywood Studios,Sprite® Bottle,Beverages,Snack,,6.50,hollywood-studios/kat-sakas-kettle
2026-09-04,Kat Saka's Kettle,Disney's Hollywood Studios,Cold Brew Black Caf,Beverages,Snack,Joffrey's Coffee™ Cold Brew topped with Sweet Cream Cheese and Chocolate Puffs,6.79,hollywood-studios/kat-sakas-kettle
2026-09-04,Kat Saka's Kettle,Disney's Hollywood Studios,DASANI® Bottled Water,Beverages,Snack,,5.00,hollywood-studios/kat-sakas-kettle
2026-09-04,Kat Saka's Kettle,Disney's Hollywood Studios,Spiked Cold Brew Black Caf,Beverage with Alcohol,Snack,Joffrey's Coffee™ Cold Brew with Chocolate Liqueur topped with Sweet Cream Cheese and Chocolate Puffs,17.50,hollywood-studios/kat-sakas-kettle
2026-09-04,Milk Stand,Disney's Hollywood Studios,Bantha Sipper,Souvenir Specialties,Snack,Includes choice of Non-alcoholic Milk at time of purchase. Available while supplies last.,26.79,hollywood-studios/milk-stand
2026-09-04,Milk Stand,Disney's Hollywood Studios,Bubo Wamba Family Farms Cup,Cargo,Snack,"with choice of Blue, Green, or Pink Milk",15.29,hollywood-studios/milk-stand
2026-09-04,Milk Stand,Disney's Hollywood Studios,Blue Milk,Non-Alcoholic Specialty Beverages,Snack,Plant-based Rice Milk with alluring fruity characteristics,9.79,hollywood-studios/milk-stand
2026-09-04,Milk Stand,Disney's Hollywood Studios,Green Milk,Non-Alcoholic Specialty Beverages,Snack,Plant-based Rice Milk with zippy citrus and tropical characteristics,9.79,hollywood-studios/milk-stand
2026-09-04,Milk Stand,Disney's Hollywood Studios,Pink Milk,Non-Alcoholic Specialty Beverages,Snack,Plant-based Rice Milk with Sweet and Fruity Characteristics,9.79,hollywood-studios/milk-stand
2026-09-04,Milk Stand,Disney's Hollywood Studios,Blue Milk with Rum,Alcoholic Specialty Beverages,Snack,Plant-based Rice Milk with Alluring Fruity Characteristics and Bacardí Superior Rum,18.00,hollywood-studios/milk-stand
2026-09-04,Milk Stand,Disney's Hollywood Studios,Green Milk with Tequila,Alcoholic Specialty Beverages,Snack,Plant-based Rice Milk with Zippy Citrus and Tropical Characteristics with Corazón Blanco Tequila,18.00,hollywood-studios/milk-stand
2026-09-04,Milk Stand,Disney's Hollywood Studios,Pink Milk Cooler with Rum,Alcoholic Specialty Beverages,Snack,Plant-based Rice Milk with Sweet and Fruity Characteristics and Bacardí Superior Rum,18.00,hollywood-studios/milk-stand
2026-09-04,Milk Stand,Disney's Hollywood Studios,DASANI® Bottled Water,Beverages,Snack,,5.00,hollywood-studios/milk-stand
2026-09-04,Oga's Cantina,Disney's Hollywood Studios,The Grinning Loth-cat,Souvenir Specialties,Breakfast; Lunch; Dinner,Add to any Non-Alcoholic Concoction,30.00,hollywood-studios/ogas-cantina
2026-09-04,Oga's Cantina,Disney's Hollywood Studios,The Roaring Loth-Cat,Souvenir Specialties,Breakfast; Lunch; Dinner,"Minute Maid® Apple Juice, Lemon, and Cinnamon with Seagram's® Ginger Ale served in a Souvenir Grinning Loth-Cat Mug",37.00,hollywood-studios/ogas-cantina
2026-09-04,Oga's Cantina,Disney's Hollywood Studios,Kamino Cooler,Concoctions with Alcohol,Breakfast; Lunch; Dinner,"Tito's Handmade Vodka, Bols Blue Curaçao Liqueur, Passion Fruit Syrup, DOLE® Pineapple Juice, and Lime Juice served in a Souvenir DJ R-3X Mug",49.00,hollywood-studios/ogas-cantina
2026-09-04,Oga's Cantina,Disney's Hollywood Studios,Fuzzy Tauntaun,Concoctions with Alcohol,Breakfast; Lunch; Dinner,"Ketel One Botanical Peach & Orange Vodka, Bols Peach Schnapps Liqueur, Orange Juice with Tangerine, Pure Cane Sugar, and 'Buzz Button Tingling' Foam",20.00,hollywood-studios/ogas-cantina
2026-09-04,Oga's Cantina,Disney's Hollywood Studios,Jedi Mind Trick,Concoctions with Alcohol,Breakfast; Lunch; Dinner,"Ketel One Botanical Grapefruit & Rose Vodka, John D. Taylor's Velvet Falernum, Bols Blue Curaçao Liqueur, White Grape Juice, Lime Juice, and Grapefruit Bitters",19.00,hollywood-studios/ogas-cantina
2026-09-04,Oga's Cantina,Disney's Hollywood Studios,Nysillin and Bubbles with Brub Berry Essence,Concoctions with Alcohol,Breakfast; Lunch; Dinner,"Empress 1908 Gin, St-Germain Elderflower Liqueur, Blueberry-Lime Juice topped with Tonic Water and garnished with an Edible Hibiscus Flower",19.00,hollywood-studios/ogas-cantina
2026-09-04,Oga's Cantina,Disney's Hollywood Studios,The Outer Rim,Concoctions with Alcohol,Breakfast; Lunch; Dinner,"Patrón Silver Tequila, Stirrings Pomegranate Liqueur, Lime Juice, and Pure Cane Sugar with Exotic Fruit Purée",21.00,hollywood-studios/ogas-cantina
2026-09-04,Oga's Cantina,Disney's Hollywood Studios,Bloody Rancor with Candied Meat,Concoctions with Alcohol,Breakfast; Lunch; Dinner,"Tito's Handmade Vodka, Ancho Reyes Chile Liqueur, House-made Bloody Mary Mix garnished with a Spicy Candied Rancor Bacon",23.50,hollywood-studios/ogas-cantina
2026-09-04,Oga's Cantina,Disney's Hollywood Studios,The Sylop,Concoctions with Alcohol,Breakfast; Lunch; Dinner,"Del Maguey Vida Mezcal, Grapefruit Juice, Lime Juice, Agave, Jalapeño Concentrate, Chili-Lime-seasoned Rim",19.00,hollywood-studios/ogas-cantina
2026-09-04,Oga's Cantina,Disney's Hollywood Studios,Bespin Fizz,Concoctions with Alcohol,Breakfast; Lunch; Dinner,"Bacardí Superior Rum, Yuzu Purée, Pomegranate Juice, White Cranberry Juice, and Cloud Swirl",22.50,hollywood-studios/ogas-cantina
2026-09-04,Oga's Cantina,Disney's Hollywood Studios,Jet Juice,Concoctions with Alcohol,Breakfast; Lunch; Dinner,"Maker's Mark Kentucky Straight Bourbon, Ancho Reyes Chile Liqueur, Stirrings Pomegranate Liqueur, White Grape Juice, and Lemon Juice",19.00,hollywood-studios/ogas-cantina
2026-09-04,Oga's Cantina,Disney's Hollywood Studios,The Mythosaur,Concoctions with Alcohol,Breakfast; Lunch; Dinner,"Minute Maid® Passion Fruit Orange Guava Juice with a splash of Lime Juice topped with Appleton Estate 12 Yr Reserve Rum, Goslings Black Seal Rum, and Blue Curaçao Liqueur",20.00,hollywood-studios/ogas-cantina
2026-09-04,Oga's Cantina,Disney's Hollywood Studios,Yub Nub,Concoctions with Alcohol,Breakfast; Lunch; Dinner,"Malibu Pineapple Rum, Sailor Jerry Spiced Rum, Citrus Juices, and Passion Fruit served in a Souvenir Endor Mug",49.00,hollywood-studios/ogas-cantina
2026-09-04,Oga's Cantina,Disney's Hollywood Studios,Corellian Spike Cold Brew,Concoctions with Alcohol,Breakfast; Lunch; Dinner,"Maker's Mark Kentucky Straight Bourbon, Joffrey's Coffee™ Cold Brew, Vanilla, Brown Sugar Syrup, Orange Bitters topped with Purple Vanilla-Ube Foam",19.00,hollywood-studios/ogas-cantina
2026-09-04,Oga's Cantina,Disney's Hollywood Studios,Hyperdrive (Punch It!),Concoctions without Alcohol,Breakfast; Lunch; Dinner,"POWERADE® Mountain Berry Blast, White Cranberry Juice, Black Cherry Purée, and Sprite®",7.50,hollywood-studios/ogas-cantina
2026-09-04,Oga's Cantina,Disney's Hollywood Studios,Jabba Juice,Concoctions without Alcohol,Breakfast; Lunch; Dinner,"Simply® Orange with Pineapple, Kiwi, Cantaloupe, and Blueberry Fruit Juice-filled Pearls",17.50,hollywood-studios/ogas-cantina
2026-09-04,Oga's Cantina,Disney's Hollywood Studios,Carbon Freeze,Concoctions without Alcohol,Breakfast; Lunch; Dinner,"POWERADE® Lemon Lime, Wild Strawberry, Blueberry, and Green Apple Popping Pearls",8.50,hollywood-studios/ogas-cantina
2026-09-04,Oga's Cantina,Disney's Hollywood Studios,Akivan Tea,Concoctions without Alcohol,Breakfast; Lunch; Dinner,"Lavender, Lemon Juice, Gold Peak® Unsweetened Tea garnished with a Lavender Sprig",8.00,hollywood-studios/ogas-cantina
2026-09-04,Oga's Cantina,Disney's Hollywood Studios,Three Suns Over Batuu,Concoctions without Alcohol,Breakfast; Lunch; Dinner,"Minute Maid® Premium Lemonade with Hot Honey, DOLE® Pineapple Juice, Mango, Guava, and Ginger",8.00,hollywood-studios/ogas-cantina
2026-09-04,Oga's Cantina,Disney's Hollywood Studios,Blue Bantha,Concoctions without Alcohol,Breakfast; Lunch; Dinner,Plant-based Rice Milk with Bantha-inspired Spiced Ginger Cookie,13.75,hollywood-studios/ogas-cantina
2026-09-04,Oga's Cantina,Disney's Hollywood Studios,Rodian Ration,Provision with Alcohol,Breakfast; Lunch; Dinner,"Tito's Handmade Vodka, DeKuyper Pucker Sour Apple Schnapps Liqueur, Green Apple, and Sprite® with Fruit Juice-filled Pearls (Contains Alcohol)",17.00,hollywood-studios/ogas-cantina
2026-09-04,Oga's Cantina,Disney's Hollywood Studios,Oga's Obsession,Provision without Alcohol,Breakfast; Lunch; Dinner,"Minute Maid® Premium Lemonade, Cotton Candy Flavor, and Blueberry Fruit Juice-filled Pearls with a Bursting Dried Fruit Mixture",8.50,hollywood-studios/ogas-cantina
2026-09-04,Oga's Cantina,Disney's Hollywood Studios,Gold Squadron Lager - Blue Point Brewing Co.,Beers on Tap,Breakfast; Lunch; Dinner,Golden Lager with Lavender and Plum Flavors | ABV 5.0% - IBU 18,15.75,hollywood-studios/ogas-cantina
2026-09-04,Oga's Cantina,Disney's Hollywood Studios,Bad Motivator IPA - Sierra Nevada Brewing Co.,Beers on Tap,Breakfast; Lunch; Dinner,Tropical India Pale Ale with Galaxy and Comet Hops | ABV 6.0% - IBU 50,15.75,hollywood-studios/ogas-cantina
2026-09-04,Oga's Cantina,Disney's Hollywood Studios,Gamorrean Ale - New Belgium Brewing Co.,Beers on Tap,Breakfast; Lunch; Dinner,"Red Ale with Roasted Caramel, Hop Character, and Touch of Citrus | ABV 5.8% - IBU 22",15.75,hollywood-studios/ogas-cantina
2026-09-04,Oga's Cantina,Disney's Hollywood Studios,Spice Runner Hard Cider - Angry Orchard Cider Co.,Cider on Tap,Breakfast; Lunch; Dinner,Seasonal Hard Apple Cider | ABV 5.0%,14.75,hollywood-studios/ogas-cantina
2026-09-04,Oga's Cantina,Disney's Hollywood Studios,"Goldschmidt Vineyards Toniray, Sonoma",Wine on Tap,Breakfast; Lunch; Dinner,"Formerly Produced on Alderaan, Teal-Colored, Refreshing Crisp Style, Aroma Characteristics of Green Apple and Meyer Lemon with flavors of Juicy White Peach, Apricot, and a hint of Vanilla",16.00,hollywood-studios/ogas-cantina
2026-09-04,Oga's Cantina,Disney's Hollywood Studios,"Goldschmidt Vineyards Imperial Guard, Sonoma",Wine on Tap,Breakfast; Lunch; Dinner,"Fully Clad Crimson-Colored, Nicely Focused Red Cherry and Raspberry aromas combined robust Red Berry Fruit Flavors, a touch of Caramel, Dark Chocolate, and spice with Long, Supple Tannins",19.00,hollywood-studios/ogas-cantina
2026-09-04,Oga's Cantina,Disney's Hollywood Studios,Happabore Sampler,Snacks,Breakfast; Lunch; Dinner,Cured and Roasted Meats and Cheeses,24.00,hollywood-studios/ogas-cantina
2026-09-04,Oga's Cantina,Disney's Hollywood Studios,Batuu Bites,Snacks,Breakfast; Lunch; Dinner,"Blue Corn, Barbecue, and Curry Spice Chips with Lotus Root, Green Bean Chips, and Herb Dip",13.00,hollywood-studios/ogas-cantina
2026-09-04,Oga's Cantina,Disney's Hollywood Studios,Umbaran Cheese Roll,Snacks,Breakfast; Lunch; Dinner,Spice-dusted Pretzel Bun stuffed with Herbed Cheese and a Dipping Sauce,13.00,hollywood-studios/ogas-cantina
2026-09-04,Oga's Cantina,Disney's Hollywood Studios,Thruster Roasted Bantha Flatbread,Snacks,Breakfast; Lunch; Dinner,"Naan Flatbread topped with Spiced Chorizo, Beef, and a Four-Cheese Blend",19.00,hollywood-studios/ogas-cantina
2026-09-04,Ronto Roasters,Disney's Hollywood Studios,Bantha Sipper,Souvenir Specialties,Breakfast; Lunch And Dinner,Includes choice of Coca-Cola® Fountain Beverage at time of purchase. Available while supplies last.,21.79,hollywood-studios/ronto-roasters
2026-09-04,Ronto Roasters,Disney's Hollywood Studios,Ronto Morning Wrap,Breakfast Specialties,Breakfast,"Eggs, Grilled Pork Sausage, Shredded Cheddar, and Peppercorn Sauce in Pita Bread",12.99,hollywood-studios/ronto-roasters
2026-09-04,Ronto Roasters,Disney's Hollywood Studios,Rising Moons Overnight Oats,Breakfast Specialties,Breakfast,"Oats, Dragon Fruit, Yogurt, Seasonal Fruit",6.99,hollywood-studios/ronto-roasters
2026-09-04,Ronto Roasters,Disney's Hollywood Studios,Ronto Wrap,Entrées,Breakfast; Lunch And Dinner,"Roasted Pork, Grilled Pork Sausage, Peppercorn Sauce, and Tangy Slaw wrapped in Pita Bread",13.99,hollywood-studios/ronto-roasters
2026-09-04,Ronto Roasters,Disney's Hollywood Studios,Keshian Spiced Chips,Entrées,Breakfast; Lunch And Dinner,Lotus Root Chips tossed in Cinnamon Sugar,5.49,hollywood-studios/ronto-roasters
2026-09-04,Ronto Roasters,Disney's Hollywood Studios,Triple Suns Breakfast Wrap,Plant-based,Breakfast,"Plant-based Egg, Smoky Chickpea-Onion Slaw, and Roasted Tomato Sauce wrapped in Pita Bread",11.99,hollywood-studios/ronto-roasters
2026-09-04,Ronto Roasters,Disney's Hollywood Studios,Andoan Fruit with Muja Sauce,Plant-based,Breakfast; Lunch And Dinner,"Sticks of Jicama, Cucumber, Pineapple, Melon and Dragon Fruit doused in a Tamarind Sauce and dusted with Peppercorn Ash (Plant-Based)",7.49,hollywood-studios/ronto-roasters
2026-09-04,Ronto Roasters,Disney's Hollywood Studios,Bad Motivator IPA - Sierra Nevada Brewing Co.,Beer - Draft,Breakfast; Lunch And Dinner,Tropical India Pale Ale with Galaxy and Comet Hops | ABV 6.0%,15.75,hollywood-studios/ronto-roasters
2026-09-04,Ronto Roasters,Disney's Hollywood Studios,Malastare Margarita,Beverages with Alcohol,Breakfast; Lunch And Dinner,"Teremana Blanco Tequila, Bols Triple Sec Liqueur, Desert Pear Syrup, and Lime Juice",18.50,hollywood-studios/ronto-roasters
2026-09-04,Ronto Roasters,Disney's Hollywood Studios,Surly Sarlacc,Beverages with Alcohol,Breakfast; Lunch And Dinner,"Ketel One Botanical Grapefruit and Rose Vodka, Minute Maid© Limeade, Raspberry, Spicy Mango Flavors",16.50,hollywood-studios/ronto-roasters
2026-09-04,Ronto Roasters,Disney's Hollywood Studios,Tatooine Sunset,Non-Alcoholic Specialty Beverages,Breakfast; Lunch And Dinner,Gold Peak® Unsweetened Tea and Minute Maid® Premium Lemonade with Melon and Blueberry,6.99,hollywood-studios/ronto-roasters
2026-09-04,Ronto Roasters,Disney's Hollywood Studios,Lowfat Milk,Breakfast Beverages,Breakfast,,2.29,hollywood-studios/ronto-roasters
2026-09-04,Ronto Roasters,Disney's Hollywood Studios,Small Chocolate Milk,Breakfast Beverages,Breakfast,,2.29,hollywood-studios/ronto-roasters
2026-09-04,Ronto Roasters,Disney's Hollywood Studios,Assorted Fountain Beverages - Large,Beverages,Breakfast; Lunch And Dinner,Assorted Coca-Cola® Offerings,5.59,hollywood-studios/ronto-roasters
2026-09-04,Ronto Roasters,Disney's Hollywood Studios,Assorted Fountain Beverages - Regular,Beverages,Breakfast; Lunch And Dinner,Assorted Coca-Cola® Offerings,4.79,hollywood-studios/ronto-roasters
2026-09-04,Ronto Roasters,Disney's Hollywood Studios,Large Freshly Brewed Joffrey's Coffee™ Regular,Beverages,Breakfast; Lunch And Dinner,,5.19,hollywood-studios/ronto-roasters
2026-09-04,Ronto Roasters,Disney's Hollywood Studios,Large Freshly Brewed Joffrey's Coffee™ Decaf,Beverages,Breakfast; Lunch And Dinner,,5.19,hollywood-studios/ronto-roasters
2026-09-04,Ronto Roasters,Disney's Hollywood Studios,Coffee,Beverages,Breakfast; Lunch And Dinner,Featuring Joffrey's Coffee™,4.79,hollywood-studios/ronto-roasters
2026-09-04,Ronto Roasters,Disney's Hollywood Studios,Coffee - Decaf,Beverages,Breakfast; Lunch And Dinner,Featuring Joffrey's Coffee™,4.79,hollywood-studios/ronto-roasters
2026-09-04,Ronto Roasters,Disney's Hollywood Studios,DASANI® Bottled Water,Beverages,Breakfast; Lunch And Dinner,,5.00,hollywood-studios/ronto-roasters
2026-09-04,Ronto Roasters,Disney's Hollywood Studios,Ronto Wrap - Milk Allergy-Friendly,Milk Allergy-Friendly,Breakfast,"Roasted Pork, Grilled Pork Sausage, Peppercorn Sauce and Tangy Slaw wrapped in Pita Bread",13.99,hollywood-studios/ronto-roasters
2026-09-04,Ronto Roasters,Disney's Hollywood Studios,Ronto Morning Wrap - Milk Allergy-Friendly,Milk Allergy-Friendly,Breakfast,Grilled Pork Sausage and Peppercorn Sauce in Pita Bread,12.99,hollywood-studios/ronto-roasters
2026-09-04,Ronto Roasters,Disney's Hollywood Studios,Triple Suns Breakfast Wrap - Milk Allergy-Friendly,Milk Allergy-Friendly,Breakfast,"Plant-based Egg, Smoky Chickpea-Onion Slaw, and Roasted Tomato Sauce wrapped in Pita Bread",11.99,hollywood-studios/ronto-roasters
2026-09-04,Ronto Roasters,Disney's Hollywood Studios,Andoan Fruit with Muja Sauce - Milk Allergy-Friendly,Milk Allergy-Friendly,Breakfast,"Sticks of Jicama, Cucumber, Pineapple, Melon and Dragon Fruit doused in a Tamarind Sauce and dusted with Peppercorn Ash (Plant-Based)",7.49,hollywood-studios/ronto-roasters
2026-09-04,Ronto Roasters,Disney's Hollywood Studios,Zuchii Wrap,Plant-based,Lunch And Dinner,"Grilled Zucchini, Smoky Chickpea-Onion Slaw, Creamy Garlic-Tahini Sauce, and Fresh Cilantro wrapped in Pita Bread",12.99,hollywood-studios/ronto-roasters
2026-09-04,Rosie's All-American Café,Disney's Hollywood Studios,Red Velvet Riveter,Featured Offerings,Lunch And Dinner,"Red Velvet Cake with Fudge Filling topped with Cream Cheese Icing, Ginger Streusel, Star Sprinkles, and a White Chocolate Garnish",5.99,hollywood-studios/rosies-all-american-cafe
2026-09-04,Rosie's All-American Café,Disney's Hollywood Studios,Chili-Cheese All-Beef Foot-long Hot Dog,Entrées,Lunch And Dinner,All-Beef Foot-long Hot Dog topped with Chili and Cheese served with French Fries,15.49,hollywood-studios/rosies-all-american-cafe
2026-09-04,Rosie's All-American Café,Disney's Hollywood Studios,1/3 lb Angus Bacon Cheeseburger,Entrées,Lunch And Dinner,1/3 lb Chargrilled Angus Bacon Cheeseburger topped with Lettuce and Tomato on a Kaiser Roll served with French Fries,13.99,hollywood-studios/rosies-all-american-cafe
2026-09-04,Rosie's All-American Café,Disney's Hollywood Studios,1/3 lb Angus Cheeseburger,Entrées,Lunch And Dinner,1/3 lb Chargrilled Angus Cheeseburger topped with Lettuce and Tomato on an Brioche Bun served with French Fries,13.29,hollywood-studios/rosies-all-american-cafe
2026-09-04,Rosie's All-American Café,Disney's Hollywood Studios,Hot Honey Buffalo Chicken Chef Salad,Entrées,Lunch And Dinner,"Hot Honey Buffalo Chicken, Romaine Lettuce, Carrots, Red Cabbage, Celery, Cucumber, Avocado, Peppadew Peppers, and Green Onion with Sriracha-Ranch Dressing",12.99,hollywood-studios/rosies-all-american-cafe
2026-09-04,Rosie's All-American Café,Disney's Hollywood Studios,Spicy Aïoli Chicken Strips,Entrées,Lunch And Dinner,Served with choice of Side,12.99,hollywood-studios/rosies-all-american-cafe
2026-09-04,Rosie's All-American Café,Disney's Hollywood Studios,Chicken Strips,Entrées,Lunch And Dinner,Served with French Fries,10.99,hollywood-studios/rosies-all-american-cafe
2026-09-04,Rosie's All-American Café,Disney's Hollywood Studios,Plant-based Dog,Plant-Based,Lunch And Dinner,"Plant-based ""Sausage"" with Tomatoes, Mustard, BBQ Aioli and Green Relish on a Potato Bun served with House-made Chips",11.79,hollywood-studios/rosies-all-american-cafe
2026-09-04,Rosie's All-American Café,Disney's Hollywood Studios,Cheeseburger,Kid's Disney Check Meals,Lunch And Dinner,Served with choice of two Sides and choice of Small Lowfat Milk or Small DASANI® Bottled Water. Meets Disney Nutrition Guidelines for Complete Meals without substitutions,8.99,hollywood-studios/rosies-all-american-cafe
2026-09-04,Rosie's All-American Café,Disney's Hollywood Studios,Chicken Strips,Kid's Meal,Lunch And Dinner,Served with choice of two (2) Sides and choice of Small Lowfat Milk or Small DASANI® Bottled Water,8.99,hollywood-studios/rosies-all-american-cafe
2026-09-04,Rosie's All-American Café,Disney's Hollywood Studios,Chili-Cheese Fries,Sides,Lunch And Dinner,,7.49,hollywood-studios/rosies-all-american-cafe
2026-09-04,Rosie's All-American Café,Disney's Hollywood Studios,Buffalo Fries,Sides,Lunch And Dinner,Ranch-seasoned French Fries drizzled with Buffalo-Ranch Sauce and Blue Cheese Dressing,6.99,hollywood-studios/rosies-all-american-cafe
2026-09-04,Rosie's All-American Café,Disney's Hollywood Studios,French Fries,Sides,Lunch And Dinner,,5.49,hollywood-studios/rosies-all-american-cafe
2026-09-04,Rosie's All-American Café,Disney's Hollywood Studios,Assorted Fountain Beverages - Regular,Beverages,Lunch And Dinner,Assorted Coca-Cola® Offerings,4.79,hollywood-studios/rosies-all-american-cafe
2026-09-04,Rosie's All-American Café,Disney's Hollywood Studios,Assorted Fountain Beverages - Large,Beverages,Lunch And Dinner,Assorted Coca-Cola® Offerings,5.59,hollywood-studios/rosies-all-american-cafe
2026-09-04,Rosie's All-American Café,Disney's Hollywood Studios,Cherry Lemonade,Beverages,Lunch And Dinner,Minute Maid Lemonade® and Grenadine,6.59,hollywood-studios/rosies-all-american-cafe
2026-09-04,Rosie's All-American Café,Disney's Hollywood Studios,DASANI® Bottled Water,Beverages,Lunch And Dinner,,4.25,hollywood-studios/rosies-all-american-cafe
2026-09-04,Rosie's All-American Café,Disney's Hollywood Studios,smartwater®,Beverages,Lunch And Dinner,,6.25,hollywood-studios/rosies-all-american-cafe
2026-09-04,Rosie's All-American Café,Disney's Hollywood Studios,Large Freshly Brewed Joffrey's Coffee™ Regular,Beverages,Lunch And Dinner,,5.19,hollywood-studios/rosies-all-american-cafe
2026-09-04,Rosie's All-American Café,Disney's Hollywood Studios,Large Freshly Brewed Joffrey's Coffee™ Decaf,Beverages,Lunch And Dinner,,5.19,hollywood-studios/rosies-all-american-cafe
2026-09-04,Rosie's All-American Café,Disney's Hollywood Studios,Large Hot Cocoa,Beverages,Lunch And Dinner,,5.19,hollywood-studios/rosies-all-american-cafe
2026-09-04,Rosie's All-American Café,Disney's Hollywood Studios,Large Twinings® Hot Tea,Beverages,Lunch And Dinner,,5.19,hollywood-studios/rosies-all-american-cafe
2026-09-04,Rosie's All-American Café,Disney's Hollywood Studios,Simply® Orange,Beverages,Lunch And Dinner,,5.59,hollywood-studios/rosies-all-american-cafe
2026-09-04,Rosie's All-American Café,Disney's Hollywood Studios,Minute Maid® Apple Juice,Beverages,Lunch And Dinner,,4.59,hollywood-studios/rosies-all-american-cafe
2026-09-04,Rosie's All-American Café,Disney's Hollywood Studios,Chocolate Milk,Beverages,Lunch And Dinner,,4.79,hollywood-studios/rosies-all-american-cafe
2026-09-04,Rosie's All-American Café,Disney's Hollywood Studios,Whole Milk,Beverages,Lunch And Dinner,,3.99,hollywood-studios/rosies-all-american-cafe
2026-09-04,Rosie's All-American Café,Disney's Hollywood Studios,Freshly Brewed Joffrey's Coffee™ Regular,Beverages,Lunch And Dinner,,4.79,hollywood-studios/rosies-all-american-cafe
2026-09-04,Rosie's All-American Café,Disney's Hollywood Studios,Freshly Brewed Joffrey's Coffee™ Decaf,Beverages,Lunch And Dinner,,4.79,hollywood-studios/rosies-all-american-cafe
2026-09-04,Rosie's All-American Café,Disney's Hollywood Studios,Twinings® Hot Tea,Beverages,Lunch And Dinner,,4.79,hollywood-studios/rosies-all-american-cafe
2026-09-04,Rosie's All-American Café,Disney's Hollywood Studios,Hot Cocoa,Beverages,Lunch And Dinner,,4.79,hollywood-studios/rosies-all-american-cafe
2026-09-04,Rosie's All-American Café,Disney's Hollywood Studios,Lowfat Milk,Beverages,Lunch And Dinner,,2.59,hollywood-studios/rosies-all-american-cafe
2026-09-04,Rosie's All-American Café,Disney's Hollywood Studios,Cherry Lemonade with Whiskey,Beverages with Alcohol,Lunch And Dinner,Minute Maid Lemonade® and Grenadine with Jack Daniel's Whiskey,17.50,hollywood-studios/rosies-all-american-cafe
2026-09-04,Rosie's All-American Café,Disney's Hollywood Studios,Cherry Lemonade with Vodka,Beverages with Alcohol,Lunch And Dinner,Minute Maid® Premium Lemonade and Grenadine with Tito's Handmade Vodka,17.50,hollywood-studios/rosies-all-american-cafe
2026-09-04,Rosie's All-American Café,Disney's Hollywood Studios,Spiced Hurricane,Beverages with Alcohol,Lunch And Dinner,"Sailor Jerry Spiced Rum, Planteray Dark Rum, Lime, Minute Maid® Passion Fruit Orange Guava Juice, and Grenadine",17.50,hollywood-studios/rosies-all-american-cafe
2026-09-04,Rosie's All-American Café,Disney's Hollywood Studios,Opici Family Selection Red Sangria,Beverages with Alcohol,Lunch And Dinner,,14.00,hollywood-studios/rosies-all-american-cafe
2026-09-04,Rosie's All-American Café,Disney's Hollywood Studios,Stella Artois Lager - Belgium,Beverages with Alcohol,Lunch And Dinner,Seasonal Canned Beer,12.00,hollywood-studios/rosies-all-american-cafe
2026-09-04,Rosie's All-American Café,Disney's Hollywood Studios,"Sierra Nevada Pale Ale - Chico, CA",Beverages with Alcohol,Lunch And Dinner,16-oz Can - Gold to amber in color with the flavor and aroma centered around the citrus and pine character of American hops,12.50,hollywood-studios/rosies-all-american-cafe
2026-09-04,Rosie's All-American Café,Disney's Hollywood Studios,White Claw Black Cherry Hard Seltzer,Beverages with Alcohol,Lunch And Dinner,16-oz Can - Hard Seltzer balancing the tartness and sweetness of a ripe summer cherry,11.00,hollywood-studios/rosies-all-american-cafe
2026-09-04,Rosie's All-American Café,Disney's Hollywood Studios,"Bud Light Lager - St. Louis, MO",Beverages with Alcohol,Lunch And Dinner,"16-oz Bottle - Golden-colored with flavors that are dry, clean, crisp, and refreshing with subtle bitterness",9.75,hollywood-studios/rosies-all-american-cafe
2026-09-04,Sci-Fi Dine-In Theater Restaurant,Disney's Hollywood Studios,Crispy Onion Rings,Appetizers,Lunch; Dinner,Served with Horseradish Dipping Sauce,11.00,hollywood-studios/sci-fi-dine-in-theater
2026-09-04,Sci-Fi Dine-In Theater Restaurant,Disney's Hollywood Studios,Sci-Fi Plant  Nachos,Appetizers,Lunch; Dinner,"Fried Tortilla Chips topped with Plant-based Black Bean Chili Featuring Impossible™ Beef, Avocado ""Cream"", Pico de Gallo, and Cilantro",14.00,hollywood-studios/sci-fi-dine-in-theater
2026-09-04,Sci-Fi Dine-In Theater Restaurant,Disney's Hollywood Studios,Wedge Salad,Appetizers,Lunch; Dinner,"Iceberg Lettuce, Blue Cheese Crumbles, Diced Red Onions, Tomatoes, Applewood-smoked Bacon, Blue Cheese Dressing, and Balsamic Glaze",11.00,hollywood-studios/sci-fi-dine-in-theater
2026-09-04,Sci-Fi Dine-In Theater Restaurant,Disney's Hollywood Studios,Mini Corn Dogs,Appetizers,Lunch; Dinner,Fried Mini Corn Dogs served with your choice of Dipping Sauces,13.00,hollywood-studios/sci-fi-dine-in-theater
2026-09-04,Sci-Fi Dine-In Theater Restaurant,Disney's Hollywood Studios,Silver Screen Wings with Hot Honey Buffalo Sauce,Appetizers,Lunch; Dinner,Crispy Wings served with Celery and Carrot Slaw,16.00,hollywood-studios/sci-fi-dine-in-theater
2026-09-04,Sci-Fi Dine-In Theater Restaurant,Disney's Hollywood Studios,Silver Screen Wings with Parmesan-Garlic Sauce,Appetizers,Lunch; Dinner,Crispy Wings served with Celery and Carrot Slaw​,16.00,hollywood-studios/sci-fi-dine-in-theater
2026-09-04,Sci-Fi Dine-In Theater Restaurant,Disney's Hollywood Studios,Fried Chicken Sandwich,Entrées,Lunch; Dinner,Fried Chicken Thigh tossed in Buffalo Sauce topped with House-made Pickle Ranch Sauce and Lettuce,21.00,hollywood-studios/sci-fi-dine-in-theater
2026-09-04,Sci-Fi Dine-In Theater Restaurant,Disney's Hollywood Studios,Classic American Burger*,Entrées,Lunch; Dinner,"Our Signature Blend of Beef with House-made Burger Sauce, Applewood-smoked Bacon, American Cheese, Shredded Lettuce, and Heirloom Tomato served on a Brioche Bun",25.00,hollywood-studios/sci-fi-dine-in-theater
2026-09-04,Sci-Fi Dine-In Theater Restaurant,Disney's Hollywood Studios,The Feature Film Burger*,Entrées,Lunch; Dinner,Please ask your car hop about our newest feature,27.00,hollywood-studios/sci-fi-dine-in-theater
2026-09-04,Sci-Fi Dine-In Theater Restaurant,Disney's Hollywood Studios,Flying Saucer Impossible™ Burger,Entrées,Lunch; Dinner,"Grilled Plant-based Burger, Portobello Mushroom, Plant-based ""Cheese,"" Garlic-Tomato ""Aïoli,"" Pesto, Lettuce, and Heirloom Tomato served on a Brioche Bun",25.00,hollywood-studios/sci-fi-dine-in-theater
2026-09-04,Sci-Fi Dine-In Theater Restaurant,Disney's Hollywood Studios,Beamed-up Burger,Entrées,Lunch; Dinner,"Two Pressed Signature-blend Patties, American Cheese, Shredded Lettuce, Jalapeño-Bourbon-Bacon Jam, and House-made Burger Sauce served on a Brioche Bun",24.00,hollywood-studios/sci-fi-dine-in-theater
2026-09-04,Sci-Fi Dine-In Theater Restaurant,Disney's Hollywood Studios,Grilled Pork Chop,Entrées,Lunch; Dinner,"Grilled Pork Chop served with Creamy Cheese Polenta, Grilled Asparagus, and a Savory Peach Chutney",32.00,hollywood-studios/sci-fi-dine-in-theater
2026-09-04,Sci-Fi Dine-In Theater Restaurant,Disney's Hollywood Studios,Grilled Chicken Citrus Salad,Entrées,Lunch; Dinner,"Romaine, Spinach, and Arugula tossed with Rainbow Cherry Tomatoes, Candied Pecans, Dried Cranberries, and Feta topped with Grilled Marinated Chicken and a House-made Citrus Vinaigrette",20.00,hollywood-studios/sci-fi-dine-in-theater
2026-09-04,Sci-Fi Dine-In Theater Restaurant,Disney's Hollywood Studios,Steak Frites*,Entrées,Lunch; Dinner,Grilled Hanger Steak topped with Chimichurri Sauce and paired with Truffle Fries,31.00,hollywood-studios/sci-fi-dine-in-theater
2026-09-04,Sci-Fi Dine-In Theater Restaurant,Disney's Hollywood Studios,Cheese Ravioli,Entrées,Lunch; Dinner,"Sautéed in Brown Butter Sauce topped with House-made Sausage, Squash, Roasted Mushrooms, and Lemon Ricotta",26.00,hollywood-studios/sci-fi-dine-in-theater
2026-09-04,Sci-Fi Dine-In Theater Restaurant,Disney's Hollywood Studios,Cerulean Moon,Desserts,Lunch; Dinner,"Chocolate Mousse Dome with Strawberry Filling on a Graham Cracker Tart with a Hibiscus Sponge, Green Space Dust, and Chocolate-Caramel Sauce",9.50,hollywood-studios/sci-fi-dine-in-theater
2026-09-04,Sci-Fi Dine-In Theater Restaurant,Disney's Hollywood Studios,Feature Finale,Desserts,Lunch; Dinner,"Vanilla Sponge Roulade with Raspberry-Vanilla Custard, Cassis Panna Cotta, Strawberry Sauce, Fresh Fruit, and Whipped Cream",10.00,hollywood-studios/sci-fi-dine-in-theater
2026-09-04,Sci-Fi Dine-In Theater Restaurant,Disney's Hollywood Studios,Fresh Fruit Salad,Desserts,Lunch; Dinner,,7.50,hollywood-studios/sci-fi-dine-in-theater
2026-09-04,Sci-Fi Dine-In Theater Restaurant,Disney's Hollywood Studios,Hot Fudge Sundae,Desserts,Lunch; Dinner,"Vanilla Ice Cream with Hot Fudge, Whipped Cream, and a Cherry",8.75,hollywood-studios/sci-fi-dine-in-theater
2026-09-04,Sci-Fi Dine-In Theater Restaurant,Disney's Hollywood Studios,Cookie Shake,Desserts,Lunch; Dinner,Plant-based Milk and Cookies topped with Coconut Whipped Cream,7.75,hollywood-studios/sci-fi-dine-in-theater
2026-09-04,Sci-Fi Dine-In Theater Restaurant,Disney's Hollywood Studios,Garden Salad,Kids' Appetizers (à la carte),Lunch; Dinner,,3.25,hollywood-studios/sci-fi-dine-in-theater
2026-09-04,Sci-Fi Dine-In Theater Restaurant,Disney's Hollywood Studios,Chicken Noodle Soup,Kids' Appetizers (à la carte),Lunch; Dinner,,3.25,hollywood-studios/sci-fi-dine-in-theater
2026-09-04,Sci-Fi Dine-In Theater Restaurant,Disney's Hollywood Studios,Chicken Skewer,Kids' Create-Your-Own Entrées (choose one),Lunch; Dinner,"Served with choice of two (2) Selections and choice of Small Lowfat Milk, Small DASANI® Bottled Water, or Small Minute Maid® Apple Juice",12.50,hollywood-studios/sci-fi-dine-in-theater
2026-09-04,Sci-Fi Dine-In Theater Restaurant,Disney's Hollywood Studios,Cheeseburger,Kids' Create-Your-Own Entrées (choose one),Lunch; Dinner,"Served with choice of two (2) Selections and choice of Small Lowfat Milk, Small DASANI® Bottled Water, or Small Minute Maid® Apple Juice",13.50,hollywood-studios/sci-fi-dine-in-theater
2026-09-04,Sci-Fi Dine-In Theater Restaurant,Disney's Hollywood Studios,Macaroni & Cheese,Kids' Create-Your-Own Entrées (choose one),Lunch; Dinner,"Served with choice of two (2) Selections and choice of Small Lowfat Milk, Small DASANI® Bottled Water, or Small Minute Maid® Apple Juice",11.50,hollywood-studios/sci-fi-dine-in-theater
2026-09-04,Sci-Fi Dine-In Theater Restaurant,Disney's Hollywood Studios,Chicken Bites,Kids' Create-Your-Own Entrées (choose one),Lunch; Dinner,"Served with choice of two (2) Selections and choice of Small Lowfat Milk, Small DASANI® Bottled Water, or Small Minute Maid® Apple Juice",12.50,hollywood-studios/sci-fi-dine-in-theater
2026-09-04,Sci-Fi Dine-In Theater Restaurant,Disney's Hollywood Studios,Mini Corn Dogs,Kids' Create-Your-Own Entrées (choose one),Lunch; Dinner,"Served with choice of two (2) Selections and choice of Small Lowfat Milk, Small DASANI® Bottled Water, or Small Minute Maid® Apple Juice.",12.50,hollywood-studios/sci-fi-dine-in-theater
2026-09-04,Sci-Fi Dine-In Theater Restaurant,Disney's Hollywood Studios,Specialty Character Drink,Kids' Specialty Drink,Lunch; Dinner,Minute Maid® Zero Sugar Lemonade with flavors of Cotton Candy served in a Souvenir Character Cup,7.00,hollywood-studios/sci-fi-dine-in-theater
2026-09-04,Sci-Fi Dine-In Theater Restaurant,Disney's Hollywood Studios,Milk Shakes,Non-Alcoholic Beverages,Lunch; Dinner,"Oreo Cookie, Chocolate, or Vanilla. Nondairy options available upon request.",7.75,hollywood-studios/sci-fi-dine-in-theater
2026-09-04,Sci-Fi Dine-In Theater Restaurant,Disney's Hollywood Studios,The Meteor,Non-Alcoholic Beverages,Lunch; Dinner,Coca-Cola® or Sprite® served in a Souvenir Cup with a Glow Cube,7.75,hollywood-studios/sci-fi-dine-in-theater
2026-09-04,Sci-Fi Dine-In Theater Restaurant,Disney's Hollywood Studios,Freshly Brewed Joffrey's Coffee™,Hot Beverage,Lunch; Dinner,,4.99,hollywood-studios/sci-fi-dine-in-theater
2026-09-04,Sci-Fi Dine-In Theater Restaurant,Disney's Hollywood Studios,"Marsuret Prosecco, Valdobbiadene Superior NV",Wine,Lunch; Dinner,,56.00,hollywood-studios/sci-fi-dine-in-theater
2026-09-04,Sci-Fi Dine-In Theater Restaurant,Disney's Hollywood Studios,"Fess Parker Chardonnay, Santa Barbara County",Wine,Lunch; Dinner,,56.00,hollywood-studios/sci-fi-dine-in-theater
2026-09-04,Sci-Fi Dine-In Theater Restaurant,Disney's Hollywood Studios,"King Estate Pinot Gris, Willamette Valley",Wine,Lunch; Dinner,,67.00,hollywood-studios/sci-fi-dine-in-theater
2026-09-04,Sci-Fi Dine-In Theater Restaurant,Disney's Hollywood Studios,"MacMurray Estate Vineyards Pinot Noir, Central Coast",Wine,Lunch; Dinner,,74.00,hollywood-studios/sci-fi-dine-in-theater
2026-09-04,Sci-Fi Dine-In Theater Restaurant,Disney's Hollywood Studios,"Simi Cabernet Sauvignon, Alexander Valley",Wine,Lunch; Dinner,,79.00,hollywood-studios/sci-fi-dine-in-theater
2026-09-04,Sci-Fi Dine-In Theater Restaurant,Disney's Hollywood Studios,Orbiting Oreos,Cosmic Concoctions,Lunch; Dinner,Oreo Milk Shake mixed with Mozart Chocolate Liqueur and a Souvenir Glow Cube,18.50,hollywood-studios/sci-fi-dine-in-theater
2026-09-04,Sci-Fi Dine-In Theater Restaurant,Disney's Hollywood Studios,Spicy Martian Margarita,Cosmic Concoctions,Lunch; Dinner,"Patrón Silver Tequila, Ancho Reyes Verde Liqueur, Lime Juice, and Pure Cane Sugar",18.50,hollywood-studios/sci-fi-dine-in-theater
2026-09-04,Sci-Fi Dine-In Theater Restaurant,Disney's Hollywood Studios,Espresso Martini,Cosmic Concoctions,Lunch; Dinner,"Grainger’s Deluxe Organic Vanilla Vodka, Tia Maria Cold Brew Coffee Liqueur, Bols White Crème de Cacao Liqueur, and Espresso",17.50,hollywood-studios/sci-fi-dine-in-theater
2026-09-04,Sci-Fi Dine-In Theater Restaurant,Disney's Hollywood Studios,Coconut Gimlet,Cosmic Concoctions,Lunch; Dinner,"Hendrick’s Gin, Coconut, Lime, and Cardamom Bitters",17.50,hollywood-studios/sci-fi-dine-in-theater
2026-09-04,Sci-Fi Dine-In Theater Restaurant,Disney's Hollywood Studios,Fusion Punch,Cosmic Concoctions,Lunch; Dinner,"Mount Gay Eclipse Rum, Minute Maid® Passion Fruit Orange Guava, DOLE® Pineapple, and Lime Juices",16.50,hollywood-studios/sci-fi-dine-in-theater
2026-09-04,Sci-Fi Dine-In Theater Restaurant,Disney's Hollywood Studios,Old Fashioned,Cosmic Concoctions,Lunch; Dinner,"Michter’s Small Batch Bourbon, Demerara Syrup, and Hella Cocktail Co. Aromatic and Orange Bitters",17.50,hollywood-studios/sci-fi-dine-in-theater
2026-09-04,Sci-Fi Dine-In Theater Restaurant,Disney's Hollywood Studios,Piña CoLAVA,Cosmic Concoctions,Lunch; Dinner,Bacardi Raspberry Rum blended with Piña Colada Mix and Raspberry Purée,17.50,hollywood-studios/sci-fi-dine-in-theater
2026-09-04,Sci-Fi Dine-In Theater Restaurant,Disney's Hollywood Studios,Michelob Ultra Lager - Draft,"Beer, Hard Cider, and Hard Seltzer",Lunch; Dinner,,9.75,hollywood-studios/sci-fi-dine-in-theater
2026-09-04,Sci-Fi Dine-In Theater Restaurant,Disney's Hollywood Studios,Yuengling Traditional Lager -Draft,"Beer, Hard Cider, and Hard Seltzer",Lunch; Dinner,,9.75,hollywood-studios/sci-fi-dine-in-theater
2026-09-04,Sci-Fi Dine-In Theater Restaurant,Disney's Hollywood Studios,Cigar City Jai Alai IPA,"Beer, Hard Cider, and Hard Seltzer",Lunch; Dinner,,11.75,hollywood-studios/sci-fi-dine-in-theater
2026-09-04,Sci-Fi Dine-In Theater Restaurant,Disney's Hollywood Studios,Samuel Adams Seasonal- Draft,"Beer, Hard Cider, and Hard Seltzer",Lunch; Dinner,,11.75,hollywood-studios/sci-fi-dine-in-theater
2026-09-04,Sci-Fi Dine-In Theater Restaurant,Disney's Hollywood Studios,Bud Light Lager,"Beer, Hard Cider, and Hard Seltzer",Lunch; Dinner,,9.75,hollywood-studios/sci-fi-dine-in-theater
2026-09-04,Sci-Fi Dine-In Theater Restaurant,Disney's Hollywood Studios,Corona Extra Lager,"Beer, Hard Cider, and Hard Seltzer",Lunch; Dinner,,9.75,hollywood-studios/sci-fi-dine-in-theater
2026-09-04,Sci-Fi Dine-In Theater Restaurant,Disney's Hollywood Studios,Stella Artois Lager,"Beer, Hard Cider, and Hard Seltzer",Lunch; Dinner,,11.00,hollywood-studios/sci-fi-dine-in-theater
2026-09-04,Sci-Fi Dine-In Theater Restaurant,Disney's Hollywood Studios,Heineken Lager,"Beer, Hard Cider, and Hard Seltzer",Lunch; Dinner,,9.75,hollywood-studios/sci-fi-dine-in-theater
2026-09-04,Sci-Fi Dine-In Theater Restaurant,Disney's Hollywood Studios,Orange Blossom Brewing Co. Orange Blossom Pilsner,"Beer, Hard Cider, and Hard Seltzer",Lunch; Dinner,,11.50,hollywood-studios/sci-fi-dine-in-theater
2026-09-04,Sci-Fi Dine-In Theater Restaurant,Disney's Hollywood Studios,New Belgium Fat Tire Amber Ale,"Beer, Hard Cider, and Hard Seltzer",Lunch; Dinner,,11.50,hollywood-studios/sci-fi-dine-in-theater
2026-09-04,Sci-Fi Dine-In Theater Restaurant,Disney's Hollywood Studios,Angry Orchard Crisp Apple Hard Cider,"Beer, Hard Cider, and Hard Seltzer",Lunch; Dinner,,10.50,hollywood-studios/sci-fi-dine-in-theater
2026-09-04,Sci-Fi Dine-In Theater Restaurant,Disney's Hollywood Studios,White Claw Black Cherry Hard Seltzer,"Beer, Hard Cider, and Hard Seltzer",Lunch; Dinner,,11.00,hollywood-studios/sci-fi-dine-in-theater
2026-09-04,Sci-Fi Dine-In Theater Restaurant,Disney's Hollywood Studios,Chocolate or Vanilla Shake,Allergy-Friendly Milk Shakes,Lunch; Dinner,"(For Gluten/Wheat, Egg, Fish/Shellfish, Peanut/Tree Nut, and Sesame Allergies)",7.75,hollywood-studios/sci-fi-dine-in-theater
2026-09-04,Sci-Fi Dine-In Theater Restaurant,Disney's Hollywood Studios,Cookie Shake,Allergy-Friendly Milk Shakes,Lunch; Dinner,"Plant-based Milk and Cookies topped with Coconut Whipped Cream (For Gluten/Wheat, Egg, Fish/Shellfish, Peanut/Tree Nut, and Sesame Allergies)",7.75,hollywood-studios/sci-fi-dine-in-theater
2026-09-04,Sci-Fi Dine-In Theater Restaurant,Disney's Hollywood Studios,Mini Corn Dogs,Allergy-Friendly Appetizers,Lunch; Dinner,"Fried Mini Corn Dogs served with your choice of Dipping Sauces (For Fish/Shellfish, Peanut/Tree Nut, Sesame Allergies)",13.00,hollywood-studios/sci-fi-dine-in-theater
2026-09-04,Sci-Fi Dine-In Theater Restaurant,Disney's Hollywood Studios,Sci-Fi Impossible™ Nachos,Allergy-Friendly Appetizers,Lunch; Dinner,"Fried Tortilla Chips topped with Plant-based Black Bean Chili featuring Impossible® Beef, Avocado “Cream,” Pico de Gallo, and Cilantro (For Gluten/Wheat, Egg, Fish/Shellfish, Milk, Peanut/Tree Nut, and Sesame Allergies)",14.00,hollywood-studios/sci-fi-dine-in-theater
2026-09-04,Sci-Fi Dine-In Theater Restaurant,Disney's Hollywood Studios,Wedge Salad,Allergy-Friendly Appetizers,Lunch; Dinner,"Iceberg Lettuce, Blue Cheese Crumbles, Diced Red Onions, Tomatoes, Applewood-smoked Bacon, Blue Cheese Dressing, and Balsamic Glaze (For Gluten/Wheat, Fish/Shellfish, Peanut/Tree Nut, Sesame Allergies)",11.00,hollywood-studios/sci-fi-dine-in-theater
2026-09-04,Sci-Fi Dine-In Theater Restaurant,Disney's Hollywood Studios,Crispy Onion Rings,Allergy-Friendly Appetizers,Lunch; Dinner,"Served with Horseradish Dipping Sauce (For Fish/Shellfish, Peanut/Tree Nut, and Sesame Allergies)",11.00,hollywood-studios/sci-fi-dine-in-theater
2026-09-04,Sci-Fi Dine-In Theater Restaurant,Disney's Hollywood Studios,Silver Screen Wings with Hot Honey Buffalo Sauce,Allergy-Friendly Appetizers,Lunch; Dinner,"Crispy Wings served with Celery and Carrot Slaw​ (For Gluten/Wheat, Egg, Fish/Shellfish, Peanut/Tree Nut, Sesame Allergies)",16.00,hollywood-studios/sci-fi-dine-in-theater
2026-09-04,Sci-Fi Dine-In Theater Restaurant,Disney's Hollywood Studios,Silver Screen Wings with Parmesan-Garlic Sauce,Allergy-Friendly Appetizers,Lunch; Dinner,"Crispy Wings served with Celery and Carrot Slaw​ (For Gluten/Wheat, Fish/Shellfish, Peanut/Tree Nut, Sesame, Soy Allergies)",16.00,hollywood-studios/sci-fi-dine-in-theater
2026-09-04,Sci-Fi Dine-In Theater Restaurant,Disney's Hollywood Studios,Fried Chicken Sandwich,Allergy-Friendly Entrées,Lunch; Dinner,"Fried Chicken Thigh tossed in Buffalo Sauce topped with House-made Pickle Ranch Sauce and Lettuce (For Fish/Shellfish, Peanut/Tree Nut, Sesame, Soy Allergies)",21.00,hollywood-studios/sci-fi-dine-in-theater
2026-09-04,Sci-Fi Dine-In Theater Restaurant,Disney's Hollywood Studios,Classic American Burger*,Allergy-Friendly Entrées,Lunch; Dinner,"Our Signature Blend of Beef with House-made Burger Sauce, American Cheese, Applewood-smoked Bacon, Shredded Lettuce, and Marinated Heirloom Tomato served on an Allergy-Friendly Bun (For Gluten/Wheat, Fish/Shellfish, Peanut/Tree Nut, and Sesame Allergies)",25.00,hollywood-studios/sci-fi-dine-in-theater
2026-09-04,Sci-Fi Dine-In Theater Restaurant,Disney's Hollywood Studios,Beamed-up Burger,Allergy-Friendly Entrées,Lunch; Dinner,"Two Pressed Signature-blend Patties, American Cheese, Shredded Lettuce, Jalapeño-Bourbon-Bacon Jam, and House-made Burger Sauce served on an Allergy-Friendly Bun (For Gluten/Wheat, Fish/Shellfish, Peanut/Tree Nut, and Sesame Allergies)",24.00,hollywood-studios/sci-fi-dine-in-theater
2026-09-04,Sci-Fi Dine-In Theater Restaurant,Disney's Hollywood Studios,Flying Saucer Impossible™ Burger,Allergy-Friendly Entrées,Lunch; Dinner,"Grilled Plant-based Burger, Portobello Mushroom, Plant-based “Cheese,” Garlic-Tomato “Aïoli,” Pesto, Lettuce, and Heirloom Tomato served on an Allergy-Friendly Bun (For Gluten/Wheat, Egg, Fish/Shellfish, Milk, Peanut, and Sesame Allergies)",25.00,hollywood-studios/sci-fi-dine-in-theater
2026-09-04,Sci-Fi Dine-In Theater Restaurant,Disney's Hollywood Studios,Grilled Pork Chop,Allergy-Friendly Entrées,Lunch; Dinner,"Grilled Pork Chop served with Creamy Cheese Polenta, Grilled Asparagus, and a Savory Peach Chutney (For Gluten/Wheat, Egg, Fish/Shellfish, Peanut/Tree Nut, Sesame, Soy Allergies)",32.00,hollywood-studios/sci-fi-dine-in-theater
2026-09-04,Sci-Fi Dine-In Theater Restaurant,Disney's Hollywood Studios,Grilled Chicken Citrus Salad,Allergy-Friendly Entrées,Lunch; Dinner,"Romaine, Spinach, and Arugula tossed with Rainbow Cherry Tomatoes, Candied Pecans, Dried Cranberries, and Feta topped with Grilled Marinated Chicken and a House-made Citrus Vinaigrette (For Gluten/Wheat, Fish/Shellfish, Sesame, and Soy Allergies)",20.00,hollywood-studios/sci-fi-dine-in-theater
2026-09-04,Sci-Fi Dine-In Theater Restaurant,Disney's Hollywood Studios,Steak Frites*,Allergy-Friendly Entrées,Lunch; Dinner,"Grilled Hanger Steak topped with Chimichurri Sauce and paired with Truffle Fries (For Gluten/Wheat, Fish/Shellfish, Milk, Peanut/Tree Nut, Sesame Allergies)",31.00,hollywood-studios/sci-fi-dine-in-theater
2026-09-04,Sci-Fi Dine-In Theater Restaurant,Disney's Hollywood Studios,Cheese Ravioli,Allergy-Friendly Entrées,Lunch; Dinner,"Sautéed in Brown Butter Sauce topped with House-made Sausage, Squash, Roasted Mushrooms, and Lemon Ricotta (For Fish/Shellfish, Peanut/Tree Nut, Sesame, Soy Allergies)",26.00,hollywood-studios/sci-fi-dine-in-theater
2026-09-04,Sci-Fi Dine-In Theater Restaurant,Disney's Hollywood Studios,Brownie,Allergy-Friendly Desserts,Lunch; Dinner,Allergy-Friendly Brownie served with Hot Fudge Sauce and Vanilla Bean Ice Cream (For Gluten/Wheat and Fish/Shellfish Allergies),10.00,hollywood-studios/sci-fi-dine-in-theater
2026-09-04,Sci-Fi Dine-In Theater Restaurant,Disney's Hollywood Studios,Hot Fudge Sundae,Allergy-Friendly Desserts,Lunch; Dinner,"(For Gluten/Wheat, Egg, Fish/Shellfish, Peanut/Tree Nut, and Sesame Allergies)",8.75,hollywood-studios/sci-fi-dine-in-theater
2026-09-04,Sci-Fi Dine-In Theater Restaurant,Disney's Hollywood Studios,Sorbet with Fresh Fruit,Allergy-Friendly Desserts,Lunch; Dinner,"(For Gluten/Wheat, Egg, Fish/Shellfish, Milk, Sesame, and Soy Allergies)",8.00,hollywood-studios/sci-fi-dine-in-theater
2026-09-04,Sci-Fi Dine-In Theater Restaurant,Disney's Hollywood Studios,Garden Salad,Allergy-Friendly Kids' Appetizers (à la carte),Lunch; Dinner,"(For Gluten/Wheat, Egg, Fish/Shellfish, Milk, Peanut/Tree Nut, Sesame, and Soy Allergies)",3.25,hollywood-studios/sci-fi-dine-in-theater
2026-09-04,Sci-Fi Dine-In Theater Restaurant,Disney's Hollywood Studios,Chicken Noodle Soup,Allergy-Friendly Kids' Appetizers (à la carte),Lunch; Dinner,"(For Fish/Shellfish, Peanut/Tree Nut, and Sesame Allergies)",3.25,hollywood-studios/sci-fi-dine-in-theater
2026-09-04,Sci-Fi Dine-In Theater Restaurant,Disney's Hollywood Studios,Chicken Skewer,Allergy-friendly Kids' Create-Your-Own Entrées (choose one),Lunch; Dinner,"Served with choice of two (2) Selections and choice of Small Lowfat Milk, Small DASANI® Bottled Water, or Small Minute Maid® Apple Juice (For Gluten/Wheat, Egg, Fish/Shellfish, Milk, Peanut/Tree Nut, Sesame, and Soy Allergies)",12.50,hollywood-studios/sci-fi-dine-in-theater
2026-09-04,Sci-Fi Dine-In Theater Restaurant,Disney's Hollywood Studios,Macaroni & Cheese,Allergy-friendly Kids' Create-Your-Own Entrées (choose one),Lunch; Dinner,"Served with choice of two (2) Selections and choice of Small Lowfat Milk, Small DASANI® Bottled Water, or Small Minute Maid® Apple Juice (For Fish/Shellfish, Peanut/Tree Nut, and Sesame Allergies)",11.50,hollywood-studios/sci-fi-dine-in-theater
2026-09-04,Sci-Fi Dine-In Theater Restaurant,Disney's Hollywood Studios,Chicken Bites,Allergy-friendly Kids' Create-Your-Own Entrées (choose one),Lunch; Dinner,"Served with choice of two (2) Selections and choice of Small Lowfat Milk, Small DASANI® Bottled Water, or Small Minute Maid® Apple Juice (For Fish/Shellfish, Peanut/Tree Nut, and Sesame Allergies)",12.50,hollywood-studios/sci-fi-dine-in-theater
2026-09-04,Sci-Fi Dine-In Theater Restaurant,Disney's Hollywood Studios,Cheeseburger,Allergy-friendly Kids' Create-Your-Own Entrées (choose one),Lunch; Dinner,"Served with choice of two (2) Selections and choice of Small Lowfat Milk, Small DASANI® Bottled Water, or Small Minute Maid® Apple Juice (For Egg, Fish/Shellfish, Peanut/Tree Nut, and Sesame Allergies)",13.50,hollywood-studios/sci-fi-dine-in-theater
2026-09-04,Sci-Fi Dine-In Theater Restaurant,Disney's Hollywood Studios,Mini Corn Dogs,Allergy-friendly Kids' Create-Your-Own Entrées (choose one),Lunch; Dinner,"Served with choice of two (2) Selections and choice of Small Lowfat Milk, Small DASANI® Bottled Water, or Small Minute Maid® Apple Juice. (For Fish/Shellfish, Peanut/Tree Nut, Sesame Allergies)",12.50,hollywood-studios/sci-fi-dine-in-theater
2026-09-04,The Trolley Car Café,Disney's Hollywood Studios,Caramel Frappuccino® - Grande,Frappuccino®,Coffee – Bakery,,6.75,hollywood-studios/trolley-car-cafe
2026-09-04,The Trolley Car Café,Disney's Hollywood Studios,Caramel Ribbon Crunch Frappuccino® - Grande,Frappuccino®,Coffee – Bakery,,6.75,hollywood-studios/trolley-car-cafe
2026-09-04,The Trolley Car Café,Disney's Hollywood Studios,Mocha Frappuccino® - Grande,Frappuccino®,Coffee – Bakery,,6.95,hollywood-studios/trolley-car-cafe
2026-09-04,The Trolley Car Café,Disney's Hollywood Studios,Coffee Frappuccino® - Grande,Frappuccino®,Coffee – Bakery,,6.95,hollywood-studios/trolley-car-cafe
2026-09-04,The Trolley Car Café,Disney's Hollywood Studios,Vanilla Bean Crème Frappuccino® - Grande,Frappuccino®,Coffee – Bakery,,6.95,hollywood-studios/trolley-car-cafe
2026-09-04,The Trolley Car Café,Disney's Hollywood Studios,Strawberry Crème Frappuccino® - Grande,Frappuccino®,Coffee – Bakery,,6.75,hollywood-studios/trolley-car-cafe
2026-09-04,The Trolley Car Café,Disney's Hollywood Studios,Double Chocolaty Chip Crème Frappuccino® - Grande,Frappuccino®,Coffee – Bakery,,6.45,hollywood-studios/trolley-car-cafe
2026-09-04,The Trolley Car Café,Disney's Hollywood Studios,Tropical Butterfly Lemonade Energy Refresher - Grande,Starbucks Refreshers™,Coffee – Bakery,,8.05,hollywood-studios/trolley-car-cafe
2026-09-04,The Trolley Car Café,Disney's Hollywood Studios,Blended Mango Dragonfruit Lemonade Energy Refresher - Grande,Starbucks Refreshers™,Coffee – Bakery,,6.65,hollywood-studios/trolley-car-cafe
2026-09-04,The Trolley Car Café,Disney's Hollywood Studios,Blue Coconut Lemonade Energy Refresher - Grande,Starbucks Refreshers™,Coffee – Bakery,,6.45,hollywood-studios/trolley-car-cafe
2026-09-04,The Trolley Car Café,Disney's Hollywood Studios,Frozen Starbucks Refreshers™ with Lemonade - Grande,Starbucks Refreshers™,Coffee – Bakery,Strawberry Açai or Mango Dragonfruit,6.45,hollywood-studios/trolley-car-cafe
2026-09-04,The Trolley Car Café,Disney's Hollywood Studios,Pink Drink - Grande,Starbucks Refreshers™,Coffee – Bakery,,5.95,hollywood-studios/trolley-car-cafe
2026-09-04,The Trolley Car Café,Disney's Hollywood Studios,Starbucks Refreshers™,Starbucks Refreshers™,Coffee – Bakery,Strawberry Acai or Mango Dragonfruit,5.45,hollywood-studios/trolley-car-cafe
2026-09-04,The Trolley Car Café,Disney's Hollywood Studios,Caramel Macchiato - Grande,Specialty Coffee Beverages,Coffee – Bakery,,6.25,hollywood-studios/trolley-car-cafe
2026-09-04,The Trolley Car Café,Disney's Hollywood Studios,Iced White Chocolate Mocha - Grande,Specialty Coffee Beverages,Coffee – Bakery,,6.45,hollywood-studios/trolley-car-cafe
2026-09-04,The Trolley Car Café,Disney's Hollywood Studios,Caffè Latte - Grande,Specialty Coffee Beverages,Coffee – Bakery,,5.75,hollywood-studios/trolley-car-cafe
2026-09-04,The Trolley Car Café,Disney's Hollywood Studios,Caffè Mocha - Grande,Specialty Coffee Beverages,Coffee – Bakery,,6.25,hollywood-studios/trolley-car-cafe
2026-09-04,The Trolley Car Café,Disney's Hollywood Studios,Iced Chocolate Almondmilk Shaken Espresso - Grande,Specialty Coffee Beverages,Coffee – Bakery,,6.55,hollywood-studios/trolley-car-cafe
2026-09-04,The Trolley Car Café,Disney's Hollywood Studios,Iced Brown Sugar Oatmilk Shaken Espresso - Grande,Specialty Coffee Beverages,Coffee – Bakery,,6.55,hollywood-studios/trolley-car-cafe
2026-09-04,The Trolley Car Café,Disney's Hollywood Studios,Iced Horchata Shaken Espresso - Grande,Specialty Coffee Beverages,Coffee – Bakery,,6.55,hollywood-studios/trolley-car-cafe
2026-09-04,The Trolley Car Café,Disney's Hollywood Studios,Freshly Brewed Coffee - Grande,Specialty Coffee Beverages,Coffee – Bakery,Regular or Decaf,4.85,hollywood-studios/trolley-car-cafe
2026-09-04,The Trolley Car Café,Disney's Hollywood Studios,Pecan Crunch Oatmilk Latte - Grande,Specialty Coffee Beverages,Coffee – Bakery,,6.75,hollywood-studios/trolley-car-cafe
2026-09-04,The Trolley Car Café,Disney's Hollywood Studios,Pumpkin Spice Latte - Grande,Specialty Coffee Beverages,Coffee – Bakery,,6.75,hollywood-studios/trolley-car-cafe
2026-09-04,The Trolley Car Café,Disney's Hollywood Studios,Pumpkin Cream Cold Brew - Grande,Cold Brew,Coffee – Bakery,,5.95,hollywood-studios/trolley-car-cafe
2026-09-04,The Trolley Car Café,Disney's Hollywood Studios,Starbucks® Cold Brew - Grande,Cold Brew,Coffee – Bakery,,4.95,hollywood-studios/trolley-car-cafe
2026-09-04,The Trolley Car Café,Disney's Hollywood Studios,Chocolate Cream Cold Brew - Grande,Cold Brew,Coffee – Bakery,,5.85,hollywood-studios/trolley-car-cafe
2026-09-04,The Trolley Car Café,Disney's Hollywood Studios,Salted Caramel Cream Cold Brew - Grande,Cold Brew,Coffee – Bakery,,5.85,hollywood-studios/trolley-car-cafe
2026-09-04,The Trolley Car Café,Disney's Hollywood Studios,Vanilla Sweet Cream Cold Brew - Grande,Cold Brew,Coffee – Bakery,,5.45,hollywood-studios/trolley-car-cafe
2026-09-04,The Trolley Car Café,Disney's Hollywood Studios,Teavana® Shaken Iced Tea - Grande,Tea & Refreshment,Coffee – Bakery,"Black, Green or Passion Tango™",4.85,hollywood-studios/trolley-car-cafe
2026-09-04,The Trolley Car Café,Disney's Hollywood Studios,Teavana® Shaken Iced Tea Lemonade - Grande,Tea & Refreshment,Coffee – Bakery,"Black, Green or Passion Tango™",5.85,hollywood-studios/trolley-car-cafe
2026-09-04,The Trolley Car Café,Disney's Hollywood Studios,Lemonade - Grande,Tea & Refreshment,Coffee – Bakery,,4.95,hollywood-studios/trolley-car-cafe
2026-09-04,The Trolley Car Café,Disney's Hollywood Studios,Teavana® Chai Tea Latte - Grande,Tea & Refreshment,Coffee – Bakery,,5.95,hollywood-studios/trolley-car-cafe
2026-09-04,The Trolley Car Café,Disney's Hollywood Studios,Teavana® Iced Matcha Green Tea Latte – Grande,Tea & Refreshment,Coffee – Bakery,,5.95,hollywood-studios/trolley-car-cafe
2026-09-04,The Trolley Car Café,Disney's Hollywood Studios,Iced Banana Bread Matcha Tea Latte - Grande,Tea & Refreshment,Coffee – Bakery,,6.95,hollywood-studios/trolley-car-cafe
2026-09-04,The Trolley Car Café,Disney's Hollywood Studios,Iced Pumpkin Cream Chai Latte - Grande,Tea & Refreshment,Coffee – Bakery,,6.75,hollywood-studios/trolley-car-cafe
2026-09-04,The Trolley Car Café,Disney's Hollywood Studios,Caramel Protein Matcha Latte - Grande,Seasonal Offerings,Coffee – Bakery,,6.95,hollywood-studios/trolley-car-cafe
2026-09-04,The Trolley Car Café,Disney's Hollywood Studios,Pistachio Crème Cold Brew - Grande,Seasonal Offerings,Coffee – Bakery,,5.75,hollywood-studios/trolley-car-cafe
2026-09-04,The Trolley Car Café,Disney's Hollywood Studios,Iced Dubai Chocolate Matcha - Grande,Seasonal Offerings,Coffee – Bakery,,6.75,hollywood-studios/trolley-car-cafe
2026-09-04,The Trolley Car Café,Disney's Hollywood Studios,Iced Ube Coconut Macchiato - Grande,Seasonal Offerings,Coffee – Bakery,,6.95,hollywood-studios/trolley-car-cafe
2026-09-04,The Trolley Car Café,Disney's Hollywood Studios,Iced Lavender Cream Matcha - Grande,Seasonal Offerings,Coffee – Bakery,,6.75,hollywood-studios/trolley-car-cafe
2026-09-04,The Trolley Car Café,Disney's Hollywood Studios,Iced Lavender Cream Chai - Grande,Seasonal Offerings,Coffee – Bakery,,6.75,hollywood-studios/trolley-car-cafe
2026-09-04,The Trolley Car Café,Disney's Hollywood Studios,Dragon Drink Energy Refresher - Grande,Seasonal Offerings,Coffee – Bakery,,6.65,hollywood-studios/trolley-car-cafe
2026-09-04,The Trolley Car Café,Disney's Hollywood Studios,Mango Strawberry Lemonade Energy Refresher - Grande,Seasonal Offerings,Coffee – Bakery,,6.65,hollywood-studios/trolley-car-cafe
2026-09-04,The Trolley Car Café,Disney's Hollywood Studios,Blended Pink Energy Drink - Grande,Seasonal Offerings,Coffee – Bakery,,6.65,hollywood-studios/trolley-car-cafe
2026-09-04,The Trolley Car Café,Disney's Hollywood Studios,"Sausage, Cheddar & Egg Sandwich",Breakfast Sandwiches,Coffee – Bakery,,5.59,hollywood-studios/trolley-car-cafe
2026-09-04,The Trolley Car Café,Disney's Hollywood Studios,"Bacon, Gouda & Egg Sandwich",Breakfast Sandwiches,Coffee – Bakery,,5.99,hollywood-studios/trolley-car-cafe
2026-09-04,The Trolley Car Café,Disney's Hollywood Studios,"Double-Smoked Bacon, Cheddar & Egg Sandwich",Breakfast Sandwiches,Coffee – Bakery,,6.59,hollywood-studios/trolley-car-cafe
2026-09-04,The Trolley Car Café,Disney's Hollywood Studios,"Spinach, Feta & Cage-Free Egg White Breakfast Wrap",Breakfast Sandwiches,Coffee – Bakery,,5.99,hollywood-studios/trolley-car-cafe
2026-09-04,The Trolley Car Café,Disney's Hollywood Studios,Ham & Swiss Croissant,Breakfast Sandwiches,Coffee – Bakery,,5.29,hollywood-studios/trolley-car-cafe
2026-09-04,The Trolley Car Café,Disney's Hollywood Studios,Carrot Cake Whoopie Pie,Pastries,Coffee – Bakery,,6.29,hollywood-studios/trolley-car-cafe
2026-09-04,The Trolley Car Café,Disney's Hollywood Studios,Assorted Pastries,Pastries,Coffee – Bakery,,1.79,hollywood-studios/trolley-car-cafe
2026-09-04,The Trolley Car Café,Disney's Hollywood Studios,Mickey Mouse-shaped Chocolate Chip Cookie,Pastries,Coffee – Bakery,,5.29,hollywood-studios/trolley-car-cafe
2026-09-04,The Trolley Car Café,Disney's Hollywood Studios,Mickey-shaped Cinnamon Roll,Pastries,Coffee – Bakery,Mickey-shaped Cinnamon Roll with white icing,7.49,hollywood-studios/trolley-car-cafe
2026-09-04,Tune-In Lounge,Disney's Hollywood Studios,Ultimate Long Island Iced Tea,Specialty Cocktails,Bar – Lounge,"Bacardí Superior Rum, Tito’s Handmade Vodka, Corazón Blanco Tequila, Hendrick’s Gin, Cointreau Liqueur, and Sweet-and-Sour with a splash of Coca-Cola®",18.50,hollywood-studios/tune-in-lounge
2026-09-04,Tune-In Lounge,Disney's Hollywood Studios,Dad's Electric Lemonade,Specialty Cocktails,Bar – Lounge,"SVEDKA Vodka, Bols Blue Curaçao Liqueur, Sweet-and-Sour, and Sprite® served with a Souvenir Glow Cube",18.50,hollywood-studios/tune-in-lounge
2026-09-04,Tune-In Lounge,Disney's Hollywood Studios,Island Fusion Punch,Specialty Cocktails,Bar – Lounge,"Mount Gay Eclipse Rum, Minute Maid® Passion Fruit Orange Guava, DOLE® Pineapple, and Lime Juices",16.50,hollywood-studios/tune-in-lounge
2026-09-04,Tune-In Lounge,Disney's Hollywood Studios,Coconut Gimlet,Specialty Cocktails,Bar – Lounge,"Hendrick’s Gin, Coconut, Lime, and Cardamom Bitters",17.50,hollywood-studios/tune-in-lounge
2026-09-04,Tune-In Lounge,Disney's Hollywood Studios,Patrón Platinum Margarita,Specialty Cocktails,Bar – Lounge,"Patrón Silver Tequila, Cointreau Liqueur, Lime Juice, and Sweet-and-Sour",18.50,hollywood-studios/tune-in-lounge
2026-09-04,Tune-In Lounge,Disney's Hollywood Studios,Espresso Martini,Specialty Cocktails,Bar – Lounge,"Grainger’s Organic Vanilla Vodka, Tia Maria Cold Brew Coffee Liqueur, Bols White Crème de Cacao Liqueur, and Espresso",17.50,hollywood-studios/tune-in-lounge
2026-09-04,Tune-In Lounge,Disney's Hollywood Studios,Toasted Marshmallow Old Fashioned,Specialty Cocktails,Bar – Lounge,"Woodford Reserve Kentucky Straight Bourbon, Toasted Marshmallow, and Hella Cocktail Co. Smoked Chili Bitters",18.50,hollywood-studios/tune-in-lounge
2026-09-04,Tune-In Lounge,Disney's Hollywood Studios,The Tune-In PBJ Cocktail,Specialty Cocktails,Bar – Lounge,"Skrewball Peanut Butter Whiskey, Bols Blackberry Brandy, and Baileys Original Irish Cream Liqueur topped with a Maraschino Cherry",17.50,hollywood-studios/tune-in-lounge
2026-09-04,Tune-In Lounge,Disney's Hollywood Studios,Grandma’s Picnic Punch,Specialty Cocktails,Bar – Lounge,"Grandma concocted a wonderful drink for the family picnic with SVEDKA Vodka, Bols Peach Schnapps Liqueur, Bols Crème de Cassis Liqueur, Minute Maid® Premium Lemonade, and Pineapple Juice",18.50,hollywood-studios/tune-in-lounge
2026-09-04,Tune-In Lounge,Disney's Hollywood Studios,Enchanted Grove Lime Splash,Non-Alcoholic Specialty Beverages,Bar – Lounge,Minute Maid® Limeade paired with the revitalizing flavors of Cucumber and Mint,6.29,hollywood-studios/tune-in-lounge
2026-09-04,Tune-In Lounge,Disney's Hollywood Studios,Enchanting Ember Lemonade,Non-Alcoholic Specialty Beverages,Bar – Lounge,"Minute Maid® Premium Lemonade, Strawberry, and Hot Honey",6.49,hollywood-studios/tune-in-lounge
2026-09-04,Tune-In Lounge,Disney's Hollywood Studios,"Marsuret Prosecco, Valdobbiadene Superiore NV",Wine,Bar – Lounge,,56.00,hollywood-studios/tune-in-lounge
2026-09-04,Tune-In Lounge,Disney's Hollywood Studios,"Fess Parker Chardonnay, Santa Barbara County",Wine,Bar – Lounge,,56.00,hollywood-studios/tune-in-lounge
2026-09-04,Tune-In Lounge,Disney's Hollywood Studios,"Coppo Moscato d’Asti Moncalvina, Piedmont",Wine,Bar – Lounge,,56.00,hollywood-studios/tune-in-lounge
2026-09-04,Tune-In Lounge,Disney's Hollywood Studios,"King Estate Pinot Gris, Willamette Valley",Wine,Bar – Lounge,,67.00,hollywood-studios/tune-in-lounge
2026-09-04,Tune-In Lounge,Disney's Hollywood Studios,"Kim Crawford Sauvignon Blanc, Marlborough",Wine,Bar – Lounge,,67.00,hollywood-studios/tune-in-lounge
2026-09-04,Tune-In Lounge,Disney's Hollywood Studios,"Louis M. Martini Cabernet Sauvignon, Sonoma County",Wine,Bar – Lounge,,98.00,hollywood-studios/tune-in-lounge
2026-09-04,Tune-In Lounge,Disney's Hollywood Studios,"Decoy by Duckhorn Merlot, Sonoma County",Wine,Bar – Lounge,,67.00,hollywood-studios/tune-in-lounge
2026-09-04,Tune-In Lounge,Disney's Hollywood Studios,"MacMurray Estate Vineyards Pinot Noir, Central Coast",Wine,Bar – Lounge,,74.00,hollywood-studios/tune-in-lounge
2026-09-04,Tune-In Lounge,Disney's Hollywood Studios,Yuengling Traditional Lager,Draft,Bar – Lounge,,9.75,hollywood-studios/tune-in-lounge
2026-09-04,Tune-In Lounge,Disney's Hollywood Studios,Michelob Ultra Lager,Draft,Bar – Lounge,,9.75,hollywood-studios/tune-in-lounge
2026-09-04,Tune-In Lounge,Disney's Hollywood Studios,Samuel Adams Seasonal,Draft,Bar – Lounge,,11.75,hollywood-studios/tune-in-lounge
2026-09-04,Tune-In Lounge,Disney's Hollywood Studios,Cigar City Jai Alai IPA,Draft,Bar – Lounge,,11.75,hollywood-studios/tune-in-lounge
2026-09-04,Tune-In Lounge,Disney's Hollywood Studios,Bud Light Lager,Bottles and Cans,Bar – Lounge,,9.75,hollywood-studios/tune-in-lounge
2026-09-04,Tune-In Lounge,Disney's Hollywood Studios,Miller Lite Lager,Bottles and Cans,Bar – Lounge,,9.75,hollywood-studios/tune-in-lounge
2026-09-04,Tune-In Lounge,Disney's Hollywood Studios,Stella Artois Lager,Bottles and Cans,Bar – Lounge,,11.00,hollywood-studios/tune-in-lounge
2026-09-04,Tune-In Lounge,Disney's Hollywood Studios,Corona Extra Lager,Bottles and Cans,Bar – Lounge,,9.75,hollywood-studios/tune-in-lounge
2026-09-04,Tune-In Lounge,Disney's Hollywood Studios,Blue Moon Belgian White Ale,Bottles and Cans,Bar – Lounge,,9.50,hollywood-studios/tune-in-lounge
2026-09-04,Tune-In Lounge,Disney's Hollywood Studios,Schöfferhofer Grapefruit Hefeweizen,Bottles and Cans,Bar – Lounge,,11.00,hollywood-studios/tune-in-lounge
2026-09-04,Tune-In Lounge,Disney's Hollywood Studios,New Belgium Fat Tire Amber Ale,Bottles and Cans,Bar – Lounge,,11.50,hollywood-studios/tune-in-lounge
2026-09-04,Tune-In Lounge,Disney's Hollywood Studios,Angry Orchard Crisp Apple Hard Cider,Bottles and Cans,Bar – Lounge,,10.50,hollywood-studios/tune-in-lounge
2026-09-04,Tune-In Lounge,Disney's Hollywood Studios,White Claw Black Cherry Hard Seltzer,Bottles and Cans,Bar – Lounge,,11.00,hollywood-studios/tune-in-lounge
2026-09-04,Woody's Lunch Box,Disney's Hollywood Studios,Frozen Mystic Portal Punch in an Alien Sipper,Souvenir Specialties,Breakfast; Lunch And Dinner,POWERade® Mountain Berry Blast with flavors of Lemon-Lime and Tangerine served in a Souvenir Alien Sipper,18.29,hollywood-studios/woodys-lunchbox
2026-09-04,Woody's Lunch Box,Disney's Hollywood Studios,Alien Sipper,Souvenir Specialties,Breakfast; Lunch And Dinner,Served with your choice of Assorted Coca-Cola® Offerings,16.79,hollywood-studios/woodys-lunchbox
2026-09-04,Woody's Lunch Box,Disney's Hollywood Studios,Pumpkin Lunch Box Tart,Featured Offerings,Breakfast; Lunch And Dinner,"Pumpkin Pie-filled Pastry Tart with Marshmallow Fondant, Halloween Sprinkles, Marshmallows, and Chocolate Jack-o'-Lanterns",5.29,hollywood-studios/woodys-lunchbox
2026-09-04,Woody's Lunch Box,Disney's Hollywood Studios,Breakfast Bowl,Breakfast Specialties,Breakfast,"Hearty portion of Potato Barrels smothered in Smoked Brisket Country Gravy, Scrambled Eggs and a sprinkling of Green Onions",8.99,hollywood-studios/woodys-lunchbox
2026-09-04,Woody's Lunch Box,Disney's Hollywood Studios,Kids' Breakfast Bowl,Breakfast Specialties,Breakfast,"Potato Barrels smothered in Smoked Brisket Country Gravy, Scrambled Eggs and a sprinkling of Green Onions served with a Cuties® Mandarin and Potato Barrels with your choice of Beverage",6.49,hollywood-studios/woodys-lunchbox
2026-09-04,Woody's Lunch Box,Disney's Hollywood Studios,BBQ Brisket Melt,Entrées,Breakfast; Lunch And Dinner,"Shredded Smoked Brisket, Pickles, and Tangy Barbecue Sauce between Melted Cheddar and Monterey Jack on Grilled Sourdough Bread",13.99,hollywood-studios/woodys-lunchbox
2026-09-04,Woody's Lunch Box,Disney's Hollywood Studios,Smoked Turkey Sandwich,Entrées,Breakfast; Lunch And Dinner,"Thick-sliced Smoked Turkey Breast, Lettuce, and Tomato with Dijonnaise spread served chilled on Multigrain",11.49,hollywood-studios/woodys-lunchbox
2026-09-04,Woody's Lunch Box,Disney's Hollywood Studios,Grilled Three-Cheese Sandwich,Entrées,Breakfast; Lunch And Dinner,"Melted Provolone, Cheddar, and American on Grilled Sourdough Bread",10.99,hollywood-studios/woodys-lunchbox
2026-09-04,Woody's Lunch Box,Disney's Hollywood Studios,Totcho Bowl,Entrées,Breakfast; Lunch And Dinner,"Potato Barrels, Corn Chips, Chili, Cheese, Sour Cream, and Green Onions",10.99,hollywood-studios/woodys-lunchbox
2026-09-04,Woody's Lunch Box,Disney's Hollywood Studios,Plant-based Totchos,Plant-based,Breakfast; Lunch And Dinner,"""Chili"", ""Cheese"", Green Onions, and Corn Chips served over Potato Barrels",10.99,hollywood-studios/woodys-lunchbox
2026-09-04,Woody's Lunch Box,Disney's Hollywood Studios,Plant-based Toasted Cheddar Sandwich,Plant-based,Breakfast; Lunch And Dinner,Melted Plant-based Cheddar on Toasted Sourdough Bread,10.99,hollywood-studios/woodys-lunchbox
2026-09-04,Woody's Lunch Box,Disney's Hollywood Studios,Grilled Cheese,Kid's Meals,Breakfast; Lunch And Dinner,"Half-Sandwich with Melted Provolone, Cheddar, and American on Grilled Sourdough Bread served with a Cuties® Mandarin, Potato Barrels, and your choice of Beverage",7.49,hollywood-studios/woodys-lunchbox
2026-09-04,Woody's Lunch Box,Disney's Hollywood Studios,Turkey Sandwich,Kid's Disney Check Meals,Breakfast; Lunch And Dinner,"Half-Sandwich with Smoked Turkey, Lettuce, and Tomato with Dijonnaise Spread served chilled on Sunflower Multigrain Bread served with a Cuties® Mandarin, Potato Barrels, and your choice of Beverage. Meets Disney Nutrition Guidelines for Complete Meals without substitutions",8.29,hollywood-studios/woodys-lunchbox
2026-09-04,Woody's Lunch Box,Disney's Hollywood Studios,Tomato-basil Soup,Sides,Breakfast; Lunch And Dinner,,4.29,hollywood-studios/woodys-lunchbox
2026-09-04,Woody's Lunch Box,Disney's Hollywood Studios,Potato Barrels,Sides,Breakfast; Lunch And Dinner,,5.49,hollywood-studios/woodys-lunchbox
2026-09-04,Woody's Lunch Box,Disney's Hollywood Studios,Mini Babybel® Snack Cheese,Sides,Breakfast; Lunch And Dinner,Three individually packaged 100% natural semi-soft Original Flavor Cheese,3.79,hollywood-studios/woodys-lunchbox
2026-09-04,Woody's Lunch Box,Disney's Hollywood Studios,A Cuties® Mandarin,Sides,Breakfast; Lunch And Dinner,,1.99,hollywood-studios/woodys-lunchbox
2026-09-04,Woody's Lunch Box,Disney's Hollywood Studios,Cheese Sauce,Sides,Breakfast; Lunch And Dinner,,1.00,hollywood-studios/woodys-lunchbox
2026-09-04,Woody's Lunch Box,Disney's Hollywood Studios,Raspberry Lunch Box Tart,Daily Lunch Box Tarts,Breakfast; Lunch And Dinner,Raspberry Marmalade stuffed Pastry coated in a Strawberry Fondant and Crispy Pearls,5.29,hollywood-studios/woodys-lunchbox
2026-09-04,Woody's Lunch Box,Disney's Hollywood Studios,Assorted Fountain Beverages,Beverages,Breakfast; Lunch And Dinner,Assorted Coca-Cola® Offerings,4.79,hollywood-studios/woodys-lunchbox
2026-09-04,Woody's Lunch Box,Disney's Hollywood Studios,DASANI® Bottled Water,Beverages,Breakfast; Lunch And Dinner,,4.25,hollywood-studios/woodys-lunchbox
2026-09-04,Woody's Lunch Box,Disney's Hollywood Studios,smartwater®,Beverages,Breakfast; Lunch And Dinner,,6.25,hollywood-studios/woodys-lunchbox
2026-09-04,Woody's Lunch Box,Disney's Hollywood Studios,Simply® Orange,Beverages,Breakfast; Lunch And Dinner,,5.59,hollywood-studios/woodys-lunchbox
2026-09-04,Woody's Lunch Box,Disney's Hollywood Studios,Large Freshly Brewed Joffrey's Coffee™ Regular,Beverages,Breakfast; Lunch And Dinner,,5.19,hollywood-studios/woodys-lunchbox
2026-09-04,Woody's Lunch Box,Disney's Hollywood Studios,Large Freshly Brewed Joffrey's Coffee™ Decaf,Beverages,Breakfast; Lunch And Dinner,,5.19,hollywood-studios/woodys-lunchbox
2026-09-04,Woody's Lunch Box,Disney's Hollywood Studios,Large Hot Cocoa,Beverages,Breakfast; Lunch And Dinner,,5.19,hollywood-studios/woodys-lunchbox
2026-09-04,Woody's Lunch Box,Disney's Hollywood Studios,Large Twinings® Hot Tea,Beverages,Breakfast; Lunch And Dinner,,5.19,hollywood-studios/woodys-lunchbox
2026-09-04,Woody's Lunch Box,Disney's Hollywood Studios,Minute Maid® Apple Juice,Beverages,Breakfast; Lunch And Dinner,,2.59,hollywood-studios/woodys-lunchbox
2026-09-04,Woody's Lunch Box,Disney's Hollywood Studios,Freshly Brewed Joffrey's Coffee™ Regular,Beverages,Breakfast; Lunch And Dinner,,4.79,hollywood-studios/woodys-lunchbox
2026-09-04,Woody's Lunch Box,Disney's Hollywood Studios,Freshly Brewed Joffrey's Coffee™ Decaf,Beverages,Breakfast; Lunch And Dinner,,4.79,hollywood-studios/woodys-lunchbox
2026-09-04,Woody's Lunch Box,Disney's Hollywood Studios,Twinings® Hot Tea,Beverages,Breakfast; Lunch And Dinner,,4.79,hollywood-studios/woodys-lunchbox
2026-09-04,Woody's Lunch Box,Disney's Hollywood Studios,Lowfat Milk,Beverages,Breakfast; Lunch And Dinner,,2.59,hollywood-studios/woodys-lunchbox
2026-09-04,Woody's Lunch Box,Disney's Hollywood Studios,Small Chocolate Milk,Beverages,Breakfast; Lunch And Dinner,,2.59,hollywood-studios/woodys-lunchbox
2026-09-04,Woody's Lunch Box,Disney's Hollywood Studios,Frozen Mystic Portal Punch,Specialty Beverages,Breakfast; Lunch And Dinner,POWERADE® Mountain Berry Blast with flavors of Lemon-Lime and Tangerine,6.59,hollywood-studios/woodys-lunchbox
2026-09-04,Woody's Lunch Box,Disney's Hollywood Studios,Ice Cream Float with Barq's® Root Beer,Specialty Beverages,Breakfast; Lunch And Dinner,made with Vanilla Soft Serve Ice Cream,6.79,hollywood-studios/woodys-lunchbox
2026-09-04,Woody's Lunch Box,Disney's Hollywood Studios,Grown-Up's Lemonade,Beverages with Alcohol,Breakfast; Lunch And Dinner,"Cherry Vodka, Minute Maid® Premium Lemonade, and Black Cherry Purée",15.50,hollywood-studios/woodys-lunchbox
2026-09-04,Woody's Lunch Box,Disney's Hollywood Studios,"Blue Moon Belgian White Ale - Golden, CO",Beverages with Alcohol,Breakfast; Lunch And Dinner,Draft Beer 20 oz - easy and refreshing with light notes of Citrus and Spice with low bitterness,10.50,hollywood-studios/woodys-lunchbox
2026-09-04,Woody's Lunch Box,Disney's Hollywood Studios,"Bud Light Lager - St. Louis, MO",Beverages with Alcohol,Breakfast; Lunch And Dinner,"Draft Beer 20 oz - golden colored with flavors that are dry, clean, crisp and refreshing with subtle bitterness",10.00,hollywood-studios/woodys-lunchbox
2026-09-04,Woody's Lunch Box,Disney's Hollywood Studios,"Angry Orchard Crisp Apple Hard Cider - Cincinnati, OH",Beverages with Alcohol,Breakfast; Lunch And Dinner,"Draft 20 oz - sweet and refreshing, a favorite since Colonial times",11.00,hollywood-studios/woodys-lunchbox
