Pulled,Restaurant,Park,Item,Category,MealPeriods,Description,Price,Source
2026-09-05,Aloha Isle,Magic Kingdom,DOLE Whip® Mango and Chamoy Float,Halloween Exclusives,Snack; Special,"DOLE Whip® Mango, DOLE® Pineapple Juice, Chamoy, and Chili-Lime Seasoning",7.49,magic-kingdom/aloha-isle
2026-09-05,Aloha Isle,Magic Kingdom,Tropical Serenade Float,Featured Beverages,Snack; Special,"Passion Fruit, Orange, and Guava Juice with Coconut Soft-serve and a Pineapple Upside-down Cake Garnish",8.29,magic-kingdom/aloha-isle
2026-09-05,Aloha Isle,Magic Kingdom,DOLE Whip® Pineapple Juice Float,Snacks,Snack; Special,"Served with choice of DOLE Whip® Pineapple, Vanilla, or Swirl",7.29,magic-kingdom/aloha-isle
2026-09-05,Aloha Isle,Magic Kingdom,Soft-serve Cup,Snacks,Snack; Special,"Served with choice of DOLE Whip® Pineapple, Vanilla, DOLE Whip® Pineapple and Vanilla Swirl, or Coconut",5.99,magic-kingdom/aloha-isle
2026-09-05,Aloha Isle,Magic Kingdom,Pineapple Upside-Down Cake,Snacks,Snack; Special,"Served with choice of DOLE Whip® Pineapple, Vanilla, or Swirl",7.49,magic-kingdom/aloha-isle
2026-09-05,Aloha Isle,Magic Kingdom,DOLE® Pineapple Juice,Beverages,Snack; Special,,4.59,magic-kingdom/aloha-isle
2026-09-05,Aloha Isle,Magic Kingdom,DASANI® Bottled Water,Beverages,Snack; Special,,4.25,magic-kingdom/aloha-isle
2026-09-05,Auntie Gravity's Galactic Goodies,Magic Kingdom,Cauldron Cold Brew,Halloween Exclusives,Snack; Special Ticketed Event,Joffrey’s™ Cold Brew Coffee with Pumpkin-spiced Foam and Halloween Sprinkles,6.49,magic-kingdom/auntie-gravitys-galactic-goodies
2026-09-05,Auntie Gravity's Galactic Goodies,Magic Kingdom,Soft-serve Cup,Desserts,Snack; Special Ticketed Event,"Vanilla, Chocolate, Salted Caramel, or Swirl. Large Soft-serve Cup 6.99",5.79,magic-kingdom/auntie-gravitys-galactic-goodies
2026-09-05,Auntie Gravity's Galactic Goodies,Magic Kingdom,Churro,Desserts,Snack; Special Ticketed Event,,5.99,magic-kingdom/auntie-gravitys-galactic-goodies
2026-09-05,Auntie Gravity's Galactic Goodies,Magic Kingdom,Churro with Chocolate Dipping Sauce,Desserts,Snack; Special Ticketed Event,,7.49,magic-kingdom/auntie-gravitys-galactic-goodies
2026-09-05,Auntie Gravity's Galactic Goodies,Magic Kingdom,Zurg Overload Shake,Featured Offerings,Snack,"Vanilla Shake with Cherry Coating, Marshmallow Whipped Cream, Sprinkles, and a Chocolate Piece",9.29,magic-kingdom/auntie-gravitys-galactic-goodies
2026-09-05,Auntie Gravity's Galactic Goodies,Magic Kingdom,Hand-dipped Mickey's Premium Ice Cream Bar,Featured Offerings,Snack,with M&M’S® Milk Chocolate Minis,7.99,magic-kingdom/auntie-gravitys-galactic-goodies
2026-09-05,Auntie Gravity's Galactic Goodies,Magic Kingdom,Churro Shake,Floats and Shakes,Snack; Special Ticketed Event,"Vanilla Shake topped with Whipped Cream, Caramel Sauce, and Churro Pieces",9.29,magic-kingdom/auntie-gravitys-galactic-goodies
2026-09-05,Auntie Gravity's Galactic Goodies,Magic Kingdom,Vanilla Shake,Floats and Shakes,Snack; Special Ticketed Event,,8.79,magic-kingdom/auntie-gravitys-galactic-goodies
2026-09-05,Auntie Gravity's Galactic Goodies,Magic Kingdom,Chocolate Shake,Floats and Shakes,Snack; Special Ticketed Event,,8.79,magic-kingdom/auntie-gravitys-galactic-goodies
2026-09-05,Auntie Gravity's Galactic Goodies,Magic Kingdom,Space Ranger Float,Floats and Shakes,Snack; Special Ticketed Event,"DOLE Whip® Lime and Vanilla Soft-serve Swirl, Sprite®, Green Apple Pearls, Sprinkles, and a Chocolate Piece",7.49,magic-kingdom/auntie-gravitys-galactic-goodies
2026-09-05,Auntie Gravity's Galactic Goodies,Magic Kingdom,Chocolate-Salted Caramel Cold Brew Float,Floats and Shakes,Snack; Special Ticketed Event,Joffrey's™ Cold Brew Coffee with Chocolate Soft-serve and Salted Caramel Sauce,7.19,magic-kingdom/auntie-gravitys-galactic-goodies
2026-09-05,Auntie Gravity's Galactic Goodies,Magic Kingdom,Floats,Floats and Shakes,Snack; Special Ticketed Event,Vanilla Soft Serve with your choice of Assorted Coca-Cola® Fountain Beverages,6.99,magic-kingdom/auntie-gravitys-galactic-goodies
2026-09-05,Auntie Gravity's Galactic Goodies,Magic Kingdom,Cherry Limeade Float,Floats and Shakes,Snack; Special Ticketed Event,"DOLE Whip® Lime with Sprite®, Grenadine, and a Cherry",6.79,magic-kingdom/auntie-gravitys-galactic-goodies
2026-09-05,Auntie Gravity's Galactic Goodies,Magic Kingdom,Assorted Fountain Beverages,Beverages,Snack; Special Ticketed Event,,4.79,magic-kingdom/auntie-gravitys-galactic-goodies
2026-09-05,Auntie Gravity's Galactic Goodies,Magic Kingdom,DASANI® Bottled Water,Beverages,Snack; Special Ticketed Event,,4.25,magic-kingdom/auntie-gravitys-galactic-goodies
2026-09-05,Auntie Gravity's Galactic Goodies,Magic Kingdom,Joffrey’s™ Cold Brew Coffee,Beverages,Snack; Special Ticketed Event,with Sweet Cream. Large Joffrey’s™ Cold Brew Coffee 6.49,5.99,magic-kingdom/auntie-gravitys-galactic-goodies
2026-09-05,Auntie Gravity's Galactic Goodies,Magic Kingdom,Candy Bowl Sundae,Mickey's Not-So-Scary Halloween Party Exclusives,Special Ticketed Event,"Vanilla Soft-serve topped with Chocolate Cone Dip, SNICKERS® bar pieces, TWIX® cookie bar pieces, and M&M’S® Milk Chocolate Candies Halloween Blend",7.99,magic-kingdom/auntie-gravitys-galactic-goodies
2026-09-05,Be Our Guest Restaurant,Magic Kingdom,Sautéed Shrimp,Enhancements,Lunch; Dinner; Special,with Citrus Butter,10.00,magic-kingdom/be-our-guest-restaurant
2026-09-05,Be Our Guest Restaurant,Magic Kingdom,Double-smoked Bacon,Enhancements,Lunch; Dinner; Special,with Onion Jam,10.00,magic-kingdom/be-our-guest-restaurant
2026-09-05,Be Our Guest Restaurant,Magic Kingdom,Roquefort Fondue,Enhancements,Lunch; Dinner; Special,,6.00,magic-kingdom/be-our-guest-restaurant
2026-09-05,Be Our Guest Restaurant,Magic Kingdom,Château Shimmer,Signature Non-Alcoholic Drinks,Lunch; Dinner; Special,"Pomegranate Green Tea blended with Hibiscus, Lemon, and a dash of Star Dust",7.75,magic-kingdom/be-our-guest-restaurant
2026-09-05,Be Our Guest Restaurant,Magic Kingdom,Specialty Character Drink,Signature Non-Alcoholic Drinks,Lunch; Dinner; Special,Minute Maid® Zero Sugar Lemonade with flavors of Cotton Candy served in a Souvenir Character Cup,7.00,magic-kingdom/be-our-guest-restaurant
2026-09-05,Be Our Guest Restaurant,Magic Kingdom,Royal Berry Spritzer,Signature Non-Alcoholic Drinks,Lunch; Dinner; Special,"Blackberry, Pomegranate, and Lime blended with Topo Chico® Blueberry Hibiscus Sparkling Water",6.59,magic-kingdom/be-our-guest-restaurant
2026-09-05,Be Our Guest Restaurant,Magic Kingdom,French 75,Specialty Cocktails ,Lunch; Dinner,"Fords Gin, Lemon Juice, and Pure Cane Sugar topped with Charles de Fère Reserve Chardonnay Tradition Brut",17.50,magic-kingdom/be-our-guest-restaurant
2026-09-05,Be Our Guest Restaurant,Magic Kingdom,Roses & Rhubarb,Specialty Cocktails ,Lunch; Dinner,"Four Roses Small Batch Kentucky Straight Bourbon, Tempus Fugit Crème de Noyaux Liqueur, and Fee Brothers Rhubarb and Cardamom Bitters",19.00,magic-kingdom/be-our-guest-restaurant
2026-09-05,Be Our Guest Restaurant,Magic Kingdom,The Handsome Brute,Specialty Cocktails ,Lunch; Dinner; Special,"Tito's Handmade Vodka, Chambord Liqueur, Pomegranate Juice, and Lemon Juice garnished with a Sugared Rim",18.50,magic-kingdom/be-our-guest-restaurant
2026-09-05,Be Our Guest Restaurant,Magic Kingdom,"Enchantée Champagne Brut (Enchanted) Nicolas Feuillatte, Chouilly",Private Label Champagne and Wines,Lunch; Dinner; Special,"This fine French Champagne is a blend of Chardonnay, Pinot Noir, and Pinot Meunier. Lightly floral, with elegant notes of ripe apple and glazed apricot, layered with almond, pie crust, and honey. Delicate on the palate with a lively mousse and a creamy texture. Glass 21 | Bottle 85",89.00,magic-kingdom/be-our-guest-restaurant
2026-09-05,Be Our Guest Restaurant,Magic Kingdom,"L’ombre de la Bête Chardonnay (Shadow of the Beast) Georges Duboeuf, Emile Beranger, Pouilly-Fuissé Burgundy",Private Label Champagne and Wines,Lunch; Dinner; Special,Pouilly-Fuissé is one of the most prestigious wines from the Maconnais region of Burgundy. This wine is 100% Chardonnay and has been partially aged in French Oak which gives the wine a slight hint of almonds and cinnamon on the nose. Delicate lime and green apple flavors linger on the palate. Glass 19 | Bottle 81,85.00,magic-kingdom/be-our-guest-restaurant
2026-09-05,Be Our Guest Restaurant,Magic Kingdom,"Enchantée Syrah/Mourvèdre Rosé (Enchanted) Jean-Luc Colombo, Méditerranée",Private Label Champagne and Wines,Lunch; Dinner; Special,"Succulently fruity on the palate with aromas of fresh peaches, fennel, and a crisp citrus finish.",56.00,magic-kingdom/be-our-guest-restaurant
2026-09-05,Be Our Guest Restaurant,Magic Kingdom,"L’ombre de la Bête Vin Rouge (Shadow of the Beast) Jean-Luc Colombo, Les Bartavelles, Châteauneuf-du-Pape, Rhône Valley",Private Label Champagne and Wines,Lunch; Dinner; Special,"Châteauneuf-du-Pape is one of the most renowned appellations of the southern part of the Rhône Valley. This wine is a blend of Syrah, Grenache, and Mourvedre. A powerful and full-bodied wine with rich notes of blueberry, wild herbs, and lots of spice. The palate is mature and rich with velvety tannins, ending with a long finish. Glass 21 | Bottle 85",89.00,magic-kingdom/be-our-guest-restaurant
2026-09-05,Be Our Guest Restaurant,Magic Kingdom,Be Our Guest Private Label Wine Sampler,Private Label Champagne and Wines,Lunch; Dinner; Special,A smaller sampling of any three glasses of our Private Label Selections,32.00,magic-kingdom/be-our-guest-restaurant
2026-09-05,Be Our Guest Restaurant,Magic Kingdom,"Trimbach Riesling, Alsace",Sparkling and Wines,Lunch; Dinner; Special,,62.00,magic-kingdom/be-our-guest-restaurant
2026-09-05,Be Our Guest Restaurant,Magic Kingdom,"Charles de Fère Cuvée Jean Louis Blanc de Blancs Brut, France",Sparkling and Wines,Lunch; Dinner; Special,,79.00,magic-kingdom/be-our-guest-restaurant
2026-09-05,Be Our Guest Restaurant,Magic Kingdom,"Moet & Chandon Cuvee Dom Perignon Brut, Epernay",Sparkling and Wines,Lunch; Dinner; Special,,590.00,magic-kingdom/be-our-guest-restaurant
2026-09-05,Be Our Guest Restaurant,Magic Kingdom,"Comte de la Chevalière Sancerre, Loire",Sparkling and Wines,Lunch; Dinner; Special,"Comte de la Chevalière Sancerre, Loire",56.00,magic-kingdom/be-our-guest-restaurant
2026-09-05,Be Our Guest Restaurant,Magic Kingdom,"Saracco Moscato d'Asti, Piedmont",Sparkling and Wines,Lunch; Dinner; Special,,74.00,magic-kingdom/be-our-guest-restaurant
2026-09-05,Be Our Guest Restaurant,Magic Kingdom,"Veuve Clicquot Ponsardin Brut Yellow Label, Reims",Sparkling and Wines,Lunch; Dinner; Special,,147.00,magic-kingdom/be-our-guest-restaurant
2026-09-05,Be Our Guest Restaurant,Magic Kingdom,"King Estate Pinot Gris, Willamette Valley",Sparkling and Wines,Lunch; Dinner; Special,,67.00,magic-kingdom/be-our-guest-restaurant
2026-09-05,Be Our Guest Restaurant,Magic Kingdom,"Kurt Russell's GoGi Wines Goldie Chardonnay, Sta. Rita Hills",Sparkling and Wines,Lunch; Dinner; Special,,115.00,magic-kingdom/be-our-guest-restaurant
2026-09-05,Be Our Guest Restaurant,Magic Kingdom,"Belle Glos Las Alturas Pinot Noir, Santa Lucia Highlands",Sparkling and Wines,Lunch; Dinner; Special,,105.00,magic-kingdom/be-our-guest-restaurant
2026-09-05,Be Our Guest Restaurant,Magic Kingdom,"Joseph Drouhin Bourgogne Pinot Noir, Burgundy",Sparkling and Wines,Lunch; Dinner; Special,,62.00,magic-kingdom/be-our-guest-restaurant
2026-09-05,Be Our Guest Restaurant,Magic Kingdom,"The Prisoner Red Blend, Napa Valley",Sparkling and Wines,Lunch; Dinner; Special,,115.00,magic-kingdom/be-our-guest-restaurant
2026-09-05,Be Our Guest Restaurant,Magic Kingdom,"Simi Cabernet Sauvignon, Alexander Valley",Sparkling and Wines,Lunch; Dinner; Special,,79.00,magic-kingdom/be-our-guest-restaurant
2026-09-05,Be Our Guest Restaurant,Magic Kingdom,"Silverado Vineyards Cabernet Sauvignon, Napa Valley",Sparkling and Wines,Lunch; Dinner; Special,,98.00,magic-kingdom/be-our-guest-restaurant
2026-09-05,Be Our Guest Restaurant,Magic Kingdom,"Silver Oak Cabernet Sauvignon, Alexander Valley",Sparkling and Wines,Lunch; Dinner; Special,,198.00,magic-kingdom/be-our-guest-restaurant
2026-09-05,Be Our Guest Restaurant,Magic Kingdom,Angry Orchard Crisp Apple Hard Cider,Beer and Cider,Lunch; Dinner; Special,"This cider has a bright, crisp apple flavor, just like biting into a fresh apple. It is a perfect balance of sweetness and bright acidity from culinary apples and dryness of traditional cider making apples, resulting in a complex, yet refreshing, hard cider",10.50,magic-kingdom/be-our-guest-restaurant
2026-09-05,Be Our Guest Restaurant,Magic Kingdom,"Stella Artois Lager, Belgium",Beer and Cider,Lunch; Dinner; Special,Well-balanced blonde Belgian lager beer with a floral hop aroma and a soft dry finish,11.00,magic-kingdom/be-our-guest-restaurant
2026-09-05,Be Our Guest Restaurant,Magic Kingdom,"Kronenbourg 1664 Pale Lager, France",Beer and Cider,Lunch; Dinner; Special,"A lager with a noble history, characterized by its fine taste, golden hues, and delicate bitterness from Strisselspalt, a French aroma hop from Alsace",11.00,magic-kingdom/be-our-guest-restaurant
2026-09-05,Be Our Guest Restaurant,Magic Kingdom,"Saison Dupont Belgian Farmhouse Ale, Belgium",Beer and Cider,Lunch; Dinner; Special,"Refreshing farmhouse ale with flavors of orange peel, clove, allspice, and citrus with a wonderfully fresh hop bouquet",12.75,magic-kingdom/be-our-guest-restaurant
2026-09-05,Be Our Guest Restaurant,Magic Kingdom,"Cigar City Jai Alai IPA, Tampa, Florida",Beer and Cider,Lunch; Dinner; Special,Bold orange peel and hop flavors with a hint of caramel and a rich malt character on the finish,11.50,magic-kingdom/be-our-guest-restaurant
2026-09-05,Be Our Guest Restaurant,Magic Kingdom,"Chimay Grand Reserve Ale, Belgium",Beer and Cider,Lunch; Dinner; Special,"Dark Belgian Strong Ale brewed by Trappist monks. Aromas of spice and dried fruit with light caramel notes. Body is smooth and luscious with hoppy, sourdough flavors. Fresh yeast provides a rosy, floral touch",15.25,magic-kingdom/be-our-guest-restaurant
2026-09-05,Be Our Guest Restaurant,Magic Kingdom,"Schöfferhofer Grapefruit Hefeweizen, Germany",Beer and Cider,Lunch; Dinner; Special,A crisp and refreshing blend of Schöfferhofer Hefeweizen beer and natural carbonated grapefruit flavor for a zesty and fizzy taste experience,12.00,magic-kingdom/be-our-guest-restaurant
2026-09-05,Be Our Guest Restaurant,Magic Kingdom,Apple Cider Margarita (Party Exclusive),Specialty Cocktails ,Special,"Teremana Blanco Tequila, Grand Marnier Liqueur, and Apple Cider",18.50,magic-kingdom/be-our-guest-restaurant
2026-09-05,Be Our Guest Restaurant,Magic Kingdom,Castle Fog (Party Exclusive),Specialty Cocktails ,Special,"Empress 1908 Gin, Bols Blackberry Liqueur, Lemon Juice, and Cane Syrup",17.50,magic-kingdom/be-our-guest-restaurant
2026-09-05,The Beak and Barrel,Magic Kingdom,Island Provisions,From the Galley,Lunch; Dinner,"Plantain Chips, Blue Corn Tortillas, and Toasted Flatbread served with Mango Chutney, Garlic Chimichurri, Spiced Guava, and Zesty Culantro Cream Dips",16.00,magic-kingdom/beak-barrel
2026-09-05,The Beak and Barrel,Magic Kingdom,Cook’s Corn Griddle Cakes with Chipotle-braised Chicken,From the Galley,Lunch; Dinner,"Warm Corn Cakes stuffed with Melted Cheese, Lime Sour Cream, Chili Peppers, and Cotija",14.00,magic-kingdom/beak-barrel
2026-09-05,The Beak and Barrel,Magic Kingdom,Cook’s Corn Griddle Cakes with Roasted Corn and Poblano Peppers,From the Galley,Lunch; Dinner,"Warm Corn Cakes stuffed with Melted Cheese, Lime Sour Cream, Chili Peppers, and Cotija",12.00,magic-kingdom/beak-barrel
2026-09-05,The Beak and Barrel,Magic Kingdom,Kraken’s Catch,From the Galley,Lunch; Dinner,"Octopus Tentacles marinated in Lemon and Lime Juice with Olives, Bell Peppers, Avocado, and Piquillo Pepper-Almond Foam",18.00,magic-kingdom/beak-barrel
2026-09-05,The Beak and Barrel,Magic Kingdom,Cursed Treasure,Non-Alcoholic Specialty Beverages,Lunch; Dinner,An indulgent blend of Coconut Milk and Cookie Crumbs topped with Vanilla Foam and Pirate’s Gold,7.75,magic-kingdom/beak-barrel
2026-09-05,The Beak and Barrel,Magic Kingdom,Treasure Trove,Non-Alcoholic Specialty Beverages,Lunch; Dinner,"Your choice of a mysterious Ube, Lemon, and Coconut Concoction or a tropical infusion of Sprite®, Pineapple, Mango, and Guava served with a Vanilla Cake Plank, Chocolate Cannonball, and Golden Caramel Popcorn",13.75,magic-kingdom/beak-barrel
2026-09-05,The Beak and Barrel,Magic Kingdom,Siren’s Whisper,Signature Cocktails,Lunch; Dinner,"Pot & Column Still White Rum Blend, Bols Blue Curaçao Liqueur, Combier Crème de Pêche de Vigne Liqueur, Lime, and Cinnamon",20.00,magic-kingdom/beak-barrel
2026-09-05,The Beak and Barrel,Magic Kingdom,Port of Call,Signature Cocktails,Lunch; Dinner,"London Dry Gin, Ruby Port, Lemon Juice, and Spiced Cranberry",19.00,magic-kingdom/beak-barrel
2026-09-05,The Beak and Barrel,Magic Kingdom,Lit Fuse,Signature Cocktails,Lunch; Dinner,"Los Siete Misterios Doba-Yej Mezcal, Tempus Fugit Crème de Banane Liqueur, Coconut Water, Lime Juice, and Hella Cocktail Co. Smoked Chili Bitters",18.50,magic-kingdom/beak-barrel
2026-09-05,The Beak and Barrel,Magic Kingdom,Barrels Ablaze,Signature Cocktails,Lunch; Dinner,"Jack Daniel's Bonded Tennessee Whiskey, Honey, Lemon, and Chile",19.00,magic-kingdom/beak-barrel
2026-09-05,The Beak and Barrel,Magic Kingdom,Hibiscus Rum Punch Royale,Signature Cocktails,Lunch; Dinner,"Don Q Reserva 7 Puerto Rican Rum, Hibiscus, and Lime topped with Prosecco",19.00,magic-kingdom/beak-barrel
2026-09-05,The Beak and Barrel,Magic Kingdom,Salty Seas mARRRgarita,Signature Cocktails,Lunch; Dinner,"Lalo Blanco Tequila, Cointreau Liqueur, Ube, and Lime",20.00,magic-kingdom/beak-barrel
2026-09-05,The Beak and Barrel,Magic Kingdom,Plunderer’s Punch,Signature Cocktails,Lunch; Dinner,"The Kraken Black Spiced Rum, Blackberry, Lime, and Vanilla served in a Souvenir Pirate Skull Mug",46.00,magic-kingdom/beak-barrel
2026-09-05,The Beak and Barrel,Magic Kingdom,"Viarae Prosecco D.O.C., Veneto, Italy",Wine,Lunch; Dinner,,11.00,magic-kingdom/beak-barrel
2026-09-05,The Beak and Barrel,Magic Kingdom,"Quinta de Santiago Vinho Verde, Vinho Verde, Portugal",Wine,Lunch; Dinner,,16.00,magic-kingdom/beak-barrel
2026-09-05,The Beak and Barrel,Magic Kingdom,"Spice Route ‘Chakalaka’ Red Blend, Swartland, South Africa",Wine,Lunch; Dinner,,19.00,magic-kingdom/beak-barrel
2026-09-05,The Beak and Barrel,Magic Kingdom,Pirate’s Paradise Blonde Ale (Victory Brewing Co.),Draft Beer,Lunch; Dinner,,11.75,magic-kingdom/beak-barrel
2026-09-05,The Beak and Barrel,Magic Kingdom,Berried Treasure Session Sour (Wicked Weed Brewing),Draft Beer,Lunch; Dinner,,13.50,magic-kingdom/beak-barrel
2026-09-05,The Beak and Barrel,Magic Kingdom,Modelo Especial Lager,Bottled & Canned,Lunch; Dinner,,10.50,magic-kingdom/beak-barrel
2026-09-05,The Beak and Barrel,Magic Kingdom,Red Stripe Lager,Bottled & Canned,Lunch; Dinner,,10.50,magic-kingdom/beak-barrel
2026-09-05,The Beak and Barrel,Magic Kingdom,Bell’s Two Hearted IPA,Bottled & Canned,Lunch; Dinner,,12.50,magic-kingdom/beak-barrel
2026-09-05,The Beak and Barrel,Magic Kingdom,Athletic Brewing Co Upside Dawn Golden (Non-Alcoholic),Bottled & Canned,Lunch; Dinner,,8.50,magic-kingdom/beak-barrel
2026-09-05,The Beak and Barrel,Magic Kingdom,Foursquare Rum Distillery Exceptional Cask Selection Mark XXVIII,Reserve Rum Selections (2-oz pour),Lunch; Dinner,,45.00,magic-kingdom/beak-barrel
2026-09-05,The Beak and Barrel,Magic Kingdom,Flor de Caña 25 yr Rum,Reserve Rum Selections (2-oz pour),Lunch; Dinner,,45.00,magic-kingdom/beak-barrel
2026-09-05,The Beak and Barrel,Magic Kingdom,Diplomático Ambassador Selection Rum,Reserve Rum Selections (2-oz pour),Lunch; Dinner,,55.00,magic-kingdom/beak-barrel
2026-09-05,Casey's Corner,Magic Kingdom,Chipotle Barbecue All-Beef Foot-long Hot Dog,Featured Offerings,Lunch And Dinner,"Topped with Pulled Pork, Slaw, and Chipotle Barbecue Sauce",16.49,magic-kingdom/caseys-corner
2026-09-05,Casey's Corner,Magic Kingdom,Chipotle Barbecue All-Beef Hot Dog,Featured Offerings,Lunch And Dinner,"Topped with Pulled pork, Slaw, and Chipotle Barbecue Sauce",15.49,magic-kingdom/caseys-corner
2026-09-05,Casey's Corner,Magic Kingdom,Baseball Brownie,Featured Offerings,Lunch And Dinner,"Topped with Caramel Corn Mousse, Dulce de Leche, and coated in White Chocolate",5.99,magic-kingdom/caseys-corner
2026-09-05,Casey's Corner,Magic Kingdom,Frozen Mint Julep Lemonade,Specialty Beverages,Lunch And Dinner; Special Ticketed Event,"classically blended Mint Julep featuring Minute Maid® Premium Lemonade, topped with fresh Mint Leaves, Cherry and Lemon",7.29,magic-kingdom/caseys-corner
2026-09-05,Casey's Corner,Magic Kingdom,Chili-Cheese All-Beef Foot-long Hot Dog,Entrées,Lunch And Dinner; Special Ticketed Event,All-Beef Foot-long Hot Dog topped with Chili and Cheese,15.49,magic-kingdom/caseys-corner
2026-09-05,Casey's Corner,Magic Kingdom,Chili-Cheese All-Beef Hot Dog,Entrées,Lunch And Dinner; Special Ticketed Event,All-Beef Hot Dog topped with Chili and Cheese,13.49,magic-kingdom/caseys-corner
2026-09-05,Casey's Corner,Magic Kingdom,All-Beef Foot-long Hot Dog,Entrées,Lunch And Dinner; Special Ticketed Event,Served with a choice of French Fries or a Cuties® Mandarin,13.49,magic-kingdom/caseys-corner
2026-09-05,Casey's Corner,Magic Kingdom,Mini Corn Dogs,Entrées,Lunch And Dinner; Special Ticketed Event,Served with a choice of French Fries or a Cuties® Mandarin,10.99,magic-kingdom/caseys-corner
2026-09-05,Casey's Corner,Magic Kingdom,All-Beef Hot Dog,Entrées,Lunch And Dinner; Special Ticketed Event,Served with a choice of French Fries or a Cuties® Mandarin,11.79,magic-kingdom/caseys-corner
2026-09-05,Casey's Corner,Magic Kingdom,Plant-based Chicago-style Dog,Plant-Based,Lunch And Dinner; Special Ticketed Event,"Plant-based ""Sausage"" topped with Diced Tomatoes, Onions, Yellow Mustard, and Chicago Green Relish",13.49,magic-kingdom/caseys-corner
2026-09-05,Casey's Corner,Magic Kingdom,Plant-based Dog,Plant-Based,Lunch And Dinner; Special Ticketed Event,"Plant-based ""Sausage"" in a Potato Bun served with French Fries or a Cuties® Mandarin",11.79,magic-kingdom/caseys-corner
2026-09-05,Casey's Corner,Magic Kingdom,Chipotle Barbecue Loaded Fries,Sides,Lunch And Dinner,"Topped with Pulled Pork, Slaw, and Chipotle Barbecue Sauce",8.29,magic-kingdom/caseys-corner
2026-09-05,Casey's Corner,Magic Kingdom,Chili-Cheese French Fries,Snacks,Lunch And Dinner; Special Ticketed Event,,7.49,magic-kingdom/caseys-corner
2026-09-05,Casey's Corner,Magic Kingdom,Chili,Snacks,Lunch And Dinner; Special Ticketed Event,,4.99,magic-kingdom/caseys-corner
2026-09-05,Casey's Corner,Magic Kingdom,French Fries,Snacks,Lunch And Dinner; Special Ticketed Event,,4.49,magic-kingdom/caseys-corner
2026-09-05,Casey's Corner,Magic Kingdom,Cuties® Mandarin,Snacks,Lunch And Dinner; Special Ticketed Event,3-pack,4.19,magic-kingdom/caseys-corner
2026-09-05,Casey's Corner,Magic Kingdom,Cheese Sauce,Snacks,Lunch And Dinner; Special Ticketed Event,,1.00,magic-kingdom/caseys-corner
2026-09-05,Casey's Corner,Magic Kingdom,Assorted Fountain Beverages,Beverages,Lunch And Dinner; Special Ticketed Event,Assorted Coca-Cola® Offerings,5.59,magic-kingdom/caseys-corner
2026-09-05,Casey's Corner,Magic Kingdom,Large Freshly Brewed Joffrey's Coffee™ Regular,Beverages,Lunch And Dinner; Special Ticketed Event,,5.19,magic-kingdom/caseys-corner
2026-09-05,Casey's Corner,Magic Kingdom,Large Freshly Brewed Joffrey's Coffee™ Decaf,Beverages,Lunch And Dinner; Special Ticketed Event,,5.19,magic-kingdom/caseys-corner
2026-09-05,Casey's Corner,Magic Kingdom,Large Hot Cocoa,Beverages,Lunch And Dinner; Special Ticketed Event,,5.19,magic-kingdom/caseys-corner
2026-09-05,Casey's Corner,Magic Kingdom,Minute Maid® Apple Juice,Beverages,Lunch And Dinner; Special Ticketed Event,,4.59,magic-kingdom/caseys-corner
2026-09-05,Casey's Corner,Magic Kingdom,Chocolate Milk,Beverages,Lunch And Dinner; Special Ticketed Event,,4.79,magic-kingdom/caseys-corner
2026-09-05,Casey's Corner,Magic Kingdom,DASANI® Bottled Water,Beverages,Lunch And Dinner; Special Ticketed Event,,4.25,magic-kingdom/caseys-corner
2026-09-05,Casey's Corner,Magic Kingdom,Freshly Brewed Joffrey's Coffee™ Regular,Beverages,Lunch And Dinner; Special Ticketed Event,,4.29,magic-kingdom/caseys-corner
2026-09-05,Casey's Corner,Magic Kingdom,Freshly Brewed Joffrey's Coffee™ Decaf,Beverages,Lunch And Dinner; Special Ticketed Event,,4.29,magic-kingdom/caseys-corner
2026-09-05,Casey's Corner,Magic Kingdom,Chipotle Barbecue Pork and Street Corn Hot Dog,Mickey's Not-So-Scary Halloween Party Exclusives,Special Ticketed Event,"All-Beef Hot Dog topped with Fire-roasted Corn, Queso Fresco, Jalapeño Ranch, and Cilantro",14.99,magic-kingdom/caseys-corner
2026-09-05,Casey's Corner,Magic Kingdom,Chipotle Barbecue Pork and Street Corn Mini Corn Dogs,Mickey's Not-So-Scary Halloween Party Exclusives,Special Ticketed Event,"Mini Corn Dogs topped with Fire-roasted Corn, Queso Fresco, Jalapeño Ranch, and Cilantro",10.99,magic-kingdom/caseys-corner
2026-09-05,Casey's Corner,Magic Kingdom,Chipotle Barbecue Pork and Street Corn French Fries,Mickey's Not-So-Scary Halloween Party Exclusives,Special Ticketed Event,"French Fries topped with Fire-roasted Corn, Queso Fresco, Jalapeño Ranch, and Cilantro",7.99,magic-kingdom/caseys-corner
2026-09-05,Casey's Corner,Magic Kingdom,Headless Horseman Treat,Mickey's Not-So-Scary Halloween Party Exclusives,Special Ticketed Event,"Pumpkin Pie Tart topped with Whipped Cheesecake, Spiced Caramel Panna Cotta, Candied Pecans, and Marshmallow Buttercream ""Flames""",6.99,magic-kingdom/caseys-corner
2026-09-05,Cheshire Café,Magic Kingdom,Queen of Hearts Tart,Halloween Exclusives,Snack,with Sour Cherry Pie Filling,5.79,magic-kingdom/cheshire-cafe
2026-09-05,Cheshire Café,Magic Kingdom,Cheshire Cat Tail,Featured Offerings,Snack,,6.29,magic-kingdom/cheshire-cafe
2026-09-05,Cheshire Café,Magic Kingdom,Pepper Jack Pretzel,Snacks,Snack,,8.49,magic-kingdom/cheshire-cafe
2026-09-05,Cheshire Café,Magic Kingdom,The White Rabbit,Beverages,Snack,"Joffrey's™ Cold Brew Coffee with White Chocolate Sauce, Raspberry Cold Foam, Raspberry Powder, and a Chocolate Piece",6.49,magic-kingdom/cheshire-cafe
2026-09-05,Cheshire Café,Magic Kingdom,Blackberry Tea Slushy with Whipped Cream and Sprinkles,Beverages,Snack,,6.79,magic-kingdom/cheshire-cafe
2026-09-05,Cheshire Café,Magic Kingdom,Mixed Berry Tea Slushy with Whipped Cream and Sprinkles,Beverages,Snack,,6.79,magic-kingdom/cheshire-cafe
2026-09-05,Cheshire Café,Magic Kingdom,Joffrey's™ Cold Brew Coffee,Beverages,Snack,with Sweet Cream. Large Joffrey's™ Cold Brew Coffee 6.49,5.99,magic-kingdom/cheshire-cafe
2026-09-05,Cheshire Café,Magic Kingdom,Freshly Brewed Joffrey's Coffee™,Beverages,Snack,Add a flavored Syrup - Caramel or Vanilla .50 each. Large Freshly Brewed Joffrey's Coffee™ 5.19,4.79,magic-kingdom/cheshire-cafe
2026-09-05,Cheshire Café,Magic Kingdom,Twinings® Hot Tea,Beverages,Snack,Large Twinings® Hot Tea 5.19,4.79,magic-kingdom/cheshire-cafe
2026-09-05,Cheshire Café,Magic Kingdom,Monster™ Energy,Beverages,Snack,,5.79,magic-kingdom/cheshire-cafe
2026-09-05,Cheshire Café,Magic Kingdom,Simply® Orange,Beverages,Snack,,5.59,magic-kingdom/cheshire-cafe
2026-09-05,Cheshire Café,Magic Kingdom,DASANI® Bottled Water,Beverages,Snack,,4.25,magic-kingdom/cheshire-cafe
2026-09-05,Cinderella's Royal Table,Magic Kingdom,So Many Wishes,Beverages of the Court,Breakfast; Lunch; Special,"Pomegranate Green Tea, Hibiscus, Lemon, and a dash of Star Dust",6.79,magic-kingdom/cinderella-royal-table
2026-09-05,Cinderella's Royal Table,Magic Kingdom,Enchanted Grove Lime Splash,Beverages of the Court,Breakfast; Lunch; Special,Minute Maid® Limeade paired with the revitalizing flavors of Cucumber and Mint,6.29,magic-kingdom/cinderella-royal-table
2026-09-05,Cinderella's Royal Table,Magic Kingdom,Cappuccino,Beverages of the Court,Breakfast; Lunch; Special,,5.79,magic-kingdom/cinderella-royal-table
2026-09-05,Cinderella's Royal Table,Magic Kingdom,Double Cappuccino,Beverages of the Court,Breakfast; Lunch; Special,,6.49,magic-kingdom/cinderella-royal-table
2026-09-05,Cinderella's Royal Table,Magic Kingdom,Caffè Latte,Beverages of the Court,Breakfast; Lunch; Special,,5.79,magic-kingdom/cinderella-royal-table
2026-09-05,Cinderella's Royal Table,Magic Kingdom,Double Caffè Latte,Beverages of the Court,Breakfast; Lunch; Special,,6.49,magic-kingdom/cinderella-royal-table
2026-09-05,Cinderella's Royal Table,Magic Kingdom,Espresso,Beverages of the Court,Breakfast; Lunch; Special,,4.99,magic-kingdom/cinderella-royal-table
2026-09-05,Cinderella's Royal Table,Magic Kingdom,Double Espresso,Beverages of the Court,Breakfast; Lunch; Special,,5.99,magic-kingdom/cinderella-royal-table
2026-09-05,Cinderella's Royal Table,Magic Kingdom,Additional Flavors Available,Beverages of the Court,Breakfast; Lunch; Special,,0.50,magic-kingdom/cinderella-royal-table
2026-09-05,Cinderella's Royal Table,Magic Kingdom,Blackberry-Orange Spritz,Specialty Cocktails,Breakfast; Lunch; Dinner; Special,"Ketel One Botanical Peach & Orange Blossom Vodka, Rockey’s Botanical Liqueur, Kim Crawford Sauvignon Blanc, and Blackberry Purée",17.50,magic-kingdom/cinderella-royal-table
2026-09-05,Cinderella's Royal Table,Magic Kingdom,Bloody Mary,Specialty Cocktails,Breakfast,"Tito’s Handmade Vodka, House-made Bloody Mary Mix",17.50,magic-kingdom/cinderella-royal-table
2026-09-05,Cinderella's Royal Table,Magic Kingdom,Legacy Mimosa,Specialty Cocktails,Breakfast,"Uncle Nearest 1884 Small Batch Tennessee Whiskey, Grand Marnier Liqueur, Chateau Ste. Michelle Sparkling Wine, and Minute Maid® Orange Juice",20.50,magic-kingdom/cinderella-royal-table
2026-09-05,Cinderella's Royal Table,Magic Kingdom,Sunset Margarita,Specialty Cocktails,Lunch; Dinner,"Teremana Blanco Tequila, Grand Marnier Liqueur, Smoked Chili Bitters, Lime, and Agave",18.50,magic-kingdom/cinderella-royal-table
2026-09-05,Cinderella's Royal Table,Magic Kingdom,Roses & Rhubarb,Specialty Cocktails,Lunch; Dinner,"Four Roses Small Batch Bourbon, Tempus Fugit Crème de Noyaux, Demerara Syrup, and Rhubarb & Cardamom Bitters",19.00,magic-kingdom/cinderella-royal-table
2026-09-05,Cinderella's Royal Table,Magic Kingdom,"McBride Sisters Sparkling Brut Rosé, Hawke's Bay",Champagne & Sparkling Wine,Lunch; Dinner; Special,,62.00,magic-kingdom/cinderella-royal-table
2026-09-05,Cinderella's Royal Table,Magic Kingdom,"Enchantée Champagne Brut, Champagne",Champagne & Sparkling Wine,Lunch; Dinner; Special,,89.00,magic-kingdom/cinderella-royal-table
2026-09-05,Cinderella's Royal Table,Magic Kingdom,"Banfi Rosa Regale Sparkling Red, Piedmont",Champagne & Sparkling Wine,Lunch; Dinner; Special,,67.00,magic-kingdom/cinderella-royal-table
2026-09-05,Cinderella's Royal Table,Magic Kingdom,Celebration Champagne Flight,Flights,Lunch; Dinner; Special,"Flight using the Enchantée Champagne. This champagne is a blend of Chardonnay, Pinot Noir, and Pinot Meunière and is exclusively sold at the Walt Disney Resort. Cinderella’s will be presenting this three ways to our Guests.",26.00,magic-kingdom/cinderella-royal-table
2026-09-05,Cinderella's Royal Table,Magic Kingdom,"Kim Crawford Sauvignon Blanc, Marlborough",White & Rosé Wine,Lunch; Dinner; Special,,67.00,magic-kingdom/cinderella-royal-table
2026-09-05,Cinderella's Royal Table,Magic Kingdom,"Trimbach Riesling, Alsace, France",White & Rosé Wine,Lunch; Dinner; Special,,62.00,magic-kingdom/cinderella-royal-table
2026-09-05,Cinderella's Royal Table,Magic Kingdom,"Georges Meurgey Vouvray, France",White & Rosé Wine,Lunch; Dinner; Special,,44.00,magic-kingdom/cinderella-royal-table
2026-09-05,Cinderella's Royal Table,Magic Kingdom,"Saracco Moscato d'Asti, Piedmont",White & Rosé Wine,Lunch; Dinner; Special,,74.00,magic-kingdom/cinderella-royal-table
2026-09-05,Cinderella's Royal Table,Magic Kingdom,"Sun Goddess Pinot Grigio, Italy",White & Rosé Wine,Lunch; Dinner; Special,,52.00,magic-kingdom/cinderella-royal-table
2026-09-05,Cinderella's Royal Table,Magic Kingdom,"Silverado Vineyards Chardonnay, Carneros",White & Rosé Wine,Lunch; Dinner; Special,,79.00,magic-kingdom/cinderella-royal-table
2026-09-05,Cinderella's Royal Table,Magic Kingdom,"Kurt Russell’s Gogi Wines Goldie Chardonnay, Sta. Rita Hills",White & Rosé Wine,Lunch; Dinner; Special,,115.00,magic-kingdom/cinderella-royal-table
2026-09-05,Cinderella's Royal Table,Magic Kingdom,"Château d’Esclans ‘Whispering Angel’ Rosé, Provence",White & Rosé Wine,Lunch; Dinner; Special,,67.00,magic-kingdom/cinderella-royal-table
2026-09-05,Cinderella's Royal Table,Magic Kingdom,"MacMurray Estate Vineyards Pinot Noir, Central Coast",Red Wine,Lunch; Dinner; Special,,74.00,magic-kingdom/cinderella-royal-table
2026-09-05,Cinderella's Royal Table,Magic Kingdom,"Belle Glos Las Alturas Vineyard Pinot Noir, Santa Lucia Highlands",Red Wine,Lunch; Dinner; Special,,105.00,magic-kingdom/cinderella-royal-table
2026-09-05,Cinderella's Royal Table,Magic Kingdom,"Belle Glos Clark & Telephone Vineyard Pinot Noir, Santa Maria Valley",Red Wine,Lunch; Dinner; Special,,136.00,magic-kingdom/cinderella-royal-table
2026-09-05,Cinderella's Royal Table,Magic Kingdom,"Markham Merlot, Napa Valley",Red Wine,Lunch; Dinner; Special,,67.00,magic-kingdom/cinderella-royal-table
2026-09-05,Cinderella's Royal Table,Magic Kingdom,"Simi Cabernet Sauvignon, Alexander Valley",Red Wine,Lunch; Dinner; Special,,79.00,magic-kingdom/cinderella-royal-table
2026-09-05,Cinderella's Royal Table,Magic Kingdom,"Sequoia Grove Cabernet Sauvignon, Napa Valley",Red Wine,Lunch; Dinner; Special,,115.00,magic-kingdom/cinderella-royal-table
2026-09-05,Cinderella's Royal Table,Magic Kingdom,"Stag's Leap Wine Cellars 'Artemis' Cabernet Sauvignon, Napa Valley",Red Wine,Lunch; Dinner; Special,,147.00,magic-kingdom/cinderella-royal-table
2026-09-05,Cinderella's Royal Table,Magic Kingdom,"Emotions de la Tour Blanche, Sauternes, France",Dessert Wine (2-oz Pour),Lunch; Dinner; Special,,67.00,magic-kingdom/cinderella-royal-table
2026-09-05,Cinderella's Royal Table,Magic Kingdom,"Croft Reserve Tawny Porto, Portugal",Dessert Wine (2-oz Pour),Lunch; Dinner; Special,,25.00,magic-kingdom/cinderella-royal-table
2026-09-05,Cinderella's Royal Table,Magic Kingdom,"Kronenbourg 1664 Blanc, France",Beer,Lunch; Dinner; Special,,11.00,magic-kingdom/cinderella-royal-table
2026-09-05,Cinderella's Royal Table,Magic Kingdom,"Kronenbourg 1664 Pale Lager, France",Beer,Lunch; Dinner; Special,,9.75,magic-kingdom/cinderella-royal-table
2026-09-05,Cinderella's Royal Table,Magic Kingdom,"Stella Artois Lager, Belgium",Beer,Lunch; Dinner; Special,,11.00,magic-kingdom/cinderella-royal-table
2026-09-05,Cinderella's Royal Table,Magic Kingdom,"Unibroue La Fin du Monde Belgian-style Strong Ale, Canada",Beer,Lunch; Dinner; Special,,12.25,magic-kingdom/cinderella-royal-table
2026-09-05,Cinderella's Royal Table,Magic Kingdom,"Saison Dupont Belgian Farmhouse Ale, Belgium",Beer,Lunch; Dinner; Special,"Refreshing farmhouse ale with flavors of orange peel, clove, allspice, and citrus with a wonderfully fresh hop bouquet",12.75,magic-kingdom/cinderella-royal-table
2026-09-05,Cinderella's Royal Table,Magic Kingdom,"Heineken 0.0 (Non-Alcoholic) Zoeterwoude, Netherlands",Beer,Lunch; Dinner; Special,,10.00,magic-kingdom/cinderella-royal-table
2026-09-05,Cinderella's Royal Table,Magic Kingdom,Pumpkin Spice Margarita (Party Exclusive),Specialty Cocktails,Special,"Lalo Blanco Tequila, RumChata Cream Liqueur, Pumpkin Spice Syrup and Oat Milk with a sprinkle of crushed Cinnamon Sugar Graham Crackers",18.50,magic-kingdom/cinderella-royal-table
2026-09-05,Cinderella's Royal Table,Magic Kingdom,Violet Specter (Party Exclusive),Specialty Cocktails,Special,"Tito’s Handmade Vodka, Chambord Liqueur, Lemon Juice, and Sprite® garnished with Mint and a Luxardo Cherry",18.50,magic-kingdom/cinderella-royal-table
2026-09-05,Columbia Harbour House,Magic Kingdom,S'mores Cup,Halloween Exclusive,Lunch And Dinner,"Layers of Graham Cracker Pieces, Chocolate Ganache, Chocolate Popping Candies, Milk Chocolate Panna Cotta, and Marshmallow Cream",5.99,magic-kingdom/columbia-harbour-house
2026-09-05,Columbia Harbour House,Magic Kingdom,Lobster Roll,Entrées,Lunch And Dinner,"Chilled Lobster, Mayonnaise, New England-style Bun, French Fries",18.99,magic-kingdom/columbia-harbour-house
2026-09-05,Columbia Harbour House,Magic Kingdom,Maple-Mustard Glazed Salmon,Entrées,Lunch And Dinner,Served with Rice and Green Beans,15.79,magic-kingdom/columbia-harbour-house
2026-09-05,Columbia Harbour House,Magic Kingdom,Shrimp Skewer Platter,Entrées,Lunch And Dinner,Served with Green Beans and Rice,14.49,magic-kingdom/columbia-harbour-house
2026-09-05,Columbia Harbour House,Magic Kingdom,Trio Platter,Entrées,Lunch And Dinner,"Beer-battered Shrimp, Chicken, Beer-battered Fish, French Fries, Hushpuppies",14.29,magic-kingdom/columbia-harbour-house
2026-09-05,Columbia Harbour House,Magic Kingdom,Beer-battered Shrimp Platter,Entrées,Lunch And Dinner,Served with French Fries,13.99,magic-kingdom/columbia-harbour-house
2026-09-05,Columbia Harbour House,Magic Kingdom,Shrimp Salad,Entrées,Lunch And Dinner,"Grilled Shrimp, Mixed Greens, Cherry Tomatoes, Mild Pepperoncini, Manzanilla Olives, Capers",13.99,magic-kingdom/columbia-harbour-house
2026-09-05,Columbia Harbour House,Magic Kingdom,Beer-battered Fish Platter,Entrées,Lunch And Dinner,,13.99,magic-kingdom/columbia-harbour-house
2026-09-05,Columbia Harbour House,Magic Kingdom,Maple-Mustard Chicken Strips,Entrées,Lunch And Dinner,with Crispy Garlic and Green Onions,12.99,magic-kingdom/columbia-harbour-house
2026-09-05,Columbia Harbour House,Magic Kingdom,Chicken Platter,Entrées,Lunch And Dinner,Chicken Strips served with French Fries,10.99,magic-kingdom/columbia-harbour-house
2026-09-05,Columbia Harbour House,Magic Kingdom,Hearts of Palm and Artichoke Roll,Plant-Based,Lunch And Dinner,Chilled with Lettuce and Tomato,12.99,magic-kingdom/columbia-harbour-house
2026-09-05,Columbia Harbour House,Magic Kingdom,New England Clam Chowder,Sides,Lunch And Dinner,,6.79,magic-kingdom/columbia-harbour-house
2026-09-05,Columbia Harbour House,Magic Kingdom,"Black Garlic, Truffle, and Parmesan Fries",Sides,Lunch And Dinner,,6.99,magic-kingdom/columbia-harbour-house
2026-09-05,Columbia Harbour House,Magic Kingdom,Hushpuppies,Sides,Lunch And Dinner,,5.49,magic-kingdom/columbia-harbour-house
2026-09-05,Columbia Harbour House,Magic Kingdom,French Fries,Sides,Lunch And Dinner,,5.49,magic-kingdom/columbia-harbour-house
2026-09-05,Columbia Harbour House,Magic Kingdom,Green Beans,Sides,Lunch And Dinner,,5.49,magic-kingdom/columbia-harbour-house
2026-09-05,Columbia Harbour House,Magic Kingdom,Rice,Sides,Lunch And Dinner,,5.49,magic-kingdom/columbia-harbour-house
2026-09-05,Columbia Harbour House,Magic Kingdom,A Cuties® Mandarin,Sides,Lunch And Dinner,,1.99,magic-kingdom/columbia-harbour-house
2026-09-05,Columbia Harbour House,Magic Kingdom,Grilled Salmon,Kid's Disney Check Meals,Lunch And Dinner,Served with choice of Sides and choice of Small Lowfat Milk or Small DASANI® Bottled Water. Meets Disney Nutrition Guidelines for Complete Meals without substitutions,8.99,magic-kingdom/columbia-harbour-house
2026-09-05,Columbia Harbour House,Magic Kingdom,Grilled Shrimp Skewer,Kid's Disney Check Meals,Lunch And Dinner,Served with choice of Sides and choice of Small Lowfat Milk or Small DASANI® Bottled Water. Meets Disney Nutrition Guidelines for Complete Meals without substitutions,8.99,magic-kingdom/columbia-harbour-house
2026-09-05,Columbia Harbour House,Magic Kingdom,Turkey Sandwich Kid's Pack,Kid's Disney Check Meals,Lunch And Dinner,Sliced Roasted Turkey Breast and Cheddar on Honey-Wheat Bread with Apple Chips and Grape Tomatoes served with choice of Small Lowfat Milk or Small DASANI® Bottled Water,8.29,magic-kingdom/columbia-harbour-house
2026-09-05,Columbia Harbour House,Magic Kingdom,Chicken Strips (2 Strips),Kids' Menu,Lunch And Dinner,Served with choice of Sides and choice of Small Lowfat Milk or Small DASANI® Bottled Water,8.99,magic-kingdom/columbia-harbour-house
2026-09-05,Columbia Harbour House,Magic Kingdom,PB&J Uncrustable,Kids' Menu,Lunch And Dinner,Served with choice of two (2) Sides and choice of Small Lowfat Milk or Small DASANI® Bottled Water,7.29,magic-kingdom/columbia-harbour-house
2026-09-05,Columbia Harbour House,Magic Kingdom,Boston Cream Pie,Dessert,Lunch And Dinner,"Vanilla Cake layered with Vanilla Cream, Chocolate Popping Candies, and Crisp Pearls topped with Fudge Icing and a Cherry",5.99,magic-kingdom/columbia-harbour-house
2026-09-05,Columbia Harbour House,Magic Kingdom,Nonfat Strawberry Greek Yogurt,Dessert,Lunch And Dinner,,3.19,magic-kingdom/columbia-harbour-house
2026-09-05,Columbia Harbour House,Magic Kingdom,Minute Maid® Lemonade Slushy,Beverage,Lunch And Dinner,,6.29,magic-kingdom/columbia-harbour-house
2026-09-05,Columbia Harbour House,Magic Kingdom,Large Freshly Brewed Joffrey's Coffee™ Regular,Beverage,Lunch And Dinner,,5.19,magic-kingdom/columbia-harbour-house
2026-09-05,Columbia Harbour House,Magic Kingdom,Large Freshly Brewed Joffrey's Coffee™ Decaf,Beverage,Lunch And Dinner,,5.19,magic-kingdom/columbia-harbour-house
2026-09-05,Columbia Harbour House,Magic Kingdom,Large Twinings® Hot Tea,Beverage,Lunch And Dinner,,5.19,magic-kingdom/columbia-harbour-house
2026-09-05,Columbia Harbour House,Magic Kingdom,Large Hot Cocoa,Beverage,Lunch And Dinner,,5.19,magic-kingdom/columbia-harbour-house
2026-09-05,Columbia Harbour House,Magic Kingdom,Assorted Fountain Beverages - Regular,Beverage,Lunch And Dinner,Assorted Coca-Cola® Offerings,4.79,magic-kingdom/columbia-harbour-house
2026-09-05,Columbia Harbour House,Magic Kingdom,DASANI® Bottled Water,Beverage,Lunch And Dinner,,4.25,magic-kingdom/columbia-harbour-house
2026-09-05,Columbia Harbour House,Magic Kingdom,Simply® Orange,Beverage,Lunch And Dinner,,5.59,magic-kingdom/columbia-harbour-house
2026-09-05,Columbia Harbour House,Magic Kingdom,Lowfat Milk,Beverage,Lunch And Dinner,,2.59,magic-kingdom/columbia-harbour-house
2026-09-05,Columbia Harbour House,Magic Kingdom,Chocolate Milk,Beverage,Lunch And Dinner,,4.79,magic-kingdom/columbia-harbour-house
2026-09-05,Columbia Harbour House,Magic Kingdom,Freshly Brewed Joffrey's Coffee™ Regular,Beverage,Lunch And Dinner,,4.79,magic-kingdom/columbia-harbour-house
2026-09-05,Columbia Harbour House,Magic Kingdom,Freshly Brewed Joffrey's Coffee™ Decaf,Beverage,Lunch And Dinner,,4.79,magic-kingdom/columbia-harbour-house
2026-09-05,Columbia Harbour House,Magic Kingdom,Twinings® Hot Tea,Beverage,Lunch And Dinner,,4.79,magic-kingdom/columbia-harbour-house
2026-09-05,Columbia Harbour House,Magic Kingdom,Hot Cocoa,Beverage,Lunch And Dinner,,4.79,magic-kingdom/columbia-harbour-house
2026-09-05,Cosmic Ray's Starlight Café,Magic Kingdom,Truffle-French Onion Burger,Featured Entrées,Lunch And Dinner,"Angus Beef, Braised Beef, Caramelized Onions, Swiss Cheese, Parmesan, Crispy Onions, and Black Garlic-Truffle Aїoli served with French Fries",14.99,magic-kingdom/cosmic-ray-starlight-cafe
2026-09-05,Cosmic Ray's Starlight Café,Magic Kingdom,Grilled Chicken Sandwich,Featured Entrées,Lunch And Dinner,"Chicken Breast, Bacon, Swiss Cheese, and Garlic Aїoli served with French Fries",13.19,magic-kingdom/cosmic-ray-starlight-cafe
2026-09-05,Cosmic Ray's Starlight Café,Magic Kingdom,Buffalo-Ranch Chicken Strips,Featured Entrées,Lunch And Dinner,Served with French Fries,12.99,magic-kingdom/cosmic-ray-starlight-cafe
2026-09-05,Cosmic Ray's Starlight Café,Magic Kingdom,Kids' Grilled Chicken Sandwich,Featured Entrées,Lunch And Dinner,Grilled Chicken served with choice of two (2) Sides and choice of Small Lowfat Milk or Small DASANI® Bottled Water. Meets Disney Nutrition Guidelines for Complete Meals without substitutions,8.29,magic-kingdom/cosmic-ray-starlight-cafe
2026-09-05,Cosmic Ray's Starlight Café,Magic Kingdom,1/3 lb Bacon Cheeseburger,Entrées,Lunch And Dinner; Special Ticketed Event,"Angus Beef, Bacon, American Cheese, and Sonny Eclipse Signature Sauce served with French Fries",13.99,magic-kingdom/cosmic-ray-starlight-cafe
2026-09-05,Cosmic Ray's Starlight Café,Magic Kingdom,1/3 lb Angus Cheeseburger,Entrées,Lunch And Dinner; Special Ticketed Event,Flame-broiled 1/3 lb Angus Burger topped with American Cheese and Sonny Eclipse Signature Sauce on a Brioche Bun served with French Fries,13.29,magic-kingdom/cosmic-ray-starlight-cafe
2026-09-05,Cosmic Ray's Starlight Café,Magic Kingdom,Hand-dipped Fried Chicken Sandwich,Entrées,Lunch And Dinner; Special Ticketed Event,"Chicken Breast, Honey Mustard Sauce, and Pickles served with French Fries",13.19,magic-kingdom/cosmic-ray-starlight-cafe
2026-09-05,Cosmic Ray's Starlight Café,Magic Kingdom,Classic Ranch Salad,Entrées,Lunch And Dinner; Special Ticketed Event,"Mixed Greens, Tomato, Cucumber, Croutons, Shredded Monterey Jack, and House-made Ranch Dressing",9.99,magic-kingdom/cosmic-ray-starlight-cafe
2026-09-05,Cosmic Ray's Starlight Café,Magic Kingdom,Classic Ranch Salad with Chicken Strips,Entrées,Lunch And Dinner; Special Ticketed Event,"Chicken Strips, Mixed Greens, Tomato, Cucumber, Croutons, Shredded Monterey Jack, and House-made Ranch Dressing",11.99,magic-kingdom/cosmic-ray-starlight-cafe
2026-09-05,Cosmic Ray's Starlight Café,Magic Kingdom,Classic Ranch Salad with Grilled Chicken,Entrées,Lunch And Dinner; Special Ticketed Event,"Grilled Chicken, Mixed Greens, Tomato, Cucumber, Croutons, Shredded Monterey Jack, and House-made Ranch Dressing",11.99,magic-kingdom/cosmic-ray-starlight-cafe
2026-09-05,Cosmic Ray's Starlight Café,Magic Kingdom,Chicken Strips (4 Strips),Entrées,Lunch And Dinner; Special Ticketed Event,Served with French Fries,10.99,magic-kingdom/cosmic-ray-starlight-cafe
2026-09-05,Cosmic Ray's Starlight Café,Magic Kingdom,Patty Melt,Plant-Based,Lunch And Dinner; Special Ticketed Event,"Impossible® Burger, ""Cheddar,"" Grilled Onions, Asteroid Sauce, Thick-cut Toast, French Fries",13.49,magic-kingdom/cosmic-ray-starlight-cafe
2026-09-05,Cosmic Ray's Starlight Café,Magic Kingdom,"Black Garlic, Truffle, and Parmesan Fries",Sides,Lunch And Dinner; Special Ticketed Event,,6.99,magic-kingdom/cosmic-ray-starlight-cafe
2026-09-05,Cosmic Ray's Starlight Café,Magic Kingdom,French Fries,Sides,Lunch And Dinner; Special Ticketed Event,,5.49,magic-kingdom/cosmic-ray-starlight-cafe
2026-09-05,Cosmic Ray's Starlight Café,Magic Kingdom,A Cuties® Mandarin,Sides,Lunch And Dinner; Special Ticketed Event,,1.99,magic-kingdom/cosmic-ray-starlight-cafe
2026-09-05,Cosmic Ray's Starlight Café,Magic Kingdom,Lunar Lemonade,Beverages,Lunch And Dinner; Special Ticketed Event,Minute Maid® Lemonade with Desert Pear Syrup served over ice,6.79,magic-kingdom/cosmic-ray-starlight-cafe
2026-09-05,Cosmic Ray's Starlight Café,Magic Kingdom,Assorted Fountain Beverages,Beverages,Lunch And Dinner; Special Ticketed Event,Assorted Coca-Cola® Offerings,4.79,magic-kingdom/cosmic-ray-starlight-cafe
2026-09-05,Cosmic Ray's Starlight Café,Magic Kingdom,DASANI® Bottled Water,Beverages,Lunch And Dinner; Special Ticketed Event,,4.25,magic-kingdom/cosmic-ray-starlight-cafe
2026-09-05,Cosmic Ray's Starlight Café,Magic Kingdom,Simply® Orange,Beverages,Lunch And Dinner; Special Ticketed Event,,5.59,magic-kingdom/cosmic-ray-starlight-cafe
2026-09-05,Cosmic Ray's Starlight Café,Magic Kingdom,Large Freshly Brewed Joffrey's Coffee™ Regular,Beverages,Lunch And Dinner; Special Ticketed Event,,5.19,magic-kingdom/cosmic-ray-starlight-cafe
2026-09-05,Cosmic Ray's Starlight Café,Magic Kingdom,Large Freshly Brewed Joffrey's Coffee™ Decaf,Beverages,Lunch And Dinner; Special Ticketed Event,,5.19,magic-kingdom/cosmic-ray-starlight-cafe
2026-09-05,Cosmic Ray's Starlight Café,Magic Kingdom,Large Hot Cocoa,Beverages,Lunch And Dinner; Special Ticketed Event,,5.19,magic-kingdom/cosmic-ray-starlight-cafe
2026-09-05,Cosmic Ray's Starlight Café,Magic Kingdom,Large Twinings® Hot Tea,Beverages,Lunch And Dinner; Special Ticketed Event,,5.19,magic-kingdom/cosmic-ray-starlight-cafe
2026-09-05,Cosmic Ray's Starlight Café,Magic Kingdom,Freshly Brewed Joffrey's Coffee™ Regular,Beverages,Lunch And Dinner; Special Ticketed Event,,4.79,magic-kingdom/cosmic-ray-starlight-cafe
2026-09-05,Cosmic Ray's Starlight Café,Magic Kingdom,Freshly Brewed Joffrey's Coffee™ Decaf,Beverages,Lunch And Dinner; Special Ticketed Event,,4.79,magic-kingdom/cosmic-ray-starlight-cafe
2026-09-05,Cosmic Ray's Starlight Café,Magic Kingdom,Twinings® Hot Tea,Beverages,Lunch And Dinner; Special Ticketed Event,,4.79,magic-kingdom/cosmic-ray-starlight-cafe
2026-09-05,Cosmic Ray's Starlight Café,Magic Kingdom,Hot Cocoa,Beverages,Lunch And Dinner; Special Ticketed Event,,4.79,magic-kingdom/cosmic-ray-starlight-cafe
2026-09-05,Cosmic Ray's Starlight Café,Magic Kingdom,Chocolate Milk,Beverages,Lunch And Dinner; Special Ticketed Event,,4.79,magic-kingdom/cosmic-ray-starlight-cafe
2026-09-05,Cosmic Ray's Starlight Café,Magic Kingdom,Small Chocolate Milk,Beverages,Lunch And Dinner; Special Ticketed Event,,2.29,magic-kingdom/cosmic-ray-starlight-cafe
2026-09-05,Cosmic Ray's Starlight Café,Magic Kingdom,Lowfat Milk,Beverages,Lunch And Dinner; Special Ticketed Event,,2.59,magic-kingdom/cosmic-ray-starlight-cafe
2026-09-05,Cosmic Ray's Starlight Café,Magic Kingdom,Green Apple-Lemonade Slush,Specialty Beverages,Lunch And Dinner,"Frozen Minute Maid® Premium Lemonade with flavors of Sour Apple, Tangerine Whipped Cream, Star Sprinkles, and a Chocolate Curl",6.99,magic-kingdom/cosmic-ray-starlight-cafe
2026-09-05,Cosmic Ray's Starlight Café,Magic Kingdom,Peanut Butter and Jelly Brownie,Desserts,Lunch And Dinner,"with a White Chocolate ""Rocket Ship""",5.99,magic-kingdom/cosmic-ray-starlight-cafe
2026-09-05,Cosmic Ray's Starlight Café,Magic Kingdom,Cheeseburger,Kid's Disney Check Meals,Lunch And Dinner; Special Ticketed Event,Served with choice of two Sides and choice of Small Lowfat Milk or Small DASANI® Bottled Water. Meets Disney Nutrition Guidelines for Complete Meals without substitutions,8.99,magic-kingdom/cosmic-ray-starlight-cafe
2026-09-05,Cosmic Ray's Starlight Café,Magic Kingdom,Turkey Sandwich Kid's Pack,Kid's Disney Check Meals,Lunch And Dinner; Special Ticketed Event,Sliced Roasted Turkey Breast and Cheddar on Honey-Wheat Bread with Apple Chips and Grape Tomatoes served with choice of Small Lowfat Milk or Small DASANI® Bottled Water,8.29,magic-kingdom/cosmic-ray-starlight-cafe
2026-09-05,Cosmic Ray's Starlight Café,Magic Kingdom,Kids' Chicken Strips (2 Strips),Kid's Meals,Lunch And Dinner; Special Ticketed Event,Served with choice of two Sides and choice of Small Lowfat Milk or Small DASANI® Bottled Water,8.99,magic-kingdom/cosmic-ray-starlight-cafe
2026-09-05,Cosmic Ray's Starlight Café,Magic Kingdom,Kids' Macaroni & Cheese,Kid's Meals,Lunch And Dinner; Special Ticketed Event,Served with choice of two Sides and choice of Small Lowfat Milk or Small DASANI® Bottled Water,7.49,magic-kingdom/cosmic-ray-starlight-cafe
2026-09-05,Cosmic Ray's Starlight Café,Magic Kingdom,Fang-tastic Garlic Butter Burger,Mickey's Not-So-Scary Halloween Party Exclusives,Special Ticketed Event,"Angus Beef with Boursin® and Brie Fondue, Crispy Onions, Garlic Pickles on a toasted Black Bun served with French Fries",14.99,magic-kingdom/cosmic-ray-starlight-cafe
2026-09-05,Cosmic Ray's Starlight Café,Magic Kingdom,Sweet-and-Spicy Chicken Strips,Mickey's Not-So-Scary Halloween Party Exclusives,Special Ticketed Event,"with Korean Barbecue Sauce and topped with Black Sesame Seeds, Crispy Garlic, and Green Onions",12.99,magic-kingdom/cosmic-ray-starlight-cafe
2026-09-05,Cosmic Ray's Starlight Café,Magic Kingdom,Minnie Witch Hat,Mickey's Not-So-Scary Halloween Party Exclusives,Special Ticketed Event,"Sugar Cookie topped with Strawberry-Banana Mousse, Chocolate and Buttercream",7.99,magic-kingdom/cosmic-ray-starlight-cafe
2026-09-05,Cosmic Ray's Starlight Café,Magic Kingdom,Oogie Boogie Slushy,Mickey's Not-So-Scary Halloween Party Exclusives,Special Ticketed Event,Frozen Apple Cider topped with Cinnamon Whipped Cream and Sour Gummy Candy,6.99,magic-kingdom/cosmic-ray-starlight-cafe
2026-09-05,The Crystal Palace,Magic Kingdom,So Many Wishes,Non-Alcoholic Specialty Beverages,Breakfast,"Pomegranate Green Tea, Hibiscus, Lemon, and a dash of Star Dust",6.79,magic-kingdom/crystal-palace
2026-09-05,The Crystal Palace,Magic Kingdom,Joffrey's™ Cold Brew Coffee,Non-Alcoholic Specialty Beverages,Breakfast,Additional Flavors Available,5.29,magic-kingdom/crystal-palace
2026-09-05,The Crystal Palace,Magic Kingdom,Pink Spritzer,Zero-Proof Cocktails,Breakfast,"Lyre’s Pink London Non-Alcoholic Spirit, Grapefruit Soda, Pomegranate Green Tea, Lime, Mint",13.50,magic-kingdom/crystal-palace
2026-09-05,The Crystal Palace,Magic Kingdom,Bud Light Lager,Beer & Hard Cider,Breakfast; Lunch; Dinner,,9.75,magic-kingdom/crystal-palace
2026-09-05,The Crystal Palace,Magic Kingdom,Michelob Ultra Lager,Beer & Hard Cider,Breakfast; Lunch; Dinner,,10.25,magic-kingdom/crystal-palace
2026-09-05,The Crystal Palace,Magic Kingdom,Blue Moon Belgian White Ale,Beer & Hard Cider,Breakfast; Lunch; Dinner,,10.25,magic-kingdom/crystal-palace
2026-09-05,The Crystal Palace,Magic Kingdom,Cigar City Jai Alai India Pale Ale,Beer & Hard Cider,Breakfast; Lunch; Dinner,,12.50,magic-kingdom/crystal-palace
2026-09-05,The Crystal Palace,Magic Kingdom,Angry Orchard Crisp Hard Apple Cider,Beer & Hard Cider,Breakfast; Lunch; Dinner,,11.00,magic-kingdom/crystal-palace
2026-09-05,The Crystal Palace,Magic Kingdom,Domaine Ste. Michelle Brut,Wine Selections,Breakfast; Lunch; Dinner,,56.00,magic-kingdom/crystal-palace
2026-09-05,The Crystal Palace,Magic Kingdom,Fess Parker Riesling,Wine Selections,Breakfast; Lunch; Dinner,,56.00,magic-kingdom/crystal-palace
2026-09-05,The Crystal Palace,Magic Kingdom,Indaba Sauvignon Blanc,Wine Selections,Breakfast; Lunch; Dinner,,52.00,magic-kingdom/crystal-palace
2026-09-05,The Crystal Palace,Magic Kingdom,Franciscan Chardonnay,Wine Selections,Breakfast; Lunch; Dinner,,62.00,magic-kingdom/crystal-palace
2026-09-05,The Crystal Palace,Magic Kingdom,MacMurray Estate Pinot Noir,Wine Selections,Breakfast; Lunch; Dinner,,74.00,magic-kingdom/crystal-palace
2026-09-05,The Crystal Palace,Magic Kingdom,Francis Coppola Diamond Collection Merlot,Wine Selections,Breakfast; Lunch; Dinner,,56.00,magic-kingdom/crystal-palace
2026-09-05,The Crystal Palace,Magic Kingdom,J. Lohr 'Seven Oaks' Cabernet Sauvignon,Wine Selections,Breakfast; Lunch; Dinner,,56.00,magic-kingdom/crystal-palace
2026-09-05,The Crystal Palace,Magic Kingdom,Legacy Mimosa,Specialty Cocktails,Breakfast; Lunch; Dinner,"Uncle Nearest 1884 Small Batch Tennessee Whiskey, Grand Marnier Liqueur, Chateau Ste. Michelle Sparkling Wine, and Minute Maid® Orange Juice",20.50,magic-kingdom/crystal-palace
2026-09-05,The Crystal Palace,Magic Kingdom,Blackberry-Orange Spritz,Specialty Cocktails,Breakfast,"Ketel One Botanical Peach & Orange Blossom Vodka, Rockey's Botanical Liqueur, Indaba Sauvignon Blanc, Blackberry",17.50,magic-kingdom/crystal-palace
2026-09-05,The Crystal Palace,Magic Kingdom,Sunrise Margarita,Specialty Cocktails,Breakfast; Lunch; Dinner,"Teremana Blanco Tequila, Grand Marnier Liqueur, Agave, Lime, Hella Cocktail Co. Smoked Chili Bitters",18.50,magic-kingdom/crystal-palace
2026-09-05,The Crystal Palace,Magic Kingdom,Island Fusion Punch,Specialty Cocktails,Breakfast; Lunch; Dinner,"Mount Gay Eclipse Rum, Minute Maid® Passion Fruit Orange Guava Juice, Pineapple and Lime Juices",16.50,magic-kingdom/crystal-palace
2026-09-05,The Crystal Palace,Magic Kingdom,So Many Wishes,Beverages,Lunch; Dinner,"Pomegranate Green Tea, Hibiscus, Lemon, and a dash of Star Dust",6.59,magic-kingdom/crystal-palace
2026-09-05,The Crystal Palace,Magic Kingdom,Enchanted Grove Lime Splash,Non-Alcoholic Specialty Beverages,Lunch; Dinner,Minute Maid® Limeade paired with the revitalizing flavors of Cucumber and Mint,6.29,magic-kingdom/crystal-palace
2026-09-05,The Diamond Horseshoe,Magic Kingdom,Tavern Punch,Beverages,Lunch; Dinner,Frozen DOLE Whip® Lemon and Sprite®,9.75,magic-kingdom/diamond-horseshoe
2026-09-05,The Diamond Horseshoe,Magic Kingdom,Gold Rush,Specialty Cocktails,Lunch; Dinner,"Elijah Craig Small Batch Kentucky Straight Bourbon, Lemon Juice, and Honey garnished with Crystalized Ginger",18.50,magic-kingdom/diamond-horseshoe
2026-09-05,The Diamond Horseshoe,Magic Kingdom,Legacy Mimosa,Specialty Cocktails,Lunch; Dinner,"Uncle Nearest 1884 Small Batch Tennessee Whiskey, Grand Marnier Liqueur, Chateau Ste. Michelle Sparkling Wine, and Minute Maid® Orange Juice",20.50,magic-kingdom/diamond-horseshoe
2026-09-05,The Diamond Horseshoe,Magic Kingdom,House-made Liberty Sangria,Specialty Cocktails,Lunch; Dinner,"Choice of Red or White Wine blended with Juice, Spices, and Fruit",14.00,magic-kingdom/diamond-horseshoe
2026-09-05,The Diamond Horseshoe,Magic Kingdom,Cranberry Sipper,Specialty Cocktails,Lunch; Dinner,"Tito’s Handmade Vodka, Domaine de Canton Ginger Liqueur, Lime Juice, and Cranberry Juice",17.50,magic-kingdom/diamond-horseshoe
2026-09-05,The Diamond Horseshoe,Magic Kingdom,Ginger Pear Snap,Specialty Cocktails,Lunch; Dinner,"Tito’s Handmade Vodka, St. Germain Elderflower Liqueur, Domaine de Canton Ginger Liqueur, Pear Nectar, and Lemon Juice",17.50,magic-kingdom/diamond-horseshoe
2026-09-05,The Diamond Horseshoe,Magic Kingdom,Cigar City Jai Alai IPA,Beer & Hard Cider,Lunch; Dinner,(16-oz Draft),11.75,magic-kingdom/diamond-horseshoe
2026-09-05,The Diamond Horseshoe,Magic Kingdom,Samuel Adams Boston Lager,Beer & Hard Cider,Lunch; Dinner,(16-oz Draft),11.75,magic-kingdom/diamond-horseshoe
2026-09-05,The Diamond Horseshoe,Magic Kingdom,Yuengling Traditional Lager,Beer & Hard Cider,Lunch; Dinner,(16-oz Draft),9.75,magic-kingdom/diamond-horseshoe
2026-09-05,The Diamond Horseshoe,Magic Kingdom,Bud Light Lager,Beer & Hard Cider,Lunch; Dinner,,9.75,magic-kingdom/diamond-horseshoe
2026-09-05,The Diamond Horseshoe,Magic Kingdom,Michelob Ultra Lager,Beer & Hard Cider,Lunch; Dinner,,10.25,magic-kingdom/diamond-horseshoe
2026-09-05,The Diamond Horseshoe,Magic Kingdom,Samuel Adams Seasonal,Beer & Hard Cider,Lunch; Dinner,,11.50,magic-kingdom/diamond-horseshoe
2026-09-05,The Diamond Horseshoe,Magic Kingdom,Blue Point Brewing Company Toasted Lager,Beer & Hard Cider,Lunch; Dinner,,11.50,magic-kingdom/diamond-horseshoe
2026-09-05,The Diamond Horseshoe,Magic Kingdom,Angry Orchard Crisp Hard Apple Cider,Beer & Hard Cider,Lunch; Dinner,,11.00,magic-kingdom/diamond-horseshoe
2026-09-05,The Diamond Horseshoe,Magic Kingdom,Nino Franco Rustico Prosecco,Wine,Lunch; Dinner,,56.00,magic-kingdom/diamond-horseshoe
2026-09-05,The Diamond Horseshoe,Magic Kingdom,"Iron Horse 'Fairy Tale Celebration' Cuvée, Russian River Valley, CA",Wine,Lunch; Dinner,,98.00,magic-kingdom/diamond-horseshoe
2026-09-05,The Diamond Horseshoe,Magic Kingdom,"Fess Parker Riesling, Santa Barbara County, CA",Wine,Lunch; Dinner,,56.00,magic-kingdom/diamond-horseshoe
2026-09-05,The Diamond Horseshoe,Magic Kingdom,"Matanzas Creek Sauvignon Blanc, Alexander Valley, CA",Wine,Lunch; Dinner,,56.00,magic-kingdom/diamond-horseshoe
2026-09-05,The Diamond Horseshoe,Magic Kingdom,"William Hill Chardonnay, North Coast, CA",Wine,Lunch; Dinner,,56.00,magic-kingdom/diamond-horseshoe
2026-09-05,The Diamond Horseshoe,Magic Kingdom,"Meiomi Pinot Noir, Coastal, CA",Wine,Lunch; Dinner,,74.00,magic-kingdom/diamond-horseshoe
2026-09-05,The Diamond Horseshoe,Magic Kingdom,"Federalist Zinfandel, Lodi Valley, CA",Wine,Lunch; Dinner,,56.00,magic-kingdom/diamond-horseshoe
2026-09-05,The Diamond Horseshoe,Magic Kingdom,"Federalist Cabernet Sauvignon, Lodi Valley, CA",Wine,Lunch; Dinner,,56.00,magic-kingdom/diamond-horseshoe
2026-09-05,The Friar's Nook,Magic Kingdom,All-Beef Hot Dog,Featured Offerings,Breakfast; Lunch And Dinner,Served with Tots,11.79,magic-kingdom/friars-nook
2026-09-05,The Friar's Nook,Magic Kingdom,"Cheddar, Bacon, and Ranch Tots",Featured Offerings,Breakfast; Lunch And Dinner,Drizzled with Ranch Dressing and topped with Green Onions,10.49,magic-kingdom/friars-nook
2026-09-05,The Friar's Nook,Magic Kingdom,"Sausage, Egg, and Cheddar Bagel Sandwich",Breakfast Entrées,Breakfast,"Sausage, Egg, and Cheddar on a Bagel served with Tots",8.99,magic-kingdom/friars-nook
2026-09-05,The Friar's Nook,Magic Kingdom,Barbecue Pork Tot Bowl,Entrées,Breakfast; Lunch And Dinner; Special Ticketed Event,"Topped with Cheddar, Pickles, and Cilantro",11.49,magic-kingdom/friars-nook
2026-09-05,The Friar's Nook,Magic Kingdom,Jumbo Pretzel,Quick Bites,Breakfast; Lunch And Dinner; Special Ticketed Event,Served with Cheese Sauce,13.49,magic-kingdom/friars-nook
2026-09-05,The Friar's Nook,Magic Kingdom,Jumbo Pretzel,Quick Bites,Breakfast; Lunch And Dinner; Special Ticketed Event,,12.49,magic-kingdom/friars-nook
2026-09-05,The Friar's Nook,Magic Kingdom,Caramel Apple Doughnuts,Sweet Bites,Breakfast; Lunch And Dinner,Sugar-dusted and served with Caramel Sauce,6.49,magic-kingdom/friars-nook
2026-09-05,The Friar's Nook,Magic Kingdom,Strawberry Lemonade Slush,Beverages,Breakfast; Lunch And Dinner; Special Ticketed Event,,6.59,magic-kingdom/friars-nook
2026-09-05,The Friar's Nook,Magic Kingdom,Large Joffrey's™ Shakin' Jamaican with Sweet Cream,Beverages,Breakfast; Lunch And Dinner; Special Ticketed Event,,6.49,magic-kingdom/friars-nook
2026-09-05,The Friar's Nook,Magic Kingdom,Large Joffrey's™ Cold Brew Coffee with Sweet Cream,Beverages,Breakfast; Lunch And Dinner; Special Ticketed Event,,6.49,magic-kingdom/friars-nook
2026-09-05,The Friar's Nook,Magic Kingdom,Joffrey's™ Cold Brew Coffee with Sweet Cream,Beverages,Breakfast; Lunch And Dinner; Special Ticketed Event,,5.99,magic-kingdom/friars-nook
2026-09-05,The Friar's Nook,Magic Kingdom,Joffrey's™ Shakin' Jamaican with Sweet Cream,Beverages,Breakfast; Lunch And Dinner; Special Ticketed Event,,5.99,magic-kingdom/friars-nook
2026-09-05,The Friar's Nook,Magic Kingdom,Simply® Orange,Beverages,Breakfast; Lunch And Dinner; Special Ticketed Event,,5.29,magic-kingdom/friars-nook
2026-09-05,The Friar's Nook,Magic Kingdom,Chocolate Milk,Beverages,Breakfast; Lunch And Dinner; Special Ticketed Event,,4.79,magic-kingdom/friars-nook
2026-09-05,The Friar's Nook,Magic Kingdom,Assorted Fountain Beverages,Beverages,Breakfast; Lunch And Dinner; Special Ticketed Event,Assorted Coca-Cola® Offerings,4.79,magic-kingdom/friars-nook
2026-09-05,The Friar's Nook,Magic Kingdom,DASANI® Bottled Water,Beverages,Breakfast; Lunch And Dinner; Special Ticketed Event,,4.25,magic-kingdom/friars-nook
2026-09-05,The Friar's Nook,Magic Kingdom,Lowfat Milk,Beverages,Breakfast; Lunch And Dinner; Special Ticketed Event,,2.59,magic-kingdom/friars-nook
2026-09-05,The Friar's Nook,Magic Kingdom,Large Freshly Brewed Joffrey's Coffee™ Regular,Hot Beverages,Breakfast; Lunch And Dinner; Special Ticketed Event,,5.19,magic-kingdom/friars-nook
2026-09-05,The Friar's Nook,Magic Kingdom,Large Hot Cocoa,Hot Beverages,Breakfast; Lunch And Dinner; Special Ticketed Event,,5.19,magic-kingdom/friars-nook
2026-09-05,The Friar's Nook,Magic Kingdom,Large Twinings® Hot Tea,Hot Beverages,Breakfast; Lunch And Dinner; Special Ticketed Event,,5.19,magic-kingdom/friars-nook
2026-09-05,The Friar's Nook,Magic Kingdom,Freshly Brewed Joffrey's Coffee™,Hot Beverages,Breakfast; Lunch And Dinner; Special Ticketed Event,,4.79,magic-kingdom/friars-nook
2026-09-05,The Friar's Nook,Magic Kingdom,Hot Cocoa,Hot Beverages,Breakfast; Lunch And Dinner; Special Ticketed Event,,4.79,magic-kingdom/friars-nook
2026-09-05,The Friar's Nook,Magic Kingdom,Twinings® Hot Tea,Hot Beverages,Breakfast; Lunch And Dinner; Special Ticketed Event,,4.79,magic-kingdom/friars-nook
2026-09-05,The Friar's Nook,Magic Kingdom,Bowl of Bones,Mickey's Not-So-Scary Halloween Party Exclusives,Special Ticketed Event,Pork Wings fried with Jalapeños and tossed in Barbecue Sauce made with Cherry Coca-Cola®,13.99,magic-kingdom/friars-nook
2026-09-05,The Friar's Nook,Magic Kingdom,Haunting Jalapeño Tots,Mickey's Not-So-Scary Halloween Party Exclusives,Special Ticketed Event,"Tots topped with Plant-based Black Bean Chili, Cheddar Sauce, and Jalapeño Sauce",10.49,magic-kingdom/friars-nook
2026-09-05,The Friar's Nook,Magic Kingdom,Buffalo Chicken Hand Pie,Mickey's Not-So-Scary Halloween Party Exclusives,Special Ticketed Event,Buffalo Chicken and Mozzarella wrapped in a Flaky Dough topped with Blue Cheese Crumbles and Buffalo-Ranch,9.99,magic-kingdom/friars-nook
2026-09-05,The Friar's Nook,Magic Kingdom,Not-So-Poison Apple Doughnuts,Mickey's Not-So-Scary Halloween Party Exclusives,Special Ticketed Event,rolled in Apple Cider Sugar and drizzled with Caramel Sauce,6.49,magic-kingdom/friars-nook
2026-09-05,Gaston's Tavern,Magic Kingdom,The Grey Stuff Cupcake,Quick Bites,Snack,"Chocolate Cupcake topped with ""The Grey Stuff"" and crispy Pearls",6.49,magic-kingdom/gastons-tavern
2026-09-05,Gaston's Tavern,Magic Kingdom,Warm Cinnamon Roll,Quick Bites,Snack,,7.99,magic-kingdom/gastons-tavern
2026-09-05,Gaston's Tavern,Magic Kingdom,Crème Brûlée Croissant,Quick Bites,Snack,Crispy Croissant Dough filled with Vanilla Bean Custard,6.49,magic-kingdom/gastons-tavern
2026-09-05,Gaston's Tavern,Magic Kingdom,Ham and Gruyère Sandwich,Entrées,Snack,Crispy Croissant Dough filled with Ham and Gruyère served with Chips,10.79,magic-kingdom/gastons-tavern
2026-09-05,Gaston's Tavern,Magic Kingdom,LeFou's Brew - Souvenir Stein,Beverages,Snack,Frozen Minute Maid® Apple Juice with a hint of Toasted Marshmallow topped with Fruit-flavored Foam served in a Souvenir Stein,14.79,magic-kingdom/gastons-tavern
2026-09-05,Gaston's Tavern,Magic Kingdom,LeFou's Brew,Beverages,Snack,Frozen Minute Maid® Apple Juice with a hint of Toasted Marshmallow topped with Fruit-flavored Foam,6.99,magic-kingdom/gastons-tavern
2026-09-05,Gaston's Tavern,Magic Kingdom,Assorted Fountain Beverages,Beverages,Snack,,4.79,magic-kingdom/gastons-tavern
2026-09-05,Gaston's Tavern,Magic Kingdom,DASANI® Bottled Water,Beverages,Snack,,4.25,magic-kingdom/gastons-tavern
2026-09-05,Gaston's Tavern,Magic Kingdom,Simply® Orange,Beverages,Snack,,5.59,magic-kingdom/gastons-tavern
2026-09-05,Gaston's Tavern,Magic Kingdom,Minute Maid® Apple Juice,Beverages,Snack,,4.59,magic-kingdom/gastons-tavern
2026-09-05,Gaston's Tavern,Magic Kingdom,Chocolate Milk,Beverages,Snack,,4.79,magic-kingdom/gastons-tavern
2026-09-05,Gaston's Tavern,Magic Kingdom,Twinings® Hot Tea,Beverages,Snack,Large Twinings® Hot Tea 5.19,4.79,magic-kingdom/gastons-tavern
2026-09-05,Gaston's Tavern,Magic Kingdom,Freshly Brewed Joffrey's Coffee™,Beverages,Snack,Large Freshly Brewed Joffrey's Coffee™ 5.19,4.79,magic-kingdom/gastons-tavern
2026-09-05,Gaston's Tavern,Magic Kingdom,Joffrey's™ Cold Brew Coffee,Beverages,Snack,with Sweet Cream. Large Joffrey's™ Cold Brew Coffee 6.49,5.99,magic-kingdom/gastons-tavern
2026-09-05,Golden Oak Outpost,Magic Kingdom,Candied Bacon Skewer with Chips,Featured Offerings,Breakfast; Lunch And Dinner,Brown Sugar-coated,9.99,magic-kingdom/golden-oak-outpost
2026-09-05,Golden Oak Outpost,Magic Kingdom,Biscuit Breakfast Sandwich,Breakfast Specialties,Breakfast,"Sausage, Egg, Monterey Jack, Maple Butter, and Bacon Jam",7.79,magic-kingdom/golden-oak-outpost
2026-09-05,Golden Oak Outpost,Magic Kingdom,Hot Honey Chicken with Sweet Potato Fries,Entrées ,Breakfast; Lunch And Dinner; Special Ticketed Event,with Marshmallow and Candied Pecan-topped Sweet Potato Waffle Fries,12.99,magic-kingdom/golden-oak-outpost
2026-09-05,Golden Oak Outpost,Magic Kingdom,Sweet Potato Waffle Fries,Sides,Breakfast; Lunch And Dinner; Special Ticketed Event,,5.49,magic-kingdom/golden-oak-outpost
2026-09-05,Golden Oak Outpost,Magic Kingdom,Banana-Caramel Beignets,Desserts,Breakfast; Lunch And Dinner,"Light, Sweet, and Fluffy Beignets with Powdered Sugar, Bananas, and Caramel Sauce",8.79,magic-kingdom/golden-oak-outpost
2026-09-05,Golden Oak Outpost,Magic Kingdom,Tiana’s Famous Beignets,Desserts,Breakfast; Lunch And Dinner,"Light, Sweet, and Fluffy Beignets with Powdered Sugar drizzled with Honey",7.29,magic-kingdom/golden-oak-outpost
2026-09-05,Golden Oak Outpost,Magic Kingdom,Bayou Lavender Lemonade,Beverages,Breakfast; Lunch And Dinner; Special Ticketed Event,Minute Maid® Premium Lemonade with flavors of Lavender inspired by New Orleans' influence on American cuisine,6.59,magic-kingdom/golden-oak-outpost
2026-09-05,Golden Oak Outpost,Magic Kingdom,Honey-Lavender Cold Brew,Beverages,Breakfast; Lunch And Dinner; Special Ticketed Event,"Joffrey’s™ Cold Brew Coffee with Honey-Lavender Cold Foam, Honey Granules, and a Sugar Candy Piece",6.29,magic-kingdom/golden-oak-outpost
2026-09-05,Golden Oak Outpost,Magic Kingdom,Large Freshly Brewed Joffrey's Coffee™ Regular,Beverages,Breakfast; Lunch And Dinner; Special Ticketed Event,,5.19,magic-kingdom/golden-oak-outpost
2026-09-05,Golden Oak Outpost,Magic Kingdom,Assorted Fountain Beverages,Beverages,Breakfast; Lunch And Dinner; Special Ticketed Event,Assorted Coca-Cola® Offerings,4.79,magic-kingdom/golden-oak-outpost
2026-09-05,Golden Oak Outpost,Magic Kingdom,Freshly Brewed Joffrey's Coffee™ Regular,Beverages,Breakfast; Lunch And Dinner; Special Ticketed Event,,4.79,magic-kingdom/golden-oak-outpost
2026-09-05,Golden Oak Outpost,Magic Kingdom,DASANI® Bottled Water,Beverages,Breakfast; Lunch And Dinner; Special Ticketed Event,,4.25,magic-kingdom/golden-oak-outpost
2026-09-05,Golden Oak Outpost,Magic Kingdom,Cajun Crawfish and Sausage BOOtine,Mickey's Not-So-Scary Halloween Party Exclusives,Special Ticketed Event,Waffle Fries topped with cheese curds and Cajun Crawfish-Andouille Sausage Gravy,13.99,magic-kingdom/golden-oak-outpost
2026-09-05,Golden Oak Outpost,Magic Kingdom,Beignets from Beyond,Mickey's Not-So-Scary Halloween Party Exclusives,Special Ticketed Event,"Light, Sweet, and Fluffy Beignets with Powdered Sugar and Chocolate Cookie Pieces served over Cookies and Cream Cheese Icing",8.79,magic-kingdom/golden-oak-outpost
2026-09-05,Golden Oak Outpost,Magic Kingdom,Hot Honey Lemonade,Mickey's Not-So-Scary Halloween Party Exclusives,Special Ticketed Event,Minute Maid® Premium Lemonade with Hot Honey and a Chili-Lime Rim,6.29,magic-kingdom/golden-oak-outpost
2026-09-05,Jungle Navigation Co. LTD Skipper Canteen,Magic Kingdom,Lost and Found Soup,Appetizers,Lunch; Dinner,Chef's Seasonal Soup prepared with the freshest unclaimed cargo! Please ask your Skipper for today's selection,10.00,magic-kingdom/jungle-navigation-skipper-canteen
2026-09-05,Jungle Navigation Co. LTD Skipper Canteen,Magic Kingdom,Orinoco Ida's Cachapas,Appetizers,Lunch; Dinner,"And you thought our jokes were corny! House-made Corn Cachapas, Sofrito-braised Pork, Grilled Corn Salsa, Queso Fresco, and Avocado Crema",15.00,magic-kingdom/jungle-navigation-skipper-canteen
2026-09-05,Jungle Navigation Co. LTD Skipper Canteen,Magic Kingdom,Tiradito de Tuna*,Appetizers,Lunch; Dinner,"You'll get hooked on Skipper Annette's latest catch! Togarashi-spiced Tuna, Avocado, Ají Amarillo Broth, Lotus Root Chips, and Corn Nuts",18.00,magic-kingdom/jungle-navigation-skipper-canteen
2026-09-05,Jungle Navigation Co. LTD Skipper Canteen,Magic Kingdom,Jungle Green Salad,Appetizers,Lunch; Dinner,"From the depths of the Jungle… Skipper Bill’s Salad Blend with Hearts of Palm, Cucumbers, Sugar Snap Peas, Sweet Peppers with House-made Vinaigrette, and Toasted Brazilian Nuts (Plant-based)",11.00,magic-kingdom/jungle-navigation-skipper-canteen
2026-09-05,Jungle Navigation Co. LTD Skipper Canteen,Magic Kingdom,Falls Family Falafel,Appetizers,Lunch; Dinner,"A secret recipe of Chickpeas, Garlic, Onions, Lemon Juice, and Herbs served with House-made Edamame Hummus and Toasted Pumpkin Seeds (Plant-based)",12.00,magic-kingdom/jungle-navigation-skipper-canteen
2026-09-05,Jungle Navigation Co. LTD Skipper Canteen,Magic Kingdom,Dr. Falls Signature Grilled Steak*,Entrées,Lunch; Dinner,"Lomo Saltado-style with Crushed Fingerling Potatoes, Roasted Vegetables, Tamari Glaze, and Ají Amarillo Sauce",41.00,magic-kingdom/jungle-navigation-skipper-canteen
2026-09-05,Jungle Navigation Co. LTD Skipper Canteen,Magic Kingdom,Catch of the Day*,Entrées,Lunch; Dinner,"""Not Piranha"" served with Miso-Corn Purée, Edamame Succotash, and Sesame-Chili Crisp",35.00,magic-kingdom/jungle-navigation-skipper-canteen
2026-09-05,Jungle Navigation Co. LTD Skipper Canteen,Magic Kingdom,"""Tastes like Chicken"" Because it is!",Entrées,Lunch; Dinner,"Crispy-fried Chicken, Jasmine Rice, Chili-Soy Glaze, and Pickled Vegetable Slaw",30.00,magic-kingdom/jungle-navigation-skipper-canteen
2026-09-05,Jungle Navigation Co. LTD Skipper Canteen,Magic Kingdom,"""Hardy Har Char"" Siu Pork",Entrées,Lunch; Dinner,"Char Siu-braised Pork Shank, Scallion Rice, and Sesame Broccolini",32.00,magic-kingdom/jungle-navigation-skipper-canteen
2026-09-05,Jungle Navigation Co. LTD Skipper Canteen,Magic Kingdom,Curried Vegetable Crew Stew,Entrées,Lunch; Dinner,"A favorite of the Crew Stew Crew (especially Stu). Pineapple Tofu, Seasonal Vegetables, House-made Curry Sauce, and Coconut Rice",23.00,magic-kingdom/jungle-navigation-skipper-canteen
2026-09-05,Jungle Navigation Co. LTD Skipper Canteen,Magic Kingdom,Nile Nellie's Noodle Bowl,Entrées,Lunch; Dinner,"Niles and Niles of Rice Noodles... Stir-fried Shrimp, Tamarind Sauce, Toasted Peanuts, Crispy Garlic, Egg, and Fresh Basil",35.00,magic-kingdom/jungle-navigation-skipper-canteen
2026-09-05,Jungle Navigation Co. LTD Skipper Canteen,Magic Kingdom,Mess Hall Duck Fried Rice,Entrées,Lunch; Dinner,"Five Spice-glazed Leg, Duck Fried Rice, Shaved Cucumbers, and Fresno Peppers",31.00,magic-kingdom/jungle-navigation-skipper-canteen
2026-09-05,Jungle Navigation Co. LTD Skipper Canteen,Magic Kingdom,Panna-Connie's Congo Lime Delight,Desserts,Lunch; Dinner,Lime 'Panna Cotta' served with Mango-Lime Sorbet and Fresh Fruit (Plant-based),9.50,magic-kingdom/jungle-navigation-skipper-canteen
2026-09-05,Jungle Navigation Co. LTD Skipper Canteen,Magic Kingdom,Brigadeiro Prestígio,Desserts,Lunch; Dinner,"Dark Chocolate Ganache Tart, Coconut Mousse, and Salted Dulce de Leche",9.00,magic-kingdom/jungle-navigation-skipper-canteen
2026-09-05,Jungle Navigation Co. LTD Skipper Canteen,Magic Kingdom,Malva Pudding Cake,Desserts,Lunch; Dinner,"Amarula Cream Liqueur, Vanilla Bean Whipped Ganache, and Apricot-Caramel Coulis with Vanilla Gelato",9.50,magic-kingdom/jungle-navigation-skipper-canteen
2026-09-05,Jungle Navigation Co. LTD Skipper Canteen,Magic Kingdom,Mystic Treasure,Desserts,Lunch; Dinner,"Kalamansi Namelaka, Mango Crémeux, and House-made Graham Cracker",9.00,magic-kingdom/jungle-navigation-skipper-canteen
2026-09-05,Jungle Navigation Co. LTD Skipper Canteen,Magic Kingdom,Safari Snack,Kids' Appetizers (à la carte),Lunch; Dinner,Cucumbers and Carrots served with a Cucumber-Yogurt Dip,3.25,magic-kingdom/jungle-navigation-skipper-canteen
2026-09-05,Jungle Navigation Co. LTD Skipper Canteen,Magic Kingdom,Serengeti Salad,Kids' Appetizers (à la carte),Lunch; Dinner,with Fat-free Ranch Dressing,3.25,magic-kingdom/jungle-navigation-skipper-canteen
2026-09-05,Jungle Navigation Co. LTD Skipper Canteen,Magic Kingdom,Congo Connie's Coconut-Curry Concoction,Kids' Create-Your-Own Entrées (choose one),Lunch; Dinner,"Served with Pineapple Tofu, Jasmine Rice, and choice of two (2) Selections and choice of Small Lowfat Milk, Small Dasani® Water, or Small Minute Maid® Apple Juice",13.50,magic-kingdom/jungle-navigation-skipper-canteen
2026-09-05,Jungle Navigation Co. LTD Skipper Canteen,Magic Kingdom,Cola-Braised Barbecue Beef,Kids' Create-Your-Own Entrées (choose one),Lunch; Dinner,"Tender Beef with Coca-Cola® Barbecue Sauce featuring Coca-Cola® served with choice of two (2) Selections and choice of Small Lowfat Milk, Small DASANI® Bottled Water, or Small Minute Maid® Apple Juice",13.50,magic-kingdom/jungle-navigation-skipper-canteen
2026-09-05,Jungle Navigation Co. LTD Skipper Canteen,Magic Kingdom,Junior Skip's Macaroni & Cheese,Kids' Create-Your-Own Entrées (choose one),Lunch; Dinner,"Served with choice of two (2) Selections and choice of Small Lowfat Milk, Small Dasani® Water, or Small Minute Maid® Apple Juice",11.50,magic-kingdom/jungle-navigation-skipper-canteen
2026-09-05,Jungle Navigation Co. LTD Skipper Canteen,Magic Kingdom,Chef Tandaji's Crispy Chicken,Kids' Create-Your-Own Entrées (choose one),Lunch; Dinner,"Served with choice of two (2) Selections and choice of Small Lowfat Milk, Small Dasani® Water, or Small Minute Maid® Apple Juice",12.50,magic-kingdom/jungle-navigation-skipper-canteen
2026-09-05,Jungle Navigation Co. LTD Skipper Canteen,Magic Kingdom,Grilled Chicken,Kids' Create-Your-Own Entrées (choose one),Lunch; Dinner,"Grilled Chicken (For Gluten/Wheat, Egg, Fish/Shellfish, Milk, Peanut/Tree Nut, Sesame, Soy Allergies)",12.50,magic-kingdom/jungle-navigation-skipper-canteen
2026-09-05,Jungle Navigation Co. LTD Skipper Canteen,Magic Kingdom,Lychee-Ginger Lemonade,Non-Alcoholic Beverages,Lunch; Dinner,"Minute Maid® Premium Lemonade with flavors of Lychee, Pomegranate, and Ginger Beer",6.59,magic-kingdom/jungle-navigation-skipper-canteen
2026-09-05,Jungle Navigation Co. LTD Skipper Canteen,Magic Kingdom,Enchanted Orange Dream,Non-Alcoholic Beverages,Lunch; Dinner,DOLE Whip® Orange blended with Vanilla Soft-serve and served with an Orange Candy rim,9.75,magic-kingdom/jungle-navigation-skipper-canteen
2026-09-05,Jungle Navigation Co. LTD Skipper Canteen,Magic Kingdom,Specialty Character Drink,Non-Alcoholic Beverages,Lunch; Dinner,Minute Maid® Zero Sugar Lemonade with flavors of Cotton Candy served in a souvenir Character Cup,7.00,magic-kingdom/jungle-navigation-skipper-canteen
2026-09-05,Jungle Navigation Co. LTD Skipper Canteen,Magic Kingdom,Cold Beverages,Non-Alcoholic Beverages,Lunch; Dinner,"Coca-Cola®, Coca-Cola® Zero Sugar, Diet Coke®, Sprite®, Fanta® Orange, Barq's® Root Beer, Minute Maid® Zero Sugar Lemonade, POWERADE® Mountain Berry Blast, Seagram’s® Gingerale and vitaminwater® açai-blueberry-pomegranate, Freshly Brewed Iced Tea",4.99,magic-kingdom/jungle-navigation-skipper-canteen
2026-09-05,Jungle Navigation Co. LTD Skipper Canteen,Magic Kingdom,Sunset Margarita,Specialty Cocktails,Lunch; Dinner,"Teremana Blanco Tequila, Grand Marnier Liqueur, Smoked Chili Bitters, Lime, and Agave",18.50,magic-kingdom/jungle-navigation-skipper-canteen
2026-09-05,Jungle Navigation Co. LTD Skipper Canteen,Magic Kingdom,Coconut-Mango Cocktail,Specialty Cocktails,Lunch; Dinner,"Parrot Bay Coconut Rum, Stoli Vanilla Vodka, Mango Purée, Coconut Milk, Simple Syrup, and Coconut Foam",15.50,magic-kingdom/jungle-navigation-skipper-canteen
2026-09-05,Jungle Navigation Co. LTD Skipper Canteen,Magic Kingdom,Jungle Bird,Specialty Cocktails,Lunch; Dinner,"Gosling Black Seal Rum, Campari Liqueur, Cane Syrup, with Pineapple and Lime Juices",16.50,magic-kingdom/jungle-navigation-skipper-canteen
2026-09-05,Jungle Navigation Co. LTD Skipper Canteen,Magic Kingdom,Legacy Mimosa,Specialty Cocktails,Lunch; Dinner,"Uncle Nearest 1884 Small Batch Tennessee Whiskey, Grand Marnier Liqueur, Chateau Ste. Michelle Sparkling Wine, and Minute Maid® Orange Juice",19.50,magic-kingdom/jungle-navigation-skipper-canteen
2026-09-05,Jungle Navigation Co. LTD Skipper Canteen,Magic Kingdom,Kungaloosh Spiced Excursion Ale - Florida (16-oz draft),Beer,Lunch; Dinner,African inspired deep amber ale brewed exclusively for Walt Disney World®,11.75,magic-kingdom/jungle-navigation-skipper-canteen
2026-09-05,Jungle Navigation Co. LTD Skipper Canteen,Magic Kingdom,Michelob Ultra Lager - St. Louis,Beer,Lunch; Dinner,"Refreshing, low carb, and light beer",10.25,magic-kingdom/jungle-navigation-skipper-canteen
2026-09-05,Jungle Navigation Co. LTD Skipper Canteen,Magic Kingdom,"Stella Artois Pale Lager, Belgium",Beer,Lunch; Dinner,Blonde Belgian lager beer with floral hop aroma,12.00,magic-kingdom/jungle-navigation-skipper-canteen
2026-09-05,Jungle Navigation Co. LTD Skipper Canteen,Magic Kingdom,"Casablanca Lager, Morocco",Beer,Lunch; Dinner,"Crisp, light bodied with faint notes of hops and lemon",11.00,magic-kingdom/jungle-navigation-skipper-canteen
2026-09-05,Jungle Navigation Co. LTD Skipper Canteen,Magic Kingdom,Blue Moon Belgian White Ale - Colorado (16-oz draft),Beer,Lunch; Dinner,Zesty Valencia oranges and lemon with a touch of coriander spice,9.75,magic-kingdom/jungle-navigation-skipper-canteen
2026-09-05,Jungle Navigation Co. LTD Skipper Canteen,Magic Kingdom,Old Elephant Foot IPA - Florida,Beer,Lunch; Dinner,Hoppy American IPA complimented by soft malt undertones,11.75,magic-kingdom/jungle-navigation-skipper-canteen
2026-09-05,Jungle Navigation Co. LTD Skipper Canteen,Magic Kingdom,"Angry Orchard Crisp Hard Apple Cider - Cincinnati, OH",Beer,Lunch; Dinner,"Complex, refreshing cider with a bit of sweetness to balance",11.00,magic-kingdom/jungle-navigation-skipper-canteen
2026-09-05,Jungle Navigation Co. LTD Skipper Canteen,Magic Kingdom,Athletic Brewing Co Upside Dawn Golden (Non-Alcoholic),Beer,Lunch; Dinner,,8.50,magic-kingdom/jungle-navigation-skipper-canteen
2026-09-05,Jungle Navigation Co. LTD Skipper Canteen,Magic Kingdom,"Nino Franco Rustico Prosecco, Italy",Wines,Lunch; Dinner,,56.00,magic-kingdom/jungle-navigation-skipper-canteen
2026-09-05,Jungle Navigation Co. LTD Skipper Canteen,Magic Kingdom,"Graham Beck Brut Rosé, South Africa",Wines,Lunch; Dinner,"Red berry flavors enhanced by bright acids. Fun, yet elegant",62.00,magic-kingdom/jungle-navigation-skipper-canteen
2026-09-05,Jungle Navigation Co. LTD Skipper Canteen,Magic Kingdom,"Dr. Loosen 'Dr. L' Rielsing, Germany",Wines,Lunch; Dinner,Slightly sweet with peach and citrus characteristics,56.00,magic-kingdom/jungle-navigation-skipper-canteen
2026-09-05,Jungle Navigation Co. LTD Skipper Canteen,Magic Kingdom,"Raats Original Chenin Blanc, South Africa",Wines,Lunch; Dinner,"Zesty flavors of Apple, Melon, and Lime",56.00,magic-kingdom/jungle-navigation-skipper-canteen
2026-09-05,Jungle Navigation Co. LTD Skipper Canteen,Magic Kingdom,"Veramonte Sauvignon Blanc, Chile",Wines,Lunch; Dinner,"Crisp with lime, tangerine, floral notes, and a juicy finish",52.00,magic-kingdom/jungle-navigation-skipper-canteen
2026-09-05,Jungle Navigation Co. LTD Skipper Canteen,Magic Kingdom,"Montes Alpha Chardonnay, Chile",Wines,Lunch; Dinner,Powerful aromas and flavors of ripe apple and citrus fruit with layers of vanilla,74.00,magic-kingdom/jungle-navigation-skipper-canteen
2026-09-05,Jungle Navigation Co. LTD Skipper Canteen,Magic Kingdom,"King Estate Pinot Noir, Willamette Valley",Wines,Lunch; Dinner,Ripe Cherry and Strawberry with a silky texture. Glass 18 | Bottle 75,79.00,magic-kingdom/jungle-navigation-skipper-canteen
2026-09-05,Jungle Navigation Co. LTD Skipper Canteen,Magic Kingdom,"Zolo Signature Red Blend, Argentina",Wines,Lunch; Dinner,Fresh raspberry and blackberry fruit aromas with a long and luscious mouthfeel,56.00,magic-kingdom/jungle-navigation-skipper-canteen
2026-09-05,Jungle Navigation Co. LTD Skipper Canteen,Magic Kingdom,"Stark-Condé Cabernet Sauvignon, South Africa",Wines,Lunch; Dinner,"Blackberry aromas, dark fruit, and mocha flavors with a balanced acidity",17.00,magic-kingdom/jungle-navigation-skipper-canteen
2026-09-05,Jungle Navigation Co. LTD Skipper Canteen,Magic Kingdom,"Spice Route Chakalaka, South Africa",Wines,Lunch; Dinner,Aromas of elegant spice and plum with a rich palate and well balanced tannins,74.00,magic-kingdom/jungle-navigation-skipper-canteen
2026-09-05,Jungle Navigation Co. LTD Skipper Canteen,Magic Kingdom,"Don Miguel Gascón Malbec, Argentina",Wines,Lunch; Dinner,"Dark fruit flavors of cherry, licorice, and chocolate with a plush mouthfeel",62.00,magic-kingdom/jungle-navigation-skipper-canteen
2026-09-05,Jungle Navigation Co. LTD Skipper Canteen,Magic Kingdom,Tiradito de Tuna*,Allergy-Friendly Appetizers,Lunch; Dinner,"You'll get hooked on Skipper Annette's latest catch! Togarashi-spiced Tuna, Avocado, Ají Amarillo Broth, Lotus Root Chips, and Corn Nuts (For Gluten/Wheat, Egg, Milk, Peanut/Tree Nut, Shellfish Allergies)",18.00,magic-kingdom/jungle-navigation-skipper-canteen
2026-09-05,Jungle Navigation Co. LTD Skipper Canteen,Magic Kingdom,Falls Family Falafel,Allergy-Friendly Appetizers,Lunch; Dinner,"A secret recipe of Chickpeas, Garlic, Onions, Lemon Juice, and Herbs served with House-made Edamame Hummus and Toasted Pumpkin Seeds (Plant-based) (For Gluten/Wheat, Egg, Fish/Shellfish, Milk, Sesame, and Tree Nut Allergies)",12.00,magic-kingdom/jungle-navigation-skipper-canteen
2026-09-05,Jungle Navigation Co. LTD Skipper Canteen,Magic Kingdom,Jungle Green Salad,Allergy-Friendly Appetizers,Lunch; Dinner,"From the depths of the Jungle… Skipper Bill’s Salad Blend with Hearts of Palm, Cucumbers, Sugar Snap Peas, Sweet Peppers with House-made Vinaigrette, and Toasted Brazilian Nuts (For Gluten/Wheat, Egg, Fish/Shellfish, Milk, Peanut, Sesame, Soy Allergies)",11.00,magic-kingdom/jungle-navigation-skipper-canteen
2026-09-05,Jungle Navigation Co. LTD Skipper Canteen,Magic Kingdom,Orinoco Ida's Cachapas,Allergy-Friendly Appetizers,Lunch; Dinner,"And you thought our jokes were corny! House-made Corn Cachapas, Sofrito-braised Pork, Grilled Corn Salsa, Queso Fresco, and Avocado Crema (For Gluten/Wheat, Fish/Shellfish, Peanut/Tree Nut, Sesame, Soy Allergies)",15.00,magic-kingdom/jungle-navigation-skipper-canteen
2026-09-05,Jungle Navigation Co. LTD Skipper Canteen,Magic Kingdom,Dr. Falls Signature Grilled Steak*,Allergy-Friendly Entrées,Lunch; Dinner,"Lomo Saltado-style with Crushed Fingerling Potatoes, Roasted Vegetables, Tamari Glaze, and Ají Amarillo Sauce (For Gluten/Wheat, Fish/Shellfish, Peanut/Tree Nut, Sesame Allergies)",41.00,magic-kingdom/jungle-navigation-skipper-canteen
2026-09-05,Jungle Navigation Co. LTD Skipper Canteen,Magic Kingdom,Catch of the Day*,Allergy-Friendly Entrées,Lunch; Dinner,"""Not Piranha"" served with Miso-Corn Purée, Edamame Succotash, and Sesame-Chili Crisp (For Gluten/Wheat, Egg, Peanut/Tree Nut, Shellfish Allergies)",35.00,magic-kingdom/jungle-navigation-skipper-canteen
2026-09-05,Jungle Navigation Co. LTD Skipper Canteen,Magic Kingdom,"""Tastes like Chicken"" Because it is!",Allergy-Friendly Entrées,Lunch; Dinner,"Crispy-fried Chicken, Jasmine Rice, Chili-Soy Glaze, and Pickled Vegetable Slaw (For Gluten/Wheat, Fish/Shellfish, Milk, Peanut/Tree Nut, Sesame Allergies)",30.00,magic-kingdom/jungle-navigation-skipper-canteen
2026-09-05,Jungle Navigation Co. LTD Skipper Canteen,Magic Kingdom,"""Hardy Har Char"" Siu Pork",Allergy-Friendly Entrées,Lunch; Dinner,"Char Siu-braised Pork Shank, Scallion Rice, and Sesame Broccolini (For Gluten/Wheat, Egg, Fish/Shellfish, Milk, Peanut/Tree Nut Allergies)",32.00,magic-kingdom/jungle-navigation-skipper-canteen
2026-09-05,Jungle Navigation Co. LTD Skipper Canteen,Magic Kingdom,Curried Vegetable Crew Stew,Allergy-Friendly Entrées,Lunch; Dinner,"A favorite of the Crew Stew Crew (especially Stu). Seasonal Vegetables, House-made Curry Sauce, and Coconut Rice (For Egg, Fish/Shellfish, Milk, Peanut Allergies)",23.00,magic-kingdom/jungle-navigation-skipper-canteen
2026-09-05,Jungle Navigation Co. LTD Skipper Canteen,Magic Kingdom,Nile Nellie's Noodle Bowl,Allergy-Friendly Entrées,Lunch; Dinner,"Niles and Niles of Rice Noodles... Stir-fried Shrimp, Tamarind Sauce, Toasted Peanuts, Crispy Garlic, Egg, and Fresh Basil (For Gluten/Wheat, Fish, Milk, Sesame, Tree Nut Allergies)",35.00,magic-kingdom/jungle-navigation-skipper-canteen
2026-09-05,Jungle Navigation Co. LTD Skipper Canteen,Magic Kingdom,Mess Hall Duck Fried Rice,Allergy-Friendly Entrées,Lunch; Dinner,"Five Spice-glazed Leg, Duck Fried Rice, Shaved Cucumbers, and Fresno Peppers (For Gluten/Wheat, Fish/Shellfish, Milk, Peanut/Tree Nut, Sesame Allergies)",31.00,magic-kingdom/jungle-navigation-skipper-canteen
2026-09-05,Jungle Navigation Co. LTD Skipper Canteen,Magic Kingdom,Panna-Connie's Congo Lime Delight,Allergy-Friendly Desserts,Lunch; Dinner,"Lime 'Panna Cotta' served with Mango-Lime Sorbet and Fresh Fruit (For Gluten/Wheat, Egg, Fish/Shellfish, Milk, Peanut, Sesame, and Soy Allergies)",9.50,magic-kingdom/jungle-navigation-skipper-canteen
2026-09-05,Jungle Navigation Co. LTD Skipper Canteen,Magic Kingdom,Malva Pudding Cake,Allergy-Friendly Desserts,Lunch; Dinner,"Amarula Cream Liqueur, Vanilla Bean Whipped Ganache, and Apricot-Caramel Coulis with Vanilla Gelato (For Fish/Shellfish, Peanut, Sesame Allergies)",9.50,magic-kingdom/jungle-navigation-skipper-canteen
2026-09-05,Jungle Navigation Co. LTD Skipper Canteen,Magic Kingdom,Brigadeiro Prestígio,Allergy-Friendly Desserts,Lunch; Dinner,"Dark Chocolate Ganache Tart, Coconut Mousse, and Salted Dulce de Leche (For Gluten/Wheat, Egg, Fish/Shellfish, Sesame Allergies)",9.00,magic-kingdom/jungle-navigation-skipper-canteen
2026-09-05,Jungle Navigation Co. LTD Skipper Canteen,Magic Kingdom,Mystic Treasure,Allergy-Friendly Desserts,Lunch; Dinner,"Kalamansi Namelaka, Mango Crémeux, and House-made Graham Cracker (For Fish/Shellfish, Peanut/Tree Nut, Sesame Allergies)",10.00,magic-kingdom/jungle-navigation-skipper-canteen
2026-09-05,Jungle Navigation Co. LTD Skipper Canteen,Magic Kingdom,Serengeti Salad,Allergy-Friendly Kids' Appetizers (à la carte),Lunch; Dinner,"with Fat-free Ranch Dressing (For Gluten/Wheat, Fish/Shellfish, Peanut/Tree Nut, Sesame, and Soy Allergies)",3.25,magic-kingdom/jungle-navigation-skipper-canteen
2026-09-05,Jungle Navigation Co. LTD Skipper Canteen,Magic Kingdom,Safari Snack,Allergy-Friendly Kids' Appetizers (à la carte),Lunch; Dinner,"Cucumbers and Carrots served with a Cucumber-Yogurt Dip (For Gluten/Wheat, Egg, Fish/Shellfish, Peanut, Sesame, and Soy Allergies)",3.25,magic-kingdom/jungle-navigation-skipper-canteen
2026-09-05,Jungle Navigation Co. LTD Skipper Canteen,Magic Kingdom,Congo Connie's Coconut-Curry Concoction,Allergy-Friendly Kids' Create-Your-Own Entrées (choose one),Lunch; Dinner,"Served with Pineapple Tofu, Jasmine Rice, and choice of two (2) Selections and choice of Small Lowfat Milk, Small Dasani® Water, or Small Minute Maid® Apple Juice (For Gluten/Wheat, Egg, Fish/Shellfish, Milk, Peanut, and Sesame Allergies)",13.50,magic-kingdom/jungle-navigation-skipper-canteen
2026-09-05,Jungle Navigation Co. LTD Skipper Canteen,Magic Kingdom,Cola-Braised Barbecue Beef,Allergy-Friendly Kids' Create-Your-Own Entrées (choose one),Lunch; Dinner,"Tender Beef with Barbecue Sauce featuring Coca-Cola® served with choice of two (2) Selections and choice of Small Lowfat Milk, Small Dasani® Water, or Small Minute Maid® Apple Juice (For Gluten/Wheat, Egg, Fish/Shellfish, Milk, Peanut/Tree Nut, Sesame Allergies)",13.50,magic-kingdom/jungle-navigation-skipper-canteen
2026-09-05,Jungle Navigation Co. LTD Skipper Canteen,Magic Kingdom,Junior Skip's Macaroni & Cheese,Allergy-Friendly Kids' Create-Your-Own Entrées (choose one),Lunch; Dinner,"Served with choice of two (2) Selections and choice of Small Lowfat Milk, Small Dasani® Water, or Small Minute Maid® Apple Juice (For Egg, Fish/Shellfish, Peanut/Tree Nut, and Sesame Allergies)",11.50,magic-kingdom/jungle-navigation-skipper-canteen
2026-09-05,Jungle Navigation Co. LTD Skipper Canteen,Magic Kingdom,Chef Tandaji's Crispy Chicken,Allergy-Friendly Kids' Create-Your-Own Entrées (choose one),Lunch; Dinner,"Served with choice of two (2) Selections and choice of Small Lowfat Milk, Small Dasani® Water, or Small Minute Maid® Apple Juice (For Fish/Shellfish, Milk, Peanut/Tree Nut Allergies)",12.50,magic-kingdom/jungle-navigation-skipper-canteen
2026-09-05,Jungle Navigation Co. LTD Skipper Canteen,Magic Kingdom,Grilled Chicken,Allergy-Friendly Kids' Create-Your-Own Entrées (choose one),Lunch; Dinner,"Grilled Chicken (For Gluten/Wheat, Egg, Fish/Shellfish, Milk, Peanut/Tree Nut, Sesame, Soy Allergies)",12.50,magic-kingdom/jungle-navigation-skipper-canteen
2026-09-05,Liberty Square Market,Magic Kingdom,Magic Potion Slushy,Halloween Exclusives,Snack,Fanta® Blue Raspberry Slushy with Yuzu. Changes color from blue to green when you stir!,6.59,magic-kingdom/liberty-square-market
2026-09-05,Liberty Square Market,Magic Kingdom,Turkey Leg,Entrées,Snack,(served after 11:00am),14.99,magic-kingdom/liberty-square-market
2026-09-05,Liberty Square Market,Magic Kingdom,All-Beef Hot Dog,Entrées,Snack,(Served after 11:00am),9.79,magic-kingdom/liberty-square-market
2026-09-05,Liberty Square Market,Magic Kingdom,Chocolate Chip Cookie,Snacks,Snack,,4.79,magic-kingdom/liberty-square-market
2026-09-05,Liberty Square Market,Magic Kingdom,Assorted Chips,Snacks,Snack,,3.29,magic-kingdom/liberty-square-market
2026-09-05,Liberty Square Market,Magic Kingdom,Mickey-shaped Pretzel,Snacks,Snack,with Cheese Sauce (served after 11:00am),8.49,magic-kingdom/liberty-square-market
2026-09-05,Liberty Square Market,Magic Kingdom,Whole Fruit,Snacks,Snack,,2.29,magic-kingdom/liberty-square-market
2026-09-05,Liberty Square Market,Magic Kingdom,Mini Babybel® Snack Cheese,Snacks,Snack,,3.79,magic-kingdom/liberty-square-market
2026-09-05,Liberty Square Market,Magic Kingdom,Cuties® Mandarin 3-pack,Snacks,Snack,,4.19,magic-kingdom/liberty-square-market
2026-09-05,Liberty Square Market,Magic Kingdom,Pickle,Snacks,Snack,,2.29,magic-kingdom/liberty-square-market
2026-09-05,Liberty Square Market,Magic Kingdom,Fanta® Frozen Slushy,Beverages,Snack,,6.29,magic-kingdom/liberty-square-market
2026-09-05,Liberty Square Market,Magic Kingdom,Assorted Bottled Beverages,Beverages,Snack,"Coca-Cola®, Diet Coke®, Sprite®",5.50,magic-kingdom/liberty-square-market
2026-09-05,Liberty Square Market,Magic Kingdom,POWERADE®,Beverages,Snack,,5.50,magic-kingdom/liberty-square-market
2026-09-05,Liberty Square Market,Magic Kingdom,DASANI® Bottled Water,Beverages,Snack,,4.25,magic-kingdom/liberty-square-market
2026-09-05,Liberty Square Market,Magic Kingdom,smartwater®,Beverages,Snack,,6.25,magic-kingdom/liberty-square-market
2026-09-05,Liberty Square Market,Magic Kingdom,Gold Peak® Sweet Tea,Beverages,Snack,,5.49,magic-kingdom/liberty-square-market
2026-09-05,Liberty Square Market,Magic Kingdom,Minute Maid® Apple Juice,Beverages,Snack,,4.59,magic-kingdom/liberty-square-market
2026-09-05,Liberty Tree Tavern,Magic Kingdom,Tavern Punch,Beverages,Lunch; Dinner,Frozen DOLE Whip® Lemon and Sprite®,9.75,magic-kingdom/liberty-tree-tavern
2026-09-05,Liberty Tree Tavern,Magic Kingdom,Gold Rush,Specialty Cocktails,Lunch; Dinner,"Elijah Craig Small Batch Kentucky Straight Bourbon, Lemon Juice, and Honey garnished with Crystalized Ginger",18.50,magic-kingdom/liberty-tree-tavern
2026-09-05,Liberty Tree Tavern,Magic Kingdom,Legacy Mimosa,Specialty Cocktails,Lunch; Dinner,"Uncle Nearest 1884 Small Batch Tennessee Whiskey, Grand Marnier Liqueur, Chateau Ste. Michelle Sparkling Wine, and Minute Maid® Orange Juice",20.50,magic-kingdom/liberty-tree-tavern
2026-09-05,Liberty Tree Tavern,Magic Kingdom,Cranberry Sipper,Specialty Cocktails,Lunch; Dinner,"Tito’s Handmade Vodka, Domaine de Canton Ginger Liqueur, Lime Juice, and Cranberry Juice",17.50,magic-kingdom/liberty-tree-tavern
2026-09-05,Liberty Tree Tavern,Magic Kingdom,Ginger Pear Snap,Specialty Cocktails,Lunch; Dinner,"Tito’s Handmade Vodka, St. Germain Elderflower Liqueur, Domaine de Canton Ginger Liqueur, Pear Nectar, and Lemon Juice",17.50,magic-kingdom/liberty-tree-tavern
2026-09-05,Liberty Tree Tavern,Magic Kingdom,"Samuel Adams Boston Lager - Boston, MA (16-oz Draft)","Beer, Hard Cider, and Cocktails",Lunch; Dinner,,11.75,magic-kingdom/liberty-tree-tavern
2026-09-05,Liberty Tree Tavern,Magic Kingdom,"Cigar City Jai Alai IPA - Tampa, FL (16-oz Draft)","Beer, Hard Cider, and Cocktails",Lunch; Dinner,,11.75,magic-kingdom/liberty-tree-tavern
2026-09-05,Liberty Tree Tavern,Magic Kingdom,"Yuengling Traditional Lager - Pottsville, PA (16-oz Draft)","Beer, Hard Cider, and Cocktails",Lunch; Dinner,,9.75,magic-kingdom/liberty-tree-tavern
2026-09-05,Liberty Tree Tavern,Magic Kingdom,"Samuel Adams Seasonal - Boston, MA","Beer, Hard Cider, and Cocktails",Lunch; Dinner,,11.50,magic-kingdom/liberty-tree-tavern
2026-09-05,Liberty Tree Tavern,Magic Kingdom,"Bud Light Lager - St. Louis, MO","Beer, Hard Cider, and Cocktails",Lunch; Dinner,,9.75,magic-kingdom/liberty-tree-tavern
2026-09-05,Liberty Tree Tavern,Magic Kingdom,"Blue Point Brewing Company Toasted Lager – Long Island, NY","Beer, Hard Cider, and Cocktails",Lunch; Dinner,,11.50,magic-kingdom/liberty-tree-tavern
2026-09-05,Liberty Tree Tavern,Magic Kingdom,"Michelob Ultra Lager - St. Louis, MO","Beer, Hard Cider, and Cocktails",Lunch; Dinner,,10.25,magic-kingdom/liberty-tree-tavern
2026-09-05,Liberty Tree Tavern,Magic Kingdom,"Angry Orchard Crisp Hard Apple Cider - Cincinnati, OH","Beer, Hard Cider, and Cocktails",Lunch; Dinner,,11.00,magic-kingdom/liberty-tree-tavern
2026-09-05,Liberty Tree Tavern,Magic Kingdom,"Nino Franco Rustico Prosecco, Veneto, Italy",Wines by the Glass or Bottle,Lunch; Dinner,,56.00,magic-kingdom/liberty-tree-tavern
2026-09-05,Liberty Tree Tavern,Magic Kingdom,"Iron Horse ‘Fairy Tale Celebration’ Cuvée, Russian River Valley, CA",Wines by the Glass or Bottle,Lunch; Dinner,,98.00,magic-kingdom/liberty-tree-tavern
2026-09-05,Liberty Tree Tavern,Magic Kingdom,"Fess Parker Riesling, Santa Barbara County, CA",Wines by the Glass or Bottle,Lunch; Dinner,,56.00,magic-kingdom/liberty-tree-tavern
2026-09-05,Liberty Tree Tavern,Magic Kingdom,"Matanzas Creek Sauvignon Blanc, Alexander Valley, CA",Wines by the Glass or Bottle,Lunch; Dinner,,56.00,magic-kingdom/liberty-tree-tavern
2026-09-05,Liberty Tree Tavern,Magic Kingdom,"William Hill Chardonnay, North Coast, CA",Wines by the Glass or Bottle,Lunch; Dinner,,56.00,magic-kingdom/liberty-tree-tavern
2026-09-05,Liberty Tree Tavern,Magic Kingdom,"Meiomi Pinot Noir, Coastal, CA",Wines by the Glass or Bottle,Lunch; Dinner,,74.00,magic-kingdom/liberty-tree-tavern
2026-09-05,Liberty Tree Tavern,Magic Kingdom,"The Federalist Zinfandel, Lodi, California",Wines by the Glass or Bottle,Lunch; Dinner,,56.00,magic-kingdom/liberty-tree-tavern
2026-09-05,Liberty Tree Tavern,Magic Kingdom,"The Federalist Cabernet Sauvignon, Lodi, California",Wines by the Glass or Bottle,Lunch; Dinner,,56.00,magic-kingdom/liberty-tree-tavern
2026-09-05,The Lunching Pad,Magic Kingdom,Ghoulish Blue Raspberry Slushy,Halloween Exclusives,Breakfast; Lunch And Dinner; Special Ticketed Event,Fanta® Blue Raspberry Slushy with Black Vanilla drizzle,6.79,magic-kingdom/lunching-pad
2026-09-05,The Lunching Pad,Magic Kingdom,Breakfast Bowl,Breakfast Entrées,Breakfast,"Potato Barrels topped with a Cheese Omelet, Chili con Carne Queso, and Sour Cream",11.29,magic-kingdom/lunching-pad
2026-09-05,The Lunching Pad,Magic Kingdom,Sticky Bubble Bread,Breakfast Entrées,Breakfast,"Sweet Bread rolled in Cinnamon, Caramel, and Warm Spices",6.49,magic-kingdom/lunching-pad
2026-09-05,The Lunching Pad,Magic Kingdom,Cream Cheese Pretzel,Snacks,Breakfast; Lunch And Dinner; Special Ticketed Event,Warm Stuffed Pretzel filled with Sweet Cream Cheese,8.49,magic-kingdom/lunching-pad
2026-09-05,The Lunching Pad,Magic Kingdom,Mickey Pretzel,Snacks,Breakfast; Lunch And Dinner; Special Ticketed Event,Warm Mickey Pretzel served with Cheese Sauce,8.49,magic-kingdom/lunching-pad
2026-09-05,The Lunching Pad,Magic Kingdom,Cheese Sauce,Snacks,Breakfast; Lunch And Dinner; Special Ticketed Event,,1.00,magic-kingdom/lunching-pad
2026-09-05,The Lunching Pad,Magic Kingdom,Sticky Bubble Bread,Sweet Bites,Breakfast; Lunch And Dinner,"Sweet Bread rolled in Cinnamon, Caramel, and Warm Spices",6.49,magic-kingdom/lunching-pad
2026-09-05,The Lunching Pad,Magic Kingdom,Simply® Orange,Breakfast Beverages,Breakfast,,5.59,magic-kingdom/lunching-pad
2026-09-05,The Lunching Pad,Magic Kingdom,Large Freshly Brewed Joffrey's Coffee™ Regular,Breakfast Beverages,Breakfast,,5.19,magic-kingdom/lunching-pad
2026-09-05,The Lunching Pad,Magic Kingdom,Freshly Brewed Joffrey's Coffee™ Regular,Breakfast Beverages,Breakfast,,4.79,magic-kingdom/lunching-pad
2026-09-05,The Lunching Pad,Magic Kingdom,Frozen Blue Raspberry Slushy,Beverages,Breakfast; Lunch And Dinner; Special Ticketed Event,,6.49,magic-kingdom/lunching-pad
2026-09-05,The Lunching Pad,Magic Kingdom,Frozen Coca-Cola® Slushy,Beverages,Breakfast; Lunch And Dinner; Special Ticketed Event,,6.49,magic-kingdom/lunching-pad
2026-09-05,The Lunching Pad,Magic Kingdom,Monster™ Energy,Beverages,Breakfast; Lunch And Dinner; Special Ticketed Event,,5.79,magic-kingdom/lunching-pad
2026-09-05,The Lunching Pad,Magic Kingdom,Monster™ Energy Zero Ultra,Beverages,Breakfast; Lunch And Dinner; Special Ticketed Event,,5.79,magic-kingdom/lunching-pad
2026-09-05,The Lunching Pad,Magic Kingdom,Assorted Fountain Beverages,Beverages,Breakfast; Lunch And Dinner; Special Ticketed Event,Assorted Coca-Cola® Offerings,4.79,magic-kingdom/lunching-pad
2026-09-05,The Lunching Pad,Magic Kingdom,DASANI® Bottled Water,Beverages,Breakfast; Lunch And Dinner; Special Ticketed Event,,4.25,magic-kingdom/lunching-pad
2026-09-05,The Lunching Pad,Magic Kingdom,Cuban Hot Dog,Featured Offerings,Lunch And Dinner,"All-Beef Hot Dog topped with Diced Ham, Pickles, Swiss Fondue, and Dijonnaise served with a choice of Side",13.49,magic-kingdom/lunching-pad
2026-09-05,The Lunching Pad,Magic Kingdom,Queso Fundido Hot Dog,Featured Offerings,Lunch And Dinner,"All-Beef Hot Dog topped with Queso Fundido, Street Corn Relish, and Spiced Tortilla Strips served with a choice of Side",13.49,magic-kingdom/lunching-pad
2026-09-05,The Lunching Pad,Magic Kingdom,All-Beef Hot Dog,Entrées,Lunch And Dinner; Special Ticketed Event,All-Beef Hot Dog served with choice of Side,11.79,magic-kingdom/lunching-pad
2026-09-05,The Lunching Pad,Magic Kingdom,Creepy Kimchi Hot Dog,Mickey's Not-So-Scary Halloween Party Exclusives,Special Ticketed Event,"Topped with Sriracha Cream Cheese, Kimchi, and Hades Relish",13.99,magic-kingdom/lunching-pad
2026-09-05,The Lunching Pad,Magic Kingdom,Jalapeño Popper Hot Dog,Mickey's Not-So-Scary Halloween Party Exclusives,Special Ticketed Event,"Topped with Queso Fundido, Pickled and Fried Jalapeños, Bacon, and Onions",14.99,magic-kingdom/lunching-pad
2026-09-05,The Lunching Pad,Magic Kingdom,Hades Cake Pop,Mickey's Not-So-Scary Halloween Party Exclusives,Special Ticketed Event,"Mexican Hot Chocolate Cake with Popping Candies, dipped in Chocolate with Blue Marshmallow ""Fire""",6.29,magic-kingdom/lunching-pad
2026-09-05,Main Street Bakery,Magic Kingdom,Caramel Frappuccino® - Grande,Frappuccino®,Coffee – Bakery; Special Ticketed Event,,6.75,magic-kingdom/main-street-bakery
2026-09-05,Main Street Bakery,Magic Kingdom,Caramel Ribbon Crunch Frappuccino® - Grande,Frappuccino®,Coffee – Bakery; Special Ticketed Event,,6.75,magic-kingdom/main-street-bakery
2026-09-05,Main Street Bakery,Magic Kingdom,Mocha Frappuccino® - Grande,Frappuccino®,Coffee – Bakery; Special Ticketed Event,,6.95,magic-kingdom/main-street-bakery
2026-09-05,Main Street Bakery,Magic Kingdom,Coffee Frappuccino® - Grande,Frappuccino®,Coffee – Bakery; Special Ticketed Event,,6.95,magic-kingdom/main-street-bakery
2026-09-05,Main Street Bakery,Magic Kingdom,Vanilla Bean Crème Frappuccino® - Grande,Frappuccino®,Coffee – Bakery; Special Ticketed Event,,6.95,magic-kingdom/main-street-bakery
2026-09-05,Main Street Bakery,Magic Kingdom,Strawberry Crème Frappuccino® - Grande,Frappuccino®,Coffee – Bakery; Special Ticketed Event,,6.75,magic-kingdom/main-street-bakery
2026-09-05,Main Street Bakery,Magic Kingdom,Double Chocolaty Chip Crème Frappuccino® - Grande,Frappuccino®,Coffee – Bakery; Special Ticketed Event,,6.45,magic-kingdom/main-street-bakery
2026-09-05,Main Street Bakery,Magic Kingdom,Tropical Butterfly Lemonade Energy Refresher - Grande,Starbucks Refreshers™,Coffee – Bakery; Special Ticketed Event,,8.05,magic-kingdom/main-street-bakery
2026-09-05,Main Street Bakery,Magic Kingdom,Blended Mango Dragonfruit Lemonade Energy Refresher - Grande,Starbucks Refreshers™,Coffee – Bakery; Special Ticketed Event,,6.65,magic-kingdom/main-street-bakery
2026-09-05,Main Street Bakery,Magic Kingdom,Blue Coconut Lemonade Energy Refresher - Grande,Starbucks Refreshers™,Coffee – Bakery; Special Ticketed Event,,6.45,magic-kingdom/main-street-bakery
2026-09-05,Main Street Bakery,Magic Kingdom,Frozen Starbucks Refreshers™ with Lemonade - Grande,Starbucks Refreshers™,Coffee – Bakery; Special Ticketed Event,Strawberry Açai or Mango Dragonfruit,6.45,magic-kingdom/main-street-bakery
2026-09-05,Main Street Bakery,Magic Kingdom,Pink Drink - Grande,Starbucks Refreshers™,Coffee – Bakery; Special Ticketed Event,,5.95,magic-kingdom/main-street-bakery
2026-09-05,Main Street Bakery,Magic Kingdom,Starbucks Refreshers™,Starbucks Refreshers™,Coffee – Bakery; Special Ticketed Event,Strawberry Acai or Mango Dragonfruit,5.45,magic-kingdom/main-street-bakery
2026-09-05,Main Street Bakery,Magic Kingdom,Caramel Macchiato - Grande,Specialty Coffee Beverages,Coffee – Bakery; Special Ticketed Event,,6.25,magic-kingdom/main-street-bakery
2026-09-05,Main Street Bakery,Magic Kingdom,Iced White Chocolate Mocha - Grande,Specialty Coffee Beverages,Coffee – Bakery; Special Ticketed Event,,6.45,magic-kingdom/main-street-bakery
2026-09-05,Main Street Bakery,Magic Kingdom,Caffè Latte - Grande,Specialty Coffee Beverages,Coffee – Bakery; Special Ticketed Event,,5.75,magic-kingdom/main-street-bakery
2026-09-05,Main Street Bakery,Magic Kingdom,Caffè Mocha - Grande,Specialty Coffee Beverages,Coffee – Bakery; Special Ticketed Event,,6.25,magic-kingdom/main-street-bakery
2026-09-05,Main Street Bakery,Magic Kingdom,Iced Chocolate Almondmilk Shaken Espresso - Grande,Specialty Coffee Beverages,Coffee – Bakery; Special Ticketed Event,,6.55,magic-kingdom/main-street-bakery
2026-09-05,Main Street Bakery,Magic Kingdom,Iced Brown Sugar Oatmilk Shaken Espresso - Grande,Specialty Coffee Beverages,Coffee – Bakery; Special Ticketed Event,,6.55,magic-kingdom/main-street-bakery
2026-09-05,Main Street Bakery,Magic Kingdom,Iced Horchata Shaken Espresso - Grande,Specialty Coffee Beverages,Coffee – Bakery; Special Ticketed Event,,6.55,magic-kingdom/main-street-bakery
2026-09-05,Main Street Bakery,Magic Kingdom,Freshly Brewed Coffee - Grande,Specialty Coffee Beverages,Coffee – Bakery; Special Ticketed Event,Regular or Decaf,4.85,magic-kingdom/main-street-bakery
2026-09-05,Main Street Bakery,Magic Kingdom,Pecan Crunch Oatmilk Latte - Grande,Specialty Coffee Beverages,Coffee – Bakery; Special Ticketed Event,,6.75,magic-kingdom/main-street-bakery
2026-09-05,Main Street Bakery,Magic Kingdom,Pumpkin Spice Latte - Grande,Specialty Coffee Beverages,Coffee – Bakery; Special Ticketed Event,,6.75,magic-kingdom/main-street-bakery
2026-09-05,Main Street Bakery,Magic Kingdom,Pumpkin Cream Cold Brew - Grande,Cold Brew,Coffee – Bakery; Special Ticketed Event,,5.95,magic-kingdom/main-street-bakery
2026-09-05,Main Street Bakery,Magic Kingdom,Starbucks® Cold Brew - Grande,Cold Brew,Coffee – Bakery; Special Ticketed Event,,4.95,magic-kingdom/main-street-bakery
2026-09-05,Main Street Bakery,Magic Kingdom,Chocolate Cream Cold Brew - Grande,Cold Brew,Coffee – Bakery; Special Ticketed Event,,5.85,magic-kingdom/main-street-bakery
2026-09-05,Main Street Bakery,Magic Kingdom,Salted Caramel Cream Cold Brew - Grande,Cold Brew,Coffee – Bakery; Special Ticketed Event,,5.85,magic-kingdom/main-street-bakery
2026-09-05,Main Street Bakery,Magic Kingdom,Vanilla Sweet Cream Cold Brew - Grande,Cold Brew,Coffee – Bakery; Special Ticketed Event,,5.45,magic-kingdom/main-street-bakery
2026-09-05,Main Street Bakery,Magic Kingdom,Teavana® Shaken Iced Tea - Grande,Tea & Refreshment,Coffee – Bakery; Special Ticketed Event,"Black, Green or Passion Tango™",4.85,magic-kingdom/main-street-bakery
2026-09-05,Main Street Bakery,Magic Kingdom,Teavana® Shaken Iced Tea Lemonade - Grande,Tea & Refreshment,Coffee – Bakery; Special Ticketed Event,"Black, Green or Passion Tango™",5.85,magic-kingdom/main-street-bakery
2026-09-05,Main Street Bakery,Magic Kingdom,Lemonade - Grande,Tea & Refreshment,Coffee – Bakery; Special Ticketed Event,,4.95,magic-kingdom/main-street-bakery
2026-09-05,Main Street Bakery,Magic Kingdom,Teavana® Chai Tea Latte - Grande,Tea & Refreshment,Coffee – Bakery; Special Ticketed Event,,5.95,magic-kingdom/main-street-bakery
2026-09-05,Main Street Bakery,Magic Kingdom,Teavana® Iced Matcha Green Tea Latte – Grande,Tea & Refreshment,Coffee – Bakery; Special Ticketed Event,,5.95,magic-kingdom/main-street-bakery
2026-09-05,Main Street Bakery,Magic Kingdom,Iced Banana Bread Matcha Tea Latte - Grande,Tea & Refreshment,Coffee – Bakery; Special Ticketed Event,,6.95,magic-kingdom/main-street-bakery
2026-09-05,Main Street Bakery,Magic Kingdom,Iced Pumpkin Cream Chai Latte - Grande,Tea & Refreshment,Coffee – Bakery; Special Ticketed Event,,6.75,magic-kingdom/main-street-bakery
2026-09-05,Main Street Bakery,Magic Kingdom,Caramel Protein Matcha Latte - Grande,Seasonal Offerings,Coffee – Bakery; Special Ticketed Event,,6.95,magic-kingdom/main-street-bakery
2026-09-05,Main Street Bakery,Magic Kingdom,Pistachio Crème Cold Brew - Grande,Seasonal Offerings,Coffee – Bakery; Special Ticketed Event,,5.75,magic-kingdom/main-street-bakery
2026-09-05,Main Street Bakery,Magic Kingdom,Iced Dubai Chocolate Matcha - Grande,Seasonal Offerings,Coffee – Bakery; Special Ticketed Event,,6.75,magic-kingdom/main-street-bakery
2026-09-05,Main Street Bakery,Magic Kingdom,Iced Ube Coconut Macchiato - Grande,Seasonal Offerings,Coffee – Bakery; Special Ticketed Event,,6.95,magic-kingdom/main-street-bakery
2026-09-05,Main Street Bakery,Magic Kingdom,Iced Lavender Cream Matcha - Grande,Seasonal Offerings,Coffee – Bakery; Special Ticketed Event,,6.75,magic-kingdom/main-street-bakery
2026-09-05,Main Street Bakery,Magic Kingdom,Iced Lavender Cream Chai - Grande,Seasonal Offerings,Coffee – Bakery; Special Ticketed Event,,6.75,magic-kingdom/main-street-bakery
2026-09-05,Main Street Bakery,Magic Kingdom,Dragon Drink Energy Refresher - Grande,Seasonal Offerings,Coffee – Bakery; Special Ticketed Event,,6.65,magic-kingdom/main-street-bakery
2026-09-05,Main Street Bakery,Magic Kingdom,Mango Strawberry Lemonade Energy Refresher - Grande,Seasonal Offerings,Coffee – Bakery; Special Ticketed Event,,6.65,magic-kingdom/main-street-bakery
2026-09-05,Main Street Bakery,Magic Kingdom,Blended Pink Energy Drink - Grande,Seasonal Offerings,Coffee – Bakery; Special Ticketed Event,,6.65,magic-kingdom/main-street-bakery
2026-09-05,Main Street Bakery,Magic Kingdom,"Sausage, Cheddar & Egg Sandwich",Breakfast Sandwiches,Coffee – Bakery; Special Ticketed Event,,5.59,magic-kingdom/main-street-bakery
2026-09-05,Main Street Bakery,Magic Kingdom,"Bacon, Gouda & Egg Sandwich",Breakfast Sandwiches,Coffee – Bakery; Special Ticketed Event,,5.99,magic-kingdom/main-street-bakery
2026-09-05,Main Street Bakery,Magic Kingdom,"Double-Smoked Bacon, Cheddar & Egg Sandwich",Breakfast Sandwiches,Coffee – Bakery; Special Ticketed Event,,6.59,magic-kingdom/main-street-bakery
2026-09-05,Main Street Bakery,Magic Kingdom,"Spinach, Feta & Cage-Free Egg White Breakfast Wrap",Breakfast Sandwiches,Coffee – Bakery; Special Ticketed Event,,5.99,magic-kingdom/main-street-bakery
2026-09-05,Main Street Bakery,Magic Kingdom,Ham & Swiss Croissant,Breakfast Sandwiches,Coffee – Bakery; Special Ticketed Event,,5.29,magic-kingdom/main-street-bakery
2026-09-05,Main Street Bakery,Magic Kingdom,Mickey-shaped Cinnamon Roll,Pastries and Desserts,Coffee – Bakery; Special Ticketed Event,Mickey-shaped Cinnamon Roll with white icing,7.49,magic-kingdom/main-street-bakery
2026-09-05,Main Street Bakery,Magic Kingdom,Chocolate Chip Cookie,Pastries and Desserts,Coffee – Bakery; Special Ticketed Event,,4.29,magic-kingdom/main-street-bakery
2026-09-05,Main Street Bakery,Magic Kingdom,Brownie,Pastries and Desserts,Coffee – Bakery; Special Ticketed Event,,5.29,magic-kingdom/main-street-bakery
2026-09-05,Main Street Bakery,Magic Kingdom,Assorted Pastries,Pastries and Desserts,Coffee – Bakery; Special Ticketed Event,,1.79,magic-kingdom/main-street-bakery
2026-09-05,Main Street Bakery,Magic Kingdom,Hedgehog Cake Pop,Pastries and Desserts,Coffee – Bakery; Special Ticketed Event,,3.45,magic-kingdom/main-street-bakery
2026-09-05,Main Street Bakery,Magic Kingdom,Pumpkin Cream Cheese Muffin,Pastries and Desserts,Coffee – Bakery; Special Ticketed Event,,4.99,magic-kingdom/main-street-bakery
2026-09-05,Main Street Bakery,Magic Kingdom,Mickey Cinnamon Roll,Mickey's Not-So-Scary Halloween Party Exclusives,Special Ticketed Event,With White Icing and Halloween Sprinkles,7.99,magic-kingdom/main-street-bakery
2026-09-05,Main Street Bakery,Magic Kingdom,Mickey Cheesecake,Mickey's Not-So-Scary Halloween Party Exclusives,Special Ticketed Event,Pumpkin Cheesecake with Graham Cracker Crust and Pumpkin Whipped Ganache,6.49,magic-kingdom/main-street-bakery
2026-09-05,Pecos Bill Tall Tale Inn and Cafe,Magic Kingdom,Smoked Pork Sandwich,Featured Offerings,Lunch And Dinner,Barbecue Sauce and Cilantro-Lime Coleslaw with French Fries,13.49,magic-kingdom/pecos-bill-tall-tale-inn-and-cafe
2026-09-05,Pecos Bill Tall Tale Inn and Cafe,Magic Kingdom,Queso Fries,Featured Offerings,Lunch And Dinner,French Fries topped with Chipotle Queso and Pico de Gallo,6.99,magic-kingdom/pecos-bill-tall-tale-inn-and-cafe
2026-09-05,Pecos Bill Tall Tale Inn and Cafe,Magic Kingdom,Barbecue Bacon Cheeseburger,Entrées,Lunch And Dinner; Special Ticketed Event,"Angus Beef, American Cheese, House-made Bacon Jam, and Barbecue Sauce with French Fries",14.79,magic-kingdom/pecos-bill-tall-tale-inn-and-cafe
2026-09-05,Pecos Bill Tall Tale Inn and Cafe,Magic Kingdom,Nacho Bowl,Entrées,Lunch And Dinner; Special Ticketed Event,"House-fried Corn Tortilla Chips smothered with Stewed Pinto Beans, Chipotle Queso, and Pico de Gallo",12.99,magic-kingdom/pecos-bill-tall-tale-inn-and-cafe
2026-09-05,Pecos Bill Tall Tale Inn and Cafe,Magic Kingdom,Rice Bowl,Entrées,Lunch And Dinner; Special Ticketed Event,"Stewed Pinto Beans, Cilantro-Lime Rice, Roasted Corn Pico de Gallo, Queso Fresco",12.99,magic-kingdom/pecos-bill-tall-tale-inn-and-cafe
2026-09-05,Pecos Bill Tall Tale Inn and Cafe,Magic Kingdom,Southwest Caesar Salad,Entrées,Lunch And Dinner; Special Ticketed Event,"Romaine tossed in Creamy Salsa Verde Dressing, Pepitas, Queso Fresco, Pico de Gallo, and Tortilla Strips",12.99,magic-kingdom/pecos-bill-tall-tale-inn-and-cafe
2026-09-05,Pecos Bill Tall Tale Inn and Cafe,Magic Kingdom,Southwest Black Bean Burger,Plant-Based,Lunch And Dinner,"Cilantro-Lime Coleslaw, Roasted Corn Pico de Gallo, Chipotle Ranch Sauce with French Fries",12.99,magic-kingdom/pecos-bill-tall-tale-inn-and-cafe
2026-09-05,Pecos Bill Tall Tale Inn and Cafe,Magic Kingdom,Chips con Queso,Sides,Lunch And Dinner; Special Ticketed Event,,6.49,magic-kingdom/pecos-bill-tall-tale-inn-and-cafe
2026-09-05,Pecos Bill Tall Tale Inn and Cafe,Magic Kingdom,Chips and Salsa,Sides,Lunch And Dinner; Special Ticketed Event,,5.99,magic-kingdom/pecos-bill-tall-tale-inn-and-cafe
2026-09-05,Pecos Bill Tall Tale Inn and Cafe,Magic Kingdom,French Fries,Sides,Lunch And Dinner; Special Ticketed Event,,5.49,magic-kingdom/pecos-bill-tall-tale-inn-and-cafe
2026-09-05,Pecos Bill Tall Tale Inn and Cafe,Magic Kingdom,Charro Beans,Sides,Lunch And Dinner; Special Ticketed Event,Stewed Pinto Beans topped with Pico de Gallo and Queso Fresco,5.49,magic-kingdom/pecos-bill-tall-tale-inn-and-cafe
2026-09-05,Pecos Bill Tall Tale Inn and Cafe,Magic Kingdom,Cilantro-Lime Rice,Sides,Lunch And Dinner; Special Ticketed Event,(Plant-based),5.49,magic-kingdom/pecos-bill-tall-tale-inn-and-cafe
2026-09-05,Pecos Bill Tall Tale Inn and Cafe,Magic Kingdom,Guacamole,Sides,Lunch And Dinner; Special Ticketed Event,,2.50,magic-kingdom/pecos-bill-tall-tale-inn-and-cafe
2026-09-05,Pecos Bill Tall Tale Inn and Cafe,Magic Kingdom,Queso Dip,Sides,Lunch And Dinner; Special Ticketed Event,,1.00,magic-kingdom/pecos-bill-tall-tale-inn-and-cafe
2026-09-05,Pecos Bill Tall Tale Inn and Cafe,Magic Kingdom,Green Chile Beef Nacho Bowl,Kid's Disney Check Meals,Lunch And Dinner; Special Ticketed Event,Served with choice of two (2) Sides and choice of Small Lowfat Milk or Small DASANI® Bottled Water,9.29,magic-kingdom/pecos-bill-tall-tale-inn-and-cafe
2026-09-05,Pecos Bill Tall Tale Inn and Cafe,Magic Kingdom,Citrus-Chipotle Chicken Nacho Bowl,Kid's Disney Check Meals,Lunch And Dinner; Special Ticketed Event,Served with choice of two (2) Sides and choice of Small Lowfat Milk or Small DASANI® Bottled Water,9.29,magic-kingdom/pecos-bill-tall-tale-inn-and-cafe
2026-09-05,Pecos Bill Tall Tale Inn and Cafe,Magic Kingdom,Citrus-Chipotle Chicken Rice Bowl,Kid's Disney Check Meals,Lunch And Dinner; Special Ticketed Event,"Served with Stewed Pinto Beans, choice of two (2) Sides, and choice of Small Lowfat Milk or Small DASANI® Bottled Water",9.29,magic-kingdom/pecos-bill-tall-tale-inn-and-cafe
2026-09-05,Pecos Bill Tall Tale Inn and Cafe,Magic Kingdom,Cheeseburger,Kid's Disney Check Meals,Lunch And Dinner; Special Ticketed Event,Served with choice of two (2) Sides and choice of Small Lowfat Milk or Small DASANI® Bottled Water,8.99,magic-kingdom/pecos-bill-tall-tale-inn-and-cafe
2026-09-05,Pecos Bill Tall Tale Inn and Cafe,Magic Kingdom,Cheese Quesadilla,Kid's Disney Check Meals,Lunch And Dinner; Special Ticketed Event,Served with choice of two (2) Sides and choice of Small Lowfat Milk or Small DASANI® Bottled Water,7.79,magic-kingdom/pecos-bill-tall-tale-inn-and-cafe
2026-09-05,Pecos Bill Tall Tale Inn and Cafe,Magic Kingdom,PB&J Uncrustable,Kid's Meals,Lunch And Dinner; Special Ticketed Event,Served with choice of two (2) Sides and choice of Small Lowfat Milk or Small DASANI® Bottled Water,7.29,magic-kingdom/pecos-bill-tall-tale-inn-and-cafe
2026-09-05,Pecos Bill Tall Tale Inn and Cafe,Magic Kingdom,Churro Loops,Desserts,Lunch And Dinner,Tossed in Cinnamon Sugar with House-made Chocolate Ganache,7.49,magic-kingdom/pecos-bill-tall-tale-inn-and-cafe
2026-09-05,Pecos Bill Tall Tale Inn and Cafe,Magic Kingdom,Strawberry Limeade Slush,Specialty Beverages,Lunch And Dinner,,6.59,magic-kingdom/pecos-bill-tall-tale-inn-and-cafe
2026-09-05,Pecos Bill Tall Tale Inn and Cafe,Magic Kingdom,Assorted Fountain Beverages,Beverages,Lunch And Dinner; Special Ticketed Event,Assorted Coca-Cola® Offerings,4.79,magic-kingdom/pecos-bill-tall-tale-inn-and-cafe
2026-09-05,Pecos Bill Tall Tale Inn and Cafe,Magic Kingdom,DASANI® Bottled Water,Beverages,Lunch And Dinner; Special Ticketed Event,,4.25,magic-kingdom/pecos-bill-tall-tale-inn-and-cafe
2026-09-05,Pecos Bill Tall Tale Inn and Cafe,Magic Kingdom,Large Freshly Brewed Joffrey's Coffee™ Regular,Beverages,Lunch And Dinner; Special Ticketed Event,,5.19,magic-kingdom/pecos-bill-tall-tale-inn-and-cafe
2026-09-05,Pecos Bill Tall Tale Inn and Cafe,Magic Kingdom,Large Freshly Brewed Joffrey's Coffee™ Decaf,Beverages,Lunch And Dinner; Special Ticketed Event,,5.19,magic-kingdom/pecos-bill-tall-tale-inn-and-cafe
2026-09-05,Pecos Bill Tall Tale Inn and Cafe,Magic Kingdom,Large Hot Cocoa,Beverages,Lunch And Dinner; Special Ticketed Event,,5.19,magic-kingdom/pecos-bill-tall-tale-inn-and-cafe
2026-09-05,Pecos Bill Tall Tale Inn and Cafe,Magic Kingdom,Large Twinings® Hot Tea,Beverages,Lunch And Dinner; Special Ticketed Event,,5.19,magic-kingdom/pecos-bill-tall-tale-inn-and-cafe
2026-09-05,Pecos Bill Tall Tale Inn and Cafe,Magic Kingdom,Freshly Brewed Joffrey's Coffee™ Regular,Beverages,Lunch And Dinner; Special Ticketed Event,,4.79,magic-kingdom/pecos-bill-tall-tale-inn-and-cafe
2026-09-05,Pecos Bill Tall Tale Inn and Cafe,Magic Kingdom,Freshly Brewed Joffrey's Coffee™ Decaf,Beverages,Lunch And Dinner; Special Ticketed Event,,4.79,magic-kingdom/pecos-bill-tall-tale-inn-and-cafe
2026-09-05,Pecos Bill Tall Tale Inn and Cafe,Magic Kingdom,Twinings® Hot Tea,Beverages,Lunch And Dinner; Special Ticketed Event,,4.79,magic-kingdom/pecos-bill-tall-tale-inn-and-cafe
2026-09-05,Pecos Bill Tall Tale Inn and Cafe,Magic Kingdom,Hot Cocoa,Beverages,Lunch And Dinner; Special Ticketed Event,,4.79,magic-kingdom/pecos-bill-tall-tale-inn-and-cafe
2026-09-05,Pecos Bill Tall Tale Inn and Cafe,Magic Kingdom,Lowfat Milk,Beverages,Lunch And Dinner; Special Ticketed Event,,2.29,magic-kingdom/pecos-bill-tall-tale-inn-and-cafe
2026-09-05,Pecos Bill Tall Tale Inn and Cafe,Magic Kingdom,Frightful Black Bean Burger,Mickey's Not-So-Scary Halloween Party Exclusives,Special Ticketed Event,"Topped with Jalapeño-Ranch Slaw and Jalapeño Chips, served with French Fries (Plant-based)",12.99,magic-kingdom/pecos-bill-tall-tale-inn-and-cafe
2026-09-05,Pecos Bill Tall Tale Inn and Cafe,Magic Kingdom,Buzzard Wings,Mickey's Not-So-Scary Halloween Party Exclusives,Special Ticketed Event,"Whole Chicken Wings tossed with Grilled Onions, Jalapeños, and Lime",12.49,magic-kingdom/pecos-bill-tall-tale-inn-and-cafe
2026-09-05,Pecos Bill Tall Tale Inn and Cafe,Magic Kingdom,Cursed Cowboy Fries,Mickey's Not-So-Scary Halloween Party Exclusives,Special Ticketed Event,"Sweet Potato Fries topped with Barbecue Burnt Ends, Chipotle Queso, Pico de Gallo and Crispy Jalapeños",10.49,magic-kingdom/pecos-bill-tall-tale-inn-and-cafe
2026-09-05,Pecos Bill Tall Tale Inn and Cafe,Magic Kingdom,Pumpkin Patch Mini Churros,Mickey's Not-So-Scary Halloween Party Exclusives,Special Ticketed Event,Rolled in Orange Sugar and served with Pumpkin Cheesecake Dip,7.49,magic-kingdom/pecos-bill-tall-tale-inn-and-cafe
2026-09-05,Pecos Bill Tall Tale Inn and Cafe,Magic Kingdom,Guava Lemonade Slushy,Mickey's Not-So-Scary Halloween Party Exclusives,Special Ticketed Event,"with Cheesecake Foam, Halloween Sprinkles, and a Sugar Spider",6.79,magic-kingdom/pecos-bill-tall-tale-inn-and-cafe
2026-09-05,Pecos Bill Tall Tale Inn and Cafe,Magic Kingdom,Skull-icious Cake,Mickey's Not-So-Scary Halloween Party Exclusives,Special Ticketed Event,"Chocolate Cake, Chocolate Mousse and Peanut Butter Buttercream with Chocolate Popping Candies and a Chocolate Cookie Crust",6.29,magic-kingdom/pecos-bill-tall-tale-inn-and-cafe
2026-09-05,Pinocchio Village Haus,Magic Kingdom,Pluto Skeleton Sipper,Souvenir Specialty,Lunch And Dinner; Special Ticketed Event,"Includes choice of Coca-Cola® Fountain Beverage. Limit two (2) per person, per transaction.",18.79,magic-kingdom/pinocchio-village-haus
2026-09-05,Pinocchio Village Haus,Magic Kingdom,Chicken Parmesan Sandwich,Featured Offerings,Lunch And Dinner,"Chicken Strips, Marinara, and Mozzarella baked in a Roll served with French fries",13.99,magic-kingdom/pinocchio-village-haus
2026-09-05,Pinocchio Village Haus,Magic Kingdom,Buffalo Chicken Flatbread,Featured Offerings,Lunch And Dinner,"Flatbread topped with Grilled Chicken, Mozzarella, Ranch, Buffalo Sauce, and Crumbled Ranch-flavored Tortilla Chips",13.29,magic-kingdom/pinocchio-village-haus
2026-09-05,Pinocchio Village Haus,Magic Kingdom,Lemon Pepper-Parmesan Chicken Strips,Featured Offerings,Lunch And Dinner,Served with choice of Side,12.99,magic-kingdom/pinocchio-village-haus
2026-09-05,Pinocchio Village Haus,Magic Kingdom,All-Meat Flatbread,Entrées,Lunch And Dinner; Special Ticketed Event,"Flatbread topped with Tomato Sauce, Sausage, Ham, Mozzarella, Provolone, and Parmesan",13.29,magic-kingdom/pinocchio-village-haus
2026-09-05,Pinocchio Village Haus,Magic Kingdom,Pepperoni Flatbread,Entrées,Lunch And Dinner; Special Ticketed Event,"Flatbread topped with Pepperoni, Tomato Sauce and Mozzarella Cheese",12.99,magic-kingdom/pinocchio-village-haus
2026-09-05,Pinocchio Village Haus,Magic Kingdom,Gourmet Cheese Flatbread,Entrées,Lunch And Dinner; Special Ticketed Event,"Flatbread topped with Tomato Sauce and our Gourmet blend of Mozzarella, Provolone, and Parmesan",12.79,magic-kingdom/pinocchio-village-haus
2026-09-05,Pinocchio Village Haus,Magic Kingdom,Caesar Salad with Chicken,Entrées,Lunch And Dinner; Special Ticketed Event,"Chopped Romaine tossed in a Creamy Caesar Dressing topped with Croutons, Grilled Chicken, and Shredded Parmesan",11.99,magic-kingdom/pinocchio-village-haus
2026-09-05,Pinocchio Village Haus,Magic Kingdom,Chicken Strips (4 Strips),Entrées,Lunch And Dinner; Special Ticketed Event,Served with French Fries,10.99,magic-kingdom/pinocchio-village-haus
2026-09-05,Pinocchio Village Haus,Magic Kingdom,Caesar Salad,Entrées,Lunch And Dinner; Special Ticketed Event,Chopped Romaine tossed in Creamy Caesar Dressing topped with Croutons and Shredded Parmesan,9.99,magic-kingdom/pinocchio-village-haus
2026-09-05,Pinocchio Village Haus,Magic Kingdom,"Plant-based ""Cheese"" Pizza",Plant-Based,Lunch And Dinner; Special Ticketed Event,"Pizza topped with Tomato Sauce and ""Mozzarella""",12.79,magic-kingdom/pinocchio-village-haus
2026-09-05,Pinocchio Village Haus,Magic Kingdom,Bread Sticks,Sides,Lunch And Dinner; Special Ticketed Event,with Marinara Sauce,6.99,magic-kingdom/pinocchio-village-haus
2026-09-05,Pinocchio Village Haus,Magic Kingdom,"Black Garlic, Truffle, and Parmesan Fries",Sides,Lunch And Dinner; Special Ticketed Event,French Fries topped with Black Garlic-Truffle Aïoli and Parmesan,6.99,magic-kingdom/pinocchio-village-haus
2026-09-05,Pinocchio Village Haus,Magic Kingdom,French Fries,Sides,Lunch And Dinner; Special Ticketed Event,,5.49,magic-kingdom/pinocchio-village-haus
2026-09-05,Pinocchio Village Haus,Magic Kingdom,Tomato Basil Soup,Sides,Lunch And Dinner; Special Ticketed Event,,4.29,magic-kingdom/pinocchio-village-haus
2026-09-05,Pinocchio Village Haus,Magic Kingdom,Side Caesar Salad,Sides,Lunch And Dinner; Special Ticketed Event,"Chopped Romaine, Caesar Dressing, Shredded Parmesan, and Croutons",4.59,magic-kingdom/pinocchio-village-haus
2026-09-05,Pinocchio Village Haus,Magic Kingdom,Ham and Cheese Kid's Pack,Kid's Disney Check Meals,Lunch And Dinner; Special Ticketed Event,"Sliced Ham and Cheddar with Apples, Grapes, Dehydrated Green Beans, and Whole-Wheat Crackers",8.29,magic-kingdom/pinocchio-village-haus
2026-09-05,Pinocchio Village Haus,Magic Kingdom,Turkey Sandwich Kid’s Pack,Kid's Disney Check Meals,Lunch And Dinner; Special Ticketed Event,Sliced Roasted Turkey Breast and Cheddar on Honey-Wheat Bread with Apple Chips and Grape Tomatoes served with choice of Small Lowfat Milk or Small DASANI® Bottled Water,7.79,magic-kingdom/pinocchio-village-haus
2026-09-05,Pinocchio Village Haus,Magic Kingdom,Chicken Strips (2 Strips),Kid's Meals,Lunch And Dinner; Special Ticketed Event,Served with choice of two Sides and choice of Small Lowfat Milk or Small DASANI® Bottled Water,8.99,magic-kingdom/pinocchio-village-haus
2026-09-05,Pinocchio Village Haus,Magic Kingdom,Pepperoni Flatbread,Kid's Meals,Lunch And Dinner; Special Ticketed Event,Served with choice of two Sides and choice of Small Lowfat Milk or Small DASANI® Bottled Water,8.29,magic-kingdom/pinocchio-village-haus
2026-09-05,Pinocchio Village Haus,Magic Kingdom,Macaroni & Cheese,Kid's Meals,Lunch And Dinner; Special Ticketed Event,Served with choice of two (2) Sides and choice of Small Lowfat Milk or Small DASANI® Bottled Water,7.49,magic-kingdom/pinocchio-village-haus
2026-09-05,Pinocchio Village Haus,Magic Kingdom,Nonfat Greek Yogurt,Quick Bites,Lunch And Dinner; Special Ticketed Event,,3.19,magic-kingdom/pinocchio-village-haus
2026-09-05,Pinocchio Village Haus,Magic Kingdom,A Cuties® Mandarin,Quick Bites,Lunch And Dinner; Special Ticketed Event,,1.99,magic-kingdom/pinocchio-village-haus
2026-09-05,Pinocchio Village Haus,Magic Kingdom,Pinocchio Cookie Tart,Desserts,Lunch And Dinner,"Filled with Chocolate Ganache and topped with Chantilly Cream, Cookie Dough Crumbles, and a Chocolate Piece",6.29,magic-kingdom/pinocchio-village-haus
2026-09-05,Pinocchio Village Haus,Magic Kingdom,Blue Raspberry Slushy,Specialty Beverages,Lunch And Dinner,,6.29,magic-kingdom/pinocchio-village-haus
2026-09-05,Pinocchio Village Haus,Magic Kingdom,Large Joffrey's™ Cold Brew Coffee with Sweet Cream,Beverages,Lunch And Dinner; Special Ticketed Event,,6.49,magic-kingdom/pinocchio-village-haus
2026-09-05,Pinocchio Village Haus,Magic Kingdom,Large Joffrey's™ Shakin' Jamaican with Sweet Cream,Beverages,Lunch And Dinner; Special Ticketed Event,,6.49,magic-kingdom/pinocchio-village-haus
2026-09-05,Pinocchio Village Haus,Magic Kingdom,Joffrey's™ Cold Brew Coffee with Sweet Cream,Beverages,Lunch And Dinner; Special Ticketed Event,,5.99,magic-kingdom/pinocchio-village-haus
2026-09-05,Pinocchio Village Haus,Magic Kingdom,Joffrey's™ Shakin' Jamaican with Sweet Cream,Beverages,Lunch And Dinner; Special Ticketed Event,,5.99,magic-kingdom/pinocchio-village-haus
2026-09-05,Pinocchio Village Haus,Magic Kingdom,Simply® Orange,Beverages,Lunch And Dinner; Special Ticketed Event,,5.59,magic-kingdom/pinocchio-village-haus
2026-09-05,Pinocchio Village Haus,Magic Kingdom,Large Freshly Brewed Joffrey's Coffee™ Regular,Beverages,Lunch And Dinner; Special Ticketed Event,,5.19,magic-kingdom/pinocchio-village-haus
2026-09-05,Pinocchio Village Haus,Magic Kingdom,Large Freshly Brewed Joffrey's Coffee™ Decaf,Beverages,Lunch And Dinner; Special Ticketed Event,,5.19,magic-kingdom/pinocchio-village-haus
2026-09-05,Pinocchio Village Haus,Magic Kingdom,Large Hot Cocoa,Beverages,Lunch And Dinner; Special Ticketed Event,,5.19,magic-kingdom/pinocchio-village-haus
2026-09-05,Pinocchio Village Haus,Magic Kingdom,Large Twinings® Hot Tea,Beverages,Lunch And Dinner; Special Ticketed Event,,5.19,magic-kingdom/pinocchio-village-haus
2026-09-05,Pinocchio Village Haus,Magic Kingdom,Assorted Fountain Beverages,Beverages,Lunch And Dinner; Special Ticketed Event,Assorted Coca-Cola® Offerings,4.79,magic-kingdom/pinocchio-village-haus
2026-09-05,Pinocchio Village Haus,Magic Kingdom,Freshly Brewed Joffrey's Coffee™ Regular,Beverages,Lunch And Dinner; Special Ticketed Event,,4.79,magic-kingdom/pinocchio-village-haus
2026-09-05,Pinocchio Village Haus,Magic Kingdom,Freshly Brewed Joffrey's Coffee™ Decaf,Beverages,Lunch And Dinner; Special Ticketed Event,,4.79,magic-kingdom/pinocchio-village-haus
2026-09-05,Pinocchio Village Haus,Magic Kingdom,Hot Cocoa,Beverages,Lunch And Dinner; Special Ticketed Event,,4.79,magic-kingdom/pinocchio-village-haus
2026-09-05,Pinocchio Village Haus,Magic Kingdom,Twinings® Hot Tea,Beverages,Lunch And Dinner; Special Ticketed Event,,4.79,magic-kingdom/pinocchio-village-haus
2026-09-05,Pinocchio Village Haus,Magic Kingdom,DASANI® Bottled Water,Beverages,Lunch And Dinner; Special Ticketed Event,,4.25,magic-kingdom/pinocchio-village-haus
2026-09-05,Pinocchio Village Haus,Magic Kingdom,Small Chocolate Milk,Beverages,Lunch And Dinner; Special Ticketed Event,,2.29,magic-kingdom/pinocchio-village-haus
2026-09-05,Pinocchio Village Haus,Magic Kingdom,Lowfat Milk,Beverages,Lunch And Dinner; Special Ticketed Event,,2.59,magic-kingdom/pinocchio-village-haus
2026-09-05,Pinocchio Village Haus,Magic Kingdom,Fra Diavolo Chicken Sandwich,Mickey's Not-So-Scary Halloween Party Exclusives,Special Ticketed Event,"Fried Chicken Breast with Fra Diavolo Sauce, Cheese, Basil Pesto, and Arugula on a Ciabatta Bun served with French Fries",13.99,magic-kingdom/pinocchio-village-haus
2026-09-05,Pinocchio Village Haus,Magic Kingdom,Undead Garlic-Parmesan Chicken Strips,Mickey's Not-So-Scary Halloween Party Exclusives,Special Ticketed Event,"with Garlic-Parmesan Sauce, Parsley, and served with French Fries",12.99,magic-kingdom/pinocchio-village-haus
2026-09-05,Pinocchio Village Haus,Magic Kingdom,Phantasmal Fried Pumpkin Ravioli,Mickey's Not-So-Scary Halloween Party Exclusives,Special Ticketed Event,served with Black Garlic Aïoli and a Side Caesar Salad,11.49,magic-kingdom/pinocchio-village-haus
2026-09-05,Pinocchio Village Haus,Magic Kingdom,Scary Ghost Slushy,Mickey's Not-So-Scary Halloween Party Exclusives,Special Ticketed Event,Blue Raspberry Slushy with Marshmallow Foam and a Marshmallow Ghost,6.79,magic-kingdom/pinocchio-village-haus
2026-09-05,Pinocchio Village Haus,Magic Kingdom,Cruella Cookie Sandwich,Mickey's Not-So-Scary Halloween Party Exclusives,Special Ticketed Event,"Chocolate Cookies filled with Raspberry Ganache, dipped in White Chocolate and Sprinkles",6.29,magic-kingdom/pinocchio-village-haus
2026-09-05,Plaza Ice Cream Parlor,Magic Kingdom,Pumpkin Sundae,Halloween Exclusives,Snack,"Pumpkin Gelato with Pumpkin-spiced Caramel Sauce, Pumpkin Brittle, and Halloween Sprinkles",8.29,magic-kingdom/plaza-ice-cream-parlor
2026-09-05,Plaza Ice Cream Parlor,Magic Kingdom,All-American Sundae,Desserts,Snack,"Old-fashioned Vanilla and Chocolate Ice Cream with Hot Fudge, Peanut Butter Drizzle, Whipped Cream and a Cherry",8.29,magic-kingdom/plaza-ice-cream-parlor
2026-09-05,Plaza Ice Cream Parlor,Magic Kingdom,Brownie Sundae,Desserts,Snack,"Warm Brownie served with Hot Fudge, Whipped Cream, Cherry and your choice of Two Hand-scoops of Ice Cream",9.29,magic-kingdom/plaza-ice-cream-parlor
2026-09-05,Plaza Ice Cream Parlor,Magic Kingdom,The Plaza Ice Cream Sundae,Desserts,Snack,"Hot Fudge, Whipped Cream and a Cherry served in a Freshly Made Waffle Bowl with your choice of Two Hand-scoops of Ice Cream",9.29,magic-kingdom/plaza-ice-cream-parlor
2026-09-05,Plaza Ice Cream Parlor,Magic Kingdom,Double-scooped Ice Cream Cone,Desserts,Snack,,7.79,magic-kingdom/plaza-ice-cream-parlor
2026-09-05,Plaza Ice Cream Parlor,Magic Kingdom,Ice Cream Cookie Sandwich,Desserts,Snack,Your choice of Hand-scooped Ice Cream,7.49,magic-kingdom/plaza-ice-cream-parlor
2026-09-05,Plaza Ice Cream Parlor,Magic Kingdom,Hot Fudge,Ice Cream Toppings,Snack,,0.69,magic-kingdom/plaza-ice-cream-parlor
2026-09-05,Plaza Ice Cream Parlor,Magic Kingdom,Caramel Topping,Ice Cream Toppings,Snack,,0.69,magic-kingdom/plaza-ice-cream-parlor
2026-09-05,Plaza Ice Cream Parlor,Magic Kingdom,M&M'S® Milk Chocolate Minis,Ice Cream Toppings,Snack,,0.99,magic-kingdom/plaza-ice-cream-parlor
2026-09-05,Plaza Ice Cream Parlor,Magic Kingdom,Peanut Butter Candy Pieces,Ice Cream Toppings,Snack,,0.99,magic-kingdom/plaza-ice-cream-parlor
2026-09-05,Plaza Ice Cream Parlor,Magic Kingdom,Toffee Candy Bar Pieces,Ice Cream Toppings,Snack,,0.99,magic-kingdom/plaza-ice-cream-parlor
2026-09-05,Plaza Ice Cream Parlor,Magic Kingdom,Cookies and Cream Crumbles,Ice Cream Toppings,Snack,,0.99,magic-kingdom/plaza-ice-cream-parlor
2026-09-05,Plaza Ice Cream Parlor,Magic Kingdom,Hand-dipped Shakes,Artisanal Shakes,Snack,"Chocolate, Vanilla, or Strawberry",8.99,magic-kingdom/plaza-ice-cream-parlor
2026-09-05,Plaza Ice Cream Parlor,Magic Kingdom,S'mores Shake,Artisanal Shakes,Snack,"Chocolate Ice Cream blended with Marshmallows and Graham Cracker Crumbles topped with Whipped Cream, Graham Cracker Crumbles, Mini Marshmallows, and Hot Fudge",9.49,magic-kingdom/plaza-ice-cream-parlor
2026-09-05,Plaza Ice Cream Parlor,Magic Kingdom,Ice Cream Float,Beverages,Snack,"With Coca-Cola®, Barq's® Root Beer, or Fanta® Orange and your choice of Hand-scooped Ice Cream",6.99,magic-kingdom/plaza-ice-cream-parlor
2026-09-05,Plaza Ice Cream Parlor,Magic Kingdom,Assorted Bottled Beverages,Beverages,Snack,"Coca-Cola®, Diet Coke®, Sprite®",5.50,magic-kingdom/plaza-ice-cream-parlor
2026-09-05,Plaza Ice Cream Parlor,Magic Kingdom,DASANI® Bottled Water,Beverages,Snack,,4.25,magic-kingdom/plaza-ice-cream-parlor
2026-09-05,The Plaza Restaurant,Magic Kingdom,Skull Meatloaf,Halloween Offerings,Lunch; Dinner,Caribbean-style Glazed Meatloaf served with Mashed Potatoes and Seasonal Vegetables,27.00,magic-kingdom/plaza-restaurant
2026-09-05,The Plaza Restaurant,Magic Kingdom,Devilish Crispy Chicken Sandwich,Halloween Offerings,Lunch; Dinner,"Ghoulish Spiced Mayonnaise, Red Cabbage, and Fresno Peppers on a Black Kaiser Roll served with French Fries",26.00,magic-kingdom/plaza-restaurant
2026-09-05,The Plaza Restaurant,Magic Kingdom,Goblins and Ghoulies,Halloween Offerings,Lunch; Dinner,"Captain Morgan Original Spiced Rum, Disaronno Originale Liqueur, Apple Cider, and Pomegranate Juice",17.50,magic-kingdom/plaza-restaurant
2026-09-05,The Plaza Restaurant,Magic Kingdom,Phantom Pecan-Caramel Cheesecake,Halloween Offerings,Lunch; Dinner,"Layers of New York and Caramel Cheesecake with Dulce de Leche, Chocolate Ganache, and Pecans on a Chocolate Crust",11.00,magic-kingdom/plaza-restaurant
2026-09-05,The Plaza Restaurant,Magic Kingdom,Plaza Loaded Fries,Appetizers,Lunch; Dinner,"Crispy Fries topped with Melted Cheddar, Bacon, Green Onion, and Ranch",16.00,magic-kingdom/plaza-restaurant
2026-09-05,The Plaza Restaurant,Magic Kingdom,House Salad,Appetizers,Lunch; Dinner,"Mixed Greens, Sliced Cucumbers, Tomatoes, and Balsamic Vinaigrette",10.00,magic-kingdom/plaza-restaurant
2026-09-05,The Plaza Restaurant,Magic Kingdom,Today's Soup,Appetizers,Lunch; Dinner,,10.00,magic-kingdom/plaza-restaurant
2026-09-05,The Plaza Restaurant,Magic Kingdom,Beer-battered Onion Rings,Appetizers,Lunch; Dinner,Served with Mild Horseradish and Ranch Dipping Sauces,10.00,magic-kingdom/plaza-restaurant
2026-09-05,The Plaza Restaurant,Magic Kingdom,Chipotle Barbecue Pork Sandwich,Entrées,Lunch; Dinner,Slow-cooked Pulled Pork with Coca-Cola® Chipotle Barbecue Sauce and Coleslaw served on a Toasted Potato Roll,19.00,magic-kingdom/plaza-restaurant
2026-09-05,The Plaza Restaurant,Magic Kingdom,Bacon Cheeseburger,Entrées,Lunch; Dinner,"Two Pressed Signature-blend Patties topped with Candied Bacon, Cheddar, Caramelized Onions, Lettuce, Tomato, and Signature Sauce on a Potato Bun",27.00,magic-kingdom/plaza-restaurant
2026-09-05,The Plaza Restaurant,Magic Kingdom,Chicken Waldorf Salad,Entrées,Lunch; Dinner,"Mixed Lettuces with Pulled Chicken, Spiced Pecans, Apples, Grapes, Celery, and Blue Cheese tossed in Apple Cider Vinaigrette",21.00,magic-kingdom/plaza-restaurant
2026-09-05,The Plaza Restaurant,Magic Kingdom,Triple Decker Turkey Club Sandwich,Entrées,Lunch; Dinner,"Smoked Turkey, Candied Bacon, Lettuce, Tomato, and Lemon-Pepper Mayonnaise on Sourdough Toast served with French Fries",21.00,magic-kingdom/plaza-restaurant
2026-09-05,The Plaza Restaurant,Magic Kingdom,Chef's Salad,Entrées,Lunch; Dinner,"Smoked Turkey, Smoked Ham, Swiss Cheese, Cheddar, Hard-boiled Eggs, Tomatoes, and Cucumbers over Romaine served with your choice of Dressing",21.00,magic-kingdom/plaza-restaurant
2026-09-05,The Plaza Restaurant,Magic Kingdom,Chili Impossible™ Burger,Entrées,Lunch; Dinner,"Topped with Chili featuring Impossible™ Beef, Pico de Gallo, and Plant-based Cheddar on a Potato Roll",27.00,magic-kingdom/plaza-restaurant
2026-09-05,The Plaza Restaurant,Magic Kingdom,Shrimp Louie Salad,Entrées,Lunch; Dinner,"Chilled Shrimp, Hard-boiled Eggs, Tomatoes, Avocado, and Cucumber over Romaine served with a Zesty Rémoulade",22.00,magic-kingdom/plaza-restaurant
2026-09-05,The Plaza Restaurant,Magic Kingdom,Cookies 'n Cream Milk Shake,Artisanal Shakes,Lunch; Dinner,"Blended Hand-dipped Ice Cream topped with Whipped Cream, Cookie Pieces, and a Cherry",9.50,magic-kingdom/plaza-restaurant
2026-09-05,The Plaza Restaurant,Magic Kingdom,Milk Shakes,Artisanal Shakes,Lunch; Dinner,"Hand-dipped Milk Shake topped with Whipped Cream and a Cherry with choice of Chocolate, Vanilla, Strawberry, or Mint Chocolate Chip.",9.00,magic-kingdom/plaza-restaurant
2026-09-05,The Plaza Restaurant,Magic Kingdom,Original Banana Split,Dessert,Lunch; Dinner,"A ripe Banana and three scoops of Ice Cream (Vanilla, Chocolate, and Strawberry) topped with Hot Fudge, Strawberry Sauce, Crushed Pineapple, Chopped Nuts, Whipped Cream, and a Cherry",11.50,magic-kingdom/plaza-restaurant
2026-09-05,The Plaza Restaurant,Magic Kingdom,Sorbet,Dessert,Lunch; Dinner,Ask your Server for Today's Specialty (Plant-based),7.75,magic-kingdom/plaza-restaurant
2026-09-05,The Plaza Restaurant,Magic Kingdom,Specialty Character Drink,Kid's Specialty Drink,Lunch; Dinner,Minute Maid® Zero Sugar Lemonade with flavors of Cotton Candy served in a Souvenir Character Cup,7.00,magic-kingdom/plaza-restaurant
2026-09-05,The Plaza Restaurant,Magic Kingdom,Grapes,Kids' Appetizers (à la carte),Lunch; Dinner,,3.25,magic-kingdom/plaza-restaurant
2026-09-05,The Plaza Restaurant,Magic Kingdom,Sliced Apples,Kids' Appetizers (à la carte),Lunch; Dinner,,3.25,magic-kingdom/plaza-restaurant
2026-09-05,The Plaza Restaurant,Magic Kingdom,Garden Salad,Kids' Appetizers (à la carte),Lunch; Dinner,with Fat-free Ranch Dressing,3.25,magic-kingdom/plaza-restaurant
2026-09-05,The Plaza Restaurant,Magic Kingdom,Cheeseburger,Kids' Create-Your-Own Entrées (choose one),Lunch; Dinner,"Served with choice of two (2) Selections and choice of Small Lowfat Milk, Small DASANI® Bottled Water, or Small Minute Maid® Apple Juice",12.50,magic-kingdom/plaza-restaurant
2026-09-05,The Plaza Restaurant,Magic Kingdom,Macaroni & Cheese,Kids' Create-Your-Own Entrées (choose one),Lunch; Dinner,"Served with choice of two (2) Selections and choice of Small Lowfat Milk, Small DASANI® Bottled Water, or Small Minute Maid® Apple Juice",11.50,magic-kingdom/plaza-restaurant
2026-09-05,The Plaza Restaurant,Magic Kingdom,Turkey Sandwich,Kids' Create-Your-Own Entrées (choose one),Lunch; Dinner,"on Honey-Wheat Bread served with choice of two (2) Selections and choice of Small Lowfat Milk, Small DASANI® Bottled Water, or Small Minute Maid® Apple Juice",11.50,magic-kingdom/plaza-restaurant
2026-09-05,The Plaza Restaurant,Magic Kingdom,Peanut Butter & Jelly Sandwich,Kids' Create-Your-Own Entrées (choose one),Lunch; Dinner,"on Honey-Wheat Bread served with choice of two (2) Selections and choice of Small Lowfat Milk, Small DASANI® Bottled Water, or Small Minute Maid® Apple Juice",10.50,magic-kingdom/plaza-restaurant
2026-09-05,The Plaza Restaurant,Magic Kingdom,Domaine Ste. Michelle Brut,Wine,Lunch; Dinner,"Not too dry, apples and citrus with persistent bubbles and a crisp finish.",56.00,magic-kingdom/plaza-restaurant
2026-09-05,The Plaza Restaurant,Magic Kingdom,Fess Parker Riesling,Wine,Lunch; Dinner,"Slightly sweet, filled with peach, apricot, and melon aromas and flavors.",56.00,magic-kingdom/plaza-restaurant
2026-09-05,The Plaza Restaurant,Magic Kingdom,Indaba Sauvignon Blanc,Wine,Lunch; Dinner,"Dry, zesty citrus and tropical flavors that are crisp and refreshing.",52.00,magic-kingdom/plaza-restaurant
2026-09-05,The Plaza Restaurant,Magic Kingdom,Cambria Katherine's Vineyard Chardonnay,Wine,Lunch; Dinner,"Dry, flavors of lemon, pineapple, and apple with vanilla and a creamy texture.",62.00,magic-kingdom/plaza-restaurant
2026-09-05,The Plaza Restaurant,Magic Kingdom,MacMurray Estate Pinot Noir,Wine,Lunch; Dinner,"Dry, layers of cherry and boysenberry with baking spices and a silky finish.",74.00,magic-kingdom/plaza-restaurant
2026-09-05,The Plaza Restaurant,Magic Kingdom,J. Lohr 'Seven Oaks' Cabernet Sauvignon,Wine,Lunch; Dinner,"Dry, juicy dark cherries and blueberry-filled with cocoa powder and roasted coffee.",56.00,magic-kingdom/plaza-restaurant
2026-09-05,The Plaza Restaurant,Magic Kingdom,Bud Light Lager,Beer,Lunch; Dinner,,9.75,magic-kingdom/plaza-restaurant
2026-09-05,The Plaza Restaurant,Magic Kingdom,Michelob Ultra Lager,Beer,Lunch; Dinner,,10.25,magic-kingdom/plaza-restaurant
2026-09-05,The Plaza Restaurant,Magic Kingdom,Blue Moon Belgian White Ale,Beer,Lunch; Dinner,,10.25,magic-kingdom/plaza-restaurant
2026-09-05,The Plaza Restaurant,Magic Kingdom,Cigar City Jai Alai IPA,Beer,Lunch; Dinner,,12.50,magic-kingdom/plaza-restaurant
2026-09-05,The Plaza Restaurant,Magic Kingdom,Goblins and Ghoulies,Specialty Cocktails,Lunch; Dinner,"Captain Morgan Original Spiced Rum, Disaronno Originale Liqueur, Apple Cider, and Pomegranate Juice",17.50,magic-kingdom/plaza-restaurant
2026-09-05,The Plaza Restaurant,Magic Kingdom,Sunrise Margarita,Specialty Cocktails,Lunch; Dinner,"Teremana Blanco Tequila, Grand Marnier Liqueur, Agave, Lime, Hella Cocktail Co. Smoked Chili Bitters",18.50,magic-kingdom/plaza-restaurant
2026-09-05,The Plaza Restaurant,Magic Kingdom,Cold Brew Martini,Specialty Cocktails,Lunch; Dinner,"Kōloa Kauaʻi Cacao Rum, Tia Maria Liqueur, Joffrey’s™ Cold Brew Coffee",17.50,magic-kingdom/plaza-restaurant
2026-09-05,The Plaza Restaurant,Magic Kingdom,House-made White Sangria,Specialty Cocktails,Lunch; Dinner,Indaba Sauvignon Blanc with Pineapple Juice and Fruit,14.00,magic-kingdom/plaza-restaurant
2026-09-05,The Plaza Restaurant,Magic Kingdom,Plaza Loaded Fries,Allergy-Friendly Appetizers,Lunch; Dinner,"Crispy Fries topped with Melted Cheddar, Bacon, Green Onion, and Ranch (For Gluten/Wheat, Egg, Fish/Shellfish, Peanut/Tree Nut, and Sesame Allergies)",16.00,magic-kingdom/plaza-restaurant
2026-09-05,The Plaza Restaurant,Magic Kingdom,House Salad,Allergy-Friendly Appetizers,Lunch; Dinner,"Mixed Greens, Sliced Cucumbers, Tomatoes, and Balsamic Vinaigrette (For Gluten/Wheat, Egg, Fish/Shellfish, Milk, Peanut/Tree Nut, Sesame, and Soy Allergies)",10.00,magic-kingdom/plaza-restaurant
2026-09-05,The Plaza Restaurant,Magic Kingdom,Beer-battered Onion Rings,Allergy-Friendly Appetizers,Lunch; Dinner,"Served with Mild Horseradish and Ranch Dipping Sauces (For Fish/Shellfish, Peanut/Tree Nut, Sesame Allergies)",10.00,magic-kingdom/plaza-restaurant
2026-09-05,The Plaza Restaurant,Magic Kingdom,Chipotle Barbecue Pork Sandwich,Allergy-Friendly Entrées,Lunch; Dinner,"Slow-cooked Pulled Pork with Coca-Cola® Chipotle Barbecue Sauce and Coleslaw served on an Allergy-Friendly Bun (For Gluten/Wheat, Egg, Fish/Shellfish, Milk, Peanut/Tree Nut, Sesame, Soy Allergies)",19.00,magic-kingdom/plaza-restaurant
2026-09-05,The Plaza Restaurant,Magic Kingdom,Bacon Cheeseburger,Allergy-Friendly Entrées,Lunch; Dinner,"Two Pressed Signature-blend Patties topped with Candied Bacon, Cheddar, Caramelized Onions, Lettuce, Tomato, and Signature Sauce on an Allergy-Friendly Bun (For Gluten/Wheat, Fish/Shellfish, Peanut/Tree Nut, and Sesame Allergies)",27.00,magic-kingdom/plaza-restaurant
2026-09-05,The Plaza Restaurant,Magic Kingdom,Chicken Waldorf Salad,Allergy-Friendly Entrées,Lunch; Dinner,"Mixed Lettuces with Pulled Chicken, Spiced Pecans, Apples, Grapes, Celery, and Blue Cheese tossed in Apple Cider Vinaigrette (For Gluten/Wheat, Egg, Fish/Shellfish, Peanut, Sesame, and Soy Allergies)",21.00,magic-kingdom/plaza-restaurant
2026-09-05,The Plaza Restaurant,Magic Kingdom,Triple Decker Turkey Club Sandwich,Allergy-Friendly Entrées,Lunch; Dinner,"Smoked Turkey, Candied Bacon, Lettuce, Tomato, and Lemon-Pepper Mayonnaise on an Allergy-Friendly Bread (For Gluten/Wheat, Fish/Shellfish, Milk, Peanut/Tree Nut, and Sesame Allergies)",21.00,magic-kingdom/plaza-restaurant
2026-09-05,The Plaza Restaurant,Magic Kingdom,Chef's Salad,Allergy-Friendly Entrées,Lunch; Dinner,"Smoked Turkey, Smoked Ham, Swiss Cheese, Cheddar, Hard-boiled Eggs, Tomatoes, and Cucumbers over Romaine served with your choice of Dressing (For Gluten/Wheat, Fish/Shellfish, Peanut/Tree Nut, Sesame, and Soy Allergies)",21.00,magic-kingdom/plaza-restaurant
2026-09-05,The Plaza Restaurant,Magic Kingdom,Impossible™ Chili Burger,Allergy-Friendly Entrées,Lunch; Dinner,"Topped with Chili featuring Impossible™ Beef, Pico de Gallo, and Plant-based Cheddar on an Allergy-Friendly Bun (For Gluten/Wheat, Egg, Fish/Shellfish, Milk, Peanut, and Sesame Allergies)",27.00,magic-kingdom/plaza-restaurant
2026-09-05,The Plaza Restaurant,Magic Kingdom,Shrimp Louie Salad,Allergy-Friendly Entrées,Lunch; Dinner,"Chilled Shrimp, Hard-boiled Eggs, Tomatoes, Avocado, and Cucumber served with Russian Dressing (For Gluten/Wheat, Fish, Milk, Peanut/Tree Nut, Sesame Allergies)",22.00,magic-kingdom/plaza-restaurant
2026-09-05,The Plaza Restaurant,Magic Kingdom,Cookies 'n Cream Milk Shake,Allergy-Friendly Artisanal Shakes,Lunch; Dinner,"Blended Hand-dipped Ice Cream topped with Whipped Cream, Cookie Pieces, and a Cherry (For Egg, Fish/Shellfish, Peanut/Tree Nut, Sesame Allergies)",9.50,magic-kingdom/plaza-restaurant
2026-09-05,The Plaza Restaurant,Magic Kingdom,Milk Shakes,Allergy-Friendly Artisanal Shakes,Lunch; Dinner,"Hand-dipped Milk Shake topped with Whipped Cream and a Cherry (For Gluten/Wheat, Fish/Shellfish, Peanut/Tree Nut, Sesame, and Soy Allergies)",9.00,magic-kingdom/plaza-restaurant
2026-09-05,The Plaza Restaurant,Magic Kingdom,Original Banana Split,Allergy-Friendly Desserts,Lunch; Dinner,"(For Gluten/Wheat, Egg, Fish/Shellfish, and Sesame Allergies)",11.50,magic-kingdom/plaza-restaurant
2026-09-05,The Plaza Restaurant,Magic Kingdom,Sorbet,Allergy-Friendly Desserts,Lunch; Dinner,"Ask your Server for Today's Specialty (For Gluten/Wheat, Egg, Fish/Shellfish, Milk, Peanut/Tree Nut, Sesame, Soy Allergies)",7.75,magic-kingdom/plaza-restaurant
2026-09-05,The Plaza Restaurant,Magic Kingdom,Grapes,Allergy-Friendly Kids' Appetizers (à la carte),Lunch; Dinner,"(For Gluten/Wheat, Egg, Fish/Shellfish, Milk, Peanut/Tree Nut, Sesame, and Soy Allergies)",3.25,magic-kingdom/plaza-restaurant
2026-09-05,The Plaza Restaurant,Magic Kingdom,Sliced Apples,Allergy-Friendly Kids' Appetizers (à la carte),Lunch; Dinner,"(For Gluten/Wheat, Egg, Fish/Shellfish, Milk, Peanut/Tree Nut, Sesame, and Soy Allergies)",3.25,magic-kingdom/plaza-restaurant
2026-09-05,The Plaza Restaurant,Magic Kingdom,Garden Salad,Allergy-Friendly Kids' Appetizers (à la carte),Lunch; Dinner,"with Ranch Dressing (For Gluten/Wheat, Fish/Shellfish, Peanut/Tree Nut, Sesame, and Soy Allergies)",3.25,magic-kingdom/plaza-restaurant
2026-09-05,The Plaza Restaurant,Magic Kingdom,Cheeseburger,Allergy-Friendly Kids' Create-Your-Own Entrées (choose one),Lunch; Dinner,"Served with choice of two (2) Selections and choice of Small Lowfat Milk, Small DASANI® Bottled Water, or Small Minute Maid® Apple Juice (For Egg, Fish/Shellfish, Peanut/Tree Nut, and Sesame Allergies)",12.50,magic-kingdom/plaza-restaurant
2026-09-05,The Plaza Restaurant,Magic Kingdom,Macaroni & Cheese,Allergy-Friendly Kids' Create-Your-Own Entrées (choose one),Lunch; Dinner,"Served with choice of two (2) Selections and choice of Small Lowfat Milk, Small DASANI® Bottled Water, or Small Minute Maid® Apple Juice (For Egg, Fish/Shellfish, Peanut/ Tree Nut, Sesame, and Soy Allergies)",11.50,magic-kingdom/plaza-restaurant
2026-09-05,The Plaza Restaurant,Magic Kingdom,Turkey Sandwich,Allergy-Friendly Kids' Create-Your-Own Entrées (choose one),Lunch; Dinner,"on Honey-Wheat Bread served with choice of two (2) Selections and choice of Small Lowfat Milk, Small DASANI® Bottled Water, or Small Minute Maid® Apple Juice (For Egg, Fish/Shellfish, Milk, Peanut/Tree Nut, and Sesame Allergies)",11.50,magic-kingdom/plaza-restaurant
2026-09-05,The Plaza Restaurant,Magic Kingdom,Peanut Butter & Jelly Sandwich,Allergy-Friendly Kids' Create-Your-Own Entrées (choose one),Lunch; Dinner,"on Honey-Wheat Bread served with choice of two (2) Selections and choice of Small Lowfat Milk, Small DASANI® Bottled Water, or Small Minute Maid® Apple Juice (For Egg, Fish/Shellfish, Milk, Tree Nut, and Sesame Allergies)",10.50,magic-kingdom/plaza-restaurant
2026-09-05,Prince Eric's Village Market,Magic Kingdom,Turkey Leg,Entrées,Snack,Served with Chips,16.99,magic-kingdom/prince-eric-village-market
2026-09-05,Prince Eric's Village Market,Magic Kingdom,Jumbo Pretzel with Cheese Sauce,Snacks,Snack,,13.49,magic-kingdom/prince-eric-village-market
2026-09-05,Prince Eric's Village Market,Magic Kingdom,Pickle-in-a-Pouch,Snacks,Snack,,2.29,magic-kingdom/prince-eric-village-market
2026-09-05,Prince Eric's Village Market,Magic Kingdom,Grapes,Snacks,Snack,,3.99,magic-kingdom/prince-eric-village-market
2026-09-05,Prince Eric's Village Market,Magic Kingdom,Seaside Serenade,Beverages,Snack,Piña Colada Slushy topped with Curaçao Syrup and Blue Boba Pearls,6.79,magic-kingdom/prince-eric-village-market
2026-09-05,Prince Eric's Village Market,Magic Kingdom,Frozen Coca-Cola® Slushy,Beverages,Snack,,6.29,magic-kingdom/prince-eric-village-market
2026-09-05,Prince Eric's Village Market,Magic Kingdom,Assorted Bottled Beverages,Beverages,Snack,,5.50,magic-kingdom/prince-eric-village-market
2026-09-05,Prince Eric's Village Market,Magic Kingdom,DASANI® Bottled Water,Beverages,Snack,,4.25,magic-kingdom/prince-eric-village-market
2026-09-05,Sleepy Hollow,Magic Kingdom,Hand-dipped Corn Dog,Featured Offerings,All Day; Special Ticketed Event,Served with House-made Chips,11.49,magic-kingdom/sleepy-hollow
2026-09-05,Sleepy Hollow,Magic Kingdom,Waffle with Sweet-and-Spicy Maple Chicken,Quick Bites,All Day,Served with Maple-Sriracha Glaze and Parsley Flakes,12.99,magic-kingdom/sleepy-hollow
2026-09-05,Sleepy Hollow,Magic Kingdom,"Waffle with Chocolate-Hazelnut Spread, Bananas, Berries, and Whipped Cream",Quick Bites,All Day,"Served with Chocolate-Hazelnut Spread, Bananas, Berries, and Whipped Cream",9.79,magic-kingdom/sleepy-hollow
2026-09-05,Sleepy Hollow,Magic Kingdom,"Waffle with Berries, Powdered Sugar, and Whipped Cream",Quick Bites,All Day,"Served with Powdered Sugar, Strawberries, Blueberries, and Whipped Cream",8.79,magic-kingdom/sleepy-hollow
2026-09-05,Sleepy Hollow,Magic Kingdom,"Funnel Cake with Berries, Powdered Sugar, and Whipped Cream",Quick Bites,All Day,"Served with Powdered Sugar, Strawberries, Blueberries, and Whipped Cream",8.79,magic-kingdom/sleepy-hollow
2026-09-05,Sleepy Hollow,Magic Kingdom,"Funnel Cake with Chocolate-Hazelnut Spread, Bananas, and Whipped Cream",Quick Bites,All Day,,8.79,magic-kingdom/sleepy-hollow
2026-09-05,Sleepy Hollow,Magic Kingdom,Funnel Cake with Powdered Sugar,Quick Bites,All Day,,7.29,magic-kingdom/sleepy-hollow
2026-09-05,Sleepy Hollow,Magic Kingdom,Waffle,Quick Bites,All Day,Served with Powdered Sugar,7.29,magic-kingdom/sleepy-hollow
2026-09-05,Sleepy Hollow,Magic Kingdom,House-made Chips,Sides,All Day,,3.29,magic-kingdom/sleepy-hollow
2026-09-05,Sleepy Hollow,Magic Kingdom,Side of Banana,Sides,All Day,,1.00,magic-kingdom/sleepy-hollow
2026-09-05,Sleepy Hollow,Magic Kingdom,Side of Chocolate-Hazelnut Spread,Sides,All Day,,1.00,magic-kingdom/sleepy-hollow
2026-09-05,Sleepy Hollow,Magic Kingdom,Assorted Fountain Beverages,Beverages,All Day; Special Ticketed Event,Assorted Coca-Cola® Offerings,4.79,magic-kingdom/sleepy-hollow
2026-09-05,Sleepy Hollow,Magic Kingdom,Simply® Orange,Beverages,All Day; Special Ticketed Event,,5.59,magic-kingdom/sleepy-hollow
2026-09-05,Sleepy Hollow,Magic Kingdom,Chocolate Milk,Beverages,All Day; Special Ticketed Event,,4.79,magic-kingdom/sleepy-hollow
2026-09-05,Sleepy Hollow,Magic Kingdom,Minute Maid® Apple Juice,Beverages,All Day; Special Ticketed Event,,4.59,magic-kingdom/sleepy-hollow
2026-09-05,Sleepy Hollow,Magic Kingdom,Whole Milk,Beverages,All Day; Special Ticketed Event,,3.99,magic-kingdom/sleepy-hollow
2026-09-05,Sleepy Hollow,Magic Kingdom,DASANI® Bottled Water,Beverages,All Day; Special Ticketed Event,,4.25,magic-kingdom/sleepy-hollow
2026-09-05,Sleepy Hollow,Magic Kingdom,Large Freshly Brewed Joffrey's Coffee™ Regular,Hot Beverages,All Day; Special Ticketed Event,,5.19,magic-kingdom/sleepy-hollow
2026-09-05,Sleepy Hollow,Magic Kingdom,Large Freshly Brewed Joffrey's Coffee™ Decaf,Hot Beverages,All Day; Special Ticketed Event,,5.19,magic-kingdom/sleepy-hollow
2026-09-05,Sleepy Hollow,Magic Kingdom,Large Hot Cocoa,Hot Beverages,All Day; Special Ticketed Event,,5.19,magic-kingdom/sleepy-hollow
2026-09-05,Sleepy Hollow,Magic Kingdom,Large Twinings® Hot Tea,Hot Beverages,All Day; Special Ticketed Event,,5.19,magic-kingdom/sleepy-hollow
2026-09-05,Sleepy Hollow,Magic Kingdom,Freshly Brewed Joffrey's Coffee™ Regular,Hot Beverages,All Day; Special Ticketed Event,,4.79,magic-kingdom/sleepy-hollow
2026-09-05,Sleepy Hollow,Magic Kingdom,Freshly Brewed Joffrey's Coffee™ Decaf,Hot Beverages,All Day; Special Ticketed Event,,4.79,magic-kingdom/sleepy-hollow
2026-09-05,Sleepy Hollow,Magic Kingdom,Hot Cocoa,Hot Beverages,All Day; Special Ticketed Event,,4.79,magic-kingdom/sleepy-hollow
2026-09-05,Sleepy Hollow,Magic Kingdom,Twinings® Hot Tea,Hot Beverages,All Day; Special Ticketed Event,,4.79,magic-kingdom/sleepy-hollow
2026-09-05,Sleepy Hollow,Magic Kingdom,Large Joffrey's™ Cold Brew Coffee with Sweet Cream,Specialty Coffee,All Day; Special Ticketed Event,,6.49,magic-kingdom/sleepy-hollow
2026-09-05,Sleepy Hollow,Magic Kingdom,Joffrey's™ Cold Brew Coffee with Sweet Cream,Specialty Coffee,All Day; Special Ticketed Event,,5.99,magic-kingdom/sleepy-hollow
2026-09-05,Sleepy Hollow,Magic Kingdom,Graveyard Hot Chicken and Waffle,Mickey's Not-So-Scary Halloween Party Exclusives,Special Ticketed Event,"Nashville Hot Chicken Strips, Blue Cornmeal Waffle, and Pickle Ranch",13.29,magic-kingdom/sleepy-hollow
2026-09-05,Sleepy Hollow,Magic Kingdom,Doom Buggy Dumplings,Mickey's Not-So-Scary Halloween Party Exclusives,Special Ticketed Event,"Chicken Dumplings with Red Miso Gochujang Sauce, Furikake, and Chili Threads",8.99,magic-kingdom/sleepy-hollow
2026-09-05,Sleepy Hollow,Magic Kingdom,Pumpkin-spiced Funnel Cake Sundae,Mickey's Not-So-Scary Halloween Party Exclusives,Special Ticketed Event,"Pumpkin Funnel Cake topped with Pumpkin Gelato, Whipped Cream, Pumpkin-spiced Caramel, Candy Pumpkins, and Sprinkles",8.99,magic-kingdom/sleepy-hollow
2026-09-05,Sleepy Hollow,Magic Kingdom,Hatbox Ghost Pop,Mickey's Not-So-Scary Halloween Party Exclusives,Special Ticketed Event,"Chocolate Crumbs layered with Chocolate Mousse and Dulce de Leche, topped with Blue Crispy Pearls and a Chocolate Piece",6.29,magic-kingdom/sleepy-hollow
2026-09-05,Storybook Treats,Magic Kingdom,Aurora Cone,Featured Offerings,Snack,DOLE Whip® Strawberry and Blue Soft-serve topped with White Chocolate Crisp Pearls in a Sugar Cone,6.29,magic-kingdom/storybook-treats
2026-09-05,Storybook Treats,Magic Kingdom,Rapunzel Sundae,Desserts,Snack; Special Ticketed Event,"Shortcake with DOLE Whip® Lemon and Wild Berry Soft-serve topped with Berry Compote, Whipped Cream and Sugar Flowers",8.79,magic-kingdom/storybook-treats
2026-09-05,Storybook Treats,Magic Kingdom,Strawberry Sundae,Desserts,Snack; Special Ticketed Event,Vanilla Soft-serve and Strawberry Topping,6.99,magic-kingdom/storybook-treats
2026-09-05,Storybook Treats,Magic Kingdom,Hot Fudge Sundae,Desserts,Snack; Special Ticketed Event,Vanilla Soft-serve and Hot Fudge,6.99,magic-kingdom/storybook-treats
2026-09-05,Storybook Treats,Magic Kingdom,Float,Desserts,Snack; Special Ticketed Event,"Vanilla, Chocolate, or Swirl Soft-serve with your choice of Assorted Coca-Cola® Fountain Beverages",6.79,magic-kingdom/storybook-treats
2026-09-05,Storybook Treats,Magic Kingdom,Soft-serve,Desserts,Snack; Special Ticketed Event,"Chocolate, Vanilla, or Swirl in a Cone or Cup",5.79,magic-kingdom/storybook-treats
2026-09-05,Storybook Treats,Magic Kingdom,Assorted Fountain Beverages,Beverages,Snack; Special Ticketed Event,,4.79,magic-kingdom/storybook-treats
2026-09-05,Storybook Treats,Magic Kingdom,DASANI® Bottled Water,Beverages,Snack; Special Ticketed Event,,4.25,magic-kingdom/storybook-treats
2026-09-05,Storybook Treats,Magic Kingdom,Ursula Cone,Mickey's Not-So-Scary Halloween Party Exclusives,Special Ticketed Event,Wild Berry Soft-serve with Candy Coral and Citrus Cotton Candy in a Black Vanilla Cone,8.49,magic-kingdom/storybook-treats
2026-09-05,Storybook Treats,Magic Kingdom,Queen of Hearts Tart,Mickey's Not-So-Scary Halloween Party Exclusives,Special Ticketed Event,with Sour Cherry Pie Filling,5.79,magic-kingdom/storybook-treats
2026-09-05,Sunshine Tree Terrace,Magic Kingdom,Chocolate and Vanilla Swirl Soft-serve Cup,Soft-Serve,Snack,,5.79,magic-kingdom/sunshine-tree-terrace
2026-09-05,Sunshine Tree Terrace,Magic Kingdom,Chocolate Soft-serve Cup,Soft-Serve,Snack,Chocolate Soft-serve,5.79,magic-kingdom/sunshine-tree-terrace
2026-09-05,Sunshine Tree Terrace,Magic Kingdom,DOLE Whip® Orange Cup,Soft-Serve,Snack,DOLE Whip® Orange,5.79,magic-kingdom/sunshine-tree-terrace
2026-09-05,Sunshine Tree Terrace,Magic Kingdom,Orange Cream Soft-serve Cup,Soft-Serve,Snack,DOLE Whip® Orange and Vanilla Swirl,5.79,magic-kingdom/sunshine-tree-terrace
2026-09-05,Sunshine Tree Terrace,Magic Kingdom,DOLE Whip® Strawberry Cup,Soft-Serve,Snack,DOLE Whip® Strawberry,5.79,magic-kingdom/sunshine-tree-terrace
2026-09-05,Sunshine Tree Terrace,Magic Kingdom,Vanilla Soft-serve Cup,Soft-Serve,Snack,Vanilla Soft-serve,5.79,magic-kingdom/sunshine-tree-terrace
2026-09-05,Sunshine Tree Terrace,Magic Kingdom,I Lava You Float,Floats,Snack,DOLE Whip® Orange with Fanta® Strawberry and Red Passion Fruit Syrup topped with Popping Candy,7.59,magic-kingdom/sunshine-tree-terrace
2026-09-05,Sunshine Tree Terrace,Magic Kingdom,Barq's® Root Beer Float,Floats,Snack,Served with your choice of DOLE Whip® or Soft-serve,6.79,magic-kingdom/sunshine-tree-terrace
2026-09-05,Sunshine Tree Terrace,Magic Kingdom,Coca-Cola® Float,Floats,Snack,Served with your choice of DOLE Whip® or Soft-serve,6.79,magic-kingdom/sunshine-tree-terrace
2026-09-05,Sunshine Tree Terrace,Magic Kingdom,Diet Coke® Float,Floats,Snack,Served with your choice of DOLE Whip® or Soft-serve,6.79,magic-kingdom/sunshine-tree-terrace
2026-09-05,Sunshine Tree Terrace,Magic Kingdom,Fanta® Orange Float,Floats,Snack,Served with your choice of DOLE Whip® or Soft-serve,6.79,magic-kingdom/sunshine-tree-terrace
2026-09-05,Sunshine Tree Terrace,Magic Kingdom,Fanta® Strawberry Float,Floats,Snack,Served with your choice of DOLE Whip® or Soft-serve,6.79,magic-kingdom/sunshine-tree-terrace
2026-09-05,Sunshine Tree Terrace,Magic Kingdom,POWERADE® Mountain Berry Blast Float,Floats,Snack,Served with your choice of DOLE Whip® or Soft-serve,6.79,magic-kingdom/sunshine-tree-terrace
2026-09-05,Sunshine Tree Terrace,Magic Kingdom,Sprite® Float,Floats,Snack,Served with your choice of DOLE Whip® or Soft-serve,6.79,magic-kingdom/sunshine-tree-terrace
2026-09-05,Sunshine Tree Terrace,Magic Kingdom,Large Joffrey's™ Cold Brew Coffee with Sweet Cream,Beverages,Snack,,6.49,magic-kingdom/sunshine-tree-terrace
2026-09-05,Sunshine Tree Terrace,Magic Kingdom,Joffrey's™ Cold Brew Coffee with Sweet Cream,Beverages,Snack,,5.99,magic-kingdom/sunshine-tree-terrace
2026-09-05,Sunshine Tree Terrace,Magic Kingdom,Assorted Fountain Beverages,Beverages,Snack,Assorted Coca-Cola® Offerings,4.79,magic-kingdom/sunshine-tree-terrace
2026-09-05,Sunshine Tree Terrace,Magic Kingdom,DASANI® Bottled Water,Beverages,Snack,,4.25,magic-kingdom/sunshine-tree-terrace
2026-09-05,Tony's Town Square Restaurant,Magic Kingdom,Tony's Garlic Bread For The Table,Antipasti,Lunch; Dinner,Toasted Ciabatta with Roasted Garlic Butter and Parmesan Fonduta,14.00,magic-kingdom/tonys-town-square-restaurant
2026-09-05,Tony's Town Square Restaurant,Magic Kingdom,Fried Mozzarella,Antipasti,Lunch; Dinner,with Spicy Creamy Tomato Sauce,16.00,magic-kingdom/tonys-town-square-restaurant
2026-09-05,Tony's Town Square Restaurant,Magic Kingdom,Caesar Salad,Antipasti,Lunch; Dinner,Crisp Romaine tossed in House-made Caesar Dressing with Focaccia Croutons,12.00,magic-kingdom/tonys-town-square-restaurant
2026-09-05,Tony's Town Square Restaurant,Magic Kingdom,Insalata Caprese,Antipasti,Lunch; Dinner,Beefsteak Tomatoes and Fresh Mozzarella topped with Petite Basil and Basil Oil,12.00,magic-kingdom/tonys-town-square-restaurant
2026-09-05,Tony's Town Square Restaurant,Magic Kingdom,House Salad,Antipasti,Lunch; Dinner,Mixed Greens with Tomatoes and Cucumber tossed with Balsamic Vinaigrette,12.00,magic-kingdom/tonys-town-square-restaurant
2026-09-05,Tony's Town Square Restaurant,Magic Kingdom,Seasonal Soup,Antipasti,Lunch; Dinner,Ask your server for today's specialty,9.00,magic-kingdom/tonys-town-square-restaurant
2026-09-05,Tony's Town Square Restaurant,Magic Kingdom,Chicken Parmigiana,Secondi Piatti,Lunch; Dinner,Lightly Breaded Chicken Breast baked in Tony's Marinara Sauce with Mozzarella served with Spaghetti,34.00,magic-kingdom/tonys-town-square-restaurant
2026-09-05,Tony's Town Square Restaurant,Magic Kingdom,Fettuccine Alfredo,Secondi Piatti,Lunch; Dinner,Fettuccine in a Parmesan Cream Sauce. Add Chicken $6 | Add Shrimp $8,26.00,magic-kingdom/tonys-town-square-restaurant
2026-09-05,Tony's Town Square Restaurant,Magic Kingdom,Spaghetti and Meatballs,Secondi Piatti,Lunch; Dinner,House-made Beef and Pork Meatballs served over Spaghetti with Tony's Marinara Sauce,29.00,magic-kingdom/tonys-town-square-restaurant
2026-09-05,Tony's Town Square Restaurant,Magic Kingdom,Salmon Piccata,Secondi Piatti,Lunch; Dinner,"with Crispy Potatoes, Arugula, Lemon, Capers, and White Wine-Butter Sauce",36.00,magic-kingdom/tonys-town-square-restaurant
2026-09-05,Tony's Town Square Restaurant,Magic Kingdom,Spaghetti and Impossible® Meatballs,Secondi Piatti,Lunch; Dinner,Impossible® Meatballs served over Spaghetti with Tony’s Marinara Sauce (Plant-based),29.00,magic-kingdom/tonys-town-square-restaurant
2026-09-05,Tony's Town Square Restaurant,Magic Kingdom,Braised Beef Giardiniera,Secondi Piatti,Lunch; Dinner,"Tender Beef with Crispy Potatoes, Arugula, and a Zesty Giardiniera Relish",35.00,magic-kingdom/tonys-town-square-restaurant
2026-09-05,Tony's Town Square Restaurant,Magic Kingdom,Rigatoni alla Vodka,Secondi Piatti,Lunch; Dinner,Rigatoni tossed in a Classic Tomato-Vodka Sauce topped with Citrus-Herb Breadcrumbs,26.00,magic-kingdom/tonys-town-square-restaurant
2026-09-05,Tony's Town Square Restaurant,Magic Kingdom,Oven-roasted Shrimp Scampi,Secondi Piatti,Lunch; Dinner,"Shrimp with Lemon, Roasted Garlic Butter, and White Wine served with Spaghetti",37.00,magic-kingdom/tonys-town-square-restaurant
2026-09-05,Tony's Town Square Restaurant,Magic Kingdom,Classic Cannoli,Dolci,Lunch; Dinner,Ricotta and Chocolate Chips,9.50,magic-kingdom/tonys-town-square-restaurant
2026-09-05,Tony's Town Square Restaurant,Magic Kingdom,Flourless Chocolate Cake,Dolci,Lunch; Dinner,"with Pistachio Cream, Cherries, and Cocoa Nibs",9.00,magic-kingdom/tonys-town-square-restaurant
2026-09-05,Tony's Town Square Restaurant,Magic Kingdom,Gelato,Dolci,Lunch; Dinner,Ask your server for today's specialty,7.75,magic-kingdom/tonys-town-square-restaurant
2026-09-05,Tony's Town Square Restaurant,Magic Kingdom,Seasonal Cannoli,Dolci,Lunch; Dinner,Ask your server for today's specialty,9.50,magic-kingdom/tonys-town-square-restaurant
2026-09-05,Tony's Town Square Restaurant,Magic Kingdom,Tiramisù,Dolci,Lunch; Dinner,"Mascarpone, Cocoa Powder, and Coffee Liqueur-soaked Lady Fingers",8.50,magic-kingdom/tonys-town-square-restaurant
2026-09-05,Tony's Town Square Restaurant,Magic Kingdom,Plant-based Affogato,Dolci,Lunch; Dinner,"Plant-based Vanilla Gelato, Coconut Milk Caramel, Chocolate Cookie, and Freshly Brewed Espresso",8.00,magic-kingdom/tonys-town-square-restaurant
2026-09-05,Tony's Town Square Restaurant,Magic Kingdom,Garden Salad,Kids' Appetizers (à la carte),Lunch; Dinner,with Ranch Dressing,3.25,magic-kingdom/tonys-town-square-restaurant
2026-09-05,Tony's Town Square Restaurant,Magic Kingdom,Sliced Apples,Kids' Appetizers (à la carte),Lunch; Dinner,,3.25,magic-kingdom/tonys-town-square-restaurant
2026-09-05,Tony's Town Square Restaurant,Magic Kingdom,Grapes,Kids' Appetizers (à la carte),Lunch; Dinner,,3.25,magic-kingdom/tonys-town-square-restaurant
2026-09-05,Tony's Town Square Restaurant,Magic Kingdom,Grilled Chicken with Roasted Potatoes,Kids' Create-Your-Own Entrées (choose one),Lunch; Dinner,"Served with choice of two (2) Selections and choice of Small Lowfat Milk, Small Dasani® Water, or Small Minute Maid® Apple Juice",12.50,magic-kingdom/tonys-town-square-restaurant
2026-09-05,Tony's Town Square Restaurant,Magic Kingdom,Whole-Wheat Spaghetti and Turkey Meatball,Kids' Create-Your-Own Entrées (choose one),Lunch; Dinner,"Served with choice of two (2) Selections and choice of Small Lowfat Milk, Small Dasani® Water, or Small Minute Maid® Apple Juice",12.50,magic-kingdom/tonys-town-square-restaurant
2026-09-05,Tony's Town Square Restaurant,Magic Kingdom,Macaroni & Cheese,Kids' Create-Your-Own Entrées (choose one),Lunch; Dinner,"Served with choice of two (2) Selections and choice of Small Lowfat Milk, Small Dasani® Water, or Small Minute Maid® Apple Juice",11.50,magic-kingdom/tonys-town-square-restaurant
2026-09-05,Tony's Town Square Restaurant,Magic Kingdom,Specialty Character Drink,Kids' Specialty Drink,Lunch; Dinner,Minute Maid® Zero Sugar Lemonade with flavors of Cotton Candy served in a Souvenir Character Cup. Not included in the Dining Plan.,7.00,magic-kingdom/tonys-town-square-restaurant
2026-09-05,Tony's Town Square Restaurant,Magic Kingdom,Twinings® Hot Tea,Bevande,Lunch; Dinner,,4.99,magic-kingdom/tonys-town-square-restaurant
2026-09-05,Tony's Town Square Restaurant,Magic Kingdom,"Nino Franco Rustico Prosecco, Veneto",Wine,Lunch; Dinner,,56.00,magic-kingdom/tonys-town-square-restaurant
2026-09-05,Tony's Town Square Restaurant,Magic Kingdom,"Moscato d’Asti - Saracco, Piedmont",Wine,Lunch; Dinner,,74.00,magic-kingdom/tonys-town-square-restaurant
2026-09-05,Tony's Town Square Restaurant,Magic Kingdom,"Pinot Grigio - Scarpetta, Italy",Wine,Lunch; Dinner,,67.00,magic-kingdom/tonys-town-square-restaurant
2026-09-05,Tony's Town Square Restaurant,Magic Kingdom,"Vermentino - Antinori Tenuta Guado al Tasso, Bolgheri",Wine,Lunch; Dinner,,67.00,magic-kingdom/tonys-town-square-restaurant
2026-09-05,Tony's Town Square Restaurant,Magic Kingdom,"Chardonnay - Antinori ‘Bramìto della Sala,’ Umbria",Wine,Lunch; Dinner,,62.00,magic-kingdom/tonys-town-square-restaurant
2026-09-05,Tony's Town Square Restaurant,Magic Kingdom,"Corvina Blend - Allegrini Valpolicella, Veneto",Wine,Lunch; Dinner,,67.00,magic-kingdom/tonys-town-square-restaurant
2026-09-05,Tony's Town Square Restaurant,Magic Kingdom,Sangiovese - Banfi Chianti Superiore Tuscany,Wine,Lunch; Dinner,,56.00,magic-kingdom/tonys-town-square-restaurant
2026-09-05,Tony's Town Square Restaurant,Magic Kingdom,"Sangiovese - Castello Nipozzano Frescobaldi Chianti Riserva, Toscano",Wine,Lunch; Dinner,,79.00,magic-kingdom/tonys-town-square-restaurant
2026-09-05,Tony's Town Square Restaurant,Magic Kingdom,"Sangiovese Grosso - Castello Banfi Brunello di Montalcino D.O.C.G., Toscano",Wine,Lunch; Dinner,,147.00,magic-kingdom/tonys-town-square-restaurant
2026-09-05,Tony's Town Square Restaurant,Magic Kingdom,"Bordeaux Blend - Tenuta di Arceno ‘il fauno di Arcanum,’ Toscano",Wine,Lunch; Dinner,,98.00,magic-kingdom/tonys-town-square-restaurant
2026-09-05,Tony's Town Square Restaurant,Magic Kingdom,Espresso Martini,Cocktails,Lunch; Dinner,"Grainger’s Deluxe Organic Vanilla Vodka, Tia Maria Cold Brew Coffee Liqueur, Bols Crème de Cacao White Liqueur, and Espresso",17.50,magic-kingdom/tonys-town-square-restaurant
2026-09-05,Tony's Town Square Restaurant,Magic Kingdom,Limoncello Margarita,Cocktails,Lunch; Dinner,"Patrón Silver Tequila, Caravella Limoncello Liqueur, Fresh Lime Juice, and Agave Nectar",18.50,magic-kingdom/tonys-town-square-restaurant
2026-09-05,Tony's Town Square Restaurant,Magic Kingdom,Blackberry-Orange Spritz,Cocktails,Lunch; Dinner,"Ketel One Botanical Peach & Orange Blossom Vodka, Rockey’s Botanical Liqueur, Kim Crawford Sauvignon Blanc, and Blackberry Purée",17.50,magic-kingdom/tonys-town-square-restaurant
2026-09-05,Tony's Town Square Restaurant,Magic Kingdom,"Peroni Nastro Azzurro Euro Pale Lager, 16-oz draft",Beer,Lunch; Dinner,,10.00,magic-kingdom/tonys-town-square-restaurant
2026-09-05,Tony's Town Square Restaurant,Magic Kingdom,"Stella Artois Belgian Lager, 16-oz draft",Beer,Lunch; Dinner,,11.25,magic-kingdom/tonys-town-square-restaurant
2026-09-05,Tony's Town Square Restaurant,Magic Kingdom,"Cigar City Jai Alai IPA, 16-oz draft",Beer,Lunch; Dinner,,11.75,magic-kingdom/tonys-town-square-restaurant
2026-09-05,Tony's Town Square Restaurant,Magic Kingdom,Fried Mozzarella,Allergy-Friendly Appetizers,Lunch; Dinner,"with Spicy Creamy Tomato Sauce (For Fish/Shellfish, Peanut/Tree Nut, Sesame, and Soy Allergies)",16.00,magic-kingdom/tonys-town-square-restaurant
2026-09-05,Tony's Town Square Restaurant,Magic Kingdom,House Salad,Allergy-Friendly Appetizers,Lunch; Dinner,"Mixed Greens with Tomatoes and Cucumber tossed with Balsamic Vinaigrette (For Gluten/Wheat, Egg, Fish/Shellfish, Milk, Peanut/Tree Nut, Sesame, and Soy Allergies)",12.00,magic-kingdom/tonys-town-square-restaurant
2026-09-05,Tony's Town Square Restaurant,Magic Kingdom,Caesar Salad,Allergy-Friendly Appetizers,Lunch; Dinner,"Crisp Romaine tossed in House-made Caesar Dressing with Focaccia Croutons (For Peanut/Tree Nut, and Sesame, and Soy Allergies)",12.00,magic-kingdom/tonys-town-square-restaurant
2026-09-05,Tony's Town Square Restaurant,Magic Kingdom,Insalata Caprese,Allergy-Friendly Appetizers,Lunch; Dinner,"Beefsteak Tomatoes and Fresh Mozzarella topped with Petite Basil and Basil Oil (For Gluten/Wheat, Egg, Fish/Shellfish, Peanut/Tree Nut, Sesame, and Soy Allergies)",12.00,magic-kingdom/tonys-town-square-restaurant
2026-09-05,Tony's Town Square Restaurant,Magic Kingdom,Chicken Parmigiana,Allergy-Friendly Entrées,Lunch; Dinner,"Lightly Breaded Chicken Breast baked in Tony’s Marinara Sauce and Mozzarella served with Spaghetti (For Fish/Shellfish, Peanut/Tree Nut, Sesame, and Soy Allergies)",34.00,magic-kingdom/tonys-town-square-restaurant
2026-09-05,Tony's Town Square Restaurant,Magic Kingdom,Fettuccine Alfredo,Allergy-Friendly Entrées,Lunch; Dinner,"Fettuccine in a Parmesan Cream Sauce. Add Chicken $6 | Add Shrimp $8 (For Egg, Fish, Peanut/Tree Nut, Sesame, and Soy Allergies)",26.00,magic-kingdom/tonys-town-square-restaurant
2026-09-05,Tony's Town Square Restaurant,Magic Kingdom,Spaghetti and Meatballs,Allergy-Friendly Entrées,Lunch; Dinner,"House-made Beef and Pork Meatballs served over Spaghetti in Tony's Marinara Sauce (For Fish/Shellfish, Peanut/Tree Nut, Sesame, and Soy Allergies)",29.00,magic-kingdom/tonys-town-square-restaurant
2026-09-05,Tony's Town Square Restaurant,Magic Kingdom,Salmon Piccata,Allergy-Friendly Entrées,Lunch; Dinner,"with Crispy Potatoes, Arugula, Lemon, Capers, and White Wine-Butter Sauce (For Peanut/Tree Nut, Sesame, and Shellfish Allergies)",36.00,magic-kingdom/tonys-town-square-restaurant
2026-09-05,Tony's Town Square Restaurant,Magic Kingdom,Spaghetti and Impossible® Meatballs,Allergy-Friendly Entrées,Lunch; Dinner,"Impossible® Meatballs served over Spaghetti in Tony’s Marinara Sauce (Plant-based) (For Egg, Fish/Shellfish, Milk, Peanut/Tree Nut, and Sesame Allergies)",29.00,magic-kingdom/tonys-town-square-restaurant
2026-09-05,Tony's Town Square Restaurant,Magic Kingdom,Braised Beef Giardiniera,Allergy-Friendly Entrées,Lunch; Dinner,"Tender Beef with Crispy Potatoes, Arugula, and a Zesty Giardiniera Relish (For Fish/Shellfish, Peanut/Tree Nut, and Sesame Allergies)",35.00,magic-kingdom/tonys-town-square-restaurant
2026-09-05,Tony's Town Square Restaurant,Magic Kingdom,Rigatoni alla Vodka,Allergy-Friendly Entrées,Lunch; Dinner,"Rigatoni tossed in a Classic Tomato-Vodka Sauce topped with Citrus-Herb Breadcrumbs (For Egg, Fish/Shellfish, Peanut/Tree Nut, Sesame, and Soy Allergies)",26.00,magic-kingdom/tonys-town-square-restaurant
2026-09-05,Tony's Town Square Restaurant,Magic Kingdom,Oven-roasted Shrimp Scampi,Allergy-Friendly Entrées,Lunch; Dinner,"Shrimp with Lemon, Roasted Garlic Butter, and White Wine served with Spaghetti (For Egg, Fish, Peanut/Tree Nut, Sesame, and Soy Allergies)",37.00,magic-kingdom/tonys-town-square-restaurant
2026-09-05,Tony's Town Square Restaurant,Magic Kingdom,Classic Cannoli,Allergy-Friendly Dolci,Lunch; Dinner,"Ricotta and Chocolate Chips (For Fish/Shellfish, Peanut/Tree Nut, and Sesame Allergies)",9.50,magic-kingdom/tonys-town-square-restaurant
2026-09-05,Tony's Town Square Restaurant,Magic Kingdom,Flourless Chocolate Cake,Allergy-Friendly Dolci,Lunch; Dinner,"with Pistachio Cream, Cherries, and Cocoa Nibs (For Gluten/Wheat, Fish/Shellfish, Sesame Allergies)",9.00,magic-kingdom/tonys-town-square-restaurant
2026-09-05,Tony's Town Square Restaurant,Magic Kingdom,Gelato,Allergy-Friendly Dolci,Lunch; Dinner,"Ask your server for today's specialty (For Gluten/Wheat, Egg, Fish/Shellfish, Peanut/Tree Nut, Sesame, and Soy Allergies)",7.75,magic-kingdom/tonys-town-square-restaurant
2026-09-05,Tony's Town Square Restaurant,Magic Kingdom,Plant-based Affogato,Allergy-Friendly Dolci,Lunch; Dinner,"Plant-based Vanilla Gelato, Coconut Milk Caramel, Chocolate Cookie, and Freshly Brewed Espresso (For Gluten/Wheat, Egg, Fish/Shellfish, Milk, Sesame Allergies)",8.00,magic-kingdom/tonys-town-square-restaurant
2026-09-05,Tony's Town Square Restaurant,Magic Kingdom,Tiramisù,Allergy-Friendly Dolci,Lunch; Dinner,"Mascarpone, Cocoa Powder, and Coffee Liqueur-soaked Lady Fingers (For Fish/Shellfish, Peanut/Tree Nut, and Sesame Allergies)",8.50,magic-kingdom/tonys-town-square-restaurant
2026-09-05,Tony's Town Square Restaurant,Magic Kingdom,Garden Salad,Kids' Allergy-Friendly Appetizers (à la carte),Lunch; Dinner,"with Ranch Dressing (For Gluten/Wheat, Fish/Shellfish, Peanut/Tree Nut, Sesame, and Egg Allergies)",3.25,magic-kingdom/tonys-town-square-restaurant
2026-09-05,Tony's Town Square Restaurant,Magic Kingdom,Sliced Apples,Kids' Allergy-Friendly Appetizers (à la carte),Lunch; Dinner,"(For Gluten/Wheat, Egg, Fish/Shellfish, Milk, Peanut/Tree Nut, Sesame, and Soy Allergies)",3.25,magic-kingdom/tonys-town-square-restaurant
2026-09-05,Tony's Town Square Restaurant,Magic Kingdom,Grapes,Kids' Allergy-Friendly Appetizers (à la carte),Lunch; Dinner,"(For Gluten/Wheat, Egg, Fish/Shellfish, Milk, Peanut/Tree Nut, Sesame, and Soy Allergies)",3.25,magic-kingdom/tonys-town-square-restaurant
2026-09-05,Tony's Town Square Restaurant,Magic Kingdom,Grilled Chicken with Roasted Potatoes,Kids' Allergy-Friendly Create-Your-Own Entrées (choose one),Lunch; Dinner,"Served with choice of two (2) Selections and choice of Small Lowfat Milk, Small DASANI® Water, or Small Minute Maid® Apple Juice (For Gluten/Wheat, Egg, Fish/Shellfish, Milk, Peanut/Tree Nut, Sesame, and Soy Allergies)",12.50,magic-kingdom/tonys-town-square-restaurant
2026-09-05,Tony's Town Square Restaurant,Magic Kingdom,Rice Pasta Spaghetti and Turkey Meatball,Kids' Allergy-Friendly Create-Your-Own Entrées (choose one),Lunch; Dinner,"Served with choice of two (2) Selections and choice of Small Lowfat Milk, Small DASANI® Water, or Small Minute Maid® Apple Juice (For Gluten/Wheat, Egg, Fish/Shellfish, Milk, Peanut/Tree Nut, Sesame, and Soy Allergies)",12.50,magic-kingdom/tonys-town-square-restaurant
2026-09-05,Tony's Town Square Restaurant,Magic Kingdom,Rice Macaroni & Cheese,Kids' Allergy-Friendly Create-Your-Own Entrées (choose one),Lunch; Dinner,"Served with choice of two (2) Selections and choice of Small Lowfat Milk, Small DASANI® Water, or Small Minute Maid® Apple Juice (For Gluten/Wheat, Egg, Fish/Shellfish, Peanut/Tree Nut, Sesame, and Soy Allergies)",11.50,magic-kingdom/tonys-town-square-restaurant
2026-09-05,Tortuga Tavern,Magic Kingdom,Barbecued Pork Sandwich,Entrées,Lunch And Dinner,Served with House-made Chips,12.49,magic-kingdom/tortuga-tavern
2026-09-05,Tortuga Tavern,Magic Kingdom,Barbecued Slaw Dog,Entrées,Lunch And Dinner,All-Beef Hot Dog topped with Barbecued Pork and Slaw served with House-made Chips,12.99,magic-kingdom/tortuga-tavern
2026-09-05,Tortuga Tavern,Magic Kingdom,Orange Chicken Strips,Entrées,Lunch And Dinner,Tossed in a Sweet Orange-Soy Glaze and topped with Green Onions,11.29,magic-kingdom/tortuga-tavern
2026-09-05,Tortuga Tavern,Magic Kingdom,"Peanut Butter, Chocolate-Hazelnut Spread, and Banana Sandwich",Entrées,Lunch And Dinner,Served with House-made Chips,10.99,magic-kingdom/tortuga-tavern
2026-09-05,Tortuga Tavern,Magic Kingdom,All-Beef Hot Dog,Entrées,Lunch And Dinner,Served with House-made Chips,10.99,magic-kingdom/tortuga-tavern
2026-09-05,Tortuga Tavern,Magic Kingdom,Assorted Coca-Cola® Fountain Beverages,Beverages,Lunch And Dinner,,4.79,magic-kingdom/tortuga-tavern
2026-09-05,Tortuga Tavern,Magic Kingdom,DASANI® Bottled Water,Beverages,Lunch And Dinner,,4.00,magic-kingdom/tortuga-tavern
2026-09-05,Tortuga Tavern,Magic Kingdom,Desert Pear Lemonade Pirate Slushy,Beverages,Lunch And Dinner,with Minute Maid® Premium Lemonade,6.49,magic-kingdom/tortuga-tavern
